date,commodity,state,variety,trans_mode,price,price_min,price_max,unit
2022-07-18,Corn,Illinois,,Truck,7.2225,6.9925,7.3425,$ Per Bushel
2022-07-18,Corn,Indiana,,Truck,6.8958,6.6925,7.2425,$ Per Bushel
2022-07-18,Corn,Iowa,,Truck,7.3293,6.9425,7.6925,$ Per Bushel
2022-07-18,Corn,Kansas,,Truck,7.4925,7.2925,7.6425,$ Per Bushel
2022-07-18,Corn,Michigan,,Truck,6.5425,6.5425,6.5425,$ Per Bushel
2022-07-18,Corn,Minnesota,,Truck,7.0842,6.7925,7.3425,$ Per Bushel
2022-07-18,Corn,Missouri,,Truck,7.1775,7.0325,7.4425,$ Per Bushel
2022-07-18,Corn,Nebraska,,Truck,7.1925,6.5925,7.6425,$ Per Bushel
2022-07-18,Corn,Ohio,,Truck,6.8592,6.7425,7.0925,$ Per Bushel
2022-07-18,Corn,South Dakota,,Truck,6.9025,6.4625,7.3925,$ Per Bushel
2022-07-18,Corn,Wisconsin,,Truck,6.635,6.3425,6.8625,$ Per Bushel
2022-07-19,Corn,Illinois,,Truck,7.1842,6.9625,7.4025,$ Per Bushel
2022-07-19,Corn,Indiana,,Truck,7.0092,6.7725,7.3225,$ Per Bushel
2022-07-19,Corn,Iowa,,Truck,7.4389,7.0225,7.7725,$ Per Bushel
2022-07-19,Corn,Kansas,,Truck,7.5892,7.4225,7.7225,$ Per Bushel
2022-07-19,Corn,Michigan,,Truck,6.6225,6.6225,6.6225,$ Per Bushel
2022-07-19,Corn,Minnesota,,Truck,7.1642,6.8725,7.4225,$ Per Bushel
2022-07-19,Corn,Missouri,,Truck,7.27,7.0725,7.6225,$ Per Bushel
2022-07-19,Corn,Nebraska,,Truck,7.2744,6.6725,7.7225,$ Per Bushel
2022-07-19,Corn,Ohio,,Truck,6.9392,6.8225,7.1725,$ Per Bushel
2022-07-19,Corn,South Dakota,,Truck,6.9879,6.5425,7.4725,$ Per Bushel
2022-07-19,Corn,Wisconsin,,Truck,6.8125,6.7225,6.9425,$ Per Bushel
2022-07-20,Corn,Illinois,,Truck,7.0125,6.7075,7.2475,$ Per Bushel
2022-07-20,Corn,Indiana,,Truck,6.8542,6.6175,7.1175,$ Per Bushel
2022-07-20,Corn,Iowa,,Truck,7.2733,7.0175,7.5675,$ Per Bushel
2022-07-20,Corn,Kansas,,Truck,7.1675,6.7675,7.4675,$ Per Bushel
2022-07-20,Corn,Michigan,,Truck,6.4675,6.4675,6.4675,$ Per Bushel
2022-07-20,Corn,Minnesota,,Truck,7.0075,6.6675,7.2675,$ Per Bushel
2022-07-20,Corn,Missouri,,Truck,7.015,6.7675,7.3675,$ Per Bushel
2022-07-20,Corn,Nebraska,,Truck,7.1181,6.5175,7.5675,$ Per Bushel
2022-07-20,Corn,Ohio,,Truck,6.7842,6.6675,7.0175,$ Per Bushel
2022-07-20,Corn,South Dakota,,Truck,6.8713,6.3875,7.3675,$ Per Bushel
2022-07-20,Corn,Wisconsin,,Truck,6.655,6.5675,6.7875,$ Per Bushel
2022-07-21,Corn,Illinois,,Truck,6.9582,6.6625,7.1025,$ Per Bushel
2022-07-21,Corn,Indiana,,Truck,6.7981,6.5725,7.0225,$ Per Bushel
2022-07-21,Corn,Iowa,,Truck,7.225,6.9725,7.4225,$ Per Bushel
2022-07-21,Corn,Kansas,,Truck,7.1225,6.7225,7.4225,$ Per Bushel
2022-07-21,Corn,Michigan,,Truck,6.4225,6.4225,6.4225,$ Per Bushel
2022-07-21,Corn,Minnesota,,Truck,6.9475,6.6225,7.2225,$ Per Bushel
2022-07-21,Corn,Missouri,,Truck,6.9375,6.6725,7.3225,$ Per Bushel
2022-07-21,Corn,Nebraska,,Truck,7.0669,6.4725,7.4225,$ Per Bushel
2022-07-21,Corn,Ohio,,Truck,6.7558,6.6225,6.9725,$ Per Bushel
2022-07-21,Corn,South Dakota,,Truck,6.8548,6.3725,7.3225,$ Per Bushel
2022-07-21,Corn,Wisconsin,,Truck,6.6025,6.5225,6.7425,$ Per Bushel
2022-07-22,Corn,Illinois,,Truck,6.7792,6.4975,6.9075,$ Per Bushel
2022-07-22,Corn,Indiana,,Truck,6.6219,6.4075,6.8075,$ Per Bushel
2022-07-22,Corn,Iowa,,Truck,7.0492,6.8075,7.2575,$ Per Bushel
2022-07-22,Corn,Kansas,,Truck,6.8742,6.5575,7.0575,$ Per Bushel
2022-07-22,Corn,Michigan,,Truck,6.2575,6.2575,6.2575,$ Per Bushel
2022-07-22,Corn,Minnesota,,Truck,6.7892,6.4575,7.0575,$ Per Bushel
2022-07-22,Corn,Missouri,,Truck,6.76,6.4575,7.1575,$ Per Bushel
2022-07-22,Corn,Nebraska,,Truck,6.9461,6.3075,7.2575,$ Per Bushel
2022-07-22,Corn,Ohio,,Truck,6.5908,6.4575,6.8075,$ Per Bushel
2022-07-22,Corn,South Dakota,,Truck,6.7106,6.2075,7.1575,$ Per Bushel
2022-07-22,Corn,Wisconsin,,Truck,6.4242,6.3575,6.5375,$ Per Bushel
2022-07-25,Corn,Illinois,,Truck,6.6725,6.3825,6.7925,$ Per Bushel
2022-07-25,Corn,Indiana,,Truck,6.4903,6.2925,6.6925,$ Per Bushel
2022-07-25,Corn,Iowa,,Truck,7.0207,6.6425,7.2925,$ Per Bushel
2022-07-25,Corn,Kansas,,Truck,6.7592,6.4425,6.9425,$ Per Bushel
2022-07-25,Corn,Michigan,,Truck,6.1425,6.1425,6.1425,$ Per Bushel
2022-07-25,Corn,Minnesota,,Truck,6.7268,6.3425,7.0025,$ Per Bushel
2022-07-25,Corn,Missouri,,Truck,6.645,6.3425,7.0425,$ Per Bushel
2022-07-25,Corn,Nebraska,,Truck,6.8602,6.1925,7.1425,$ Per Bushel
2022-07-25,Corn,Ohio,,Truck,6.4758,6.3425,6.6925,$ Per Bushel
2022-07-25,Corn,South Dakota,,Truck,6.611,6.0925,7.0425,$ Per Bushel
2022-07-25,Corn,Wisconsin,,Truck,6.3092,6.2425,6.4225,$ Per Bushel
2022-07-26,Corn,Illinois,,Truck,6.8029,6.54,6.95,$ Per Bushel
2022-07-26,Corn,Indiana,,Truck,6.6478,6.45,6.85,$ Per Bushel
2022-07-26,Corn,Iowa,,Truck,7.1955,6.8,7.45,$ Per Bushel
2022-07-26,Corn,Kansas,,Truck,6.8667,6.6,7.1,$ Per Bushel
2022-07-26,Corn,Michigan,,Truck,6.3,6.3,6.3,$ Per Bushel
2022-07-26,Corn,Minnesota,,Truck,6.8786,6.5,7.16,$ Per Bushel
2022-07-26,Corn,Missouri,,Truck,6.79,6.5,7.2,$ Per Bushel
2022-07-26,Corn,Nebraska,,Truck,7.0277,6.35,7.3,$ Per Bushel
2022-07-26,Corn,Ohio,,Truck,6.6417,6.55,6.85,$ Per Bushel
2022-07-26,Corn,South Dakota,,Truck,6.7785,6.3,7.2,$ Per Bushel
2022-07-26,Corn,Wisconsin,,Truck,6.46,6.4,6.56,$ Per Bushel
2022-07-27,Corn,Illinois,,Truck,7.0029,6.87,7.12,$ Per Bushel
2022-07-27,Corn,Indiana,,Truck,6.8067,6.62,7.02,$ Per Bushel
2022-07-27,Corn,Iowa,,Truck,7.3655,6.97,7.62,$ Per Bushel
2022-07-27,Corn,Kansas,,Truck,7.0367,6.77,7.27,$ Per Bushel
2022-07-27,Corn,Michigan,,Truck,6.6138,6.47,6.7575,$ Per Bushel
2022-07-27,Corn,Minnesota,,Truck,7.0457,6.67,7.33,$ Per Bushel
2022-07-27,Corn,Missouri,,Truck,6.9225,6.72,7.22,$ Per Bushel
2022-07-27,Corn,Nebraska,,Truck,7.1371,6.52,7.52,$ Per Bushel
2022-07-27,Corn,Ohio,,Truck,6.82,6.72,7.02,$ Per Bushel
2022-07-27,Corn,South Dakota,,Truck,6.9554,6.47,7.37,$ Per Bushel
2022-07-27,Corn,Wisconsin,,Truck,6.63,6.57,6.73,$ Per Bushel
2022-07-28,Corn,Illinois,,Truck,7.0282,6.8525,7.1525,$ Per Bushel
2022-07-28,Corn,Indiana,,Truck,6.8114,6.6525,7.0525,$ Per Bushel
2022-07-28,Corn,Iowa,,Truck,7.3708,7.1525,7.5025,$ Per Bushel
2022-07-28,Corn,Kansas,,Truck,7.0025,6.6025,7.3025,$ Per Bushel
2022-07-28,Corn,Michigan,,Truck,6.6413,6.5025,6.78,$ Per Bushel
2022-07-28,Corn,Minnesota,,Truck,7.0782,6.7025,7.3625,$ Per Bushel
2022-07-28,Corn,Missouri,,Truck,6.93,6.7525,7.1525,$ Per Bushel
2022-07-28,Corn,Nebraska,,Truck,7.1982,6.5525,7.5525,$ Per Bushel
2022-07-28,Corn,Ohio,,Truck,6.8458,6.7525,7.0525,$ Per Bushel
2022-07-28,Corn,South Dakota,,Truck,6.981,6.5025,7.4025,$ Per Bushel
2022-07-28,Corn,Wisconsin,,Truck,6.6625,6.6025,6.7625,$ Per Bushel
2022-07-29,Corn,Illinois,,Truck,7.1757,7.0,7.3,$ Per Bushel
2022-07-29,Corn,Indiana,,Truck,6.97,6.85,7.2,$ Per Bushel
2022-07-29,Corn,Iowa,,Truck,7.5282,7.05,7.8,$ Per Bushel
2022-07-29,Corn,Kansas,,Truck,7.1633,6.79,7.45,$ Per Bushel
2022-07-29,Corn,Michigan,,Truck,6.795,6.65,6.94,$ Per Bushel
2022-07-29,Corn,Minnesota,,Truck,7.2157,6.8,7.51,$ Per Bushel
2022-07-29,Corn,Missouri,,Truck,7.0525,6.8,7.3,$ Per Bushel
2022-07-29,Corn,Nebraska,,Truck,7.3843,6.9,7.7,$ Per Bushel
2022-07-29,Corn,Ohio,,Truck,7.0017,6.9,7.2,$ Per Bushel
2022-07-29,Corn,South Dakota,,Truck,7.1254,6.65,7.55,$ Per Bushel
2022-07-29,Corn,Wisconsin,,Truck,6.81,6.75,6.91,$ Per Bushel
2022-08-01,Corn,Illinois,,Truck,7.0739,6.8625,7.3125,$ Per Bushel
2022-08-01,Corn,Indiana,,Truck,6.9992,6.8625,7.3625,$ Per Bushel
2022-08-01,Corn,Iowa,,Truck,7.5134,6.9125,7.8125,$ Per Bushel
2022-08-01,Corn,Kansas,,Truck,6.9042,6.5,7.4125,$ Per Bushel
2022-08-01,Corn,Michigan,,Truck,6.8813,6.8125,6.95,$ Per Bushel
2022-08-01,Corn,Minnesota,,Truck,7.1968,6.7125,7.5225,$ Per Bushel
2022-08-01,Corn,Missouri,,Truck,7.005,6.7625,7.3125,$ Per Bushel
2022-08-01,Corn,Nebraska,,Truck,7.3932,6.9125,7.7125,$ Per Bushel
2022-08-01,Corn,Ohio,,Truck,6.9892,6.8125,7.1625,$ Per Bushel
2022-08-01,Corn,South Dakota,,Truck,7.1079,6.6625,7.5625,$ Per Bushel
2022-08-01,Corn,Wisconsin,,Truck,6.8058,6.7125,6.9225,$ Per Bushel
2022-08-02,Corn,Illinois,,Truck,6.8971,6.72,7.14,$ Per Bushel
2022-08-02,Corn,Indiana,,Truck,6.9122,6.77,7.27,$ Per Bushel
2022-08-02,Corn,Iowa,,Truck,7.4355,6.87,7.72,$ Per Bushel
2022-08-02,Corn,Kansas,,Truck,6.755,6.3975,7.17,$ Per Bushel
2022-08-02,Corn,Michigan,,Truck,6.7438,6.72,6.7675,$ Per Bushel
2022-08-02,Corn,Minnesota,,Truck,7.1171,6.62,7.43,$ Per Bushel
2022-08-02,Corn,Missouri,,Truck,6.9,6.67,7.22,$ Per Bushel
2022-08-02,Corn,Nebraska,,Truck,7.3808,7.17,7.62,$ Per Bushel
2022-08-02,Corn,Ohio,,Truck,6.9133,6.72,7.07,$ Per Bushel
2022-08-02,Corn,South Dakota,,Truck,7.0077,6.67,7.47,$ Per Bushel
2022-08-02,Corn,Wisconsin,,Truck,6.72,6.62,6.85,$ Per Bushel
2022-08-03,Corn,Illinois,,Truck,6.7396,6.5625,6.9825,$ Per Bushel
2022-08-03,Corn,Indiana,,Truck,6.7047,6.6125,6.8625,$ Per Bushel
2022-08-03,Corn,Iowa,,Truck,7.2558,6.9625,7.5625,$ Per Bushel
2022-08-03,Corn,Kansas,,Truck,6.5992,6.2425,7.0125,$ Per Bushel
2022-08-03,Corn,Michigan,,Truck,6.5625,6.5125,6.6125,$ Per Bushel
2022-08-03,Corn,Minnesota,,Truck,6.9654,6.4625,7.3125,$ Per Bushel
2022-08-03,Corn,Missouri,,Truck,6.73,6.5125,7.0125,$ Per Bushel
2022-08-03,Corn,Nebraska,,Truck,7.2258,6.9625,7.5125,$ Per Bushel
2022-08-03,Corn,Ohio,,Truck,6.7558,6.5625,6.9125,$ Per Bushel
2022-08-03,Corn,South Dakota,,Truck,6.841,6.4125,7.3125,$ Per Bushel
2022-08-03,Corn,Wisconsin,,Truck,6.5625,6.4625,6.6925,$ Per Bushel
2022-08-04,Corn,Illinois,,Truck,6.6593,6.415,6.895,$ Per Bushel
2022-08-04,Corn,Indiana,,Truck,6.7128,6.615,6.865,$ Per Bushel
2022-08-04,Corn,Iowa,,Truck,7.2583,6.965,7.565,$ Per Bushel
2022-08-04,Corn,Kansas,,Truck,6.6133,6.2625,7.015,$ Per Bushel
2022-08-04,Corn,Michigan,,Truck,6.5738,6.515,6.6325,$ Per Bushel
2022-08-04,Corn,Minnesota,,Truck,6.9679,6.465,7.315,$ Per Bushel
2022-08-04,Corn,Missouri,,Truck,6.75,6.515,7.015,$ Per Bushel
2022-08-04,Corn,Nebraska,,Truck,7.2325,6.965,7.565,$ Per Bushel
2022-08-04,Corn,Ohio,,Truck,6.7583,6.565,6.915,$ Per Bushel
2022-08-04,Corn,South Dakota,,Truck,6.8512,6.415,7.315,$ Per Bushel
2022-08-04,Corn,Wisconsin,,Truck,6.5783,6.465,6.735,$ Per Bushel
2022-08-05,Corn,Illinois,,Truck,6.7454,6.5225,6.9525,$ Per Bushel
2022-08-05,Corn,Indiana,,Truck,6.8092,6.7225,6.9225,$ Per Bushel
2022-08-05,Corn,Iowa,,Truck,7.378,7.0725,7.6725,$ Per Bushel
2022-08-05,Corn,Kansas,,Truck,6.7158,6.3625,7.1225,$ Per Bushel
2022-08-05,Corn,Michigan,,Truck,6.6775,6.6225,6.7325,$ Per Bushel
2022-08-05,Corn,Minnesota,,Truck,7.0796,6.5725,7.4225,$ Per Bushel
2022-08-05,Corn,Missouri,,Truck,6.8475,6.5725,7.1225,$ Per Bushel
2022-08-05,Corn,Nebraska,,Truck,7.3417,7.0425,7.6725,$ Per Bushel
2022-08-05,Corn,Ohio,,Truck,6.8225,6.6725,7.0225,$ Per Bushel
2022-08-05,Corn,South Dakota,,Truck,6.9587,6.5225,7.4225,$ Per Bushel
2022-08-05,Corn,Wisconsin,,Truck,6.6858,6.5725,6.8425,$ Per Bushel
2022-08-08,Corn,Illinois,,Truck,6.8182,6.6025,7.0325,$ Per Bushel
2022-08-08,Corn,Indiana,,Truck,6.8892,6.8025,7.0025,$ Per Bushel
2022-08-08,Corn,Iowa,,Truck,7.458,7.1525,7.7525,$ Per Bushel
2022-08-08,Corn,Kansas,,Truck,6.7675,6.4,7.2025,$ Per Bushel
2022-08-08,Corn,Michigan,,Truck,6.7363,6.7025,6.77,$ Per Bushel
2022-08-08,Corn,Minnesota,,Truck,7.1596,6.6525,7.5025,$ Per Bushel
2022-08-08,Corn,Missouri,,Truck,6.94,6.6525,7.2025,$ Per Bushel
2022-08-08,Corn,Nebraska,,Truck,7.4175,7.0725,7.7525,$ Per Bushel
2022-08-08,Corn,Ohio,,Truck,6.8775,6.7525,7.0525,$ Per Bushel
2022-08-08,Corn,South Dakota,,Truck,7.0417,6.6025,7.4525,$ Per Bushel
2022-08-08,Corn,Wisconsin,,Truck,6.7658,6.6525,6.9225,$ Per Bushel
2022-08-09,Corn,Illinois,,Truck,6.8007,6.585,6.985,$ Per Bushel
2022-08-09,Corn,Indiana,,Truck,6.8772,6.785,6.985,$ Per Bushel
2022-08-09,Corn,Iowa,,Truck,7.4481,6.835,7.685,$ Per Bushel
2022-08-09,Corn,Kansas,,Truck,6.7433,6.3725,7.185,$ Per Bushel
2022-08-09,Corn,Michigan,,Truck,6.7138,6.685,6.7425,$ Per Bushel
2022-08-09,Corn,Minnesota,,Truck,7.1036,6.585,7.385,$ Per Bushel
2022-08-09,Corn,Missouri,,Truck,6.91,6.635,7.185,$ Per Bushel
2022-08-09,Corn,Nebraska,,Truck,7.315,6.785,7.735,$ Per Bushel
2022-08-09,Corn,Ohio,,Truck,6.8267,6.735,6.935,$ Per Bushel
2022-08-09,Corn,South Dakota,,Truck,6.995,6.535,7.435,$ Per Bushel
2022-08-09,Corn,Wisconsin,,Truck,6.7717,6.635,6.985,$ Per Bushel
2022-08-10,Corn,Illinois,,Truck,6.8721,6.655,7.055,$ Per Bushel
2022-08-10,Corn,Indiana,,Truck,6.925,6.855,7.055,$ Per Bushel
2022-08-10,Corn,Iowa,,Truck,7.4489,6.905,7.755,$ Per Bushel
2022-08-10,Corn,Kansas,,Truck,6.8117,6.44,7.255,$ Per Bushel
2022-08-10,Corn,Michigan,,Truck,6.7325,6.655,6.81,$ Per Bushel
2022-08-10,Corn,Minnesota,,Truck,7.1164,6.355,7.455,$ Per Bushel
2022-08-10,Corn,Missouri,,Truck,7.03,6.705,7.405,$ Per Bushel
2022-08-10,Corn,Nebraska,,Truck,7.3642,6.855,7.805,$ Per Bushel
2022-08-10,Corn,Ohio,,Truck,6.8717,6.805,7.005,$ Per Bushel
2022-08-10,Corn,South Dakota,,Truck,7.0404,6.555,7.505,$ Per Bushel
2022-08-10,Corn,Wisconsin,,Truck,6.825,6.705,7.055,$ Per Bushel
2022-08-11,Corn,Illinois,,Truck,6.9211,6.7125,7.0825,$ Per Bushel
2022-08-11,Corn,Indiana,,Truck,6.9692,6.8125,7.1125,$ Per Bushel
2022-08-11,Corn,Iowa,,Truck,7.3107,6.8125,7.6125,$ Per Bushel
2022-08-11,Corn,Kansas,,Truck,6.8608,6.485,7.3125,$ Per Bushel
2022-08-11,Corn,Michigan,,Truck,6.7488,6.7125,6.785,$ Per Bushel
2022-08-11,Corn,Minnesota,,Truck,7.1414,6.285,7.5125,$ Per Bushel
2022-08-11,Corn,Missouri,,Truck,7.075,6.7125,7.4625,$ Per Bushel
2022-08-11,Corn,Nebraska,,Truck,7.3025,6.9125,7.7125,$ Per Bushel
2022-08-11,Corn,Ohio,,Truck,6.7996,6.7125,6.8625,$ Per Bushel
2022-08-11,Corn,South Dakota,,Truck,7.074,6.6125,7.5625,$ Per Bushel
2022-08-11,Corn,Wisconsin,,Truck,6.8958,6.7625,7.1125,$ Per Bushel
2022-08-12,Corn,Illinois,,Truck,6.9768,6.7925,7.1425,$ Per Bushel
2022-08-12,Corn,Indiana,,Truck,7.0047,6.8425,7.1425,$ Per Bushel
2022-08-12,Corn,Iowa,,Truck,7.3956,6.7925,7.6425,$ Per Bushel
2022-08-12,Corn,Kansas,,Truck,6.9492,6.5775,7.3925,$ Per Bushel
2022-08-12,Corn,Michigan,,Truck,6.82,6.7925,6.8475,$ Per Bushel
2022-08-12,Corn,Minnesota,,Truck,7.1804,6.3775,7.4925,$ Per Bushel
2022-08-12,Corn,Missouri,,Truck,7.105,6.6925,7.4425,$ Per Bushel
2022-08-12,Corn,Nebraska,,Truck,7.3163,6.8925,7.7425,$ Per Bushel
2022-08-12,Corn,Ohio,,Truck,6.7983,6.5925,6.9425,$ Per Bushel
2022-08-12,Corn,South Dakota,,Truck,7.0837,6.6425,7.4925,$ Per Bushel
2022-08-12,Corn,Wisconsin,,Truck,6.85,6.6925,7.1925,$ Per Bushel
2022-08-15,Corn,Illinois,,Truck,7.0618,6.8975,7.2475,$ Per Bushel
2022-08-15,Corn,Indiana,,Truck,7.0792,6.7725,7.2475,$ Per Bushel
2022-08-15,Corn,Iowa,,Truck,7.347,6.9975,7.5975,$ Per Bushel
2022-08-15,Corn,Kansas,,Truck,6.9663,6.6225,7.4975,$ Per Bushel
2022-08-15,Corn,Michigan,,Truck,6.935,6.8975,6.9725,$ Per Bushel
2022-08-15,Corn,Minnesota,,Truck,7.2196,6.4225,7.5475,$ Per Bushel
2022-08-15,Corn,Missouri,,Truck,7.1675,6.7475,7.5475,$ Per Bushel
2022-08-15,Corn,Nebraska,,Truck,7.3867,6.9475,7.6975,$ Per Bushel
2022-08-15,Corn,Ohio,,Truck,6.86,6.6975,7.0725,$ Per Bushel
2022-08-15,Corn,South Dakota,,Truck,7.1687,6.7475,7.5475,$ Per Bushel
2022-08-15,Corn,Wisconsin,,Truck,6.935,6.7975,7.2975,$ Per Bushel
2022-08-16,Corn,Illinois,,Truck,6.9146,6.7675,7.1175,$ Per Bushel
2022-08-16,Corn,Indiana,,Truck,6.9369,6.6325,7.1175,$ Per Bushel
2022-08-16,Corn,Iowa,,Truck,7.2193,6.1625,7.5175,$ Per Bushel
2022-08-16,Corn,Kansas,,Truck,6.8038,6.4825,7.2675,$ Per Bushel
2022-08-16,Corn,Michigan,,Truck,6.775,6.7175,6.8325,$ Per Bushel
2022-08-16,Corn,Minnesota,,Truck,7.0239,6.2825,7.4175,$ Per Bushel
2022-08-16,Corn,Missouri,,Truck,6.9163,6.6175,7.4175,$ Per Bushel
2022-08-16,Corn,Nebraska,,Truck,7.2121,6.6175,7.5675,$ Per Bushel
2022-08-16,Corn,Ohio,,Truck,6.72,6.5675,6.9325,$ Per Bushel
2022-08-16,Corn,South Dakota,,Truck,7.011,6.6175,7.4175,$ Per Bushel
2022-08-16,Corn,Wisconsin,,Truck,6.75,6.6175,7.0275,$ Per Bushel
2022-08-17,Corn,Illinois,,Truck,6.7429,6.61,6.96,$ Per Bushel
2022-08-17,Corn,Indiana,,Truck,6.7681,6.4525,6.94,$ Per Bushel
2022-08-17,Corn,Iowa,,Truck,6.8957,6.11,7.26,$ Per Bushel
2022-08-17,Corn,Kansas,,Truck,6.6294,6.3025,7.11,$ Per Bushel
2022-08-17,Corn,Michigan,,Truck,6.5313,6.41,6.6525,$ Per Bushel
2022-08-17,Corn,Minnesota,,Truck,6.8346,6.1025,7.11,$ Per Bushel
2022-08-17,Corn,Missouri,,Truck,6.7281,6.46,7.26,$ Per Bushel
2022-08-17,Corn,Nebraska,,Truck,7.0438,6.46,7.41,$ Per Bushel
2022-08-17,Corn,Ohio,,Truck,6.5338,6.41,6.76,$ Per Bushel
2022-08-17,Corn,South Dakota,,Truck,6.8402,6.46,7.26,$ Per Bushel
2022-08-17,Corn,Wisconsin,,Truck,6.5825,6.46,6.87,$ Per Bushel
2022-08-18,Corn,Illinois,,Truck,6.7686,6.6,7.0,$ Per Bushel
2022-08-18,Corn,Indiana,,Truck,6.7867,6.47,7.0,$ Per Bushel
2022-08-18,Corn,Iowa,,Truck,7.0618,6.0,7.33,$ Per Bushel
2022-08-18,Corn,Kansas,,Truck,6.74,6.47,7.15,$ Per Bushel
2022-08-18,Corn,Michigan,,Truck,6.51,6.45,6.57,$ Per Bushel
2022-08-18,Corn,Minnesota,,Truck,6.8857,6.12,7.15,$ Per Bushel
2022-08-18,Corn,Missouri,,Truck,6.8367,6.5,7.3,$ Per Bushel
2022-08-18,Corn,Nebraska,,Truck,7.07,6.37,7.45,$ Per Bushel
2022-08-18,Corn,Ohio,,Truck,6.5367,6.45,6.7,$ Per Bushel
2022-08-18,Corn,South Dakota,,Truck,6.8338,6.4,7.3,$ Per Bushel
2022-08-18,Corn,Wisconsin,,Truck,6.615,6.47,6.91,$ Per Bushel
2022-08-19,Corn,Illinois,,Truck,6.8004,6.6475,7.0475,$ Per Bushel
2022-08-19,Corn,Indiana,,Truck,6.8764,6.5075,7.3975,$ Per Bushel
2022-08-19,Corn,Iowa,,Truck,7.1125,6.0375,7.4475,$ Per Bushel
2022-08-19,Corn,Kansas,,Truck,6.78,6.5075,7.1975,$ Per Bushel
2022-08-19,Corn,Michigan,,Truck,6.4708,6.3075,6.6075,$ Per Bushel
2022-08-19,Corn,Minnesota,,Truck,6.9032,6.1575,7.1975,$ Per Bushel
2022-08-19,Corn,Missouri,,Truck,6.8475,6.4975,7.3475,$ Per Bushel
2022-08-19,Corn,Nebraska,,Truck,7.1575,6.4075,7.6975,$ Per Bushel
2022-08-19,Corn,Ohio,,Truck,6.5742,6.4975,6.7475,$ Per Bushel
2022-08-19,Corn,South Dakota,,Truck,6.8344,6.3475,7.3475,$ Per Bushel
2022-08-19,Corn,Wisconsin,,Truck,6.6915,6.5175,6.9575,$ Per Bushel
2022-08-22,Corn,Illinois,,Truck,6.85,6.71,7.11,$ Per Bushel
2022-08-22,Corn,Indiana,,Truck,6.9403,6.5825,7.46,$ Per Bushel
2022-08-22,Corn,Iowa,,Truck,7.002,6.26,7.25,$ Per Bushel
2022-08-22,Corn,Kansas,,Truck,6.6769,6.2325,7.16,$ Per Bushel
2022-08-22,Corn,Michigan,,Truck,6.5713,6.46,6.6825,$ Per Bushel
2022-08-22,Corn,Minnesota,,Truck,6.9461,6.2325,7.26,$ Per Bushel
2022-08-22,Corn,Missouri,,Truck,6.8933,6.56,7.41,$ Per Bushel
2022-08-22,Corn,Nebraska,,Truck,7.1535,6.4825,7.51,$ Per Bushel
2022-08-22,Corn,Ohio,,Truck,6.6388,6.56,6.81,$ Per Bushel
2022-08-22,Corn,South Dakota,,Truck,6.8771,6.46,7.26,$ Per Bushel
2022-08-22,Corn,Wisconsin,,Truck,6.734,6.56,6.96,$ Per Bushel
2022-08-23,Corn,Illinois,,Truck,6.9207,6.685,7.185,$ Per Bushel
2022-08-23,Corn,Indiana,,Truck,7.0161,6.64,7.61,$ Per Bushel
2022-08-23,Corn,Iowa,,Truck,7.3007,7.14,7.585,$ Per Bushel
2022-08-23,Corn,Kansas,,Truck,6.8638,6.64,7.135,$ Per Bushel
2022-08-23,Corn,Michigan,,Truck,6.59,6.44,6.74,$ Per Bushel
2022-08-23,Corn,Minnesota,,Truck,7.0186,6.29,7.335,$ Per Bushel
2022-08-23,Corn,Missouri,,Truck,6.9683,6.635,7.485,$ Per Bushel
2022-08-23,Corn,Nebraska,,Truck,7.2146,6.54,7.585,$ Per Bushel
2022-08-23,Corn,Ohio,,Truck,6.6975,6.635,6.805,$ Per Bushel
2022-08-23,Corn,South Dakota,,Truck,6.94,6.485,7.335,$ Per Bushel
2022-08-23,Corn,Wisconsin,,Truck,6.801,6.615,7.015,$ Per Bushel
2022-08-24,Corn,Illinois,,Truck,7.1208,6.95,7.4025,$ Per Bushel
2022-08-24,Corn,Indiana,,Truck,7.2594,6.9025,7.7825,$ Per Bushel
2022-08-24,Corn,Iowa,,Truck,7.558,7.4,7.85,$ Per Bushel
2022-08-24,Corn,Kansas,,Truck,7.3017,7.1525,7.4,$ Per Bushel
2022-08-24,Corn,Michigan,,Truck,6.7525,6.6525,6.8525,$ Per Bushel
2022-08-24,Corn,Minnesota,,Truck,7.2254,6.5525,7.6,$ Per Bushel
2022-08-24,Corn,Missouri,,Truck,7.1833,6.85,7.75,$ Per Bushel
2022-08-24,Corn,Nebraska,,Truck,7.4665,6.85,8.0,$ Per Bushel
2022-08-24,Corn,Ohio,,Truck,6.9542,6.8525,7.07,$ Per Bushel
2022-08-24,Corn,South Dakota,,Truck,7.2025,6.7,7.6,$ Per Bushel
2022-08-24,Corn,Wisconsin,,Truck,7.042,6.83,7.5,$ Per Bushel
2022-08-25,Corn,Illinois,,Truck,7.1658,6.9075,7.5225,$ Per Bushel
2022-08-25,Corn,Indiana,,Truck,7.2736,6.9225,7.8025,$ Per Bushel
2022-08-25,Corn,Iowa,,Truck,7.3467,6.6575,7.6075,$ Per Bushel
2022-08-25,Corn,Kansas,,Truck,7.2538,7.0725,7.3975,$ Per Bushel
2022-08-25,Corn,Michigan,,Truck,6.7225,6.6725,6.7725,$ Per Bushel
2022-08-25,Corn,Minnesota,,Truck,7.2996,6.5725,7.6575,$ Per Bushel
2022-08-25,Corn,Missouri,,Truck,7.2325,6.8575,7.8075,$ Per Bushel
2022-08-25,Corn,Nebraska,,Truck,7.4963,6.8225,8.0575,$ Per Bushel
2022-08-25,Corn,Ohio,,Truck,6.9658,6.8575,7.1275,$ Per Bushel
2022-08-25,Corn,South Dakota,,Truck,7.2456,6.7575,7.6575,$ Per Bushel
2022-08-25,Corn,Wisconsin,,Truck,7.0295,6.8275,7.5575,$ Per Bushel
2022-08-26,Corn,Illinois,,Truck,7.0942,6.825,7.4,$ Per Bushel
2022-08-26,Corn,Indiana,,Truck,7.1944,6.85,7.73,$ Per Bushel
2022-08-26,Corn,Iowa,,Truck,7.512,7.15,7.825,$ Per Bushel
2022-08-26,Corn,Kansas,,Truck,7.1788,7.0,7.315,$ Per Bushel
2022-08-26,Corn,Michigan,,Truck,6.5667,6.35,6.7,$ Per Bushel
2022-08-26,Corn,Minnesota,,Truck,7.1793,6.4,7.5,$ Per Bushel
2022-08-26,Corn,Missouri,,Truck,7.1375,6.775,7.725,$ Per Bushel
2022-08-26,Corn,Nebraska,,Truck,7.3577,6.675,7.9,$ Per Bushel
2022-08-26,Corn,Ohio,,Truck,6.87,6.775,7.045,$ Per Bushel
2022-08-26,Corn,South Dakota,,Truck,7.185,6.675,7.775,$ Per Bushel
2022-08-26,Corn,Wisconsin,,Truck,6.896,6.64,7.475,$ Per Bushel
2022-08-29,Corn,Illinois,,Truck,7.2217,6.8875,7.5925,$ Per Bushel
2022-08-29,Corn,Indiana,,Truck,7.3175,6.9925,7.8725,$ Per Bushel
2022-08-29,Corn,Iowa,,Truck,7.3742,6.6875,7.5925,$ Per Bushel
2022-08-29,Corn,Kansas,,Truck,7.3388,7.1425,7.5425,$ Per Bushel
2022-08-29,Corn,Michigan,,Truck,6.7092,6.4925,6.8425,$ Per Bushel
2022-08-29,Corn,Minnesota,,Truck,7.3004,6.5425,7.6425,$ Per Bushel
2022-08-29,Corn,Missouri,,Truck,7.1888,6.7425,7.8375,$ Per Bushel
2022-08-29,Corn,Nebraska,,Truck,7.5483,7.0375,8.0425,$ Per Bushel
2022-08-29,Corn,Ohio,,Truck,6.9925,6.8875,7.1575,$ Per Bushel
2022-08-29,Corn,South Dakota,,Truck,7.2929,6.7875,7.8875,$ Per Bushel
2022-08-29,Corn,Wisconsin,,Truck,6.9565,6.7375,7.5875,$ Per Bushel
2022-08-30,Corn,Illinois,,Truck,7.3888,6.9875,7.78,$ Per Bushel
2022-08-30,Corn,Indiana,,Truck,7.4628,7.18,7.86,$ Per Bushel
2022-08-30,Corn,Iowa,,Truck,7.8166,7.48,8.08,$ Per Bushel
2022-08-30,Corn,Kansas,,Truck,7.5069,7.33,7.73,$ Per Bushel
2022-08-30,Corn,Michigan,,Truck,6.8967,6.68,7.03,$ Per Bushel
2022-08-30,Corn,Minnesota,,Truck,7.4958,6.73,7.73,$ Per Bushel
2022-08-30,Corn,Missouri,,Truck,7.3106,6.93,7.8375,$ Per Bushel
2022-08-30,Corn,Nebraska,,Truck,7.7848,7.48,8.23,$ Per Bushel
2022-08-30,Corn,Ohio,,Truck,7.155,7.0375,7.33,$ Per Bushel
2022-08-30,Corn,South Dakota,,Truck,7.4187,6.9375,7.83,$ Per Bushel
2022-08-30,Corn,Wisconsin,,Truck,7.1156,6.8875,7.7375,$ Per Bushel
2022-08-31,Corn,Illinois,,Truck,7.3918,6.9475,7.7225,$ Per Bushel
2022-08-31,Corn,Indiana,,Truck,7.4064,7.1225,7.8025,$ Per Bushel
2022-08-31,Corn,Iowa,,Truck,7.7655,7.4225,8.0225,$ Per Bushel
2022-08-31,Corn,Kansas,,Truck,7.5288,7.2725,7.9725,$ Per Bushel
2022-08-31,Corn,Michigan,,Truck,6.8225,6.6225,6.9225,$ Per Bushel
2022-08-31,Corn,Minnesota,,Truck,7.4442,6.6725,7.6725,$ Per Bushel
2022-08-31,Corn,Missouri,,Truck,7.2663,6.8725,7.7975,$ Per Bushel
2022-08-31,Corn,Nebraska,,Truck,7.6539,6.9225,8.1725,$ Per Bushel
2022-08-31,Corn,Ohio,,Truck,7.0258,6.7725,7.2725,$ Per Bushel
2022-08-31,Corn,South Dakota,,Truck,7.3629,6.8975,7.7725,$ Per Bushel
2022-08-31,Corn,Wisconsin,,Truck,7.0663,6.8225,7.6975,$ Per Bushel
2022-09-01,Corn,Illinois,,Truck,7.3275,6.935,7.655,$ Per Bushel
2022-09-01,Corn,Indiana,,Truck,7.3286,7.055,7.735,$ Per Bushel
2022-09-01,Corn,Iowa,,Truck,7.4698,6.7375,7.755,$ Per Bushel
2022-09-01,Corn,Kansas,,Truck,7.4631,7.205,7.905,$ Per Bushel
2022-09-01,Corn,Michigan,,Truck,6.755,6.555,6.855,$ Per Bushel
2022-09-01,Corn,Minnesota,,Truck,7.3875,6.605,7.605,$ Per Bushel
2022-09-01,Corn,Missouri,,Truck,7.2169,6.805,7.7375,$ Per Bushel
2022-09-01,Corn,Nebraska,,Truck,7.5916,7.205,8.105,$ Per Bushel
2022-09-01,Corn,Ohio,,Truck,6.9492,6.705,7.205,$ Per Bushel
2022-09-01,Corn,South Dakota,,Truck,7.2981,6.8075,7.705,$ Per Bushel
2022-09-01,Corn,Wisconsin,,Truck,7.0019,6.725,7.6375,$ Per Bushel
2022-09-02,Corn,Illinois,,Truck,7.0925,6.7825,7.33,$ Per Bushel
2022-09-02,Corn,Indiana,,Truck,7.2558,6.93,7.61,$ Per Bushel
2022-09-02,Corn,Iowa,,Truck,7.5503,7.08,7.83,$ Per Bushel
2022-09-02,Corn,Kansas,,Truck,7.2681,7.08,7.78,$ Per Bushel
2022-09-02,Corn,Michigan,,Truck,6.6133,6.38,6.73,$ Per Bushel
2022-09-02,Corn,Minnesota,,Truck,7.2358,6.38,7.48,$ Per Bushel
2022-09-02,Corn,Missouri,,Truck,7.0444,6.63,7.4325,$ Per Bushel
2022-09-02,Corn,Nebraska,,Truck,7.4335,7.08,7.7825,$ Per Bushel
2022-09-02,Corn,Ohio,,Truck,6.8142,6.58,7.08,$ Per Bushel
2022-09-02,Corn,South Dakota,,Truck,7.1638,6.6225,7.58,$ Per Bushel
2022-09-02,Corn,Wisconsin,,Truck,6.6163,6.53,6.7025,$ Per Bushel
2022-09-06,Corn,Illinois,,Truck,7.1929,6.84,7.5075,$ Per Bushel
2022-09-06,Corn,Indiana,,Truck,7.2644,6.4075,7.6875,$ Per Bushel
2022-09-06,Corn,Iowa,,Truck,7.6064,7.1575,7.9575,$ Per Bushel
2022-09-06,Corn,Kansas,,Truck,7.3781,7.14,7.8575,$ Per Bushel
2022-09-06,Corn,Michigan,,Truck,6.6908,6.4575,6.8075,$ Per Bushel
2022-09-06,Corn,Minnesota,,Truck,7.3317,6.4575,7.5575,$ Per Bushel
2022-09-06,Corn,Missouri,,Truck,7.1444,6.7075,7.54,$ Per Bushel
2022-09-06,Corn,Nebraska,,Truck,7.5102,7.0575,7.89,$ Per Bushel
2022-09-06,Corn,Ohio,,Truck,6.8683,6.6575,7.1575,$ Per Bushel
2022-09-06,Corn,South Dakota,,Truck,7.2529,6.73,7.6575,$ Per Bushel
2022-09-06,Corn,Wisconsin,,Truck,6.5731,6.1975,6.81,$ Per Bushel
2022-09-07,Corn,Illinois,,Truck,7.2629,6.86,7.51,$ Per Bushel
2022-09-07,Corn,Indiana,,Truck,7.3267,6.51,7.61,$ Per Bushel
2022-09-07,Corn,Iowa,,Truck,7.6468,7.16,8.06,$ Per Bushel
2022-09-07,Corn,Kansas,,Truck,7.4475,7.21,7.86,$ Per Bushel
2022-09-07,Corn,Michigan,,Truck,6.7333,6.38,6.91,$ Per Bushel
2022-09-07,Corn,Minnesota,,Truck,7.4392,6.56,7.66,$ Per Bushel
2022-09-07,Corn,Missouri,,Truck,7.2225,6.81,7.61,$ Per Bushel
2022-09-07,Corn,Nebraska,,Truck,7.61,7.16,8.01,$ Per Bushel
2022-09-07,Corn,Ohio,,Truck,6.9433,6.76,7.26,$ Per Bushel
2022-09-07,Corn,South Dakota,,Truck,7.3446,6.76,7.76,$ Per Bushel
2022-09-07,Corn,Wisconsin,,Truck,6.6675,6.3,6.88,$ Per Bushel
2022-09-08,Corn,Illinois,,Truck,7.1814,6.76,7.46,$ Per Bushel
2022-09-08,Corn,Indiana,,Truck,7.2822,6.46,7.56,$ Per Bushel
2022-09-08,Corn,Iowa,,Truck,7.3792,6.61,7.86,$ Per Bushel
2022-09-08,Corn,Kansas,,Truck,7.3225,6.86,7.81,$ Per Bushel
2022-09-08,Corn,Michigan,,Truck,6.6833,6.33,6.86,$ Per Bushel
2022-09-08,Corn,Minnesota,,Truck,7.3258,6.51,7.64,$ Per Bushel
2022-09-08,Corn,Missouri,,Truck,7.0975,6.76,7.56,$ Per Bushel
2022-09-08,Corn,Nebraska,,Truck,7.5869,7.11,7.96,$ Per Bushel
2022-09-08,Corn,Ohio,,Truck,6.8517,6.71,7.01,$ Per Bushel
2022-09-08,Corn,South Dakota,,Truck,7.2831,6.71,7.71,$ Per Bushel
2022-09-08,Corn,Wisconsin,,Truck,6.5925,6.25,6.73,$ Per Bushel
2022-09-09,Corn,Illinois,,Truck,7.135,6.735,7.435,$ Per Bushel
2022-09-09,Corn,Indiana,,Truck,7.2517,6.435,7.535,$ Per Bushel
2022-09-09,Corn,Iowa,,Truck,7.2417,6.585,8.035,$ Per Bushel
2022-09-09,Corn,Kansas,,Truck,7.335,6.985,7.785,$ Per Bushel
2022-09-09,Corn,Michigan,,Truck,6.6583,6.305,6.835,$ Per Bushel
2022-09-09,Corn,Minnesota,,Truck,7.169,6.485,7.545,$ Per Bushel
2022-09-09,Corn,Missouri,,Truck,7.0725,6.735,7.535,$ Per Bushel
2022-09-09,Corn,Nebraska,,Truck,7.485,7.135,7.985,$ Per Bushel
2022-09-09,Corn,Ohio,,Truck,6.8267,6.685,6.985,$ Per Bushel
2022-09-09,Corn,South Dakota,,Truck,7.2427,6.685,7.685,$ Per Bushel
2022-09-09,Corn,Wisconsin,,Truck,6.5675,6.225,6.705,$ Per Bushel
2022-09-12,Corn,Illinois,,Truck,7.2833,6.9,7.6,$ Per Bushel
2022-09-12,Corn,Indiana,,Truck,7.4333,6.6,7.85,$ Per Bushel
2022-09-12,Corn,Iowa,,Truck,7.6538,6.75,8.1,$ Per Bushel
2022-09-12,Corn,Kansas,,Truck,7.5875,7.15,8.05,$ Per Bushel
2022-09-12,Corn,Michigan,,Truck,6.8233,6.47,7.0,$ Per Bushel
2022-09-12,Corn,Minnesota,,Truck,7.4367,6.65,7.8,$ Per Bushel
2022-09-12,Corn,Missouri,,Truck,7.1625,6.9,7.45,$ Per Bushel
2022-09-12,Corn,Nebraska,,Truck,7.6269,7.3,8.1,$ Per Bushel
2022-09-12,Corn,Ohio,,Truck,6.9833,6.85,7.15,$ Per Bushel
2022-09-12,Corn,South Dakota,,Truck,7.3538,6.6,7.67,$ Per Bushel
2022-09-12,Corn,Wisconsin,,Truck,6.7075,6.39,6.87,$ Per Bushel
2022-09-13,Corn,Illinois,,Truck,7.36,7.01,7.71,$ Per Bushel
2022-09-13,Corn,Indiana,,Truck,7.4578,6.71,7.96,$ Per Bushel
2022-09-13,Corn,Iowa,,Truck,7.6935,6.86,8.11,$ Per Bushel
2022-09-13,Corn,Kansas,,Truck,7.735,7.41,8.16,$ Per Bushel
2022-09-13,Corn,Michigan,,Truck,6.9167,6.58,7.11,$ Per Bushel
2022-09-13,Corn,Minnesota,,Truck,7.5392,6.76,7.9225,$ Per Bushel
2022-09-13,Corn,Missouri,,Truck,7.3075,7.01,7.56,$ Per Bushel
2022-09-13,Corn,Nebraska,,Truck,7.6985,7.41,8.21,$ Per Bushel
2022-09-13,Corn,Ohio,,Truck,7.06,6.96,7.21,$ Per Bushel
2022-09-13,Corn,South Dakota,,Truck,7.3485,6.61,7.66,$ Per Bushel
2022-09-13,Corn,Wisconsin,,Truck,6.7875,6.45,6.98,$ Per Bushel
2022-09-14,Corn,Illinois,,Truck,7.3975,7.0775,7.7275,$ Per Bushel
2022-09-14,Corn,Indiana,,Truck,7.3775,6.6775,7.7275,$ Per Bushel
2022-09-14,Corn,Iowa,,Truck,7.6751,6.8275,8.1275,$ Per Bushel
2022-09-14,Corn,Kansas,,Truck,7.7525,7.3775,8.1275,$ Per Bushel
2022-09-14,Corn,Michigan,,Truck,6.8175,6.5475,6.9775,$ Per Bushel
2022-09-14,Corn,Minnesota,,Truck,7.465,6.7275,7.89,$ Per Bushel
2022-09-14,Corn,Missouri,,Truck,7.275,6.9775,7.5275,$ Per Bushel
2022-09-14,Corn,Nebraska,,Truck,7.6583,7.2775,8.1775,$ Per Bushel
2022-09-14,Corn,Ohio,,Truck,7.0275,6.9275,7.1775,$ Per Bushel
2022-09-14,Corn,South Dakota,,Truck,7.3198,6.5775,7.5775,$ Per Bushel
2022-09-14,Corn,Wisconsin,,Truck,6.6925,6.4175,6.8775,$ Per Bushel
2022-09-15,Corn,Illinois,,Truck,7.1796,6.9225,7.5225,$ Per Bushel
2022-09-15,Corn,Indiana,,Truck,7.2614,6.5725,7.6225,$ Per Bushel
2022-09-15,Corn,Iowa,,Truck,7.5785,6.7225,8.2225,$ Per Bushel
2022-09-15,Corn,Kansas,,Truck,7.66,7.2725,8.0225,$ Per Bushel
2022-09-15,Corn,Michigan,,Truck,6.6958,6.4425,6.8225,$ Per Bushel
2022-09-15,Corn,Minnesota,,Truck,7.3225,6.6225,7.6225,$ Per Bushel
2022-09-15,Corn,Missouri,,Truck,7.13,6.8725,7.4225,$ Per Bushel
2022-09-15,Corn,Nebraska,,Truck,7.521,7.1725,8.0725,$ Per Bushel
2022-09-15,Corn,Ohio,,Truck,6.9308,6.8225,7.0725,$ Per Bushel
2022-09-15,Corn,South Dakota,,Truck,7.2148,6.4725,7.4725,$ Per Bushel
2022-09-15,Corn,Wisconsin,,Truck,6.5575,6.3125,6.7725,$ Per Bushel
2022-09-16,Corn,Illinois,,Truck,7.1064,6.875,7.475,$ Per Bushel
2022-09-16,Corn,Indiana,,Truck,7.1917,6.525,7.475,$ Per Bushel
2022-09-16,Corn,Iowa,,Truck,7.1458,6.675,7.525,$ Per Bushel
2022-09-16,Corn,Kansas,,Truck,7.6125,7.225,7.975,$ Per Bushel
2022-09-16,Corn,Michigan,,Truck,6.6483,6.395,6.775,$ Per Bushel
2022-09-16,Corn,Minnesota,,Truck,7.2667,6.575,7.575,$ Per Bushel
2022-09-16,Corn,Missouri,,Truck,6.95,6.775,7.375,$ Per Bushel
2022-09-16,Corn,Nebraska,,Truck,7.4581,7.005,8.025,$ Per Bushel
2022-09-16,Corn,Ohio,,Truck,6.8917,6.775,7.025,$ Per Bushel
2022-09-16,Corn,South Dakota,,Truck,7.0135,6.275,7.425,$ Per Bushel
2022-09-16,Corn,Wisconsin,,Truck,6.48,6.265,6.655,$ Per Bushel
2022-09-19,Corn,Illinois,,Truck,7.0482,6.8725,7.4725,$ Per Bushel
2022-09-19,Corn,Indiana,,Truck,7.1781,6.5225,7.5725,$ Per Bushel
2022-09-19,Corn,Iowa,,Truck,7.4335,6.6725,8.1725,$ Per Bushel
2022-09-19,Corn,Kansas,,Truck,7.61,7.2225,7.9725,$ Per Bushel
2022-09-19,Corn,Michigan,,Truck,6.6292,6.3925,6.7725,$ Per Bushel
2022-09-19,Corn,Minnesota,,Truck,7.3058,6.5725,7.6725,$ Per Bushel
2022-09-19,Corn,Missouri,,Truck,6.8675,6.7025,7.1725,$ Per Bushel
2022-09-19,Corn,Nebraska,,Truck,7.3994,6.8725,8.0225,$ Per Bushel
2022-09-19,Corn,Ohio,,Truck,6.9308,6.7725,7.0225,$ Per Bushel
2022-09-19,Corn,South Dakota,,Truck,6.9348,6.2725,7.3725,$ Per Bushel
2022-09-19,Corn,Wisconsin,,Truck,6.4775,6.2625,6.6525,$ Per Bushel
2022-09-20,Corn,Illinois,,Truck,6.9982,6.8825,7.2325,$ Per Bushel
2022-09-20,Corn,Indiana,,Truck,7.0825,6.5325,7.5825,$ Per Bushel
2022-09-20,Corn,Iowa,,Truck,7.205,6.6825,7.5825,$ Per Bushel
2022-09-20,Corn,Kansas,,Truck,7.6075,7.0825,8.0825,$ Per Bushel
2022-09-20,Corn,Michigan,,Truck,6.6158,6.3825,6.7825,$ Per Bushel
2022-09-20,Corn,Minnesota,,Truck,7.3658,6.5825,7.9825,$ Per Bushel
2022-09-20,Corn,Missouri,,Truck,6.87,6.6825,7.1825,$ Per Bushel
2022-09-20,Corn,Nebraska,,Truck,7.3787,6.7325,8.0325,$ Per Bushel
2022-09-20,Corn,Ohio,,Truck,6.9908,6.8825,7.0825,$ Per Bushel
2022-09-20,Corn,South Dakota,,Truck,6.8148,6.1325,7.1825,$ Per Bushel
2022-09-20,Corn,Wisconsin,,Truck,6.475,6.2725,6.6625,$ Per Bushel
2022-09-21,Corn,Illinois,,Truck,7.1029,7.02,7.37,$ Per Bushel
2022-09-21,Corn,Indiana,,Truck,7.1756,6.67,7.42,$ Per Bushel
2022-09-21,Corn,Iowa,,Truck,7.579,6.82,8.32,$ Per Bushel
2022-09-21,Corn,Kansas,,Truck,7.745,7.22,8.22,$ Per Bushel
2022-09-21,Corn,Michigan,,Truck,6.7533,6.52,6.92,$ Per Bushel
2022-09-21,Corn,Minnesota,,Truck,7.5783,6.67,8.12,$ Per Bushel
2022-09-21,Corn,Missouri,,Truck,7.02,6.77,7.42,$ Per Bushel
2022-09-21,Corn,Nebraska,,Truck,7.4807,6.87,8.17,$ Per Bushel
2022-09-21,Corn,Ohio,,Truck,7.12,7.02,7.17,$ Per Bushel
2022-09-21,Corn,South Dakota,,Truck,6.8946,6.27,7.32,$ Per Bushel
2022-09-21,Corn,Wisconsin,,Truck,6.6125,6.41,6.8,$ Per Bushel
2022-09-22,Corn,Illinois,,Truck,7.0379,6.955,7.305,$ Per Bushel
2022-09-22,Corn,Indiana,,Truck,7.1106,6.605,7.355,$ Per Bushel
2022-09-22,Corn,Iowa,,Truck,7.514,6.755,8.255,$ Per Bushel
2022-09-22,Corn,Kansas,,Truck,7.68,7.155,8.155,$ Per Bushel
2022-09-22,Corn,Michigan,,Truck,6.6883,6.455,6.855,$ Per Bushel
2022-09-22,Corn,Minnesota,,Truck,7.5133,6.605,8.055,$ Per Bushel
2022-09-22,Corn,Missouri,,Truck,6.955,6.705,7.355,$ Per Bushel
2022-09-22,Corn,Nebraska,,Truck,7.4157,6.805,8.105,$ Per Bushel
2022-09-22,Corn,Ohio,,Truck,7.055,6.955,7.105,$ Per Bushel
2022-09-22,Corn,South Dakota,,Truck,6.8296,6.205,7.255,$ Per Bushel
2022-09-22,Corn,Wisconsin,,Truck,6.5475,6.345,6.735,$ Per Bushel
2022-09-23,Corn,Illinois,,Truck,7.0225,6.8325,7.2325,$ Per Bushel
2022-09-23,Corn,Indiana,,Truck,7.1381,6.6325,7.3325,$ Per Bushel
2022-09-23,Corn,Iowa,,Truck,7.3367,6.7825,7.6825,$ Per Bushel
2022-09-23,Corn,Kansas,,Truck,7.6492,7.1825,8.1825,$ Per Bushel
2022-09-23,Corn,Michigan,,Truck,6.7158,6.4825,6.8825,$ Per Bushel
2022-09-23,Corn,Minnesota,,Truck,7.4525,6.6325,8.0825,$ Per Bushel
2022-09-23,Corn,Missouri,,Truck,6.92,6.7325,7.1825,$ Per Bushel
2022-09-23,Corn,Nebraska,,Truck,7.4056,6.8325,8.1325,$ Per Bushel
2022-09-23,Corn,Ohio,,Truck,7.0575,6.8825,7.1825,$ Per Bushel
2022-09-23,Corn,South Dakota,,Truck,6.8094,6.2325,7.2825,$ Per Bushel
2022-09-23,Corn,Wisconsin,,Truck,6.555,6.3725,6.7625,$ Per Bushel
2022-09-26,Corn,Illinois,,Truck,6.8804,6.7175,7.1175,$ Per Bushel
2022-09-26,Corn,Indiana,,Truck,6.9786,6.5175,7.2175,$ Per Bushel
2022-09-26,Corn,Iowa,,Truck,7.4115,6.6275,7.9175,$ Per Bushel
2022-09-26,Corn,Kansas,,Truck,7.5342,7.0675,8.0675,$ Per Bushel
2022-09-26,Corn,Michigan,,Truck,6.6008,6.3675,6.7675,$ Per Bushel
2022-09-26,Corn,Minnesota,,Truck,7.3375,6.5175,7.9675,$ Per Bushel
2022-09-26,Corn,Missouri,,Truck,6.805,6.6175,7.0675,$ Per Bushel
2022-09-26,Corn,Nebraska,,Truck,7.2775,6.7675,7.8175,$ Per Bushel
2022-09-26,Corn,Ohio,,Truck,6.8425,6.4675,7.0175,$ Per Bushel
2022-09-26,Corn,South Dakota,,Truck,6.6713,6.1175,7.1675,$ Per Bushel
2022-09-26,Corn,Wisconsin,,Truck,6.4275,6.2575,6.6475,$ Per Bushel
2022-09-27,Corn,Illinois,,Truck,6.7625,6.5125,7.0125,$ Per Bushel
2022-09-27,Corn,Indiana,,Truck,6.8014,6.4125,7.1125,$ Per Bushel
2022-09-27,Corn,Iowa,,Truck,7.0833,6.5625,7.5125,$ Per Bushel
2022-09-27,Corn,Kansas,,Truck,7.4792,7.0625,7.9625,$ Per Bushel
2022-09-27,Corn,Michigan,,Truck,6.4958,6.2625,6.6625,$ Per Bushel
2022-09-27,Corn,Minnesota,,Truck,7.0525,6.4125,7.5625,$ Per Bushel
2022-09-27,Corn,Missouri,,Truck,6.6875,6.4625,6.9625,$ Per Bushel
2022-09-27,Corn,Nebraska,,Truck,7.1417,6.6625,7.9125,$ Per Bushel
2022-09-27,Corn,Ohio,,Truck,6.7458,6.3625,6.9125,$ Per Bushel
2022-09-27,Corn,South Dakota,,Truck,6.5394,6.0125,6.9125,$ Per Bushel
2022-09-27,Corn,Wisconsin,,Truck,6.3225,6.1525,6.5425,$ Per Bushel
2022-09-28,Corn,Illinois,,Truck,6.7507,6.475,7.025,$ Per Bushel
2022-09-28,Corn,Indiana,,Truck,6.6972,6.425,6.975,$ Per Bushel
2022-09-28,Corn,Iowa,,Truck,7.112,6.535,7.575,$ Per Bushel
2022-09-28,Corn,Kansas,,Truck,7.4917,7.075,7.975,$ Per Bushel
2022-09-28,Corn,Michigan,,Truck,6.5083,6.275,6.675,$ Per Bushel
2022-09-28,Corn,Minnesota,,Truck,7.035,6.425,7.425,$ Per Bushel
2022-09-28,Corn,Missouri,,Truck,6.65,6.375,6.975,$ Per Bushel
2022-09-28,Corn,Nebraska,,Truck,7.0965,6.675,7.925,$ Per Bushel
2022-09-28,Corn,Ohio,,Truck,6.725,6.375,6.975,$ Per Bushel
2022-09-28,Corn,South Dakota,,Truck,6.5481,6.075,6.925,$ Per Bushel
2022-09-28,Corn,Wisconsin,,Truck,6.3425,6.155,6.555,$ Per Bushel
2022-09-29,Corn,Illinois,,Truck,6.7807,6.505,7.055,$ Per Bushel
2022-09-29,Corn,Indiana,,Truck,6.7383,6.455,7.005,$ Per Bushel
2022-09-29,Corn,Iowa,,Truck,7.1355,6.565,7.605,$ Per Bushel
2022-09-29,Corn,Kansas,,Truck,7.5217,7.105,8.005,$ Per Bushel
2022-09-29,Corn,Michigan,,Truck,6.505,6.305,6.605,$ Per Bushel
2022-09-29,Corn,Minnesota,,Truck,7.065,6.455,7.455,$ Per Bushel
2022-09-29,Corn,Missouri,,Truck,6.655,6.405,7.005,$ Per Bushel
2022-09-29,Corn,Nebraska,,Truck,7.1714,6.705,7.955,$ Per Bushel
2022-09-29,Corn,Ohio,,Truck,6.805,6.655,7.005,$ Per Bushel
2022-09-29,Corn,South Dakota,,Truck,6.5835,6.105,6.955,$ Per Bushel
2022-09-29,Corn,Wisconsin,,Truck,6.3725,6.185,6.585,$ Per Bushel
2022-09-30,Corn,Illinois,,Truck,6.7379,6.495,7.095,$ Per Bushel
2022-09-30,Corn,Indiana,,Truck,6.7117,6.395,6.995,$ Per Bushel
2022-09-30,Corn,Iowa,,Truck,7.045,6.395,7.445,$ Per Bushel
2022-09-30,Corn,Kansas,,Truck,7.5117,7.095,7.995,$ Per Bushel
2022-09-30,Corn,Michigan,,Truck,6.5283,6.395,6.595,$ Per Bushel
2022-09-30,Corn,Minnesota,,Truck,6.92,6.445,7.195,$ Per Bushel
2022-09-30,Corn,Missouri,,Truck,6.62,6.345,6.995,$ Per Bushel
2022-09-30,Corn,Nebraska,,Truck,7.1471,6.695,7.945,$ Per Bushel
2022-09-30,Corn,Ohio,,Truck,6.795,6.645,6.995,$ Per Bushel
2022-09-30,Corn,South Dakota,,Truck,6.5812,6.095,6.945,$ Per Bushel
2022-09-30,Corn,Wisconsin,,Truck,6.3625,6.175,6.575,$ Per Bushel
2022-10-03,Corn,Illinois,,Truck,6.7467,6.475,7.175,$ Per Bushel
2022-10-03,Corn,Indiana,,Truck,6.7917,6.475,7.075,$ Per Bushel
2022-10-03,Corn,Iowa,,Truck,7.065,6.475,7.525,$ Per Bushel
2022-10-03,Corn,Kansas,,Truck,7.5917,7.175,8.075,$ Per Bushel
2022-10-03,Corn,Michigan,,Truck,6.625,6.525,6.675,$ Per Bushel
2022-10-03,Corn,Minnesota,,Truck,6.9333,6.525,7.275,$ Per Bushel
2022-10-03,Corn,Missouri,,Truck,6.6125,6.325,7.075,$ Per Bushel
2022-10-03,Corn,Nebraska,,Truck,7.1843,6.775,8.025,$ Per Bushel
2022-10-03,Corn,Ohio,,Truck,6.95,6.725,7.175,$ Per Bushel
2022-10-03,Corn,South Dakota,,Truck,6.645,6.175,7.025,$ Per Bushel
2022-10-03,Corn,Wisconsin,,Truck,6.4425,6.255,6.655,$ Per Bushel
2022-10-04,Corn,Illinois,,Truck,6.7242,6.5075,7.0075,$ Per Bushel
2022-10-04,Corn,Indiana,,Truck,6.7175,6.5075,7.0075,$ Per Bushel
2022-10-04,Corn,Iowa,,Truck,7.0475,6.5075,7.3075,$ Per Bushel
2022-10-04,Corn,Kansas,,Truck,7.6375,7.2075,8.1475,$ Per Bushel
2022-10-04,Corn,Michigan,,Truck,6.6575,6.5575,6.7075,$ Per Bushel
2022-10-04,Corn,Minnesota,,Truck,6.8375,6.6075,7.0575,$ Per Bushel
2022-10-04,Corn,Missouri,,Truck,6.645,6.3575,7.1075,$ Per Bushel
2022-10-04,Corn,Nebraska,,Truck,7.2356,6.5575,8.0575,$ Per Bushel
2022-10-04,Corn,Ohio,,Truck,6.9325,6.5075,7.2075,$ Per Bushel
2022-10-04,Corn,South Dakota,,Truck,6.6306,6.2075,7.0575,$ Per Bushel
2022-10-04,Corn,Wisconsin,,Truck,6.46,6.2575,6.7275,$ Per Bushel
2022-10-05,Corn,Illinois,,Truck,6.7383,6.53,7.03,$ Per Bushel
2022-10-05,Corn,Indiana,,Truck,6.74,6.53,7.03,$ Per Bushel
2022-10-05,Corn,Iowa,,Truck,6.9477,6.68,7.33,$ Per Bushel
2022-10-05,Corn,Kansas,,Truck,7.74,7.23,8.17,$ Per Bushel
2022-10-05,Corn,Michigan,,Truck,6.68,6.58,6.73,$ Per Bushel
2022-10-05,Corn,Minnesota,,Truck,6.82,6.63,7.08,$ Per Bushel
2022-10-05,Corn,Missouri,,Truck,6.63,6.33,7.03,$ Per Bushel
2022-10-05,Corn,Nebraska,,Truck,7.2475,6.58,8.08,$ Per Bushel
2022-10-05,Corn,Ohio,,Truck,6.98,6.68,7.23,$ Per Bushel
2022-10-05,Corn,South Dakota,,Truck,6.6485,6.23,7.08,$ Per Bushel
2022-10-05,Corn,Wisconsin,,Truck,6.4825,6.28,6.75,$ Per Bushel
2022-10-06,Corn,Illinois,,Truck,6.7567,6.54,7.09,$ Per Bushel
2022-10-06,Corn,Indiana,,Truck,6.745,6.54,6.99,$ Per Bushel
2022-10-06,Corn,Iowa,,Truck,6.9523,6.69,7.34,$ Per Bushel
2022-10-06,Corn,Kansas,,Truck,7.75,7.24,8.18,$ Per Bushel
2022-10-06,Corn,Michigan,,Truck,6.69,6.59,6.74,$ Per Bushel
2022-10-06,Corn,Minnesota,,Truck,6.87,6.64,7.14,$ Per Bushel
2022-10-06,Corn,Missouri,,Truck,6.64,6.34,7.04,$ Per Bushel
2022-10-06,Corn,Nebraska,,Truck,7.2856,6.74,8.09,$ Per Bushel
2022-10-06,Corn,Ohio,,Truck,6.9233,6.69,7.04,$ Per Bushel
2022-10-06,Corn,South Dakota,,Truck,6.6777,6.24,7.14,$ Per Bushel
2022-10-06,Corn,Wisconsin,,Truck,6.4925,6.29,6.76,$ Per Bushel
2022-10-07,Corn,Illinois,,Truck,6.6883,6.455,7.105,$ Per Bushel
2022-10-07,Corn,Indiana,,Truck,6.645,6.455,6.905,$ Per Bushel
2022-10-07,Corn,Iowa,,Truck,6.9542,6.625,7.205,$ Per Bushel
2022-10-07,Corn,Kansas,,Truck,7.665,7.155,8.095,$ Per Bushel
2022-10-07,Corn,Michigan,,Truck,6.605,6.505,6.655,$ Per Bushel
2022-10-07,Corn,Minnesota,,Truck,6.73,6.555,7.055,$ Per Bushel
2022-10-07,Corn,Missouri,,Truck,6.5425,6.255,6.955,$ Per Bushel
2022-10-07,Corn,Nebraska,,Truck,7.1944,6.705,8.005,$ Per Bushel
2022-10-07,Corn,Ohio,,Truck,6.8217,6.605,6.955,$ Per Bushel
2022-10-07,Corn,South Dakota,,Truck,6.6019,6.155,7.055,$ Per Bushel
2022-10-07,Corn,Wisconsin,,Truck,6.415,6.205,6.705,$ Per Bushel
2022-10-11,Corn,Illinois,,Truck,6.9158,6.6825,7.3325,$ Per Bushel
2022-10-11,Corn,Indiana,,Truck,6.8625,6.6825,7.1325,$ Per Bushel
2022-10-11,Corn,Iowa,,Truck,7.0116,6.7325,7.2825,$ Per Bushel
2022-10-11,Corn,Kansas,,Truck,7.905,7.4325,8.3225,$ Per Bushel
2022-10-11,Corn,Michigan,,Truck,6.8325,6.7325,6.8825,$ Per Bushel
2022-10-11,Corn,Minnesota,,Truck,6.9325,6.7825,7.1325,$ Per Bushel
2022-10-11,Corn,Missouri,,Truck,6.755,6.4525,7.1825,$ Per Bushel
2022-10-11,Corn,Nebraska,,Truck,7.445,6.9325,8.2325,$ Per Bushel
2022-10-11,Corn,Ohio,,Truck,7.0158,6.8325,7.1825,$ Per Bushel
2022-10-11,Corn,South Dakota,,Truck,6.8248,6.3825,7.2825,$ Per Bushel
2022-10-11,Corn,Wisconsin,,Truck,6.6425,6.4325,6.9325,$ Per Bushel
2022-10-12,Corn,Illinois,,Truck,6.8433,6.63,7.08,$ Per Bushel
2022-10-12,Corn,Indiana,,Truck,6.79,6.63,7.08,$ Per Bushel
2022-10-12,Corn,Iowa,,Truck,6.9109,6.63,7.18,$ Per Bushel
2022-10-12,Corn,Kansas,,Truck,7.8525,7.38,8.27,$ Per Bushel
2022-10-12,Corn,Michigan,,Truck,6.8133,6.68,6.93,$ Per Bushel
2022-10-12,Corn,Minnesota,,Truck,6.865,6.73,7.08,$ Per Bushel
2022-10-12,Corn,Missouri,,Truck,6.7175,6.43,7.13,$ Per Bushel
2022-10-12,Corn,Nebraska,,Truck,7.395,6.88,8.18,$ Per Bushel
2022-10-12,Corn,Ohio,,Truck,6.855,6.73,6.93,$ Per Bushel
2022-10-12,Corn,South Dakota,,Truck,6.7738,6.28,7.23,$ Per Bushel
2022-10-12,Corn,Wisconsin,,Truck,6.59,6.38,6.88,$ Per Bushel
2022-10-13,Corn,Illinois,,Truck,6.8433,6.63,7.08,$ Per Bushel
2022-10-13,Corn,Indiana,,Truck,6.77,6.63,7.08,$ Per Bushel
2022-10-13,Corn,Iowa,,Truck,6.9525,6.83,7.13,$ Per Bushel
2022-10-13,Corn,Kansas,,Truck,7.8525,7.38,8.27,$ Per Bushel
2022-10-13,Corn,Michigan,,Truck,6.83,6.73,6.93,$ Per Bushel
2022-10-13,Corn,Minnesota,,Truck,6.8333,6.73,6.93,$ Per Bushel
2022-10-13,Corn,Missouri,,Truck,6.7425,6.43,7.18,$ Per Bushel
2022-10-13,Corn,Nebraska,,Truck,7.3931,6.88,8.18,$ Per Bushel
2022-10-13,Corn,Ohio,,Truck,6.8633,6.68,6.93,$ Per Bushel
2022-10-13,Corn,South Dakota,,Truck,6.7831,6.33,7.23,$ Per Bushel
2022-10-13,Corn,Wisconsin,,Truck,6.59,6.38,6.88,$ Per Bushel
2022-10-14,Corn,Illinois,,Truck,6.8908,6.6775,7.1275,$ Per Bushel
2022-10-14,Corn,Indiana,,Truck,6.8125,6.6775,7.1275,$ Per Bushel
2022-10-14,Corn,Iowa,,Truck,6.9793,6.6775,7.2775,$ Per Bushel
2022-10-14,Corn,Kansas,,Truck,7.9,7.4275,8.3175,$ Per Bushel
2022-10-14,Corn,Michigan,,Truck,6.8442,6.7775,6.9775,$ Per Bushel
2022-10-14,Corn,Minnesota,,Truck,6.8542,6.7375,6.9775,$ Per Bushel
2022-10-14,Corn,Missouri,,Truck,6.8025,6.4775,7.2275,$ Per Bushel
2022-10-14,Corn,Nebraska,,Truck,7.4134,6.9775,8.2275,$ Per Bushel
2022-10-14,Corn,Ohio,,Truck,6.8942,6.6775,6.9775,$ Per Bushel
2022-10-14,Corn,South Dakota,,Truck,6.8383,6.3775,7.2775,$ Per Bushel
2022-10-14,Corn,Wisconsin,,Truck,6.625,6.4275,6.8775,$ Per Bushel
2022-10-17,Corn,Illinois,,Truck,6.8142,6.5975,7.0475,$ Per Bushel
2022-10-17,Corn,Indiana,,Truck,6.7395,6.5975,7.0475,$ Per Bushel
2022-10-17,Corn,Iowa,,Truck,6.907,6.5975,7.1975,$ Per Bushel
2022-10-17,Corn,Kansas,,Truck,7.82,7.3475,8.2375,$ Per Bushel
2022-10-17,Corn,Michigan,,Truck,6.8142,6.6975,6.8975,$ Per Bushel
2022-10-17,Corn,Minnesota,,Truck,6.7908,6.6575,6.9475,$ Per Bushel
2022-10-17,Corn,Missouri,,Truck,6.735,6.4475,7.1475,$ Per Bushel
2022-10-17,Corn,Nebraska,,Truck,7.3404,6.8975,8.1475,$ Per Bushel
2022-10-17,Corn,Ohio,,Truck,6.8142,6.5975,6.8975,$ Per Bushel
2022-10-17,Corn,South Dakota,,Truck,6.7529,6.2975,7.1975,$ Per Bushel
2022-10-17,Corn,Wisconsin,,Truck,6.545,6.3475,6.7975,$ Per Bushel
2022-10-18,Corn,Illinois,,Truck,6.7517,6.535,6.985,$ Per Bushel
2022-10-18,Corn,Indiana,,Truck,6.645,6.435,6.995,$ Per Bushel
2022-10-18,Corn,Iowa,,Truck,6.7683,6.635,7.015,$ Per Bushel
2022-10-18,Corn,Kansas,,Truck,7.77,7.335,8.175,$ Per Bushel
2022-10-18,Corn,Michigan,,Truck,6.635,6.485,6.785,$ Per Bushel
2022-10-18,Corn,Minnesota,,Truck,6.7233,6.615,6.835,$ Per Bushel
2022-10-18,Corn,Missouri,,Truck,6.7225,6.385,7.085,$ Per Bushel
2022-10-18,Corn,Nebraska,,Truck,7.2779,6.835,8.085,$ Per Bushel
2022-10-18,Corn,Ohio,,Truck,6.6933,6.535,6.835,$ Per Bushel
2022-10-18,Corn,South Dakota,,Truck,6.6935,6.235,7.085,$ Per Bushel
2022-10-18,Corn,Wisconsin,,Truck,6.47,6.285,6.735,$ Per Bushel
2022-10-19,Corn,Illinois,,Truck,6.785,6.51,7.11,$ Per Bushel
2022-10-19,Corn,Indiana,,Truck,6.632,6.41,7.11,$ Per Bushel
2022-10-19,Corn,Iowa,,Truck,6.8295,6.51,7.16,$ Per Bushel
2022-10-19,Corn,Kansas,,Truck,7.7725,7.31,8.26,$ Per Bushel
2022-10-19,Corn,Michigan,,Truck,6.61,6.46,6.76,$ Per Bushel
2022-10-19,Corn,Minnesota,,Truck,6.71,6.59,6.88,$ Per Bushel
2022-10-19,Corn,Missouri,,Truck,6.715,6.41,7.06,$ Per Bushel
2022-10-19,Corn,Nebraska,,Truck,7.2618,6.81,8.06,$ Per Bushel
2022-10-19,Corn,Ohio,,Truck,6.685,6.51,6.81,$ Per Bushel
2022-10-19,Corn,South Dakota,,Truck,6.6731,6.21,7.06,$ Per Bushel
2022-10-19,Corn,Wisconsin,,Truck,6.445,6.26,6.71,$ Per Bushel
2022-10-20,Corn,Illinois,,Truck,6.7575,6.4825,7.0825,$ Per Bushel
2022-10-20,Corn,Indiana,,Truck,6.6095,6.3825,7.0825,$ Per Bushel
2022-10-20,Corn,Iowa,,Truck,6.8184,6.4325,7.1325,$ Per Bushel
2022-10-20,Corn,Kansas,,Truck,7.745,7.2825,8.2325,$ Per Bushel
2022-10-20,Corn,Michigan,,Truck,6.5825,6.4325,6.7325,$ Per Bushel
2022-10-20,Corn,Minnesota,,Truck,6.6792,6.5625,6.8525,$ Per Bushel
2022-10-20,Corn,Missouri,,Truck,6.7,6.3825,7.0525,$ Per Bushel
2022-10-20,Corn,Nebraska,,Truck,7.27,6.8825,8.0325,$ Per Bushel
2022-10-20,Corn,Ohio,,Truck,6.6608,6.5425,6.7825,$ Per Bushel
2022-10-20,Corn,South Dakota,,Truck,6.6379,6.1825,7.0325,$ Per Bushel
2022-10-20,Corn,Wisconsin,,Truck,6.43,6.2725,6.6825,$ Per Bushel
2022-10-21,Corn,Illinois,,Truck,6.8767,6.54,7.21,$ Per Bushel
2022-10-21,Corn,Indiana,,Truck,6.667,6.44,7.14,$ Per Bushel
2022-10-21,Corn,Iowa,,Truck,6.735,6.64,7.04,$ Per Bushel
2022-10-21,Corn,Kansas,,Truck,7.815,7.34,8.29,$ Per Bushel
2022-10-21,Corn,Michigan,,Truck,6.5733,6.49,6.64,$ Per Bushel
2022-10-21,Corn,Minnesota,,Truck,6.7533,6.59,6.94,$ Per Bushel
2022-10-21,Corn,Missouri,,Truck,6.7575,6.44,7.11,$ Per Bushel
2022-10-21,Corn,Nebraska,,Truck,7.3312,6.94,8.09,$ Per Bushel
2022-10-21,Corn,Ohio,,Truck,6.725,6.6,6.84,$ Per Bushel
2022-10-21,Corn,South Dakota,,Truck,6.7162,6.24,7.09,$ Per Bushel
2022-10-21,Corn,Wisconsin,,Truck,6.4875,6.33,6.74,$ Per Bushel
2022-10-24,Corn,Illinois,,Truck,6.8792,6.5425,7.2125,$ Per Bushel
2022-10-24,Corn,Indiana,,Truck,6.6845,6.4425,7.1425,$ Per Bushel
2022-10-24,Corn,Iowa,,Truck,6.8993,6.4925,7.2225,$ Per Bushel
2022-10-24,Corn,Kansas,,Truck,7.8175,7.3425,8.2925,$ Per Bushel
2022-10-24,Corn,Michigan,,Truck,6.6258,6.5925,6.6425,$ Per Bushel
2022-10-24,Corn,Minnesota,,Truck,6.7558,6.5725,6.9625,$ Per Bushel
2022-10-24,Corn,Missouri,,Truck,6.78,6.4425,7.1925,$ Per Bushel
2022-10-24,Corn,Nebraska,,Truck,7.3569,6.9425,8.0925,$ Per Bushel
2022-10-24,Corn,Ohio,,Truck,6.7008,6.6425,6.8425,$ Per Bushel
2022-10-24,Corn,South Dakota,,Truck,6.7287,6.2925,7.0925,$ Per Bushel
2022-10-24,Corn,Wisconsin,,Truck,6.49,6.3325,6.7425,$ Per Bushel
2022-10-25,Corn,Illinois,,Truck,6.7983,6.465,7.065,$ Per Bushel
2022-10-25,Corn,Indiana,,Truck,6.675,6.415,7.215,$ Per Bushel
2022-10-25,Corn,Iowa,,Truck,6.8895,6.465,7.215,$ Per Bushel
2022-10-25,Corn,Kansas,,Truck,7.79,7.315,8.265,$ Per Bushel
2022-10-25,Corn,Michigan,,Truck,6.5483,6.465,6.615,$ Per Bushel
2022-10-25,Corn,Minnesota,,Truck,6.715,6.515,6.935,$ Per Bushel
2022-10-25,Corn,Missouri,,Truck,6.7725,6.465,7.165,$ Per Bushel
2022-10-25,Corn,Nebraska,,Truck,7.3356,6.915,8.065,$ Per Bushel
2022-10-25,Corn,Ohio,,Truck,6.6733,6.615,6.815,$ Per Bushel
2022-10-25,Corn,South Dakota,,Truck,6.715,6.265,7.055,$ Per Bushel
2022-10-25,Corn,Wisconsin,,Truck,6.4625,6.305,6.715,$ Per Bushel
2022-10-26,Corn,Illinois,,Truck,6.8458,6.5125,7.1125,$ Per Bushel
2022-10-26,Corn,Indiana,,Truck,6.7285,6.4625,7.2625,$ Per Bushel
2022-10-26,Corn,Iowa,,Truck,6.7467,6.5625,7.0125,$ Per Bushel
2022-10-26,Corn,Kansas,,Truck,7.8625,7.3625,8.3125,$ Per Bushel
2022-10-26,Corn,Michigan,,Truck,6.5958,6.5125,6.6625,$ Per Bushel
2022-10-26,Corn,Minnesota,,Truck,6.7825,6.5625,7.1025,$ Per Bushel
2022-10-26,Corn,Missouri,,Truck,6.825,6.5125,7.2125,$ Per Bushel
2022-10-26,Corn,Nebraska,,Truck,7.3894,6.9625,8.1125,$ Per Bushel
2022-10-26,Corn,Ohio,,Truck,6.7125,6.6125,6.8625,$ Per Bushel
2022-10-26,Corn,South Dakota,,Truck,6.7625,6.3125,7.1025,$ Per Bushel
2022-10-26,Corn,Wisconsin,,Truck,6.5,6.3525,6.7225,$ Per Bushel
2022-10-27,Corn,Illinois,,Truck,6.8167,6.5,7.05,$ Per Bushel
2022-10-27,Corn,Indiana,,Truck,6.693,6.35,7.25,$ Per Bushel
2022-10-27,Corn,Iowa,,Truck,6.95,6.5,7.3,$ Per Bushel
2022-10-27,Corn,Kansas,,Truck,7.8,7.35,8.3,$ Per Bushel
2022-10-27,Corn,Michigan,,Truck,6.575,6.5,6.65,$ Per Bushel
2022-10-27,Corn,Minnesota,,Truck,6.77,6.55,7.09,$ Per Bushel
2022-10-27,Corn,Missouri,,Truck,6.85,6.55,7.25,$ Per Bushel
2022-10-27,Corn,Nebraska,,Truck,7.3856,6.95,8.1,$ Per Bushel
2022-10-27,Corn,Ohio,,Truck,6.7,6.6,6.85,$ Per Bushel
2022-10-27,Corn,South Dakota,,Truck,6.7538,6.3,7.09,$ Per Bushel
2022-10-27,Corn,Wisconsin,,Truck,6.4875,6.34,6.71,$ Per Bushel
2022-10-28,Corn,Illinois,,Truck,6.7892,6.4725,7.0225,$ Per Bushel
2022-10-28,Corn,Indiana,,Truck,6.6705,6.3225,7.2225,$ Per Bushel
2022-10-28,Corn,Iowa,,Truck,6.9289,6.4725,7.3025,$ Per Bushel
2022-10-28,Corn,Kansas,,Truck,7.8225,7.3225,8.2725,$ Per Bushel
2022-10-28,Corn,Michigan,,Truck,6.5225,6.4725,6.5725,$ Per Bushel
2022-10-28,Corn,Minnesota,,Truck,6.7425,6.5225,7.0625,$ Per Bushel
2022-10-28,Corn,Missouri,,Truck,6.8625,6.5225,7.2225,$ Per Bushel
2022-10-28,Corn,Nebraska,,Truck,7.3531,6.9225,8.1225,$ Per Bushel
2022-10-28,Corn,Ohio,,Truck,6.6725,6.5725,6.8225,$ Per Bushel
2022-10-28,Corn,South Dakota,,Truck,6.7302,6.2725,7.0625,$ Per Bushel
2022-10-28,Corn,Wisconsin,,Truck,6.4575,6.3225,6.6625,$ Per Bushel
2022-10-31,Corn,Illinois,,Truck,6.7658,6.4575,7.0075,$ Per Bushel
2022-10-31,Corn,Indiana,,Truck,6.6555,6.3075,7.2075,$ Per Bushel
2022-10-31,Corn,Iowa,,Truck,6.9157,6.4575,7.3075,$ Per Bushel
2022-10-31,Corn,Kansas,,Truck,7.82,7.3575,8.2575,$ Per Bushel
2022-10-31,Corn,Michigan,,Truck,6.5075,6.4575,6.5575,$ Per Bushel
2022-10-31,Corn,Minnesota,,Truck,6.7342,6.5075,7.0475,$ Per Bushel
2022-10-31,Corn,Missouri,,Truck,6.8525,6.5075,7.2075,$ Per Bushel
2022-10-31,Corn,Nebraska,,Truck,7.3456,6.9075,8.1075,$ Per Bushel
2022-10-31,Corn,Ohio,,Truck,6.6742,6.5575,6.8075,$ Per Bushel
2022-10-31,Corn,South Dakota,,Truck,6.7275,6.2575,7.1075,$ Per Bushel
2022-10-31,Corn,Wisconsin,,Truck,6.445,6.3075,6.6475,$ Per Bushel
2022-11-01,Corn,Illinois,,Truck,6.8883,6.565,7.165,$ Per Bushel
2022-11-01,Corn,Indiana,,Truck,6.768,6.415,7.315,$ Per Bushel
2022-11-01,Corn,Iowa,,Truck,7.0291,6.565,7.415,$ Per Bushel
2022-11-01,Corn,Kansas,,Truck,7.9275,7.465,8.365,$ Per Bushel
2022-11-01,Corn,Michigan,,Truck,6.57,6.535,6.615,$ Per Bushel
2022-11-01,Corn,Minnesota,,Truck,6.8675,6.715,7.155,$ Per Bushel
2022-11-01,Corn,Missouri,,Truck,7.005,6.615,7.495,$ Per Bushel
2022-11-01,Corn,Nebraska,,Truck,7.4788,7.015,8.215,$ Per Bushel
2022-11-01,Corn,Ohio,,Truck,6.7733,6.665,6.915,$ Per Bushel
2022-11-01,Corn,South Dakota,,Truck,6.8719,6.415,7.215,$ Per Bushel
2022-11-01,Corn,Wisconsin,,Truck,6.5425,6.415,6.715,$ Per Bushel
2022-11-02,Corn,Illinois,,Truck,6.9375,6.6275,7.2275,$ Per Bushel
2022-11-02,Corn,Indiana,,Truck,6.8025,6.4775,7.2775,$ Per Bushel
2022-11-02,Corn,Iowa,,Truck,6.8117,6.6575,7.1275,$ Per Bushel
2022-11-02,Corn,Kansas,,Truck,7.99,7.5275,8.4275,$ Per Bushel
2022-11-02,Corn,Michigan,,Truck,6.6325,6.5975,6.6775,$ Per Bushel
2022-11-02,Corn,Minnesota,,Truck,7.0195,6.8375,7.2775,$ Per Bushel
2022-11-02,Corn,Missouri,,Truck,7.0975,6.7775,7.4975,$ Per Bushel
2022-11-02,Corn,Nebraska,,Truck,7.5663,7.1275,8.2775,$ Per Bushel
2022-11-02,Corn,Ohio,,Truck,6.8192,6.6775,6.9775,$ Per Bushel
2022-11-02,Corn,South Dakota,,Truck,6.969,6.5275,7.2775,$ Per Bushel
2022-11-02,Corn,Wisconsin,,Truck,6.6025,6.4775,6.7775,$ Per Bushel
2022-11-03,Corn,Illinois,,Truck,6.8283,6.525,7.125,$ Per Bushel
2022-11-03,Corn,Indiana,,Truck,6.71,6.375,7.175,$ Per Bushel
2022-11-03,Corn,Iowa,,Truck,7.03,6.525,7.375,$ Per Bushel
2022-11-03,Corn,Kansas,,Truck,7.8875,7.425,8.325,$ Per Bushel
2022-11-03,Corn,Michigan,,Truck,6.53,6.495,6.575,$ Per Bushel
2022-11-03,Corn,Minnesota,,Truck,6.897,6.735,7.175,$ Per Bushel
2022-11-03,Corn,Missouri,,Truck,6.995,6.675,7.395,$ Per Bushel
2022-11-03,Corn,Nebraska,,Truck,7.4675,6.975,8.175,$ Per Bushel
2022-11-03,Corn,Ohio,,Truck,6.7083,6.575,6.875,$ Per Bushel
2022-11-03,Corn,South Dakota,,Truck,6.9012,6.475,7.175,$ Per Bushel
2022-11-03,Corn,Wisconsin,,Truck,6.485,6.375,6.615,$ Per Bushel
2022-11-04,Corn,Illinois,,Truck,6.7458,6.4425,7.0425,$ Per Bushel
2022-11-04,Corn,Indiana,,Truck,6.6455,6.2925,7.1925,$ Per Bushel
2022-11-04,Corn,Iowa,,Truck,6.6075,6.3925,6.9425,$ Per Bushel
2022-11-04,Corn,Kansas,,Truck,7.805,7.3425,8.2425,$ Per Bushel
2022-11-04,Corn,Michigan,,Truck,6.4225,6.3625,6.4925,$ Per Bushel
2022-11-04,Corn,Minnesota,,Truck,6.8425,6.6525,7.0925,$ Per Bushel
2022-11-04,Corn,Missouri,,Truck,6.915,6.5925,7.3425,$ Per Bushel
2022-11-04,Corn,Nebraska,,Truck,7.3956,6.8925,8.0925,$ Per Bushel
2022-11-04,Corn,Ohio,,Truck,6.6258,6.4925,6.7925,$ Per Bushel
2022-11-04,Corn,South Dakota,,Truck,6.8417,6.4425,7.0925,$ Per Bushel
2022-11-04,Corn,Wisconsin,,Truck,6.4025,6.2925,6.5325,$ Per Bushel
2022-11-07,Corn,Illinois,,Truck,6.7433,6.46,7.06,$ Per Bushel
2022-11-07,Corn,Indiana,,Truck,6.675,6.41,7.21,$ Per Bushel
2022-11-07,Corn,Iowa,,Truck,6.9927,6.46,7.31,$ Per Bushel
2022-11-07,Corn,Kansas,,Truck,7.8225,7.36,8.26,$ Per Bushel
2022-11-07,Corn,Michigan,,Truck,6.44,6.38,6.51,$ Per Bushel
2022-11-07,Corn,Minnesota,,Truck,6.86,6.67,7.11,$ Per Bushel
2022-11-07,Corn,Missouri,,Truck,6.98,6.71,7.36,$ Per Bushel
2022-11-07,Corn,Nebraska,,Truck,7.4163,6.91,8.11,$ Per Bushel
2022-11-07,Corn,Ohio,,Truck,6.6767,6.51,6.86,$ Per Bushel
2022-11-07,Corn,South Dakota,,Truck,6.8938,6.56,7.16,$ Per Bushel
2022-11-07,Corn,Wisconsin,,Truck,6.41,6.29,6.53,$ Per Bushel
2022-11-08,Corn,Illinois,,Truck,6.6992,6.4575,7.0075,$ Per Bushel
2022-11-08,Corn,Indiana,,Truck,6.6325,6.3575,7.0575,$ Per Bushel
2022-11-08,Corn,Iowa,,Truck,6.9698,6.4075,7.2575,$ Per Bushel
2022-11-08,Corn,Kansas,,Truck,7.9342,7.6575,8.2375,$ Per Bushel
2022-11-08,Corn,Michigan,,Truck,6.325,6.3075,6.3575,$ Per Bushel
2022-11-08,Corn,Minnesota,,Truck,6.8175,6.6175,7.0575,$ Per Bushel
2022-11-08,Corn,Missouri,,Truck,6.9275,6.6575,7.3075,$ Per Bushel
2022-11-08,Corn,Nebraska,,Truck,7.3769,6.9575,8.0575,$ Per Bushel
2022-11-08,Corn,Ohio,,Truck,6.6325,6.4575,6.9075,$ Per Bushel
2022-11-08,Corn,South Dakota,,Truck,6.8775,6.5575,7.1575,$ Per Bushel
2022-11-08,Corn,Wisconsin,,Truck,6.3475,6.2375,6.4575,$ Per Bushel
2022-11-09,Corn,Illinois,,Truck,6.6167,6.375,6.925,$ Per Bushel
2022-11-09,Corn,Indiana,,Truck,6.55,6.275,6.975,$ Per Bushel
2022-11-09,Corn,Iowa,,Truck,6.8986,6.325,7.275,$ Per Bushel
2022-11-09,Corn,Kansas,,Truck,7.8517,7.575,8.155,$ Per Bushel
2022-11-09,Corn,Michigan,,Truck,6.2675,6.195,6.375,$ Per Bushel
2022-11-09,Corn,Minnesota,,Truck,6.741,6.535,7.005,$ Per Bushel
2022-11-09,Corn,Missouri,,Truck,6.845,6.575,7.225,$ Per Bushel
2022-11-09,Corn,Nebraska,,Truck,7.2968,6.875,7.975,$ Per Bushel
2022-11-09,Corn,Ohio,,Truck,6.525,6.275,6.825,$ Per Bushel
2022-11-09,Corn,South Dakota,,Truck,6.8088,6.475,7.075,$ Per Bushel
2022-11-09,Corn,Wisconsin,,Truck,6.26,6.155,6.375,$ Per Bushel
2022-11-10,Corn,Illinois,,Truck,6.5867,6.345,6.895,$ Per Bushel
2022-11-10,Corn,Indiana,,Truck,6.5617,6.245,7.045,$ Per Bushel
2022-11-10,Corn,Iowa,,Truck,6.4858,6.145,6.735,$ Per Bushel
2022-11-10,Corn,Kansas,,Truck,7.8217,7.545,8.125,$ Per Bushel
2022-11-10,Corn,Michigan,,Truck,6.195,6.145,6.245,$ Per Bushel
2022-11-10,Corn,Minnesota,,Truck,6.725,6.505,7.005,$ Per Bushel
2022-11-10,Corn,Missouri,,Truck,6.815,6.545,7.195,$ Per Bushel
2022-11-10,Corn,Nebraska,,Truck,7.3119,6.845,7.945,$ Per Bushel
2022-11-10,Corn,Ohio,,Truck,6.4617,6.245,6.795,$ Per Bushel
2022-11-10,Corn,South Dakota,,Truck,6.7988,6.445,7.165,$ Per Bushel
2022-11-10,Corn,Wisconsin,,Truck,6.22,6.125,6.345,$ Per Bushel
2022-11-11,Corn,Illinois,,Truck,6.4742,6.2325,6.7825,$ Per Bushel
2022-11-11,Corn,Indiana,,Truck,6.4375,6.1325,6.9325,$ Per Bushel
2022-11-11,Corn,Iowa,,Truck,6.8389,6.3825,7.1325,$ Per Bushel
2022-11-11,Corn,Kansas,,Truck,7.59,7.1325,8.0125,$ Per Bushel
2022-11-11,Corn,Michigan,,Truck,6.0825,6.0325,6.1325,$ Per Bushel
2022-11-11,Corn,Minnesota,,Truck,6.6485,6.3925,6.8925,$ Per Bushel
2022-11-11,Corn,Missouri,,Truck,6.7025,6.4325,7.0825,$ Per Bushel
2022-11-11,Corn,Nebraska,,Truck,7.1919,6.7325,7.8325,$ Per Bushel
2022-11-11,Corn,Ohio,,Truck,6.3575,6.1325,6.6825,$ Per Bushel
2022-11-11,Corn,South Dakota,,Truck,6.691,6.3325,7.0525,$ Per Bushel
2022-11-11,Corn,Wisconsin,,Truck,6.1125,6.0125,6.2325,$ Per Bushel
2022-11-14,Corn,Illinois,,Truck,6.5217,6.28,6.83,$ Per Bushel
2022-11-14,Corn,Indiana,,Truck,6.485,6.18,6.98,$ Per Bushel
2022-11-14,Corn,Iowa,,Truck,6.8864,6.43,7.18,$ Per Bushel
2022-11-14,Corn,Kansas,,Truck,7.6375,7.18,8.06,$ Per Bushel
2022-11-14,Corn,Michigan,,Truck,6.13,6.08,6.18,$ Per Bushel
2022-11-14,Corn,Minnesota,,Truck,6.696,6.44,6.94,$ Per Bushel
2022-11-14,Corn,Missouri,,Truck,6.75,6.48,7.13,$ Per Bushel
2022-11-14,Corn,Nebraska,,Truck,7.2394,6.78,7.88,$ Per Bushel
2022-11-14,Corn,Ohio,,Truck,6.405,6.18,6.73,$ Per Bushel
2022-11-14,Corn,South Dakota,,Truck,6.7385,6.38,7.1,$ Per Bushel
2022-11-14,Corn,Wisconsin,,Truck,6.16,6.06,6.28,$ Per Bushel
2022-11-15,Corn,Illinois,,Truck,6.5558,6.3225,6.9725,$ Per Bushel
2022-11-15,Corn,Indiana,,Truck,6.4905,6.1225,6.9725,$ Per Bushel
2022-11-15,Corn,Iowa,,Truck,6.9075,6.4525,7.1725,$ Per Bushel
2022-11-15,Corn,Kansas,,Truck,7.6175,7.1725,8.0025,$ Per Bushel
2022-11-15,Corn,Michigan,,Truck,6.1475,6.0725,6.2725,$ Per Bushel
2022-11-15,Corn,Minnesota,,Truck,6.6965,6.4325,6.9525,$ Per Bushel
2022-11-15,Corn,Missouri,,Truck,6.7475,6.4925,7.1225,$ Per Bushel
2022-11-15,Corn,Nebraska,,Truck,7.2769,6.7725,7.8725,$ Per Bushel
2022-11-15,Corn,Ohio,,Truck,6.4142,6.2725,6.6725,$ Per Bushel
2022-11-15,Corn,South Dakota,,Truck,6.7787,6.3725,7.0925,$ Per Bushel
2022-11-15,Corn,Wisconsin,,Truck,6.1525,6.0525,6.2725,$ Per Bushel
2022-11-16,Corn,Illinois,,Truck,6.6758,6.4175,7.0675,$ Per Bushel
2022-11-16,Corn,Indiana,,Truck,6.6405,6.3175,7.0675,$ Per Bushel
2022-11-16,Corn,Iowa,,Truck,6.5842,6.1675,6.9175,$ Per Bushel
2022-11-16,Corn,Kansas,,Truck,7.7125,7.2675,8.0975,$ Per Bushel
2022-11-16,Corn,Michigan,,Truck,6.23,6.1175,6.3675,$ Per Bushel
2022-11-16,Corn,Minnesota,,Truck,6.8195,6.5275,7.0475,$ Per Bushel
2022-11-16,Corn,Missouri,,Truck,6.88,6.6175,7.2675,$ Per Bushel
2022-11-16,Corn,Nebraska,,Truck,7.3756,6.8675,7.9675,$ Per Bushel
2022-11-16,Corn,Ohio,,Truck,6.5175,6.3675,6.8175,$ Per Bushel
2022-11-16,Corn,South Dakota,,Truck,6.8929,6.5675,7.1875,$ Per Bushel
2022-11-16,Corn,Wisconsin,,Truck,6.2475,6.1475,6.3675,$ Per Bushel
2022-11-17,Corn,Illinois,,Truck,6.7158,6.4025,7.1025,$ Per Bushel
2022-11-17,Corn,Indiana,,Truck,6.6355,6.3025,7.0525,$ Per Bushel
2022-11-17,Corn,Iowa,,Truck,6.6208,6.3025,6.9025,$ Per Bushel
2022-11-17,Corn,Kansas,,Truck,7.6975,7.2525,8.0825,$ Per Bushel
2022-11-17,Corn,Michigan,,Truck,6.24,6.1025,6.3525,$ Per Bushel
2022-11-17,Corn,Minnesota,,Truck,6.8325,6.6525,7.0325,$ Per Bushel
2022-11-17,Corn,Missouri,,Truck,6.87,6.6025,7.2525,$ Per Bushel
2022-11-17,Corn,Nebraska,,Truck,7.3713,6.8525,7.9525,$ Per Bushel
2022-11-17,Corn,Ohio,,Truck,6.5025,6.3525,6.8025,$ Per Bushel
2022-11-17,Corn,South Dakota,,Truck,6.891,6.6025,7.1725,$ Per Bushel
2022-11-17,Corn,Wisconsin,,Truck,6.245,6.1325,6.4025,$ Per Bushel
2022-11-18,Corn,Illinois,,Truck,6.745,6.425,7.125,$ Per Bushel
2022-11-18,Corn,Indiana,,Truck,6.6895,6.355,7.175,$ Per Bushel
2022-11-18,Corn,Iowa,,Truck,6.6683,6.325,6.925,$ Per Bushel
2022-11-18,Corn,Kansas,,Truck,7.7238,7.275,8.12,$ Per Bushel
2022-11-18,Corn,Michigan,,Truck,6.2625,6.125,6.375,$ Per Bushel
2022-11-18,Corn,Minnesota,,Truck,6.859,6.675,7.075,$ Per Bushel
2022-11-18,Corn,Missouri,,Truck,6.8925,6.625,7.275,$ Per Bushel
2022-11-18,Corn,Nebraska,,Truck,7.3813,6.875,7.975,$ Per Bushel
2022-11-18,Corn,Ohio,,Truck,6.5608,6.375,6.84,$ Per Bushel
2022-11-18,Corn,South Dakota,,Truck,6.9081,6.625,7.195,$ Per Bushel
2022-11-18,Corn,Wisconsin,,Truck,6.2675,6.155,6.425,$ Per Bushel
2022-11-21,Corn,Illinois,,Truck,6.7475,6.4275,7.1275,$ Per Bushel
2022-11-21,Corn,Indiana,,Truck,6.6928,6.3575,7.1775,$ Per Bushel
2022-11-21,Corn,Iowa,,Truck,7.0567,6.7075,7.3475,$ Per Bushel
2022-11-21,Corn,Kansas,,Truck,7.7281,7.2775,8.13,$ Per Bushel
2022-11-21,Corn,Michigan,,Truck,6.265,6.1275,6.3775,$ Per Bushel
2022-11-21,Corn,Minnesota,,Truck,6.8615,6.6775,7.0775,$ Per Bushel
2022-11-21,Corn,Missouri,,Truck,6.895,6.6275,7.2775,$ Per Bushel
2022-11-21,Corn,Nebraska,,Truck,7.3838,6.8775,7.9775,$ Per Bushel
2022-11-21,Corn,Ohio,,Truck,6.5646,6.3775,6.85,$ Per Bushel
2022-11-21,Corn,South Dakota,,Truck,6.9106,6.6275,7.1975,$ Per Bushel
2022-11-21,Corn,Wisconsin,,Truck,6.27,6.1575,6.4275,$ Per Bushel
2022-11-22,Corn,Illinois,,Truck,6.7183,6.455,7.215,$ Per Bushel
2022-11-22,Corn,Indiana,,Truck,6.626,6.345,7.015,$ Per Bushel
2022-11-22,Corn,Iowa,,Truck,7.0041,6.665,7.245,$ Per Bushel
2022-11-22,Corn,Kansas,,Truck,7.6725,7.245,8.065,$ Per Bushel
2022-11-22,Corn,Michigan,,Truck,6.1925,6.085,6.295,$ Per Bushel
2022-11-22,Corn,Minnesota,,Truck,6.8,6.595,6.985,$ Per Bushel
2022-11-22,Corn,Missouri,,Truck,6.9225,6.545,7.495,$ Per Bushel
2022-11-22,Corn,Nebraska,,Truck,7.2619,6.635,7.885,$ Per Bushel
2022-11-22,Corn,Ohio,,Truck,6.5767,6.445,6.785,$ Per Bushel
2022-11-22,Corn,South Dakota,,Truck,6.8281,6.595,7.115,$ Per Bushel
2022-11-22,Corn,Wisconsin,,Truck,6.21,6.135,6.345,$ Per Bushel
2022-11-23,Corn,Illinois,,Truck,6.6925,6.4125,7.1725,$ Per Bushel
2022-11-23,Corn,Indiana,,Truck,6.609,6.3175,6.9725,$ Per Bushel
2022-11-23,Corn,Iowa,,Truck,6.978,6.6375,7.2175,$ Per Bushel
2022-11-23,Corn,Kansas,,Truck,7.6375,7.2175,8.0225,$ Per Bushel
2022-11-23,Corn,Michigan,,Truck,6.1613,6.0425,6.2675,$ Per Bushel
2022-11-23,Corn,Minnesota,,Truck,6.77,6.5675,6.9225,$ Per Bushel
2022-11-23,Corn,Missouri,,Truck,6.845,6.5175,7.2675,$ Per Bushel
2022-11-23,Corn,Nebraska,,Truck,7.2238,6.5925,7.8425,$ Per Bushel
2022-11-23,Corn,Ohio,,Truck,6.5467,6.4175,6.7425,$ Per Bushel
2022-11-23,Corn,South Dakota,,Truck,6.796,6.5675,7.0875,$ Per Bushel
2022-11-23,Corn,Wisconsin,,Truck,6.1825,6.1075,6.3175,$ Per Bushel
2022-11-25,Corn,Illinois,,Truck,6.7592,6.4825,7.2425,$ Per Bushel
2022-11-25,Corn,Indiana,,Truck,6.6835,6.3825,7.0425,$ Per Bushel
2022-11-25,Corn,Iowa,,Truck,6.6575,6.3825,6.8825,$ Per Bushel
2022-11-25,Corn,Kansas,,Truck,7.705,7.2825,8.0925,$ Per Bushel
2022-11-25,Corn,Michigan,,Truck,6.2275,6.1125,6.3325,$ Per Bushel
2022-11-25,Corn,Minnesota,,Truck,6.8458,6.6325,7.0225,$ Per Bushel
2022-11-25,Corn,Missouri,,Truck,6.915,6.5825,7.3325,$ Per Bushel
2022-11-25,Corn,Nebraska,,Truck,7.285,6.6625,7.9125,$ Per Bushel
2022-11-25,Corn,Ohio,,Truck,6.6125,6.4825,6.8125,$ Per Bushel
2022-11-25,Corn,South Dakota,,Truck,6.8548,6.6325,7.1525,$ Per Bushel
2022-11-25,Corn,Wisconsin,,Truck,6.2805,6.1725,6.3825,$ Per Bushel
2022-11-28,Corn,Illinois,,Truck,6.7829,6.5325,7.0925,$ Per Bushel
2022-11-28,Corn,Indiana,,Truck,6.7619,6.43,7.0925,$ Per Bushel
2022-11-28,Corn,Iowa,,Truck,7.0913,6.75,7.3125,$ Per Bushel
2022-11-28,Corn,Kansas,,Truck,7.7538,7.33,8.1425,$ Per Bushel
2022-11-28,Corn,Michigan,,Truck,6.2756,6.1625,6.38,$ Per Bushel
2022-11-28,Corn,Minnesota,,Truck,6.8963,6.68,7.0725,$ Per Bushel
2022-11-28,Corn,Missouri,,Truck,6.975,6.68,7.38,$ Per Bushel
2022-11-28,Corn,Nebraska,,Truck,7.3336,6.7125,7.9625,$ Per Bushel
2022-11-28,Corn,Ohio,,Truck,6.6604,6.53,6.8625,$ Per Bushel
2022-11-28,Corn,South Dakota,,Truck,6.9012,6.68,7.2,$ Per Bushel
2022-11-28,Corn,Wisconsin,,Truck,6.328,6.22,6.43,$ Per Bushel
2022-11-29,Corn,Illinois,,Truck,6.7917,6.5625,7.0925,$ Per Bushel
2022-11-29,Corn,Indiana,,Truck,6.7875,6.4375,7.1125,$ Per Bushel
2022-11-29,Corn,Iowa,,Truck,7.0898,6.7125,7.3125,$ Per Bushel
2022-11-29,Corn,Kansas,,Truck,7.7575,7.3375,8.1425,$ Per Bushel
2022-11-29,Corn,Michigan,,Truck,6.2875,6.1625,6.3875,$ Per Bushel
2022-11-29,Corn,Minnesota,,Truck,6.9108,6.7375,7.0725,$ Per Bushel
2022-11-29,Corn,Missouri,,Truck,6.995,6.6875,7.3875,$ Per Bushel
2022-11-29,Corn,Nebraska,,Truck,7.3253,6.7125,7.9625,$ Per Bushel
2022-11-29,Corn,Ohio,,Truck,6.7375,6.6375,6.8625,$ Per Bushel
2022-11-29,Corn,South Dakota,,Truck,6.9052,6.6875,7.2075,$ Per Bushel
2022-11-29,Corn,Wisconsin,,Truck,6.3355,6.2275,6.4375,$ Per Bushel
2022-11-30,Corn,Illinois,,Truck,6.7775,6.515,7.145,$ Per Bushel
2022-11-30,Corn,Indiana,,Truck,6.7756,6.495,7.095,$ Per Bushel
2022-11-30,Corn,Iowa,,Truck,7.0831,6.795,7.295,$ Per Bushel
2022-11-30,Corn,Kansas,,Truck,7.7338,7.3075,8.125,$ Per Bushel
2022-11-30,Corn,Michigan,,Truck,6.3263,6.195,6.395,$ Per Bushel
2022-11-30,Corn,Minnesota,,Truck,6.8854,6.7075,7.055,$ Per Bushel
2022-11-30,Corn,Missouri,,Truck,6.9575,6.6575,7.3575,$ Per Bushel
2022-11-30,Corn,Nebraska,,Truck,7.2913,6.695,7.945,$ Per Bushel
2022-11-30,Corn,Ohio,,Truck,6.7179,6.6075,6.845,$ Per Bushel
2022-11-30,Corn,South Dakota,,Truck,6.8623,6.595,7.1775,$ Per Bushel
2022-11-30,Corn,Wisconsin,,Truck,6.3145,6.205,6.445,$ Per Bushel
2022-12-01,Corn,Illinois,,Truck,6.7483,6.49,7.12,$ Per Bushel
2022-12-01,Corn,Indiana,,Truck,6.7478,6.47,7.07,$ Per Bushel
2022-12-01,Corn,Iowa,,Truck,6.6658,6.47,6.87,$ Per Bushel
2022-12-01,Corn,Kansas,,Truck,7.7025,7.27,8.1,$ Per Bushel
2022-12-01,Corn,Michigan,,Truck,6.345,6.32,6.37,$ Per Bushel
2022-12-01,Corn,Minnesota,,Truck,6.8483,6.67,6.98,$ Per Bushel
2022-12-01,Corn,Missouri,,Truck,6.9325,6.62,7.32,$ Per Bushel
2022-12-01,Corn,Nebraska,,Truck,7.2631,6.67,7.92,$ Per Bushel
2022-12-01,Corn,Ohio,,Truck,6.6867,6.57,6.82,$ Per Bushel
2022-12-01,Corn,South Dakota,,Truck,6.8431,6.57,7.17,$ Per Bushel
2022-12-01,Corn,Wisconsin,,Truck,6.282,6.17,6.42,$ Per Bushel
2022-12-02,Corn,Illinois,,Truck,6.7,6.455,7.025,$ Per Bushel
2022-12-02,Corn,Indiana,,Truck,6.6872,6.405,6.905,$ Per Bushel
2022-12-02,Corn,Iowa,,Truck,6.6267,6.455,6.855,$ Per Bushel
2022-12-02,Corn,Kansas,,Truck,7.6425,7.255,7.855,$ Per Bushel
2022-12-02,Corn,Michigan,,Truck,6.3175,6.255,6.355,$ Per Bushel
2022-12-02,Corn,Minnesota,,Truck,6.7733,6.605,6.905,$ Per Bushel
2022-12-02,Corn,Missouri,,Truck,6.8663,6.5,7.255,$ Per Bushel
2022-12-02,Corn,Nebraska,,Truck,7.2272,6.905,7.855,$ Per Bushel
2022-12-02,Corn,Ohio,,Truck,6.6433,6.585,6.755,$ Per Bushel
2022-12-02,Corn,South Dakota,,Truck,6.7812,6.505,7.105,$ Per Bushel
2022-12-02,Corn,Wisconsin,,Truck,6.236,6.145,6.385,$ Per Bushel
2022-12-05,Corn,Illinois,,Truck,6.5442,6.3025,6.8825,$ Per Bushel
2022-12-05,Corn,Indiana,,Truck,6.5392,6.2625,6.7625,$ Per Bushel
2022-12-05,Corn,Iowa,,Truck,6.8547,6.5625,7.1125,$ Per Bushel
2022-12-05,Corn,Kansas,,Truck,7.5,7.1125,7.7125,$ Per Bushel
2022-12-05,Corn,Michigan,,Truck,6.1625,6.0625,6.2125,$ Per Bushel
2022-12-05,Corn,Minnesota,,Truck,6.6375,6.4625,6.7625,$ Per Bushel
2022-12-05,Corn,Missouri,,Truck,6.7375,6.4125,7.0625,$ Per Bushel
2022-12-05,Corn,Nebraska,,Truck,7.025,6.7625,7.5625,$ Per Bushel
2022-12-05,Corn,Ohio,,Truck,6.5008,6.4425,6.6125,$ Per Bushel
2022-12-05,Corn,South Dakota,,Truck,6.6333,6.3625,6.9325,$ Per Bushel
2022-12-05,Corn,Wisconsin,,Truck,6.092,6.0025,6.2425,$ Per Bushel
2022-12-06,Corn,Illinois,,Truck,6.4833,6.245,6.805,$ Per Bushel
2022-12-06,Corn,Indiana,,Truck,6.4872,6.205,6.705,$ Per Bushel
2022-12-06,Corn,Iowa,,Truck,6.7951,6.555,7.005,$ Per Bushel
2022-12-06,Corn,Kansas,,Truck,7.4425,7.055,7.655,$ Per Bushel
2022-12-06,Corn,Michigan,,Truck,6.105,6.005,6.155,$ Per Bushel
2022-12-06,Corn,Minnesota,,Truck,6.5883,6.405,6.705,$ Per Bushel
2022-12-06,Corn,Missouri,,Truck,6.68,6.355,7.005,$ Per Bushel
2022-12-06,Corn,Nebraska,,Truck,6.9478,6.705,7.505,$ Per Bushel
2022-12-06,Corn,Ohio,,Truck,6.4433,6.385,6.555,$ Per Bushel
2022-12-06,Corn,South Dakota,,Truck,6.5735,6.305,6.875,$ Per Bushel
2022-12-06,Corn,Wisconsin,,Truck,6.0335,5.945,6.185,$ Per Bushel
2022-12-07,Corn,Illinois,,Truck,6.4508,6.2125,6.7725,$ Per Bushel
2022-12-07,Corn,Indiana,,Truck,6.4525,6.1725,6.6725,$ Per Bushel
2022-12-07,Corn,Iowa,,Truck,6.7684,6.5225,6.9725,$ Per Bushel
2022-12-07,Corn,Kansas,,Truck,7.41,7.0225,7.6225,$ Per Bushel
2022-12-07,Corn,Michigan,,Truck,6.0725,5.9725,6.1225,$ Per Bushel
2022-12-07,Corn,Minnesota,,Truck,6.5475,6.3725,6.6625,$ Per Bushel
2022-12-07,Corn,Missouri,,Truck,6.66,6.3725,6.9725,$ Per Bushel
2022-12-07,Corn,Nebraska,,Truck,6.905,6.6725,7.4725,$ Per Bushel
2022-12-07,Corn,Ohio,,Truck,6.4075,6.3525,6.5225,$ Per Bushel
2022-12-07,Corn,South Dakota,,Truck,6.5556,6.2925,6.8925,$ Per Bushel
2022-12-07,Corn,Wisconsin,,Truck,6.0505,5.9125,6.2225,$ Per Bushel
2022-12-08,Corn,Illinois,,Truck,6.4808,6.2125,6.8125,$ Per Bushel
2022-12-08,Corn,Indiana,,Truck,6.4892,6.2125,6.6825,$ Per Bushel
2022-12-08,Corn,Iowa,,Truck,6.8066,6.5625,7.0125,$ Per Bushel
2022-12-08,Corn,Kansas,,Truck,7.45,7.0625,7.6625,$ Per Bushel
2022-12-08,Corn,Michigan,,Truck,6.1125,6.0125,6.1625,$ Per Bushel
2022-12-08,Corn,Minnesota,,Truck,6.5875,6.4125,6.7025,$ Per Bushel
2022-12-08,Corn,Missouri,,Truck,6.7,6.4125,7.0125,$ Per Bushel
2022-12-08,Corn,Nebraska,,Truck,6.9419,6.7125,7.5125,$ Per Bushel
2022-12-08,Corn,Ohio,,Truck,6.4475,6.3925,6.5625,$ Per Bushel
2022-12-08,Corn,South Dakota,,Truck,6.6002,6.3325,6.9325,$ Per Bushel
2022-12-08,Corn,Wisconsin,,Truck,6.0905,5.9525,6.2625,$ Per Bushel
2022-12-09,Corn,Illinois,,Truck,6.4933,6.225,6.825,$ Per Bushel
2022-12-09,Corn,Indiana,,Truck,6.5017,6.225,6.695,$ Per Bushel
2022-12-09,Corn,Iowa,,Truck,6.4417,6.275,6.675,$ Per Bushel
2022-12-09,Corn,Kansas,,Truck,7.4625,7.075,7.675,$ Per Bushel
2022-12-09,Corn,Michigan,,Truck,6.125,6.025,6.175,$ Per Bushel
2022-12-09,Corn,Minnesota,,Truck,6.5983,6.425,6.705,$ Per Bushel
2022-12-09,Corn,Missouri,,Truck,6.7125,6.425,7.025,$ Per Bushel
2022-12-09,Corn,Nebraska,,Truck,6.9475,6.725,7.525,$ Per Bushel
2022-12-09,Corn,Ohio,,Truck,6.4633,6.425,6.575,$ Per Bushel
2022-12-09,Corn,South Dakota,,Truck,6.6104,6.345,7.005,$ Per Bushel
2022-12-09,Corn,Wisconsin,,Truck,6.111,5.965,6.275,$ Per Bushel
2022-12-12,Corn,Illinois,,Truck,6.5083,6.24,6.84,$ Per Bushel
2022-12-12,Corn,Indiana,,Truck,6.5089,6.24,6.69,$ Per Bushel
2022-12-12,Corn,Iowa,,Truck,6.8377,6.59,7.04,$ Per Bushel
2022-12-12,Corn,Kansas,,Truck,7.4775,7.09,7.69,$ Per Bushel
2022-12-12,Corn,Michigan,,Truck,6.14,6.04,6.19,$ Per Bushel
2022-12-12,Corn,Minnesota,,Truck,6.6067,6.44,6.7,$ Per Bushel
2022-12-12,Corn,Missouri,,Truck,6.7275,6.44,7.04,$ Per Bushel
2022-12-12,Corn,Nebraska,,Truck,6.95,6.74,7.49,$ Per Bushel
2022-12-12,Corn,Ohio,,Truck,6.4783,6.44,6.59,$ Per Bushel
2022-12-12,Corn,South Dakota,,Truck,6.6223,6.36,6.92,$ Per Bushel
2022-12-12,Corn,Wisconsin,,Truck,6.134,5.98,6.29,$ Per Bushel
2022-12-13,Corn,Illinois,,Truck,6.6083,6.34,6.94,$ Per Bushel
2022-12-13,Corn,Indiana,,Truck,6.6089,6.34,6.79,$ Per Bushel
2022-12-13,Corn,Iowa,,Truck,6.5542,6.39,6.79,$ Per Bushel
2022-12-13,Corn,Kansas,,Truck,7.5067,7.19,7.79,$ Per Bushel
2022-12-13,Corn,Michigan,,Truck,6.29,6.14,6.44,$ Per Bushel
2022-12-13,Corn,Minnesota,,Truck,6.6983,6.49,6.8,$ Per Bushel
2022-12-13,Corn,Missouri,,Truck,6.84,6.54,7.19,$ Per Bushel
2022-12-13,Corn,Nebraska,,Truck,7.0569,6.84,7.59,$ Per Bushel
2022-12-13,Corn,Ohio,,Truck,6.5783,6.54,6.69,$ Per Bushel
2022-12-13,Corn,South Dakota,,Truck,6.7338,6.46,7.02,$ Per Bushel
2022-12-13,Corn,Wisconsin,,Truck,6.234,6.08,6.39,$ Per Bushel
2022-12-14,Corn,Illinois,,Truck,6.615,6.335,6.995,$ Per Bushel
2022-12-14,Corn,Indiana,,Truck,6.6039,6.335,6.785,$ Per Bushel
2022-12-14,Corn,Iowa,,Truck,6.9268,6.685,7.135,$ Per Bushel
2022-12-14,Corn,Kansas,,Truck,7.5017,7.185,7.785,$ Per Bushel
2022-12-14,Corn,Michigan,,Truck,6.285,6.135,6.435,$ Per Bushel
2022-12-14,Corn,Minnesota,,Truck,6.6933,6.485,6.795,$ Per Bushel
2022-12-14,Corn,Missouri,,Truck,6.8475,6.585,7.185,$ Per Bushel
2022-12-14,Corn,Nebraska,,Truck,7.0406,6.785,7.585,$ Per Bushel
2022-12-14,Corn,Ohio,,Truck,6.5817,6.535,6.685,$ Per Bushel
2022-12-14,Corn,South Dakota,,Truck,6.7365,6.455,7.015,$ Per Bushel
2022-12-14,Corn,Wisconsin,,Truck,6.237,6.075,6.385,$ Per Bushel
2022-12-15,Corn,Illinois,,Truck,6.5817,6.305,6.965,$ Per Bushel
2022-12-15,Corn,Indiana,,Truck,6.562,6.305,6.755,$ Per Bushel
2022-12-15,Corn,Iowa,,Truck,6.8827,6.655,7.105,$ Per Bushel
2022-12-15,Corn,Kansas,,Truck,7.4383,7.155,7.655,$ Per Bushel
2022-12-15,Corn,Michigan,,Truck,6.255,6.105,6.405,$ Per Bushel
2022-12-15,Corn,Minnesota,,Truck,6.6633,6.455,6.765,$ Per Bushel
2022-12-15,Corn,Missouri,,Truck,6.83,6.605,7.155,$ Per Bushel
2022-12-15,Corn,Nebraska,,Truck,7.045,6.755,7.555,$ Per Bushel
2022-12-15,Corn,Ohio,,Truck,6.535,6.485,6.605,$ Per Bushel
2022-12-15,Corn,South Dakota,,Truck,6.6988,6.425,6.985,$ Per Bushel
2022-12-15,Corn,Wisconsin,,Truck,6.215,6.045,6.355,$ Per Bushel
2022-12-16,Corn,Illinois,,Truck,6.6167,6.335,7.025,$ Per Bushel
2022-12-16,Corn,Indiana,,Truck,6.592,6.335,6.785,$ Per Bushel
2022-12-16,Corn,Iowa,,Truck,6.5675,6.335,6.885,$ Per Bushel
2022-12-16,Corn,Kansas,,Truck,7.435,7.185,7.685,$ Per Bushel
2022-12-16,Corn,Michigan,,Truck,6.285,6.135,6.435,$ Per Bushel
2022-12-16,Corn,Minnesota,,Truck,6.6933,6.485,6.795,$ Per Bushel
2022-12-16,Corn,Missouri,,Truck,6.86,6.635,7.185,$ Per Bushel
2022-12-16,Corn,Nebraska,,Truck,7.0797,6.785,7.585,$ Per Bushel
2022-12-16,Corn,Ohio,,Truck,6.565,6.515,6.635,$ Per Bushel
2022-12-16,Corn,South Dakota,,Truck,6.7312,6.485,7.015,$ Per Bushel
2022-12-16,Corn,Wisconsin,,Truck,6.259,6.135,6.385,$ Per Bushel
2022-12-19,Corn,Illinois,,Truck,6.6333,6.33,7.02,$ Per Bushel
2022-12-19,Corn,Indiana,,Truck,6.587,6.33,6.78,$ Per Bushel
2022-12-19,Corn,Iowa,,Truck,6.9023,6.68,7.13,$ Per Bushel
2022-12-19,Corn,Kansas,,Truck,7.43,7.18,7.68,$ Per Bushel
2022-12-19,Corn,Michigan,,Truck,6.28,6.13,6.43,$ Per Bushel
2022-12-19,Corn,Minnesota,,Truck,6.685,6.48,6.79,$ Per Bushel
2022-12-19,Corn,Missouri,,Truck,6.8675,6.63,7.18,$ Per Bushel
2022-12-19,Corn,Nebraska,,Truck,7.0687,6.78,7.58,$ Per Bushel
2022-12-19,Corn,Ohio,,Truck,6.5567,6.51,6.61,$ Per Bushel
2022-12-19,Corn,South Dakota,,Truck,6.7346,6.48,7.08,$ Per Bushel
2022-12-19,Corn,Wisconsin,,Truck,6.254,6.13,6.38,$ Per Bushel
2022-12-20,Corn,Illinois,,Truck,6.5608,6.2725,6.9625,$ Per Bushel
2022-12-20,Corn,Indiana,,Truck,6.5345,6.3225,6.7225,$ Per Bushel
2022-12-20,Corn,Iowa,,Truck,6.4933,6.2225,6.6725,$ Per Bushel
2022-12-20,Corn,Kansas,,Truck,7.3725,7.1225,7.6225,$ Per Bushel
2022-12-20,Corn,Michigan,,Truck,6.2225,6.0725,6.3725,$ Per Bushel
2022-12-20,Corn,Minnesota,,Truck,6.6275,6.4225,6.7325,$ Per Bushel
2022-12-20,Corn,Missouri,,Truck,6.81,6.5725,7.1225,$ Per Bushel
2022-12-20,Corn,Nebraska,,Truck,7.0172,6.7225,7.5225,$ Per Bushel
2022-12-20,Corn,Ohio,,Truck,6.4942,6.4225,6.5525,$ Per Bushel
2022-12-20,Corn,South Dakota,,Truck,6.6971,6.4225,7.0225,$ Per Bushel
2022-12-20,Corn,Wisconsin,,Truck,6.2125,6.0925,6.3225,$ Per Bushel
2022-12-21,Corn,Illinois,,Truck,6.605,6.32,6.99,$ Per Bushel
2022-12-21,Corn,Indiana,,Truck,6.58,6.37,6.77,$ Per Bushel
2022-12-21,Corn,Iowa,,Truck,6.9014,6.67,7.17,$ Per Bushel
2022-12-21,Corn,Kansas,,Truck,7.42,7.17,7.67,$ Per Bushel
2022-12-21,Corn,Michigan,,Truck,6.27,6.12,6.42,$ Per Bushel
2022-12-21,Corn,Minnesota,,Truck,6.6583,6.42,6.78,$ Per Bushel
2022-12-21,Corn,Missouri,,Truck,6.8575,6.62,7.17,$ Per Bushel
2022-12-21,Corn,Nebraska,,Truck,7.0633,6.77,7.57,$ Per Bushel
2022-12-21,Corn,Ohio,,Truck,6.5417,6.47,6.6,$ Per Bushel
2022-12-21,Corn,South Dakota,,Truck,6.7508,6.47,7.02,$ Per Bushel
2022-12-21,Corn,Wisconsin,,Truck,6.26,6.14,6.37,$ Per Bushel
2022-12-22,Corn,Illinois,,Truck,6.7108,6.4625,7.0425,$ Per Bushel
2022-12-22,Corn,Indiana,,Truck,6.6775,6.4725,6.8725,$ Per Bushel
2022-12-22,Corn,Iowa,,Truck,6.9911,6.7725,7.2725,$ Per Bushel
2022-12-22,Corn,Kansas,,Truck,7.5225,7.2725,7.7725,$ Per Bushel
2022-12-22,Corn,Michigan,,Truck,6.3725,6.2225,6.5225,$ Per Bushel
2022-12-22,Corn,Minnesota,,Truck,6.7492,6.5225,6.8825,$ Per Bushel
2022-12-22,Corn,Missouri,,Truck,6.96,6.7225,7.2725,$ Per Bushel
2022-12-22,Corn,Nebraska,,Truck,7.0917,6.8725,7.4725,$ Per Bushel
2022-12-22,Corn,Ohio,,Truck,6.6475,6.5725,6.7225,$ Per Bushel
2022-12-22,Corn,South Dakota,,Truck,6.8456,6.5725,7.1225,$ Per Bushel
2022-12-22,Corn,Wisconsin,,Truck,6.3625,6.2425,6.4725,$ Per Bushel
2022-12-23,Corn,Illinois,,Truck,6.6933,6.445,7.025,$ Per Bushel
2022-12-23,Corn,Indiana,,Truck,6.66,6.455,6.855,$ Per Bushel
2022-12-23,Corn,Iowa,,Truck,6.6483,6.405,6.905,$ Per Bushel
2022-12-23,Corn,Kansas,,Truck,7.505,7.255,7.755,$ Per Bushel
2022-12-23,Corn,Michigan,,Truck,6.355,6.205,6.505,$ Per Bushel
2022-12-23,Corn,Minnesota,,Truck,6.7233,6.455,6.865,$ Per Bushel
2022-12-23,Corn,Missouri,,Truck,6.9425,6.705,7.255,$ Per Bushel
2022-12-23,Corn,Nebraska,,Truck,7.0827,6.855,7.455,$ Per Bushel
2022-12-23,Corn,Ohio,,Truck,6.63,6.555,6.705,$ Per Bushel
2022-12-23,Corn,South Dakota,,Truck,6.8281,6.555,7.105,$ Per Bushel
2022-12-23,Corn,Wisconsin,,Truck,6.345,6.225,6.455,$ Per Bushel
2022-12-27,Corn,Illinois,,Truck,6.7375,6.4925,7.0125,$ Per Bushel
2022-12-27,Corn,Indiana,,Truck,6.7175,6.5125,6.9125,$ Per Bushel
2022-12-27,Corn,Iowa,,Truck,7.0266,6.8125,7.3125,$ Per Bushel
2022-12-27,Corn,Kansas,,Truck,7.5625,7.3125,7.8125,$ Per Bushel
2022-12-27,Corn,Michigan,,Truck,6.4125,6.2625,6.5625,$ Per Bushel
2022-12-27,Corn,Minnesota,,Truck,6.7808,6.5125,6.9225,$ Per Bushel
2022-12-27,Corn,Missouri,,Truck,7.0,6.7625,7.3125,$ Per Bushel
2022-12-27,Corn,Nebraska,,Truck,7.1225,6.9125,7.5125,$ Per Bushel
2022-12-27,Corn,Ohio,,Truck,6.6875,6.6125,6.7625,$ Per Bushel
2022-12-27,Corn,South Dakota,,Truck,6.874,6.6125,7.1625,$ Per Bushel
2022-12-27,Corn,Wisconsin,,Truck,6.4025,6.2825,6.5125,$ Per Bushel
2022-12-28,Corn,Illinois,,Truck,6.8308,6.5775,7.1475,$ Per Bushel
2022-12-28,Corn,Indiana,,Truck,6.8025,6.5975,6.9975,$ Per Bushel
2022-12-28,Corn,Iowa,,Truck,7.1052,6.8675,7.2975,$ Per Bushel
2022-12-28,Corn,Kansas,,Truck,7.6225,7.3975,7.8975,$ Per Bushel
2022-12-28,Corn,Michigan,,Truck,6.4975,6.3475,6.6475,$ Per Bushel
2022-12-28,Corn,Minnesota,,Truck,6.8475,6.5975,7.0075,$ Per Bushel
2022-12-28,Corn,Missouri,,Truck,7.085,6.8475,7.3975,$ Per Bushel
2022-12-28,Corn,Nebraska,,Truck,7.196,6.9975,7.5975,$ Per Bushel
2022-12-28,Corn,Ohio,,Truck,6.7658,6.6575,6.8475,$ Per Bushel
2022-12-28,Corn,South Dakota,,Truck,6.9513,6.6975,7.2275,$ Per Bushel
2022-12-28,Corn,Wisconsin,,Truck,6.4875,6.3675,6.5975,$ Per Bushel
2022-12-29,Corn,Illinois,,Truck,6.8992,6.6575,7.2275,$ Per Bushel
2022-12-29,Corn,Indiana,,Truck,6.8805,6.6775,7.0775,$ Per Bushel
2022-12-29,Corn,Iowa,,Truck,7.1752,6.9475,7.3775,$ Per Bushel
2022-12-29,Corn,Kansas,,Truck,7.7025,7.4775,7.9775,$ Per Bushel
2022-12-29,Corn,Michigan,,Truck,6.5775,6.4275,6.7275,$ Per Bushel
2022-12-29,Corn,Minnesota,,Truck,6.9158,6.6775,7.0875,$ Per Bushel
2022-12-29,Corn,Missouri,,Truck,7.14,6.9275,7.4775,$ Per Bushel
2022-12-29,Corn,Nebraska,,Truck,7.2644,7.0775,7.6775,$ Per Bushel
2022-12-29,Corn,Ohio,,Truck,6.8458,6.7375,6.9275,$ Per Bushel
2022-12-29,Corn,South Dakota,,Truck,6.9944,6.7475,7.3075,$ Per Bushel
2022-12-29,Corn,Wisconsin,,Truck,6.5655,6.4475,6.6775,$ Per Bushel
2022-12-30,Corn,Illinois,,Truck,6.87,6.625,7.215,$ Per Bushel
2022-12-30,Corn,Indiana,,Truck,6.845,6.645,7.015,$ Per Bushel
2022-12-30,Corn,Iowa,,Truck,7.1286,6.915,7.315,$ Per Bushel
2022-12-30,Corn,Kansas,,Truck,7.6575,7.395,7.945,$ Per Bushel
2022-12-30,Corn,Michigan,,Truck,6.5575,6.395,6.695,$ Per Bushel
2022-12-30,Corn,Minnesota,,Truck,6.8767,6.615,7.045,$ Per Bushel
2022-12-30,Corn,Missouri,,Truck,7.12,6.895,7.445,$ Per Bushel
2022-12-30,Corn,Nebraska,,Truck,7.2235,7.045,7.645,$ Per Bushel
2022-12-30,Corn,Ohio,,Truck,6.8133,6.705,6.895,$ Per Bushel
2022-12-30,Corn,South Dakota,,Truck,6.9619,6.715,7.275,$ Per Bushel
2022-12-30,Corn,Wisconsin,,Truck,6.533,6.415,6.645,$ Per Bushel
2023-01-03,Corn,Illinois,,Truck,6.8483,6.615,7.135,$ Per Bushel
2023-01-03,Corn,Indiana,,Truck,6.831,6.635,6.985,$ Per Bushel
2023-01-03,Corn,Iowa,,Truck,6.8167,6.685,6.935,$ Per Bushel
2023-01-03,Corn,Kansas,,Truck,7.6475,7.385,7.935,$ Per Bushel
2023-01-03,Corn,Michigan,,Truck,6.5675,6.485,6.665,$ Per Bushel
2023-01-03,Corn,Minnesota,,Truck,6.8633,6.605,7.035,$ Per Bushel
2023-01-03,Corn,Missouri,,Truck,7.11,6.885,7.435,$ Per Bushel
2023-01-03,Corn,Nebraska,,Truck,7.2096,7.035,7.635,$ Per Bushel
2023-01-03,Corn,Ohio,,Truck,6.8033,6.695,6.885,$ Per Bushel
2023-01-03,Corn,South Dakota,,Truck,6.9396,6.705,7.265,$ Per Bushel
2023-01-03,Corn,Wisconsin,,Truck,6.523,6.405,6.635,$ Per Bushel
2023-01-04,Corn,Illinois,,Truck,6.7767,6.555,7.055,$ Per Bushel
2023-01-04,Corn,Indiana,,Truck,6.776,6.555,6.905,$ Per Bushel
2023-01-04,Corn,Iowa,,Truck,7.0282,6.805,7.205,$ Per Bushel
2023-01-04,Corn,Kansas,,Truck,7.555,7.255,7.855,$ Per Bushel
2023-01-04,Corn,Michigan,,Truck,6.5075,6.405,6.585,$ Per Bushel
2023-01-04,Corn,Minnesota,,Truck,6.7717,6.525,6.885,$ Per Bushel
2023-01-04,Corn,Missouri,,Truck,7.0175,6.805,7.355,$ Per Bushel
2023-01-04,Corn,Nebraska,,Truck,7.1373,6.955,7.555,$ Per Bushel
2023-01-04,Corn,Ohio,,Truck,6.74,6.615,6.805,$ Per Bushel
2023-01-04,Corn,South Dakota,,Truck,6.8642,6.625,7.185,$ Per Bushel
2023-01-04,Corn,Wisconsin,,Truck,6.443,6.325,6.555,$ Per Bushel
2023-01-05,Corn,Illinois,,Truck,6.6042,6.3875,6.8875,$ Per Bushel
2023-01-05,Corn,Indiana,,Truck,6.6135,6.3875,6.7375,$ Per Bushel
2023-01-05,Corn,Iowa,,Truck,6.5642,6.4875,6.6875,$ Per Bushel
2023-01-05,Corn,Kansas,,Truck,7.375,7.0375,7.6875,$ Per Bushel
2023-01-05,Corn,Michigan,,Truck,6.34,6.2375,6.4175,$ Per Bushel
2023-01-05,Corn,Minnesota,,Truck,6.5975,6.3575,6.7175,$ Per Bushel
2023-01-05,Corn,Missouri,,Truck,6.85,6.6375,7.1875,$ Per Bushel
2023-01-05,Corn,Nebraska,,Truck,6.9775,6.7875,7.3875,$ Per Bushel
2023-01-05,Corn,Ohio,,Truck,6.5842,6.5175,6.6375,$ Per Bushel
2023-01-05,Corn,South Dakota,,Truck,6.7121,6.4575,7.0375,$ Per Bushel
2023-01-05,Corn,Wisconsin,,Truck,6.2755,6.1575,6.3875,$ Per Bushel
2023-01-06,Corn,Illinois,,Truck,6.5858,6.3775,6.8275,$ Per Bushel
2023-01-06,Corn,Indiana,,Truck,6.6035,6.3775,6.7275,$ Per Bushel
2023-01-06,Corn,Iowa,,Truck,6.8484,6.5875,7.0275,$ Per Bushel
2023-01-06,Corn,Kansas,,Truck,7.365,7.0275,7.6775,$ Per Bushel
2023-01-06,Corn,Michigan,,Truck,6.33,6.2275,6.4075,$ Per Bushel
2023-01-06,Corn,Minnesota,,Truck,6.5875,6.3475,6.7075,$ Per Bushel
2023-01-06,Corn,Missouri,,Truck,6.8325,6.6475,7.1775,$ Per Bushel
2023-01-06,Corn,Nebraska,,Truck,6.9883,6.7775,7.3775,$ Per Bushel
2023-01-06,Corn,Ohio,,Truck,6.5742,6.5075,6.6275,$ Per Bushel
2023-01-06,Corn,South Dakota,,Truck,6.7044,6.4475,7.0275,$ Per Bushel
2023-01-06,Corn,Wisconsin,,Truck,6.2655,6.1475,6.3775,$ Per Bushel
2023-01-09,Corn,Illinois,,Truck,6.5983,6.39,6.84,$ Per Bushel
2023-01-09,Corn,Indiana,,Truck,6.6356,6.49,6.74,$ Per Bushel
2023-01-09,Corn,Iowa,,Truck,6.8618,6.6,7.04,$ Per Bushel
2023-01-09,Corn,Kansas,,Truck,7.3775,7.04,7.69,$ Per Bushel
2023-01-09,Corn,Michigan,,Truck,6.3475,6.24,6.42,$ Per Bushel
2023-01-09,Corn,Minnesota,,Truck,6.6,6.36,6.72,$ Per Bushel
2023-01-09,Corn,Missouri,,Truck,6.8475,6.67,7.19,$ Per Bushel
2023-01-09,Corn,Nebraska,,Truck,7.01,6.79,7.39,$ Per Bushel
2023-01-09,Corn,Ohio,,Truck,6.5867,6.52,6.64,$ Per Bushel
2023-01-09,Corn,South Dakota,,Truck,6.7223,6.46,7.09,$ Per Bushel
2023-01-09,Corn,Wisconsin,,Truck,6.275,6.16,6.39,$ Per Bushel
2023-01-10,Corn,Illinois,,Truck,6.5825,6.3775,6.8275,$ Per Bushel
2023-01-10,Corn,Indiana,,Truck,6.6119,6.3775,6.7275,$ Per Bushel
2023-01-10,Corn,Iowa,,Truck,6.8539,6.5875,7.0275,$ Per Bushel
2023-01-10,Corn,Kansas,,Truck,7.34,7.0275,7.6775,$ Per Bushel
2023-01-10,Corn,Michigan,,Truck,6.3475,6.2775,6.4075,$ Per Bushel
2023-01-10,Corn,Minnesota,,Truck,6.5875,6.3475,6.7075,$ Per Bushel
2023-01-10,Corn,Missouri,,Truck,6.845,6.6775,7.1775,$ Per Bushel
2023-01-10,Corn,Nebraska,,Truck,6.9998,6.7775,7.3775,$ Per Bushel
2023-01-10,Corn,Ohio,,Truck,6.5675,6.4875,6.6275,$ Per Bushel
2023-01-10,Corn,South Dakota,,Truck,6.7183,6.4475,7.0775,$ Per Bushel
2023-01-10,Corn,Wisconsin,,Truck,6.2625,6.1475,6.3775,$ Per Bushel
2023-01-11,Corn,Illinois,,Truck,6.605,6.4,6.87,$ Per Bushel
2023-01-11,Corn,Indiana,,Truck,6.6344,6.4,6.75,$ Per Bushel
2023-01-11,Corn,Iowa,,Truck,6.5725,6.5,6.7,$ Per Bushel
2023-01-11,Corn,Kansas,,Truck,7.3625,7.05,7.7,$ Per Bushel
2023-01-11,Corn,Michigan,,Truck,6.37,6.3,6.43,$ Per Bushel
2023-01-11,Corn,Minnesota,,Truck,6.61,6.37,6.73,$ Per Bushel
2023-01-11,Corn,Missouri,,Truck,6.8675,6.7,7.2,$ Per Bushel
2023-01-11,Corn,Nebraska,,Truck,7.0323,6.8,7.4,$ Per Bushel
2023-01-11,Corn,Ohio,,Truck,6.5817,6.48,6.65,$ Per Bushel
2023-01-11,Corn,South Dakota,,Truck,6.7362,6.46,7.1,$ Per Bushel
2023-01-11,Corn,Wisconsin,,Truck,6.2925,6.17,6.4,$ Per Bushel
2023-01-12,Corn,Illinois,,Truck,6.6283,6.41,6.96,$ Per Bushel
2023-01-12,Corn,Indiana,,Truck,6.6444,6.41,6.76,$ Per Bushel
2023-01-12,Corn,Iowa,,Truck,6.8986,6.62,7.11,$ Per Bushel
2023-01-12,Corn,Kansas,,Truck,7.3725,7.06,7.71,$ Per Bushel
2023-01-12,Corn,Michigan,,Truck,6.38,6.31,6.44,$ Per Bushel
2023-01-12,Corn,Minnesota,,Truck,6.62,6.38,6.74,$ Per Bushel
2023-01-12,Corn,Missouri,,Truck,6.8775,6.71,7.21,$ Per Bushel
2023-01-12,Corn,Nebraska,,Truck,7.0446,6.81,7.41,$ Per Bushel
2023-01-12,Corn,Ohio,,Truck,6.5917,6.49,6.66,$ Per Bushel
2023-01-12,Corn,South Dakota,,Truck,6.7446,6.46,7.11,$ Per Bushel
2023-01-12,Corn,Wisconsin,,Truck,6.295,6.18,6.41,$ Per Bushel
2023-01-13,Corn,Illinois,,Truck,6.7717,6.56,7.11,$ Per Bushel
2023-01-13,Corn,Indiana,,Truck,6.7778,6.56,6.91,$ Per Bushel
2023-01-13,Corn,Iowa,,Truck,7.0505,6.77,7.26,$ Per Bushel
2023-01-13,Corn,Kansas,,Truck,7.5225,7.21,7.86,$ Per Bushel
2023-01-13,Corn,Michigan,,Truck,6.53,6.46,6.59,$ Per Bushel
2023-01-13,Corn,Minnesota,,Truck,6.77,6.53,6.89,$ Per Bushel
2023-01-13,Corn,Missouri,,Truck,7.015,6.86,7.36,$ Per Bushel
2023-01-13,Corn,Nebraska,,Truck,7.1562,6.96,7.56,$ Per Bushel
2023-01-13,Corn,Ohio,,Truck,6.7417,6.64,6.81,$ Per Bushel
2023-01-13,Corn,South Dakota,,Truck,6.8923,6.61,7.26,$ Per Bushel
2023-01-13,Corn,Wisconsin,,Truck,6.445,6.33,6.56,$ Per Bushel
2023-01-17,Corn,Illinois,,Truck,6.81,6.6,7.14,$ Per Bushel
2023-01-17,Corn,Indiana,,Truck,6.801,6.6,6.95,$ Per Bushel
2023-01-17,Corn,Iowa,,Truck,7.0827,6.78,7.3,$ Per Bushel
2023-01-17,Corn,Kansas,,Truck,7.5833,7.25,7.85,$ Per Bushel
2023-01-17,Corn,Michigan,,Truck,6.5625,6.5,6.6,$ Per Bushel
2023-01-17,Corn,Minnesota,,Truck,6.8017,6.55,6.93,$ Per Bushel
2023-01-17,Corn,Missouri,,Truck,7.055,6.9,7.4,$ Per Bushel
2023-01-17,Corn,Nebraska,,Truck,7.1915,7.0,7.6,$ Per Bushel
2023-01-17,Corn,Ohio,,Truck,6.7733,6.65,6.85,$ Per Bushel
2023-01-17,Corn,South Dakota,,Truck,6.9062,6.63,7.25,$ Per Bushel
2023-01-17,Corn,Wisconsin,,Truck,6.485,6.37,6.6,$ Per Bushel
2023-01-18,Corn,Illinois,,Truck,6.9075,6.7025,7.2025,$ Per Bushel
2023-01-18,Corn,Indiana,,Truck,6.9095,6.7025,7.0525,$ Per Bushel
2023-01-18,Corn,Iowa,,Truck,6.8467,6.7025,7.0025,$ Per Bushel
2023-01-18,Corn,Kansas,,Truck,7.6858,7.3525,7.9525,$ Per Bushel
2023-01-18,Corn,Michigan,,Truck,6.665,6.6025,6.7025,$ Per Bushel
2023-01-18,Corn,Minnesota,,Truck,6.9125,6.6525,7.0825,$ Per Bushel
2023-01-18,Corn,Missouri,,Truck,7.1275,6.9525,7.5025,$ Per Bushel
2023-01-18,Corn,Nebraska,,Truck,7.294,7.1025,7.7025,$ Per Bushel
2023-01-18,Corn,Ohio,,Truck,6.8758,6.7525,6.9525,$ Per Bushel
2023-01-18,Corn,South Dakota,,Truck,7.004,6.7325,7.3525,$ Per Bushel
2023-01-18,Corn,Wisconsin,,Truck,6.575,6.4725,6.7025,$ Per Bushel
2023-01-19,Corn,Illinois,,Truck,6.8592,6.6625,7.1625,$ Per Bushel
2023-01-19,Corn,Indiana,,Truck,6.8645,6.6625,6.9825,$ Per Bushel
2023-01-19,Corn,Iowa,,Truck,6.797,6.6625,6.9625,$ Per Bushel
2023-01-19,Corn,Kansas,,Truck,7.6292,7.3125,7.9125,$ Per Bushel
2023-01-19,Corn,Michigan,,Truck,6.6,6.5125,6.6625,$ Per Bushel
2023-01-19,Corn,Minnesota,,Truck,6.8692,6.6125,7.0425,$ Per Bushel
2023-01-19,Corn,Missouri,,Truck,7.0425,6.8625,7.4125,$ Per Bushel
2023-01-19,Corn,Nebraska,,Truck,7.2579,7.0625,7.7125,$ Per Bushel
2023-01-19,Corn,Ohio,,Truck,6.8275,6.6625,6.9125,$ Per Bushel
2023-01-19,Corn,South Dakota,,Truck,6.9594,6.6925,7.3125,$ Per Bushel
2023-01-19,Corn,Wisconsin,,Truck,6.515,6.4325,6.6025,$ Per Bushel
2023-01-20,Corn,Illinois,,Truck,6.8108,6.6225,7.0725,$ Per Bushel
2023-01-20,Corn,Indiana,,Truck,6.8195,6.6225,6.9425,$ Per Bushel
2023-01-20,Corn,Iowa,,Truck,6.7452,6.5425,6.9225,$ Per Bushel
2023-01-20,Corn,Kansas,,Truck,7.5892,7.2725,7.8725,$ Per Bushel
2023-01-20,Corn,Michigan,,Truck,6.555,6.4725,6.6225,$ Per Bushel
2023-01-20,Corn,Minnesota,,Truck,6.8292,6.5725,7.0025,$ Per Bushel
2023-01-20,Corn,Missouri,,Truck,7.0025,6.8225,7.3725,$ Per Bushel
2023-01-20,Corn,Nebraska,,Truck,7.2294,7.0225,7.6725,$ Per Bushel
2023-01-20,Corn,Ohio,,Truck,6.7875,6.6225,6.8725,$ Per Bushel
2023-01-20,Corn,South Dakota,,Truck,6.9217,6.6525,7.2725,$ Per Bushel
2023-01-20,Corn,Wisconsin,,Truck,6.475,6.3925,6.5625,$ Per Bushel
2023-01-23,Corn,Illinois,,Truck,6.8008,6.6125,7.0625,$ Per Bushel
2023-01-23,Corn,Indiana,,Truck,6.8095,6.6125,6.9325,$ Per Bushel
2023-01-23,Corn,Iowa,,Truck,7.087,6.7925,7.3125,$ Per Bushel
2023-01-23,Corn,Kansas,,Truck,7.5625,7.2625,7.8625,$ Per Bushel
2023-01-23,Corn,Michigan,,Truck,6.545,6.4625,6.6125,$ Per Bushel
2023-01-23,Corn,Minnesota,,Truck,6.8325,6.5625,7.0725,$ Per Bushel
2023-01-23,Corn,Missouri,,Truck,6.98,6.8125,7.3125,$ Per Bushel
2023-01-23,Corn,Nebraska,,Truck,7.2448,7.0625,7.6625,$ Per Bushel
2023-01-23,Corn,Ohio,,Truck,6.7775,6.6125,6.8625,$ Per Bushel
2023-01-23,Corn,South Dakota,,Truck,6.914,6.6425,7.2625,$ Per Bushel
2023-01-23,Corn,Wisconsin,,Truck,6.465,6.3825,6.5525,$ Per Bushel
2023-01-24,Corn,Illinois,,Truck,6.7142,6.5125,6.9625,$ Per Bushel
2023-01-24,Corn,Indiana,,Truck,6.7281,6.5125,6.8325,$ Per Bushel
2023-01-24,Corn,Iowa,,Truck,6.9884,6.6925,7.2125,$ Per Bushel
2023-01-24,Corn,Kansas,,Truck,7.4625,7.1625,7.7625,$ Per Bushel
2023-01-24,Corn,Michigan,,Truck,6.4225,6.3625,6.4925,$ Per Bushel
2023-01-24,Corn,Minnesota,,Truck,6.7325,6.4625,6.9725,$ Per Bushel
2023-01-24,Corn,Missouri,,Truck,6.885,6.7125,7.2125,$ Per Bushel
2023-01-24,Corn,Nebraska,,Truck,7.121,6.9125,7.5625,$ Per Bushel
2023-01-24,Corn,Ohio,,Truck,6.6775,6.5125,6.7625,$ Per Bushel
2023-01-24,Corn,South Dakota,,Truck,6.8163,6.5525,7.1825,$ Per Bushel
2023-01-24,Corn,Wisconsin,,Truck,6.435,6.3625,6.5625,$ Per Bushel
2023-01-25,Corn,Illinois,,Truck,6.83,6.62,7.12,$ Per Bushel
2023-01-25,Corn,Indiana,,Truck,6.83,6.57,6.94,$ Per Bushel
2023-01-25,Corn,Iowa,,Truck,7.0968,6.8,7.32,$ Per Bushel
2023-01-25,Corn,Kansas,,Truck,7.5367,7.27,7.77,$ Per Bushel
2023-01-25,Corn,Michigan,,Truck,6.53,6.47,6.6,$ Per Bushel
2023-01-25,Corn,Minnesota,,Truck,6.8533,6.52,7.1,$ Per Bushel
2023-01-25,Corn,Missouri,,Truck,6.9925,6.82,7.32,$ Per Bushel
2023-01-25,Corn,Nebraska,,Truck,7.2362,7.02,7.67,$ Per Bushel
2023-01-25,Corn,Ohio,,Truck,6.785,6.62,6.87,$ Per Bushel
2023-01-25,Corn,South Dakota,,Truck,6.9131,6.66,7.29,$ Per Bushel
2023-01-25,Corn,Wisconsin,,Truck,6.4675,6.39,6.56,$ Per Bushel
2023-01-26,Corn,Illinois,,Truck,6.8158,6.5975,7.1475,$ Per Bushel
2023-01-26,Corn,Indiana,,Truck,6.8075,6.5475,6.9175,$ Per Bushel
2023-01-26,Corn,Iowa,,Truck,6.7345,6.5475,6.8975,$ Per Bushel
2023-01-26,Corn,Kansas,,Truck,7.5142,7.2475,7.7475,$ Per Bushel
2023-01-26,Corn,Michigan,,Truck,6.5075,6.4475,6.5775,$ Per Bushel
2023-01-26,Corn,Minnesota,,Truck,6.8308,6.4975,7.0775,$ Per Bushel
2023-01-26,Corn,Missouri,,Truck,6.97,6.7975,7.2975,$ Per Bushel
2023-01-26,Corn,Nebraska,,Truck,7.2213,6.9975,7.6475,$ Per Bushel
2023-01-26,Corn,Ohio,,Truck,6.7575,6.5975,6.8675,$ Per Bushel
2023-01-26,Corn,South Dakota,,Truck,6.886,6.6275,7.2675,$ Per Bushel
2023-01-26,Corn,Wisconsin,,Truck,6.445,6.3675,6.5375,$ Per Bushel
2023-01-27,Corn,Illinois,,Truck,6.8933,6.675,7.225,$ Per Bushel
2023-01-27,Corn,Indiana,,Truck,6.885,6.625,6.995,$ Per Bushel
2023-01-27,Corn,Iowa,,Truck,7.1464,6.855,7.345,$ Per Bushel
2023-01-27,Corn,Kansas,,Truck,7.525,7.325,7.675,$ Per Bushel
2023-01-27,Corn,Michigan,,Truck,6.585,6.525,6.655,$ Per Bushel
2023-01-27,Corn,Minnesota,,Truck,6.905,6.575,7.155,$ Per Bushel
2023-01-27,Corn,Missouri,,Truck,7.0475,6.875,7.375,$ Per Bushel
2023-01-27,Corn,Nebraska,,Truck,7.2842,7.075,7.725,$ Per Bushel
2023-01-27,Corn,Ohio,,Truck,6.835,6.675,6.945,$ Per Bushel
2023-01-27,Corn,South Dakota,,Truck,6.9635,6.705,7.345,$ Per Bushel
2023-01-27,Corn,Wisconsin,,Truck,6.505,6.375,6.615,$ Per Bushel
2023-01-30,Corn,Illinois,,Truck,6.895,6.68,7.23,$ Per Bushel
2023-01-30,Corn,Indiana,,Truck,6.8867,6.63,7.0,$ Per Bushel
2023-01-30,Corn,Iowa,,Truck,7.1455,6.86,7.35,$ Per Bushel
2023-01-30,Corn,Kansas,,Truck,7.53,7.33,7.68,$ Per Bushel
2023-01-30,Corn,Michigan,,Truck,6.59,6.53,6.66,$ Per Bushel
2023-01-30,Corn,Minnesota,,Truck,6.905,6.58,7.16,$ Per Bushel
2023-01-30,Corn,Missouri,,Truck,7.0525,6.88,7.38,$ Per Bushel
2023-01-30,Corn,Nebraska,,Truck,7.2769,7.08,7.73,$ Per Bushel
2023-01-30,Corn,Ohio,,Truck,6.84,6.68,6.95,$ Per Bushel
2023-01-30,Corn,South Dakota,,Truck,6.9654,6.71,7.33,$ Per Bushel
2023-01-30,Corn,Wisconsin,,Truck,6.51,6.38,6.62,$ Per Bushel
2023-01-31,Corn,Illinois,,Truck,6.9025,6.6875,7.2375,$ Per Bushel
2023-01-31,Corn,Indiana,,Truck,6.8942,6.6375,7.0075,$ Per Bushel
2023-01-31,Corn,Iowa,,Truck,7.142,6.8675,7.3575,$ Per Bushel
2023-01-31,Corn,Kansas,,Truck,7.5375,7.3375,7.6875,$ Per Bushel
2023-01-31,Corn,Michigan,,Truck,6.5975,6.5375,6.6675,$ Per Bushel
2023-01-31,Corn,Minnesota,,Truck,6.9208,6.5875,7.1675,$ Per Bushel
2023-01-31,Corn,Missouri,,Truck,7.06,6.8875,7.3875,$ Per Bushel
2023-01-31,Corn,Nebraska,,Truck,7.2783,7.0875,7.7375,$ Per Bushel
2023-01-31,Corn,Ohio,,Truck,6.8475,6.6875,6.9575,$ Per Bushel
2023-01-31,Corn,South Dakota,,Truck,6.9729,6.7175,7.3375,$ Per Bushel
2023-01-31,Corn,Wisconsin,,Truck,6.5025,6.3875,6.6275,$ Per Bushel
2023-02-01,Corn,Illinois,,Truck,6.8642,6.6475,7.2175,$ Per Bushel
2023-02-01,Corn,Indiana,,Truck,6.8542,6.5975,6.9675,$ Per Bushel
2023-02-01,Corn,Iowa,,Truck,6.773,6.5975,6.8975,$ Per Bushel
2023-02-01,Corn,Kansas,,Truck,7.4975,7.2975,7.6475,$ Per Bushel
2023-02-01,Corn,Michigan,,Truck,6.5575,6.4975,6.6275,$ Per Bushel
2023-02-01,Corn,Minnesota,,Truck,6.8775,6.5475,7.1075,$ Per Bushel
2023-02-01,Corn,Missouri,,Truck,7.02,6.8475,7.3475,$ Per Bushel
2023-02-01,Corn,Nebraska,,Truck,7.2142,7.0475,7.6975,$ Per Bushel
2023-02-01,Corn,Ohio,,Truck,6.8042,6.6475,6.9175,$ Per Bushel
2023-02-01,Corn,South Dakota,,Truck,6.9329,6.6775,7.2975,$ Per Bushel
2023-02-01,Corn,Wisconsin,,Truck,6.4625,6.3475,6.5875,$ Per Bushel
2023-02-02,Corn,Illinois,,Truck,6.89,6.68,7.23,$ Per Bushel
2023-02-02,Corn,Indiana,,Truck,6.8933,6.66,7.06,$ Per Bushel
2023-02-02,Corn,Iowa,,Truck,6.7973,6.71,6.91,$ Per Bushel
2023-02-02,Corn,Kansas,,Truck,7.56,7.31,7.81,$ Per Bushel
2023-02-02,Corn,Michigan,,Truck,6.57,6.51,6.64,$ Per Bushel
2023-02-02,Corn,Minnesota,,Truck,6.8933,6.56,7.12,$ Per Bushel
2023-02-02,Corn,Missouri,,Truck,7.0325,6.86,7.36,$ Per Bushel
2023-02-02,Corn,Nebraska,,Truck,7.2325,7.06,7.71,$ Per Bushel
2023-02-02,Corn,Ohio,,Truck,6.8333,6.71,6.93,$ Per Bushel
2023-02-02,Corn,South Dakota,,Truck,6.9692,6.71,7.31,$ Per Bushel
2023-02-02,Corn,Wisconsin,,Truck,6.48,6.36,6.6,$ Per Bushel
2023-02-03,Corn,Illinois,,Truck,6.8325,6.6225,7.1725,$ Per Bushel
2023-02-03,Corn,Indiana,,Truck,6.8358,6.6025,7.0025,$ Per Bushel
2023-02-03,Corn,Iowa,,Truck,7.068,6.8025,7.2325,$ Per Bushel
2023-02-03,Corn,Kansas,,Truck,7.5025,7.2525,7.7525,$ Per Bushel
2023-02-03,Corn,Michigan,,Truck,6.51,6.4525,6.5825,$ Per Bushel
2023-02-03,Corn,Minnesota,,Truck,6.8342,6.5025,7.0625,$ Per Bushel
2023-02-03,Corn,Missouri,,Truck,6.975,6.8025,7.3025,$ Per Bushel
2023-02-03,Corn,Nebraska,,Truck,7.1617,6.9525,7.6525,$ Per Bushel
2023-02-03,Corn,Ohio,,Truck,6.7758,6.6525,6.8725,$ Per Bushel
2023-02-03,Corn,South Dakota,,Truck,6.9102,6.6525,7.2525,$ Per Bushel
2023-02-03,Corn,Wisconsin,,Truck,6.4225,6.3025,6.5425,$ Per Bushel
2023-02-06,Corn,Illinois,,Truck,6.8893,6.645,7.195,$ Per Bushel
2023-02-06,Corn,Indiana,,Truck,6.8561,6.625,7.025,$ Per Bushel
2023-02-06,Corn,Iowa,,Truck,7.0921,6.825,7.245,$ Per Bushel
2023-02-06,Corn,Kansas,,Truck,7.475,7.225,7.675,$ Per Bushel
2023-02-06,Corn,Michigan,,Truck,6.5325,6.475,6.605,$ Per Bushel
2023-02-06,Corn,Minnesota,,Truck,6.8567,6.525,7.085,$ Per Bushel
2023-02-06,Corn,Missouri,,Truck,6.985,6.825,7.275,$ Per Bushel
2023-02-06,Corn,Nebraska,,Truck,7.1842,6.975,7.675,$ Per Bushel
2023-02-06,Corn,Ohio,,Truck,6.7983,6.675,6.895,$ Per Bushel
2023-02-06,Corn,South Dakota,,Truck,6.9265,6.595,7.275,$ Per Bushel
2023-02-06,Corn,Wisconsin,,Truck,6.445,6.325,6.565,$ Per Bushel
2023-02-07,Corn,Illinois,,Truck,6.9014,6.66,7.19,$ Per Bushel
2023-02-07,Corn,Indiana,,Truck,6.8633,6.64,6.97,$ Per Bushel
2023-02-07,Corn,Iowa,,Truck,7.1067,6.84,7.27,$ Per Bushel
2023-02-07,Corn,Kansas,,Truck,7.49,7.24,7.69,$ Per Bushel
2023-02-07,Corn,Michigan,,Truck,6.5475,6.49,6.62,$ Per Bushel
2023-02-07,Corn,Minnesota,,Truck,6.8717,6.54,7.1,$ Per Bushel
2023-02-07,Corn,Missouri,,Truck,7.0,6.84,7.29,$ Per Bushel
2023-02-07,Corn,Nebraska,,Truck,7.195,6.99,7.69,$ Per Bushel
2023-02-07,Corn,Ohio,,Truck,6.8133,6.69,6.91,$ Per Bushel
2023-02-07,Corn,South Dakota,,Truck,6.9492,6.69,7.29,$ Per Bushel
2023-02-07,Corn,Wisconsin,,Truck,6.46,6.34,6.58,$ Per Bushel
2023-02-08,Corn,Illinois,,Truck,6.85,6.61,7.14,$ Per Bushel
2023-02-08,Corn,Indiana,,Truck,6.8056,6.59,6.89,$ Per Bushel
2023-02-08,Corn,Iowa,,Truck,7.0524,6.79,7.22,$ Per Bushel
2023-02-08,Corn,Kansas,,Truck,7.4233,7.19,7.64,$ Per Bushel
2023-02-08,Corn,Michigan,,Truck,6.4975,6.44,6.57,$ Per Bushel
2023-02-08,Corn,Minnesota,,Truck,6.8217,6.49,7.05,$ Per Bushel
2023-02-08,Corn,Missouri,,Truck,6.9525,6.79,7.24,$ Per Bushel
2023-02-08,Corn,Nebraska,,Truck,7.1433,6.94,7.59,$ Per Bushel
2023-02-08,Corn,Ohio,,Truck,6.76,6.64,6.86,$ Per Bushel
2023-02-08,Corn,South Dakota,,Truck,6.8954,6.64,7.24,$ Per Bushel
2023-02-08,Corn,Wisconsin,,Truck,6.42,6.29,6.57,$ Per Bushel
2023-02-09,Corn,Illinois,,Truck,6.8936,6.655,7.185,$ Per Bushel
2023-02-09,Corn,Indiana,,Truck,6.8483,6.635,6.935,$ Per Bushel
2023-02-09,Corn,Iowa,,Truck,6.7486,6.585,6.885,$ Per Bushel
2023-02-09,Corn,Kansas,,Truck,7.4683,7.235,7.685,$ Per Bushel
2023-02-09,Corn,Michigan,,Truck,6.5425,6.485,6.615,$ Per Bushel
2023-02-09,Corn,Minnesota,,Truck,6.8667,6.535,7.095,$ Per Bushel
2023-02-09,Corn,Missouri,,Truck,6.9975,6.835,7.285,$ Per Bushel
2023-02-09,Corn,Nebraska,,Truck,7.1883,6.985,7.635,$ Per Bushel
2023-02-09,Corn,Ohio,,Truck,6.805,6.685,6.905,$ Per Bushel
2023-02-09,Corn,South Dakota,,Truck,6.9396,6.685,7.285,$ Per Bushel
2023-02-09,Corn,Wisconsin,,Truck,6.465,6.335,6.615,$ Per Bushel
2023-02-10,Corn,Illinois,,Truck,6.8161,6.5775,7.1075,$ Per Bushel
2023-02-10,Corn,Indiana,,Truck,6.7675,6.5575,6.8375,$ Per Bushel
2023-02-10,Corn,Iowa,,Truck,7.0216,6.7575,7.2075,$ Per Bushel
2023-02-10,Corn,Kansas,,Truck,7.3575,7.1075,7.5575,$ Per Bushel
2023-02-10,Corn,Michigan,,Truck,6.465,6.4075,6.5375,$ Per Bushel
2023-02-10,Corn,Minnesota,,Truck,6.7892,6.4575,7.0175,$ Per Bushel
2023-02-10,Corn,Missouri,,Truck,6.92,6.7575,7.2075,$ Per Bushel
2023-02-10,Corn,Nebraska,,Truck,7.1106,6.9075,7.5575,$ Per Bushel
2023-02-10,Corn,Ohio,,Truck,6.7225,6.6075,6.8275,$ Per Bushel
2023-02-10,Corn,South Dakota,,Truck,6.8606,6.6075,7.2075,$ Per Bushel
2023-02-10,Corn,Wisconsin,,Truck,6.3875,6.2575,6.5375,$ Per Bushel
2023-02-13,Corn,Illinois,,Truck,6.9136,6.675,7.205,$ Per Bushel
2023-02-13,Corn,Indiana,,Truck,6.8617,6.655,6.935,$ Per Bushel
2023-02-13,Corn,Iowa,,Truck,6.7668,6.605,6.905,$ Per Bushel
2023-02-13,Corn,Kansas,,Truck,7.455,7.205,7.655,$ Per Bushel
2023-02-13,Corn,Michigan,,Truck,6.5625,6.505,6.635,$ Per Bushel
2023-02-13,Corn,Minnesota,,Truck,6.8867,6.555,7.115,$ Per Bushel
2023-02-13,Corn,Missouri,,Truck,7.01,6.855,7.305,$ Per Bushel
2023-02-13,Corn,Nebraska,,Truck,7.2027,7.005,7.655,$ Per Bushel
2023-02-13,Corn,Ohio,,Truck,6.82,6.705,6.925,$ Per Bushel
2023-02-13,Corn,South Dakota,,Truck,6.9496,6.705,7.265,$ Per Bushel
2023-02-13,Corn,Wisconsin,,Truck,6.485,6.355,6.635,$ Per Bushel
2023-02-14,Corn,Illinois,,Truck,6.9283,6.72,7.25,$ Per Bushel
2023-02-14,Corn,Indiana,,Truck,6.9067,6.7,6.98,$ Per Bushel
2023-02-14,Corn,Iowa,,Truck,7.1536,6.9,7.35,$ Per Bushel
2023-02-14,Corn,Kansas,,Truck,7.5,7.25,7.7,$ Per Bushel
2023-02-14,Corn,Michigan,,Truck,6.6075,6.55,6.68,$ Per Bushel
2023-02-14,Corn,Minnesota,,Truck,6.925,6.6,7.16,$ Per Bushel
2023-02-14,Corn,Missouri,,Truck,7.0175,6.85,7.25,$ Per Bushel
2023-02-14,Corn,Nebraska,,Truck,7.2442,7.05,7.7,$ Per Bushel
2023-02-14,Corn,Ohio,,Truck,6.845,6.75,6.95,$ Per Bushel
2023-02-14,Corn,South Dakota,,Truck,6.9892,6.75,7.31,$ Per Bushel
2023-02-14,Corn,Wisconsin,,Truck,6.53,6.4,6.68,$ Per Bushel
2023-02-15,Corn,Illinois,,Truck,6.9108,6.6925,7.2225,$ Per Bushel
2023-02-15,Corn,Indiana,,Truck,6.8769,6.6725,6.9525,$ Per Bushel
2023-02-15,Corn,Iowa,,Truck,7.128,6.8725,7.3225,$ Per Bushel
2023-02-15,Corn,Kansas,,Truck,7.4725,7.2225,7.6725,$ Per Bushel
2023-02-15,Corn,Michigan,,Truck,6.58,6.5225,6.6525,$ Per Bushel
2023-02-15,Corn,Minnesota,,Truck,6.9042,6.5725,7.1325,$ Per Bushel
2023-02-15,Corn,Missouri,,Truck,6.97,6.8225,7.2225,$ Per Bushel
2023-02-15,Corn,Nebraska,,Truck,7.2183,7.0225,7.6725,$ Per Bushel
2023-02-15,Corn,Ohio,,Truck,6.8092,6.7225,6.8925,$ Per Bushel
2023-02-15,Corn,South Dakota,,Truck,6.9617,6.7225,7.2825,$ Per Bushel
2023-02-15,Corn,Wisconsin,,Truck,6.4975,6.3725,6.6525,$ Per Bushel
2023-02-16,Corn,Illinois,,Truck,6.8471,6.6325,7.14,$ Per Bushel
2023-02-16,Corn,Indiana,,Truck,6.8203,6.6925,6.8925,$ Per Bushel
2023-02-16,Corn,Iowa,,Truck,6.7366,6.54,6.87,$ Per Bushel
2023-02-16,Corn,Kansas,,Truck,7.4125,7.1625,7.6125,$ Per Bushel
2023-02-16,Corn,Michigan,,Truck,6.52,6.4625,6.5925,$ Per Bushel
2023-02-16,Corn,Minnesota,,Truck,6.8442,6.5125,7.0725,$ Per Bushel
2023-02-16,Corn,Missouri,,Truck,6.91,6.7625,7.1625,$ Per Bushel
2023-02-16,Corn,Nebraska,,Truck,7.1585,6.9625,7.6125,$ Per Bushel
2023-02-16,Corn,Ohio,,Truck,6.7492,6.6625,6.8325,$ Per Bushel
2023-02-16,Corn,South Dakota,,Truck,6.8948,6.6625,7.2225,$ Per Bushel
2023-02-16,Corn,Wisconsin,,Truck,6.4375,6.3125,6.5925,$ Per Bushel
2023-02-17,Corn,Illinois,,Truck,6.8467,6.63,7.15,$ Per Bushel
2023-02-17,Corn,Indiana,,Truck,6.8178,6.69,6.89,$ Per Bushel
2023-02-17,Corn,Iowa,,Truck,7.0632,6.81,7.26,$ Per Bushel
2023-02-17,Corn,Kansas,,Truck,7.3767,7.16,7.51,$ Per Bushel
2023-02-17,Corn,Michigan,,Truck,6.5175,6.46,6.59,$ Per Bushel
2023-02-17,Corn,Minnesota,,Truck,6.8383,6.51,7.05,$ Per Bushel
2023-02-17,Corn,Missouri,,Truck,6.915,6.76,7.16,$ Per Bushel
2023-02-17,Corn,Nebraska,,Truck,7.1479,7.01,7.46,$ Per Bushel
2023-02-17,Corn,Ohio,,Truck,6.7467,6.66,6.83,$ Per Bushel
2023-02-17,Corn,South Dakota,,Truck,6.8915,6.66,7.22,$ Per Bushel
2023-02-17,Corn,Wisconsin,,Truck,6.435,6.31,6.59,$ Per Bushel
2023-02-21,Corn,Illinois,,Truck,6.8654,6.6475,7.175,$ Per Bushel
2023-02-21,Corn,Indiana,,Truck,6.8283,6.6775,6.9075,$ Per Bushel
2023-02-21,Corn,Iowa,,Truck,6.74,6.5275,6.905,$ Per Bushel
2023-02-21,Corn,Kansas,,Truck,7.3775,7.1275,7.5275,$ Per Bushel
2023-02-21,Corn,Michigan,,Truck,6.5219,6.4775,6.555,$ Per Bushel
2023-02-21,Corn,Minnesota,,Truck,6.8558,6.5275,7.0675,$ Per Bushel
2023-02-21,Corn,Missouri,,Truck,6.9325,6.7775,7.1775,$ Per Bushel
2023-02-21,Corn,Nebraska,,Truck,7.1691,7.0275,7.4775,$ Per Bushel
2023-02-21,Corn,Ohio,,Truck,6.7571,6.6775,6.8275,$ Per Bushel
2023-02-21,Corn,South Dakota,,Truck,6.9044,6.6575,7.2375,$ Per Bushel
2023-02-21,Corn,Wisconsin,,Truck,6.4525,6.3275,6.6075,$ Per Bushel
2023-02-22,Corn,Illinois,,Truck,6.8817,6.675,7.185,$ Per Bushel
2023-02-22,Corn,Indiana,,Truck,6.8472,6.655,6.935,$ Per Bushel
2023-02-22,Corn,Iowa,,Truck,7.1082,6.855,7.305,$ Per Bushel
2023-02-22,Corn,Kansas,,Truck,7.355,7.105,7.555,$ Per Bushel
2023-02-22,Corn,Michigan,,Truck,6.55,6.505,6.585,$ Per Bushel
2023-02-22,Corn,Minnesota,,Truck,6.8833,6.555,7.095,$ Per Bushel
2023-02-22,Corn,Missouri,,Truck,6.95,6.785,7.205,$ Per Bushel
2023-02-22,Corn,Nebraska,,Truck,7.1979,7.005,7.505,$ Per Bushel
2023-02-22,Corn,Ohio,,Truck,6.785,6.705,6.855,$ Per Bushel
2023-02-22,Corn,South Dakota,,Truck,6.9258,6.685,7.225,$ Per Bushel
2023-02-22,Corn,Wisconsin,,Truck,6.48,6.355,6.635,$ Per Bushel
2023-02-23,Corn,Illinois,,Truck,6.8138,6.61,7.1025,$ Per Bushel
2023-02-23,Corn,Indiana,,Truck,6.7825,6.64,6.87,$ Per Bushel
2023-02-23,Corn,Iowa,,Truck,7.0428,6.79,7.24,$ Per Bushel
2023-02-23,Corn,Kansas,,Truck,7.2733,7.04,7.44,$ Per Bushel
2023-02-23,Corn,Michigan,,Truck,6.4863,6.4425,6.5225,$ Per Bushel
2023-02-23,Corn,Minnesota,,Truck,6.8183,6.49,7.03,$ Per Bushel
2023-02-23,Corn,Missouri,,Truck,6.885,6.72,7.14,$ Per Bushel
2023-02-23,Corn,Nebraska,,Truck,7.1341,6.94,7.4425,$ Per Bushel
2023-02-23,Corn,Ohio,,Truck,6.7171,6.64,6.79,$ Per Bushel
2023-02-23,Corn,South Dakota,,Truck,6.8623,6.62,7.16,$ Per Bushel
2023-02-23,Corn,Wisconsin,,Truck,6.415,6.29,6.57,$ Per Bushel
2023-02-24,Corn,Illinois,,Truck,6.6675,6.4725,6.9525,$ Per Bushel
2023-02-24,Corn,Indiana,,Truck,6.6436,6.5025,6.7325,$ Per Bushel
2023-02-24,Corn,Iowa,,Truck,6.5761,6.4525,6.7225,$ Per Bushel
2023-02-24,Corn,Kansas,,Truck,7.1325,6.9025,7.2925,$ Per Bushel
2023-02-24,Corn,Michigan,,Truck,6.3425,6.2925,6.3725,$ Per Bushel
2023-02-24,Corn,Minnesota,,Truck,6.6808,6.3525,6.8925,$ Per Bushel
2023-02-24,Corn,Missouri,,Truck,6.7475,6.5825,7.0025,$ Per Bushel
2023-02-24,Corn,Nebraska,,Truck,6.9882,6.8025,7.3025,$ Per Bushel
2023-02-24,Corn,Ohio,,Truck,6.5592,6.5025,6.6225,$ Per Bushel
2023-02-24,Corn,South Dakota,,Truck,6.7248,6.4825,7.0225,$ Per Bushel
2023-02-24,Corn,Wisconsin,,Truck,6.2775,6.1525,6.4325,$ Per Bushel
2023-02-27,Corn,Illinois,,Truck,6.57,6.37,6.8525,$ Per Bushel
2023-02-27,Corn,Indiana,,Truck,6.5397,6.4,6.6225,$ Per Bushel
2023-02-27,Corn,Iowa,,Truck,6.8003,6.5725,6.9925,$ Per Bushel
2023-02-27,Corn,Kansas,,Truck,7.0308,6.8,7.1925,$ Per Bushel
2023-02-27,Corn,Michigan,,Truck,6.2394,6.1925,6.2725,$ Per Bushel
2023-02-27,Corn,Minnesota,,Truck,6.5817,6.25,6.7825,$ Per Bushel
2023-02-27,Corn,Missouri,,Truck,6.6431,6.48,6.9,$ Per Bushel
2023-02-27,Corn,Nebraska,,Truck,6.8927,6.7,7.2,$ Per Bushel
2023-02-27,Corn,Ohio,,Truck,6.4563,6.4,6.5225,$ Per Bushel
2023-02-27,Corn,South Dakota,,Truck,6.6217,6.38,6.92,$ Per Bushel
2023-02-27,Corn,Wisconsin,,Truck,6.175,6.05,6.33,$ Per Bushel
2023-02-28,Corn,Illinois,,Truck,6.5075,6.2975,6.795,$ Per Bushel
2023-02-28,Corn,Indiana,,Truck,6.4725,6.3275,6.565,$ Per Bushel
2023-02-28,Corn,Iowa,,Truck,6.75,6.515,6.935,$ Per Bushel
2023-02-28,Corn,Kansas,,Truck,6.9658,6.7275,7.135,$ Per Bushel
2023-02-28,Corn,Michigan,,Truck,6.18,6.135,6.215,$ Per Bushel
2023-02-28,Corn,Minnesota,,Truck,6.5258,6.1775,6.765,$ Per Bushel
2023-02-28,Corn,Missouri,,Truck,6.5794,6.4075,6.8275,$ Per Bushel
2023-02-28,Corn,Nebraska,,Truck,6.8263,6.6275,7.1275,$ Per Bushel
2023-02-28,Corn,Ohio,,Truck,6.3996,6.3275,6.515,$ Per Bushel
2023-02-28,Corn,South Dakota,,Truck,6.5669,6.3275,6.8775,$ Per Bushel
2023-02-28,Corn,Wisconsin,,Truck,6.1025,5.9775,6.2575,$ Per Bushel
2023-03-01,Corn,Illinois,,Truck,6.3783,6.165,6.6825,$ Per Bushel
2023-03-01,Corn,Indiana,,Truck,6.3472,6.2525,6.4325,$ Per Bushel
2023-03-01,Corn,Iowa,,Truck,6.6273,6.3825,6.8025,$ Per Bushel
2023-03-01,Corn,Kansas,,Truck,6.8333,6.595,7.0025,$ Per Bushel
2023-03-01,Corn,Michigan,,Truck,6.0458,6.0025,6.0825,$ Per Bushel
2023-03-01,Corn,Minnesota,,Truck,6.3933,6.045,6.6325,$ Per Bushel
2023-03-01,Corn,Missouri,,Truck,6.4288,6.245,6.695,$ Per Bushel
2023-03-01,Corn,Nebraska,,Truck,6.6868,6.5025,6.995,$ Per Bushel
2023-03-01,Corn,Ohio,,Truck,6.2717,6.195,6.3825,$ Per Bushel
2023-03-01,Corn,South Dakota,,Truck,6.4492,6.2225,6.7825,$ Per Bushel
2023-03-01,Corn,Wisconsin,,Truck,5.9719,5.8525,6.125,$ Per Bushel
2023-03-02,Corn,Illinois,,Truck,6.4621,6.2375,6.7675,$ Per Bushel
2023-03-02,Corn,Indiana,,Truck,6.4331,6.3075,6.6075,$ Per Bushel
2023-03-02,Corn,Iowa,,Truck,6.7002,6.4775,6.8775,$ Per Bushel
2023-03-02,Corn,Kansas,,Truck,6.9175,6.6875,7.0575,$ Per Bushel
2023-03-02,Corn,Michigan,,Truck,6.1008,6.0575,6.1375,$ Per Bushel
2023-03-02,Corn,Minnesota,,Truck,6.4675,6.1075,6.6875,$ Per Bushel
2023-03-02,Corn,Missouri,,Truck,6.4875,6.3075,6.7575,$ Per Bushel
2023-03-02,Corn,Nebraska,,Truck,6.7539,6.5575,7.0575,$ Per Bushel
2023-03-02,Corn,Ohio,,Truck,6.3588,6.2775,6.4375,$ Per Bushel
2023-03-02,Corn,South Dakota,,Truck,6.5273,6.2975,6.8375,$ Per Bushel
2023-03-02,Corn,Wisconsin,,Truck,6.0755,5.9075,6.1875,$ Per Bushel
2023-03-03,Corn,Illinois,,Truck,6.4275,6.2175,6.7475,$ Per Bushel
2023-03-03,Corn,Indiana,,Truck,6.4131,6.2875,6.5875,$ Per Bushel
2023-03-03,Corn,Iowa,,Truck,6.393,6.2975,6.5175,$ Per Bushel
2023-03-03,Corn,Kansas,,Truck,6.8975,6.6675,7.0375,$ Per Bushel
2023-03-03,Corn,Michigan,,Truck,6.0808,6.0375,6.1175,$ Per Bushel
2023-03-03,Corn,Minnesota,,Truck,6.4475,6.0875,6.6675,$ Per Bushel
2023-03-03,Corn,Missouri,,Truck,6.4675,6.2875,6.7375,$ Per Bushel
2023-03-03,Corn,Nebraska,,Truck,6.7411,6.5375,7.0375,$ Per Bushel
2023-03-03,Corn,Ohio,,Truck,6.3308,6.2575,6.4175,$ Per Bushel
2023-03-03,Corn,South Dakota,,Truck,6.5098,6.2875,6.8175,$ Per Bushel
2023-03-03,Corn,Wisconsin,,Truck,6.0635,5.8875,6.2075,$ Per Bushel
2023-03-06,Corn,Illinois,,Truck,6.5375,6.2775,6.8275,$ Per Bushel
2023-03-06,Corn,Indiana,,Truck,6.4465,6.2475,6.6475,$ Per Bushel
2023-03-06,Corn,Iowa,,Truck,6.7402,6.5175,6.9175,$ Per Bushel
2023-03-06,Corn,Kansas,,Truck,6.9575,6.7275,7.0975,$ Per Bushel
2023-03-06,Corn,Michigan,,Truck,6.1408,6.0975,6.1775,$ Per Bushel
2023-03-06,Corn,Minnesota,,Truck,6.5075,6.1475,6.7275,$ Per Bushel
2023-03-06,Corn,Missouri,,Truck,6.54,6.3475,6.8475,$ Per Bushel
2023-03-06,Corn,Nebraska,,Truck,6.8146,6.5975,7.0975,$ Per Bushel
2023-03-06,Corn,Ohio,,Truck,6.3908,6.3175,6.4775,$ Per Bushel
2023-03-06,Corn,South Dakota,,Truck,6.5744,6.3475,6.8975,$ Per Bushel
2023-03-06,Corn,Wisconsin,,Truck,6.1155,5.9475,6.2275,$ Per Bushel
2023-03-07,Corn,Illinois,,Truck,6.5143,6.25,6.82,$ Per Bushel
2023-03-07,Corn,Indiana,,Truck,6.419,6.22,6.62,$ Per Bushel
2023-03-07,Corn,Iowa,,Truck,6.4264,6.32,6.59,$ Per Bushel
2023-03-07,Corn,Kansas,,Truck,6.93,6.7,7.07,$ Per Bushel
2023-03-07,Corn,Michigan,,Truck,6.12,6.07,6.17,$ Per Bushel
2023-03-07,Corn,Minnesota,,Truck,6.48,6.12,6.7,$ Per Bushel
2023-03-07,Corn,Missouri,,Truck,6.5125,6.32,6.82,$ Per Bushel
2023-03-07,Corn,Nebraska,,Truck,6.7929,6.57,7.07,$ Per Bushel
2023-03-07,Corn,Ohio,,Truck,6.3733,6.3,6.45,$ Per Bushel
2023-03-07,Corn,South Dakota,,Truck,6.5485,6.32,6.87,$ Per Bushel
2023-03-07,Corn,Wisconsin,,Truck,6.092,5.92,6.2,$ Per Bushel
2023-03-08,Corn,Illinois,,Truck,6.4392,6.2225,6.7925,$ Per Bushel
2023-03-08,Corn,Indiana,,Truck,6.4303,6.2825,6.5925,$ Per Bushel
2023-03-08,Corn,Iowa,,Truck,6.6957,6.4625,6.8825,$ Per Bushel
2023-03-08,Corn,Kansas,,Truck,6.9025,6.6725,7.0425,$ Per Bushel
2023-03-08,Corn,Michigan,,Truck,6.0925,6.0425,6.1425,$ Per Bushel
2023-03-08,Corn,Minnesota,,Truck,6.4525,6.0925,6.6725,$ Per Bushel
2023-03-08,Corn,Missouri,,Truck,6.485,6.2925,6.7925,$ Per Bushel
2023-03-08,Corn,Nebraska,,Truck,6.7711,6.5425,7.0425,$ Per Bushel
2023-03-08,Corn,Ohio,,Truck,6.3458,6.2725,6.4225,$ Per Bushel
2023-03-08,Corn,South Dakota,,Truck,6.54,6.2925,6.8425,$ Per Bushel
2023-03-08,Corn,Wisconsin,,Truck,6.0645,5.8925,6.1725,$ Per Bushel
2023-03-09,Corn,Illinois,,Truck,6.3517,6.135,6.705,$ Per Bushel
2023-03-09,Corn,Indiana,,Truck,6.3428,6.195,6.505,$ Per Bushel
2023-03-09,Corn,Iowa,,Truck,6.6168,6.375,6.795,$ Per Bushel
2023-03-09,Corn,Kansas,,Truck,6.815,6.585,6.955,$ Per Bushel
2023-03-09,Corn,Michigan,,Truck,6.005,5.955,6.055,$ Per Bushel
2023-03-09,Corn,Minnesota,,Truck,6.3683,6.005,6.585,$ Per Bushel
2023-03-09,Corn,Missouri,,Truck,6.3975,6.205,6.705,$ Per Bushel
2023-03-09,Corn,Nebraska,,Truck,6.695,6.455,6.955,$ Per Bushel
2023-03-09,Corn,Ohio,,Truck,6.2583,6.185,6.335,$ Per Bushel
2023-03-09,Corn,South Dakota,,Truck,6.4581,6.205,6.755,$ Per Bushel
2023-03-09,Corn,Wisconsin,,Truck,5.981,5.805,6.085,$ Per Bushel
2023-03-10,Corn,Illinois,,Truck,6.2117,5.995,6.565,$ Per Bushel
2023-03-10,Corn,Indiana,,Truck,6.2083,6.055,6.415,$ Per Bushel
2023-03-10,Corn,Iowa,,Truck,6.4823,6.235,6.675,$ Per Bushel
2023-03-10,Corn,Kansas,,Truck,6.675,6.445,6.815,$ Per Bushel
2023-03-10,Corn,Michigan,,Truck,5.865,5.815,5.915,$ Per Bushel
2023-03-10,Corn,Minnesota,,Truck,6.2717,5.915,6.505,$ Per Bushel
2023-03-10,Corn,Missouri,,Truck,6.2575,6.065,6.565,$ Per Bushel
2023-03-10,Corn,Nebraska,,Truck,6.5643,6.315,6.865,$ Per Bushel
2023-03-10,Corn,Ohio,,Truck,6.1183,6.045,6.195,$ Per Bushel
2023-03-10,Corn,South Dakota,,Truck,6.3173,6.065,6.645,$ Per Bushel
2023-03-10,Corn,Wisconsin,,Truck,5.845,5.665,5.945,$ Per Bushel
2023-03-13,Corn,Illinois,,Truck,6.2908,6.0525,6.6225,$ Per Bushel
2023-03-13,Corn,Indiana,,Truck,6.2658,6.1125,6.4725,$ Per Bushel
2023-03-13,Corn,Iowa,,Truck,6.258,6.0925,6.4225,$ Per Bushel
2023-03-13,Corn,Kansas,,Truck,6.7325,6.5025,6.8725,$ Per Bushel
2023-03-13,Corn,Michigan,,Truck,5.9225,5.8725,5.9725,$ Per Bushel
2023-03-13,Corn,Minnesota,,Truck,6.3342,5.9725,6.5625,$ Per Bushel
2023-03-13,Corn,Missouri,,Truck,6.3275,6.1725,6.6225,$ Per Bushel
2023-03-13,Corn,Nebraska,,Truck,6.6246,6.3725,6.9225,$ Per Bushel
2023-03-13,Corn,Ohio,,Truck,6.1758,6.1025,6.2525,$ Per Bushel
2023-03-13,Corn,South Dakota,,Truck,6.3787,6.1725,6.7025,$ Per Bushel
2023-03-13,Corn,Wisconsin,,Truck,5.9025,5.7225,6.0025,$ Per Bushel
2023-03-14,Corn,Illinois,,Truck,6.2533,6.015,6.585,$ Per Bushel
2023-03-14,Corn,Indiana,,Truck,6.2461,6.185,6.485,$ Per Bushel
2023-03-14,Corn,Iowa,,Truck,6.5159,6.315,6.705,$ Per Bushel
2023-03-14,Corn,Kansas,,Truck,6.695,6.465,6.835,$ Per Bushel
2023-03-14,Corn,Michigan,,Truck,5.885,5.835,5.935,$ Per Bushel
2023-03-14,Corn,Minnesota,,Truck,6.305,5.935,6.525,$ Per Bushel
2023-03-14,Corn,Missouri,,Truck,6.3225,6.135,6.585,$ Per Bushel
2023-03-14,Corn,Nebraska,,Truck,6.5971,6.335,6.885,$ Per Bushel
2023-03-14,Corn,Ohio,,Truck,6.1417,6.065,6.215,$ Per Bushel
2023-03-14,Corn,South Dakota,,Truck,6.3473,6.135,6.685,$ Per Bushel
2023-03-14,Corn,Wisconsin,,Truck,5.865,5.685,5.965,$ Per Bushel
2023-03-15,Corn,Illinois,,Truck,6.3258,6.0875,6.6575,$ Per Bushel
2023-03-15,Corn,Indiana,,Truck,6.3197,6.2575,6.5575,$ Per Bushel
2023-03-15,Corn,Iowa,,Truck,6.5934,6.3875,6.7675,$ Per Bushel
2023-03-15,Corn,Kansas,,Truck,6.7675,6.5375,6.9075,$ Per Bushel
2023-03-15,Corn,Michigan,,Truck,5.9742,5.9075,6.0575,$ Per Bushel
2023-03-15,Corn,Minnesota,,Truck,6.3775,6.0075,6.5975,$ Per Bushel
2023-03-15,Corn,Missouri,,Truck,6.395,6.2075,6.6575,$ Per Bushel
2023-03-15,Corn,Nebraska,,Truck,6.6854,6.4075,6.9575,$ Per Bushel
2023-03-15,Corn,Ohio,,Truck,6.2142,6.1375,6.2875,$ Per Bushel
2023-03-15,Corn,South Dakota,,Truck,6.4244,6.2075,6.7575,$ Per Bushel
2023-03-15,Corn,Wisconsin,,Truck,5.9495,5.7575,6.0475,$ Per Bushel
2023-03-16,Corn,Illinois,,Truck,6.3917,6.145,6.745,$ Per Bushel
2023-03-16,Corn,Indiana,,Truck,6.3917,6.335,6.615,$ Per Bushel
2023-03-16,Corn,Iowa,,Truck,6.6577,6.445,6.855,$ Per Bushel
2023-03-16,Corn,Kansas,,Truck,6.825,6.595,6.965,$ Per Bushel
2023-03-16,Corn,Michigan,,Truck,6.0317,5.965,6.115,$ Per Bushel
2023-03-16,Corn,Minnesota,,Truck,6.45,6.085,6.665,$ Per Bushel
2023-03-16,Corn,Missouri,,Truck,6.4525,6.265,6.715,$ Per Bushel
2023-03-16,Corn,Nebraska,,Truck,6.76,6.565,7.015,$ Per Bushel
2023-03-16,Corn,Ohio,,Truck,6.2717,6.195,6.345,$ Per Bushel
2023-03-16,Corn,South Dakota,,Truck,6.4881,6.265,6.835,$ Per Bushel
2023-03-16,Corn,Wisconsin,,Truck,6.007,5.815,6.105,$ Per Bushel
2023-03-17,Corn,Illinois,,Truck,6.4625,6.2575,6.8075,$ Per Bushel
2023-03-17,Corn,Indiana,,Truck,6.4586,6.3975,6.6775,$ Per Bushel
2023-03-17,Corn,Iowa,,Truck,6.7225,6.5075,6.9175,$ Per Bushel
2023-03-17,Corn,Kansas,,Truck,6.8875,6.6575,7.0275,$ Per Bushel
2023-03-17,Corn,Michigan,,Truck,6.0942,6.0275,6.1775,$ Per Bushel
2023-03-17,Corn,Minnesota,,Truck,6.5175,6.1775,6.7275,$ Per Bushel
2023-03-17,Corn,Missouri,,Truck,6.5275,6.3275,6.7775,$ Per Bushel
2023-03-17,Corn,Nebraska,,Truck,6.8275,6.6275,7.0775,$ Per Bushel
2023-03-17,Corn,Ohio,,Truck,6.3492,6.2775,6.4375,$ Per Bushel
2023-03-17,Corn,South Dakota,,Truck,6.5606,6.3275,6.8975,$ Per Bushel
2023-03-17,Corn,Wisconsin,,Truck,6.0735,5.8775,6.1875,$ Per Bushel
2023-03-20,Corn,Illinois,,Truck,6.4775,6.2725,6.8225,$ Per Bushel
2023-03-20,Corn,Indiana,,Truck,6.4792,6.4125,6.6925,$ Per Bushel
2023-03-20,Corn,Iowa,,Truck,6.438,6.1425,6.6925,$ Per Bushel
2023-03-20,Corn,Kansas,,Truck,6.8925,6.6425,7.0425,$ Per Bushel
2023-03-20,Corn,Michigan,,Truck,6.1092,6.0425,6.1925,$ Per Bushel
2023-03-20,Corn,Minnesota,,Truck,6.5358,6.1925,6.7525,$ Per Bushel
2023-03-20,Corn,Missouri,,Truck,6.5425,6.3425,6.7925,$ Per Bushel
2023-03-20,Corn,Nebraska,,Truck,6.8439,6.6425,7.0925,$ Per Bushel
2023-03-20,Corn,Ohio,,Truck,6.3708,6.2925,6.4525,$ Per Bushel
2023-03-20,Corn,South Dakota,,Truck,6.5771,6.3425,6.9125,$ Per Bushel
2023-03-20,Corn,Wisconsin,,Truck,6.0885,5.8925,6.2025,$ Per Bushel
2023-03-21,Corn,Illinois,,Truck,6.49,6.27,6.81,$ Per Bushel
2023-03-21,Corn,Indiana,,Truck,6.4667,6.4,6.68,$ Per Bushel
2023-03-21,Corn,Iowa,,Truck,6.7414,6.51,6.93,$ Per Bushel
2023-03-21,Corn,Kansas,,Truck,6.88,6.63,7.03,$ Per Bushel
2023-03-21,Corn,Michigan,,Truck,6.0967,6.03,6.18,$ Per Bushel
2023-03-21,Corn,Minnesota,,Truck,6.5233,6.18,6.74,$ Per Bushel
2023-03-21,Corn,Missouri,,Truck,6.53,6.33,6.78,$ Per Bushel
2023-03-21,Corn,Nebraska,,Truck,6.8464,6.63,7.08,$ Per Bushel
2023-03-21,Corn,Ohio,,Truck,6.3583,6.28,6.44,$ Per Bushel
2023-03-21,Corn,South Dakota,,Truck,6.56,6.28,6.9,$ Per Bushel
2023-03-21,Corn,Wisconsin,,Truck,6.08,5.9,6.19,$ Per Bushel
2023-03-22,Corn,Illinois,,Truck,6.4633,6.24,6.78,$ Per Bushel
2023-03-22,Corn,Indiana,,Truck,6.4367,6.37,6.65,$ Per Bushel
2023-03-22,Corn,Iowa,,Truck,6.4055,6.1,6.65,$ Per Bushel
2023-03-22,Corn,Kansas,,Truck,6.8267,6.63,6.95,$ Per Bushel
2023-03-22,Corn,Michigan,,Truck,6.0667,6.0,6.15,$ Per Bushel
2023-03-22,Corn,Minnesota,,Truck,6.4933,6.15,6.71,$ Per Bushel
2023-03-22,Corn,Missouri,,Truck,6.5,6.3,6.75,$ Per Bushel
2023-03-22,Corn,Nebraska,,Truck,6.8157,6.6,7.05,$ Per Bushel
2023-03-22,Corn,Ohio,,Truck,6.3283,6.25,6.41,$ Per Bushel
2023-03-22,Corn,South Dakota,,Truck,6.5308,6.25,6.9,$ Per Bushel
2023-03-22,Corn,Wisconsin,,Truck,6.06,5.92,6.16,$ Per Bushel
2023-03-23,Corn,Illinois,,Truck,6.5033,6.275,6.815,$ Per Bushel
2023-03-23,Corn,Indiana,,Truck,6.4708,6.385,6.685,$ Per Bushel
2023-03-23,Corn,Iowa,,Truck,6.76,6.515,6.985,$ Per Bushel
2023-03-23,Corn,Kansas,,Truck,6.8617,6.665,6.985,$ Per Bushel
2023-03-23,Corn,Michigan,,Truck,6.0792,5.9675,6.185,$ Per Bushel
2023-03-23,Corn,Minnesota,,Truck,6.5433,6.185,6.765,$ Per Bushel
2023-03-23,Corn,Missouri,,Truck,6.535,6.335,6.785,$ Per Bushel
2023-03-23,Corn,Nebraska,,Truck,6.8788,6.635,7.135,$ Per Bushel
2023-03-23,Corn,Ohio,,Truck,6.3717,6.285,6.445,$ Per Bushel
2023-03-23,Corn,South Dakota,,Truck,6.5658,6.285,6.935,$ Per Bushel
2023-03-23,Corn,Wisconsin,,Truck,6.111,5.995,6.195,$ Per Bushel
2023-03-24,Corn,Illinois,,Truck,6.4842,6.2775,6.7975,$ Per Bushel
2023-03-24,Corn,Indiana,,Truck,6.4542,6.3675,6.6675,$ Per Bushel
2023-03-24,Corn,Iowa,,Truck,6.7466,6.4975,6.9675,$ Per Bushel
2023-03-24,Corn,Kansas,,Truck,6.8608,6.6975,6.9675,$ Per Bushel
2023-03-24,Corn,Michigan,,Truck,6.0575,5.9575,6.1675,$ Per Bushel
2023-03-24,Corn,Minnesota,,Truck,6.5342,6.1975,6.7675,$ Per Bushel
2023-03-24,Corn,Missouri,,Truck,6.5175,6.3175,6.7675,$ Per Bushel
2023-03-24,Corn,Nebraska,,Truck,6.8537,6.6175,7.1175,$ Per Bushel
2023-03-24,Corn,Ohio,,Truck,6.3692,6.3375,6.4275,$ Per Bushel
2023-03-24,Corn,South Dakota,,Truck,6.5498,6.2675,6.9175,$ Per Bushel
2023-03-24,Corn,Wisconsin,,Truck,6.0775,5.9775,6.1775,$ Per Bushel
2023-03-27,Corn,Illinois,,Truck,6.5983,6.39,6.91,$ Per Bushel
2023-03-27,Corn,Indiana,,Truck,6.5622,6.48,6.73,$ Per Bushel
2023-03-27,Corn,Iowa,,Truck,6.5355,6.23,6.78,$ Per Bushel
2023-03-27,Corn,Kansas,,Truck,6.9733,6.81,7.08,$ Per Bushel
2023-03-27,Corn,Michigan,,Truck,6.1733,6.08,6.28,$ Per Bushel
2023-03-27,Corn,Minnesota,,Truck,6.6467,6.31,6.88,$ Per Bushel
2023-03-27,Corn,Missouri,,Truck,6.625,6.43,6.88,$ Per Bushel
2023-03-27,Corn,Nebraska,,Truck,6.9662,6.73,7.23,$ Per Bushel
2023-03-27,Corn,Ohio,,Truck,6.4817,6.45,6.54,$ Per Bushel
2023-03-27,Corn,South Dakota,,Truck,6.6562,6.38,7.03,$ Per Bushel
2023-03-27,Corn,Wisconsin,,Truck,6.19,6.09,6.29,$ Per Bushel
2023-03-28,Corn,Illinois,,Truck,6.6508,6.4425,6.9625,$ Per Bushel
2023-03-28,Corn,Indiana,,Truck,6.6164,6.5325,6.7825,$ Per Bushel
2023-03-28,Corn,Iowa,,Truck,6.9075,6.6625,7.1025,$ Per Bushel
2023-03-28,Corn,Kansas,,Truck,7.0258,6.8625,7.1325,$ Per Bushel
2023-03-28,Corn,Michigan,,Truck,6.2308,6.1475,6.3325,$ Per Bushel
2023-03-28,Corn,Minnesota,,Truck,6.7125,6.3625,6.9825,$ Per Bushel
2023-03-28,Corn,Missouri,,Truck,6.7025,6.5325,6.9325,$ Per Bushel
2023-03-28,Corn,Nebraska,,Truck,7.0071,6.7825,7.2825,$ Per Bushel
2023-03-28,Corn,Ohio,,Truck,6.5342,6.5025,6.5925,$ Per Bushel
2023-03-28,Corn,South Dakota,,Truck,6.7098,6.3975,7.1125,$ Per Bushel
2023-03-28,Corn,Wisconsin,,Truck,6.2505,6.1425,6.3825,$ Per Bushel
2023-03-29,Corn,Illinois,,Truck,6.6358,6.4325,6.9525,$ Per Bushel
2023-03-29,Corn,Indiana,,Truck,6.6072,6.5225,6.7725,$ Per Bushel
2023-03-29,Corn,Iowa,,Truck,6.5825,6.2725,6.8225,$ Per Bushel
2023-03-29,Corn,Kansas,,Truck,7.0158,6.8525,7.1225,$ Per Bushel
2023-03-29,Corn,Michigan,,Truck,6.2233,6.145,6.3225,$ Per Bushel
2023-03-29,Corn,Minnesota,,Truck,6.7025,6.3525,6.9725,$ Per Bushel
2023-03-29,Corn,Missouri,,Truck,6.69,6.5225,6.9225,$ Per Bushel
2023-03-29,Corn,Nebraska,,Truck,6.984,6.7725,7.2725,$ Per Bushel
2023-03-29,Corn,Ohio,,Truck,6.5242,6.4925,6.5825,$ Per Bushel
2023-03-29,Corn,South Dakota,,Truck,6.6987,6.395,7.1025,$ Per Bushel
2023-03-29,Corn,Wisconsin,,Truck,6.2405,6.1325,6.3725,$ Per Bushel
2023-03-30,Corn,Illinois,,Truck,6.66,6.465,6.955,$ Per Bushel
2023-03-30,Corn,Indiana,,Truck,6.615,6.405,6.805,$ Per Bushel
2023-03-30,Corn,Iowa,,Truck,6.9182,6.685,7.125,$ Per Bushel
2023-03-30,Corn,Kansas,,Truck,7.02,6.885,7.155,$ Per Bushel
2023-03-30,Corn,Michigan,,Truck,6.2483,6.155,6.355,$ Per Bushel
2023-03-30,Corn,Minnesota,,Truck,6.735,6.385,7.005,$ Per Bushel
2023-03-30,Corn,Missouri,,Truck,6.71,6.555,6.955,$ Per Bushel
2023-03-30,Corn,Nebraska,,Truck,7.0004,6.805,7.305,$ Per Bushel
2023-03-30,Corn,Ohio,,Truck,6.5533,6.505,6.615,$ Per Bushel
2023-03-30,Corn,South Dakota,,Truck,6.7188,6.405,7.135,$ Per Bushel
2023-03-30,Corn,Wisconsin,,Truck,6.273,6.165,6.405,$ Per Bushel
2023-03-31,Corn,Illinois,,Truck,6.65,6.455,6.945,$ Per Bushel
2023-03-31,Corn,Indiana,,Truck,6.6,6.3725,6.795,$ Per Bushel
2023-03-31,Corn,Iowa,,Truck,6.8982,6.675,7.115,$ Per Bushel
2023-03-31,Corn,Kansas,,Truck,7.01,6.875,7.145,$ Per Bushel
2023-03-31,Corn,Michigan,,Truck,6.2308,6.1225,6.345,$ Per Bushel
2023-03-31,Corn,Minnesota,,Truck,6.7213,6.3525,6.995,$ Per Bushel
2023-03-31,Corn,Missouri,,Truck,6.7,6.545,6.945,$ Per Bushel
2023-03-31,Corn,Nebraska,,Truck,6.9827,6.795,7.295,$ Per Bushel
2023-03-31,Corn,Ohio,,Truck,6.5433,6.495,6.605,$ Per Bushel
2023-03-31,Corn,South Dakota,,Truck,6.7002,6.3725,7.125,$ Per Bushel
2023-03-31,Corn,Wisconsin,,Truck,6.271,6.195,6.395,$ Per Bushel
2023-04-03,Corn,Illinois,,Truck,6.755,6.565,7.055,$ Per Bushel
2023-04-03,Corn,Indiana,,Truck,6.705,6.46,6.905,$ Per Bushel
2023-04-03,Corn,Iowa,,Truck,6.735,6.405,6.955,$ Per Bushel
2023-04-03,Corn,Kansas,,Truck,7.12,6.985,7.255,$ Per Bushel
2023-04-03,Corn,Michigan,,Truck,6.3167,6.16,6.455,$ Per Bushel
2023-04-03,Corn,Minnesota,,Truck,6.8225,6.44,7.105,$ Per Bushel
2023-04-03,Corn,Missouri,,Truck,6.7725,6.605,6.955,$ Per Bushel
2023-04-03,Corn,Nebraska,,Truck,7.0835,6.905,7.405,$ Per Bushel
2023-04-03,Corn,Ohio,,Truck,6.645,6.555,6.715,$ Per Bushel
2023-04-03,Corn,South Dakota,,Truck,6.7973,6.46,7.11,$ Per Bushel
2023-04-03,Corn,Wisconsin,,Truck,6.381,6.305,6.505,$ Per Bushel
2023-04-04,Corn,Illinois,,Truck,6.7358,6.5375,7.0375,$ Per Bushel
2023-04-04,Corn,Indiana,,Truck,6.7047,6.49,6.9775,$ Per Bushel
2023-04-04,Corn,Iowa,,Truck,6.7258,6.5775,6.8975,$ Per Bushel
2023-04-04,Corn,Kansas,,Truck,7.1025,6.9775,7.2275,$ Per Bushel
2023-04-04,Corn,Michigan,,Truck,6.3017,6.17,6.4275,$ Per Bushel
2023-04-04,Corn,Minnesota,,Truck,6.8133,6.5,7.0775,$ Per Bushel
2023-04-04,Corn,Missouri,,Truck,6.75,6.5775,6.9275,$ Per Bushel
2023-04-04,Corn,Nebraska,,Truck,7.0584,6.9275,7.3775,$ Per Bushel
2023-04-04,Corn,Ohio,,Truck,6.6558,6.5275,6.7775,$ Per Bushel
2023-04-04,Corn,South Dakota,,Truck,6.7963,6.47,7.12,$ Per Bushel
2023-04-04,Corn,Wisconsin,,Truck,6.3835,6.2775,6.5175,$ Per Bushel
2023-04-05,Corn,Illinois,,Truck,6.7008,6.4975,6.9975,$ Per Bushel
2023-04-05,Corn,Indiana,,Truck,6.6744,6.5875,6.9375,$ Per Bushel
2023-04-05,Corn,Iowa,,Truck,6.6717,6.5375,6.8375,$ Per Bushel
2023-04-05,Corn,Kansas,,Truck,7.1283,6.9175,7.28,$ Per Bushel
2023-04-05,Corn,Michigan,,Truck,6.29,6.1875,6.3675,$ Per Bushel
2023-04-05,Corn,Minnesota,,Truck,6.6638,6.41,7.0375,$ Per Bushel
2023-04-05,Corn,Missouri,,Truck,6.71,6.5375,6.8875,$ Per Bushel
2023-04-05,Corn,Nebraska,,Truck,6.9987,6.83,7.3375,$ Per Bushel
2023-04-05,Corn,Ohio,,Truck,6.6158,6.4875,6.7375,$ Per Bushel
2023-04-05,Corn,South Dakota,,Truck,6.716,6.38,7.03,$ Per Bushel
2023-04-05,Corn,Wisconsin,,Truck,6.3515,6.2375,6.4775,$ Per Bushel
2023-04-06,Corn,Illinois,,Truck,6.6908,6.4875,6.9875,$ Per Bushel
2023-04-06,Corn,Indiana,,Truck,6.6594,6.5275,6.9275,$ Per Bushel
2023-04-06,Corn,Iowa,,Truck,6.9143,6.6875,7.1075,$ Per Bushel
2023-04-06,Corn,Kansas,,Truck,7.12,6.9075,7.275,$ Per Bushel
2023-04-06,Corn,Michigan,,Truck,6.28,6.1775,6.3575,$ Per Bushel
2023-04-06,Corn,Minnesota,,Truck,6.6563,6.405,7.0275,$ Per Bushel
2023-04-06,Corn,Missouri,,Truck,6.7,6.5275,6.8775,$ Per Bushel
2023-04-06,Corn,Nebraska,,Truck,6.9862,6.825,7.3275,$ Per Bushel
2023-04-06,Corn,Ohio,,Truck,6.6058,6.4775,6.7275,$ Per Bushel
2023-04-06,Corn,South Dakota,,Truck,6.7137,6.375,7.025,$ Per Bushel
2023-04-06,Corn,Wisconsin,,Truck,6.3415,6.2475,6.4675,$ Per Bushel
2023-04-07,Corn,Illinois,,Truck,6.5983,6.395,6.895,$ Per Bushel
2023-04-07,Corn,Indiana,,Truck,6.5686,6.435,6.835,$ Per Bushel
2023-04-07,Corn,Iowa,,Truck,6.8249,6.595,7.015,$ Per Bushel
2023-04-07,Corn,Kansas,,Truck,7.0325,6.815,7.1975,$ Per Bushel
2023-04-07,Corn,Michigan,,Truck,6.1488,6.0475,6.235,$ Per Bushel
2023-04-07,Corn,Minnesota,,Truck,6.5713,6.3275,6.935,$ Per Bushel
2023-04-07,Corn,Missouri,,Truck,6.5975,6.375,6.785,$ Per Bushel
2023-04-07,Corn,Nebraska,,Truck,6.8912,6.7475,7.235,$ Per Bushel
2023-04-07,Corn,Ohio,,Truck,6.5133,6.385,6.635,$ Per Bushel
2023-04-07,Corn,South Dakota,,Truck,6.6373,6.2975,6.9475,$ Per Bushel
2023-04-07,Corn,Wisconsin,,Truck,6.249,6.155,6.375,$ Per Bushel
2023-04-10,Corn,Illinois,,Truck,6.5983,6.395,6.895,$ Per Bushel
2023-04-10,Corn,Indiana,,Truck,6.5686,6.435,6.835,$ Per Bushel
2023-04-10,Corn,Iowa,,Truck,6.5817,6.435,6.735,$ Per Bushel
2023-04-10,Corn,Kansas,,Truck,7.0325,6.815,7.1975,$ Per Bushel
2023-04-10,Corn,Michigan,,Truck,6.1488,6.0475,6.235,$ Per Bushel
2023-04-10,Corn,Minnesota,,Truck,6.5713,6.3275,6.935,$ Per Bushel
2023-04-10,Corn,Missouri,,Truck,6.5975,6.375,6.785,$ Per Bushel
2023-04-10,Corn,Nebraska,,Truck,6.8912,6.7475,7.235,$ Per Bushel
2023-04-10,Corn,Ohio,,Truck,6.5133,6.385,6.635,$ Per Bushel
2023-04-10,Corn,South Dakota,,Truck,6.6373,6.2975,6.9475,$ Per Bushel
2023-04-10,Corn,Wisconsin,,Truck,6.249,6.155,6.375,$ Per Bushel
2023-04-11,Corn,Illinois,,Truck,6.7,6.5,7.0,$ Per Bushel
2023-04-11,Corn,Indiana,,Truck,6.6794,6.54,6.94,$ Per Bushel
2023-04-11,Corn,Iowa,,Truck,6.9307,6.725,7.12,$ Per Bushel
2023-04-11,Corn,Kansas,,Truck,7.055,6.92,7.19,$ Per Bushel
2023-04-11,Corn,Michigan,,Truck,6.255,6.155,6.34,$ Per Bushel
2023-04-11,Corn,Minnesota,,Truck,6.72,6.455,7.01,$ Per Bushel
2023-04-11,Corn,Missouri,,Truck,6.73,6.54,6.89,$ Per Bushel
2023-04-11,Corn,Nebraska,,Truck,6.9937,6.855,7.34,$ Per Bushel
2023-04-11,Corn,Ohio,,Truck,6.61,6.49,6.74,$ Per Bushel
2023-04-11,Corn,South Dakota,,Truck,6.7562,6.455,7.055,$ Per Bushel
2023-04-11,Corn,Wisconsin,,Truck,6.354,6.26,6.48,$ Per Bushel
2023-04-12,Corn,Illinois,,Truck,6.67,6.47,6.97,$ Per Bushel
2023-04-12,Corn,Indiana,,Truck,6.6128,6.2775,6.91,$ Per Bushel
2023-04-12,Corn,Iowa,,Truck,6.9005,6.6975,7.09,$ Per Bushel
2023-04-12,Corn,Kansas,,Truck,7.025,6.89,7.16,$ Per Bushel
2023-04-12,Corn,Michigan,,Truck,6.2544,6.1275,6.34,$ Per Bushel
2023-04-12,Corn,Minnesota,,Truck,6.6429,6.3975,6.98,$ Per Bushel
2023-04-12,Corn,Missouri,,Truck,6.7,6.51,6.86,$ Per Bushel
2023-04-12,Corn,Nebraska,,Truck,6.9717,6.8275,7.31,$ Per Bushel
2023-04-12,Corn,Ohio,,Truck,6.58,6.46,6.71,$ Per Bushel
2023-04-12,Corn,South Dakota,,Truck,6.7315,6.4275,7.0275,$ Per Bushel
2023-04-12,Corn,Wisconsin,,Truck,6.328,6.25,6.45,$ Per Bushel
2023-04-13,Corn,Illinois,,Truck,6.7208,6.52,6.9975,$ Per Bushel
2023-04-13,Corn,Indiana,,Truck,6.6503,6.2775,6.9275,$ Per Bushel
2023-04-13,Corn,Iowa,,Truck,6.7708,6.5475,7.06,$ Per Bushel
2023-04-13,Corn,Kansas,,Truck,7.075,6.94,7.21,$ Per Bushel
2023-04-13,Corn,Michigan,,Truck,6.2713,6.1275,6.39,$ Per Bushel
2023-04-13,Corn,Minnesota,,Truck,6.6513,6.3975,7.03,$ Per Bushel
2023-04-13,Corn,Missouri,,Truck,6.7525,6.56,6.91,$ Per Bushel
2023-04-13,Corn,Nebraska,,Truck,6.9763,6.8275,7.36,$ Per Bushel
2023-04-13,Corn,Ohio,,Truck,6.5496,6.2775,6.66,$ Per Bushel
2023-04-13,Corn,South Dakota,,Truck,6.7508,6.4275,7.0275,$ Per Bushel
2023-04-13,Corn,Wisconsin,,Truck,6.357,6.1775,6.5,$ Per Bushel
2023-04-14,Corn,Illinois,,Truck,6.675,6.4825,6.975,$ Per Bushel
2023-04-14,Corn,Indiana,,Truck,6.5936,6.155,6.905,$ Per Bushel
2023-04-14,Corn,Iowa,,Truck,6.8755,6.675,7.125,$ Per Bushel
2023-04-14,Corn,Kansas,,Truck,7.0375,6.9025,7.1725,$ Per Bushel
2023-04-14,Corn,Michigan,,Truck,6.2219,6.105,6.325,$ Per Bushel
2023-04-14,Corn,Minnesota,,Truck,6.6117,6.375,6.905,$ Per Bushel
2023-04-14,Corn,Missouri,,Truck,6.715,6.5225,6.8725,$ Per Bushel
2023-04-14,Corn,Nebraska,,Truck,6.952,6.805,7.3225,$ Per Bushel
2023-04-14,Corn,Ohio,,Truck,6.5554,6.455,6.655,$ Per Bushel
2023-04-14,Corn,South Dakota,,Truck,6.7317,6.405,7.005,$ Per Bushel
2023-04-14,Corn,Wisconsin,,Truck,6.3295,6.155,6.4625,$ Per Bushel
2023-04-17,Corn,Illinois,,Truck,6.8025,6.6225,7.0775,$ Per Bushel
2023-04-17,Corn,Indiana,,Truck,6.7003,6.2575,7.0075,$ Per Bushel
2023-04-17,Corn,Iowa,,Truck,6.978,6.7775,7.2275,$ Per Bushel
2023-04-17,Corn,Kansas,,Truck,7.1775,7.0425,7.3125,$ Per Bushel
2023-04-17,Corn,Michigan,,Truck,6.3338,6.2075,6.4275,$ Per Bushel
2023-04-17,Corn,Minnesota,,Truck,6.7142,6.4775,7.0075,$ Per Bushel
2023-04-17,Corn,Missouri,,Truck,6.855,6.6625,7.0125,$ Per Bushel
2023-04-17,Corn,Nebraska,,Truck,7.0679,6.9075,7.4625,$ Per Bushel
2023-04-17,Corn,Ohio,,Truck,6.6767,6.5575,6.7625,$ Per Bushel
2023-04-17,Corn,South Dakota,,Truck,6.8371,6.5075,7.1075,$ Per Bushel
2023-04-17,Corn,Wisconsin,,Truck,6.4545,6.2575,6.6025,$ Per Bushel
2023-04-18,Corn,Illinois,,Truck,6.8833,6.685,7.145,$ Per Bushel
2023-04-18,Corn,Indiana,,Truck,6.8138,6.675,7.025,$ Per Bushel
2023-04-18,Corn,Iowa,,Truck,6.8325,6.425,7.025,$ Per Bushel
2023-04-18,Corn,Kansas,,Truck,7.265,7.115,7.415,$ Per Bushel
2023-04-18,Corn,Michigan,,Truck,6.4025,6.275,6.495,$ Per Bushel
2023-04-18,Corn,Minnesota,,Truck,6.7733,6.525,7.075,$ Per Bushel
2023-04-18,Corn,Missouri,,Truck,6.9225,6.765,7.025,$ Per Bushel
2023-04-18,Corn,Nebraska,,Truck,7.1043,6.925,7.525,$ Per Bushel
2023-04-18,Corn,Ohio,,Truck,6.7233,6.625,6.865,$ Per Bushel
2023-04-18,Corn,South Dakota,,Truck,6.8981,6.575,7.175,$ Per Bushel
2023-04-18,Corn,Wisconsin,,Truck,6.529,6.325,6.685,$ Per Bushel
2023-04-19,Corn,Illinois,,Truck,6.895,6.695,7.165,$ Per Bushel
2023-04-19,Corn,Indiana,,Truck,6.8338,6.695,7.045,$ Per Bushel
2023-04-19,Corn,Iowa,,Truck,7.0723,6.865,7.345,$ Per Bushel
2023-04-19,Corn,Kansas,,Truck,7.145,7.045,7.245,$ Per Bushel
2023-04-19,Corn,Michigan,,Truck,6.435,6.295,6.515,$ Per Bushel
2023-04-19,Corn,Minnesota,,Truck,6.7933,6.545,7.095,$ Per Bushel
2023-04-19,Corn,Missouri,,Truck,6.9225,6.775,7.045,$ Per Bushel
2023-04-19,Corn,Nebraska,,Truck,7.1179,6.945,7.545,$ Per Bushel
2023-04-19,Corn,Ohio,,Truck,6.72,6.645,6.845,$ Per Bushel
2023-04-19,Corn,South Dakota,,Truck,6.9173,6.595,7.195,$ Per Bushel
2023-04-19,Corn,Wisconsin,,Truck,6.503,6.345,6.605,$ Per Bushel
2023-04-20,Corn,Illinois,,Truck,6.8208,6.595,7.085,$ Per Bushel
2023-04-20,Corn,Indiana,,Truck,6.7538,6.615,6.965,$ Per Bushel
2023-04-20,Corn,Iowa,,Truck,6.9891,6.785,7.265,$ Per Bushel
2023-04-20,Corn,Kansas,,Truck,7.065,6.965,7.165,$ Per Bushel
2023-04-20,Corn,Michigan,,Truck,6.345,6.215,6.435,$ Per Bushel
2023-04-20,Corn,Minnesota,,Truck,6.759,6.485,6.995,$ Per Bushel
2023-04-20,Corn,Missouri,,Truck,6.8581,6.7225,6.965,$ Per Bushel
2023-04-20,Corn,Nebraska,,Truck,7.0514,6.915,7.465,$ Per Bushel
2023-04-20,Corn,Ohio,,Truck,6.64,6.565,6.765,$ Per Bushel
2023-04-20,Corn,South Dakota,,Truck,6.8335,6.515,7.115,$ Per Bushel
2023-04-20,Corn,Wisconsin,,Truck,6.423,6.285,6.525,$ Per Bushel
2023-04-21,Corn,Illinois,,Truck,6.7129,6.49,6.98,$ Per Bushel
2023-04-21,Corn,Indiana,,Truck,6.6488,6.51,6.86,$ Per Bushel
2023-04-21,Corn,Iowa,,Truck,6.6075,6.26,6.83,$ Per Bushel
2023-04-21,Corn,Kansas,,Truck,6.96,6.86,7.06,$ Per Bushel
2023-04-21,Corn,Michigan,,Truck,6.24,6.11,6.33,$ Per Bushel
2023-04-21,Corn,Minnesota,,Truck,6.735,6.66,6.89,$ Per Bushel
2023-04-21,Corn,Missouri,,Truck,6.7663,6.6375,6.91,$ Per Bushel
2023-04-21,Corn,Nebraska,,Truck,6.9464,6.81,7.36,$ Per Bushel
2023-04-21,Corn,Ohio,,Truck,6.535,6.46,6.66,$ Per Bushel
2023-04-21,Corn,South Dakota,,Truck,6.7308,6.44,7.01,$ Per Bushel
2023-04-21,Corn,Wisconsin,,Truck,6.324,6.21,6.42,$ Per Bushel
2023-04-24,Corn,Illinois,,Truck,6.6175,6.3825,6.8725,$ Per Bushel
2023-04-24,Corn,Indiana,,Truck,6.5413,6.4025,6.7525,$ Per Bushel
2023-04-24,Corn,Iowa,,Truck,6.7734,6.5725,7.0025,$ Per Bushel
2023-04-24,Corn,Kansas,,Truck,6.8525,6.7525,6.9525,$ Per Bushel
2023-04-24,Corn,Michigan,,Truck,6.1258,6.0025,6.2225,$ Per Bushel
2023-04-24,Corn,Minnesota,,Truck,6.6275,6.5525,6.7825,$ Per Bushel
2023-04-24,Corn,Missouri,,Truck,6.71,6.6325,6.8025,$ Per Bushel
2023-04-24,Corn,Nebraska,,Truck,6.8425,6.7025,7.2525,$ Per Bushel
2023-04-24,Corn,Ohio,,Truck,6.4275,6.3525,6.5525,$ Per Bushel
2023-04-24,Corn,South Dakota,,Truck,6.6248,6.3325,6.9025,$ Per Bushel
2023-04-24,Corn,Wisconsin,,Truck,6.2165,6.1025,6.3125,$ Per Bushel
2023-04-25,Corn,Illinois,,Truck,6.5329,6.305,6.825,$ Per Bushel
2023-04-25,Corn,Indiana,,Truck,6.4638,6.325,6.675,$ Per Bushel
2023-04-25,Corn,Iowa,,Truck,6.7005,6.495,6.925,$ Per Bushel
2023-04-25,Corn,Kansas,,Truck,6.775,6.675,6.875,$ Per Bushel
2023-04-25,Corn,Michigan,,Truck,6.0483,5.925,6.145,$ Per Bushel
2023-04-25,Corn,Minnesota,,Truck,6.55,6.475,6.705,$ Per Bushel
2023-04-25,Corn,Missouri,,Truck,6.6113,6.5125,6.725,$ Per Bushel
2023-04-25,Corn,Nebraska,,Truck,6.7579,6.625,7.175,$ Per Bushel
2023-04-25,Corn,Ohio,,Truck,6.35,6.275,6.475,$ Per Bushel
2023-04-25,Corn,South Dakota,,Truck,6.5519,6.255,6.825,$ Per Bushel
2023-04-25,Corn,Wisconsin,,Truck,6.139,6.025,6.235,$ Per Bushel
2023-04-26,Corn,Illinois,,Truck,6.5004,6.3075,6.7975,$ Per Bushel
2023-04-26,Corn,Indiana,,Truck,6.475,6.3275,6.6775,$ Per Bushel
2023-04-26,Corn,Iowa,,Truck,6.4458,6.0275,6.6475,$ Per Bushel
2023-04-26,Corn,Kansas,,Truck,6.7775,6.6775,6.8775,$ Per Bushel
2023-04-26,Corn,Michigan,,Truck,6.0942,5.9275,6.2775,$ Per Bushel
2023-04-26,Corn,Minnesota,,Truck,6.5575,6.4775,6.7075,$ Per Bushel
2023-04-26,Corn,Missouri,,Truck,6.5888,6.465,6.7275,$ Per Bushel
2023-04-26,Corn,Nebraska,,Truck,6.7604,6.6275,7.1775,$ Per Bushel
2023-04-26,Corn,Ohio,,Truck,6.3525,6.2775,6.4775,$ Per Bushel
2023-04-26,Corn,South Dakota,,Truck,6.5544,6.2575,6.8275,$ Per Bushel
2023-04-26,Corn,Wisconsin,,Truck,6.1375,6.0275,6.2175,$ Per Bushel
2023-04-27,Corn,Illinois,,Truck,6.395,6.24,6.66,$ Per Bushel
2023-04-27,Corn,Indiana,,Truck,6.3913,6.26,6.61,$ Per Bushel
2023-04-27,Corn,Iowa,,Truck,6.645,6.45,6.86,$ Per Bushel
2023-04-27,Corn,Kansas,,Truck,6.71,6.61,6.81,$ Per Bushel
2023-04-27,Corn,Michigan,,Truck,6.0267,5.86,6.21,$ Per Bushel
2023-04-27,Corn,Minnesota,,Truck,6.49,6.41,6.64,$ Per Bushel
2023-04-27,Corn,Missouri,,Truck,6.5425,6.415,6.71,$ Per Bushel
2023-04-27,Corn,Nebraska,,Truck,6.6929,6.56,7.11,$ Per Bushel
2023-04-27,Corn,Ohio,,Truck,6.285,6.21,6.41,$ Per Bushel
2023-04-27,Corn,South Dakota,,Truck,6.4862,6.16,6.76,$ Per Bushel
2023-04-27,Corn,Wisconsin,,Truck,6.066,5.96,6.13,$ Per Bushel
2023-04-28,Corn,Illinois,,Truck,6.2,6.045,6.465,$ Per Bushel
2023-04-28,Corn,Indiana,,Truck,6.1963,6.065,6.415,$ Per Bushel
2023-04-28,Corn,Iowa,,Truck,6.4541,6.255,6.665,$ Per Bushel
2023-04-28,Corn,Kansas,,Truck,6.515,6.415,6.615,$ Per Bushel
2023-04-28,Corn,Michigan,,Truck,5.8483,5.715,6.015,$ Per Bushel
2023-04-28,Corn,Minnesota,,Truck,6.295,6.215,6.445,$ Per Bushel
2023-04-28,Corn,Missouri,,Truck,6.3725,6.27,6.515,$ Per Bushel
2023-04-28,Corn,Nebraska,,Truck,6.4979,6.365,6.915,$ Per Bushel
2023-04-28,Corn,Ohio,,Truck,6.09,6.015,6.215,$ Per Bushel
2023-04-28,Corn,South Dakota,,Truck,6.2935,5.965,6.565,$ Per Bushel
2023-04-28,Corn,Wisconsin,,Truck,5.871,5.765,5.935,$ Per Bushel
2023-05-01,Corn,Illinois,,Truck,6.235,6.08,6.5,$ Per Bushel
2023-05-01,Corn,Indiana,,Truck,6.2425,6.1,6.45,$ Per Bushel
2023-05-01,Corn,Iowa,,Truck,6.4905,6.29,6.7,$ Per Bushel
2023-05-01,Corn,Kansas,,Truck,6.55,6.45,6.65,$ Per Bushel
2023-05-01,Corn,Michigan,,Truck,5.8833,5.75,6.05,$ Per Bushel
2023-05-01,Corn,Minnesota,,Truck,6.33,6.25,6.48,$ Per Bushel
2023-05-01,Corn,Missouri,,Truck,6.42,6.3,6.55,$ Per Bushel
2023-05-01,Corn,Nebraska,,Truck,6.535,6.4,6.95,$ Per Bushel
2023-05-01,Corn,Ohio,,Truck,6.125,6.05,6.25,$ Per Bushel
2023-05-01,Corn,South Dakota,,Truck,6.3292,6.03,6.6,$ Per Bushel
2023-05-01,Corn,Wisconsin,,Truck,5.906,5.8,5.97,$ Per Bushel
2023-05-02,Corn,Illinois,,Truck,6.23,6.075,6.495,$ Per Bushel
2023-05-02,Corn,Indiana,,Truck,6.2675,6.145,6.495,$ Per Bushel
2023-05-02,Corn,Iowa,,Truck,6.5091,6.285,6.725,$ Per Bushel
2023-05-02,Corn,Kansas,,Truck,6.57,6.445,6.695,$ Per Bushel
2023-05-02,Corn,Michigan,,Truck,5.8783,5.745,6.045,$ Per Bushel
2023-05-02,Corn,Minnesota,,Truck,6.3125,6.245,6.475,$ Per Bushel
2023-05-02,Corn,Missouri,,Truck,6.4075,6.295,6.545,$ Per Bushel
2023-05-02,Corn,Nebraska,,Truck,6.5464,6.395,6.945,$ Per Bushel
2023-05-02,Corn,Ohio,,Truck,6.1533,6.045,6.295,$ Per Bushel
2023-05-02,Corn,South Dakota,,Truck,6.3396,6.025,6.625,$ Per Bushel
2023-05-02,Corn,Wisconsin,,Truck,5.911,5.845,5.965,$ Per Bushel
2023-05-03,Corn,Illinois,,Truck,6.1883,6.03,6.45,$ Per Bushel
2023-05-03,Corn,Indiana,,Truck,6.2463,6.1,6.45,$ Per Bushel
2023-05-03,Corn,Iowa,,Truck,6.1942,5.8,6.37,$ Per Bushel
2023-05-03,Corn,Kansas,,Truck,6.525,6.4,6.65,$ Per Bushel
2023-05-03,Corn,Michigan,,Truck,5.8333,5.7,6.0,$ Per Bushel
2023-05-03,Corn,Minnesota,,Truck,6.2675,6.2,6.43,$ Per Bushel
2023-05-03,Corn,Missouri,,Truck,6.375,6.25,6.5,$ Per Bushel
2023-05-03,Corn,Nebraska,,Truck,6.4785,6.35,6.6,$ Per Bushel
2023-05-03,Corn,Ohio,,Truck,6.1,6.0,6.25,$ Per Bushel
2023-05-03,Corn,South Dakota,,Truck,6.2931,5.98,6.58,$ Per Bushel
2023-05-03,Corn,Wisconsin,,Truck,5.866,5.8,5.92,$ Per Bushel
2023-05-04,Corn,Illinois,,Truck,6.2733,6.115,6.535,$ Per Bushel
2023-05-04,Corn,Indiana,,Truck,6.3313,6.185,6.535,$ Per Bushel
2023-05-04,Corn,Iowa,,Truck,6.5473,6.325,6.765,$ Per Bushel
2023-05-04,Corn,Kansas,,Truck,6.61,6.485,6.735,$ Per Bushel
2023-05-04,Corn,Michigan,,Truck,5.9183,5.785,6.085,$ Per Bushel
2023-05-04,Corn,Minnesota,,Truck,6.3525,6.285,6.515,$ Per Bushel
2023-05-04,Corn,Missouri,,Truck,6.46,6.335,6.585,$ Per Bushel
2023-05-04,Corn,Nebraska,,Truck,6.585,6.435,6.735,$ Per Bushel
2023-05-04,Corn,Ohio,,Truck,6.2017,6.085,6.385,$ Per Bushel
2023-05-04,Corn,South Dakota,,Truck,6.3835,6.065,6.665,$ Per Bushel
2023-05-04,Corn,Wisconsin,,Truck,5.951,5.885,6.005,$ Per Bushel
2023-05-05,Corn,Illinois,,Truck,6.2817,6.12,6.54,$ Per Bushel
2023-05-05,Corn,Indiana,,Truck,6.33,6.19,6.54,$ Per Bushel
2023-05-05,Corn,Iowa,,Truck,6.2883,5.89,6.46,$ Per Bushel
2023-05-05,Corn,Kansas,,Truck,6.625,6.51,6.74,$ Per Bushel
2023-05-05,Corn,Michigan,,Truck,5.9067,5.74,6.09,$ Per Bushel
2023-05-05,Corn,Minnesota,,Truck,6.3575,6.29,6.52,$ Per Bushel
2023-05-05,Corn,Missouri,,Truck,6.465,6.34,6.59,$ Per Bushel
2023-05-05,Corn,Nebraska,,Truck,6.6521,6.44,7.34,$ Per Bushel
2023-05-05,Corn,Ohio,,Truck,6.2067,6.09,6.39,$ Per Bushel
2023-05-05,Corn,South Dakota,,Truck,6.39,6.07,6.69,$ Per Bushel
2023-05-05,Corn,Wisconsin,,Truck,5.956,5.89,6.01,$ Per Bushel
2023-05-08,Corn,Illinois,,Truck,6.3633,6.195,6.615,$ Per Bushel
2023-05-08,Corn,Indiana,,Truck,6.405,6.265,6.615,$ Per Bushel
2023-05-08,Corn,Iowa,,Truck,6.6336,6.405,6.845,$ Per Bushel
2023-05-08,Corn,Kansas,,Truck,6.7,6.585,6.815,$ Per Bushel
2023-05-08,Corn,Michigan,,Truck,5.9817,5.815,6.165,$ Per Bushel
2023-05-08,Corn,Minnesota,,Truck,6.4325,6.365,6.595,$ Per Bushel
2023-05-08,Corn,Missouri,,Truck,6.54,6.365,6.665,$ Per Bushel
2023-05-08,Corn,Nebraska,,Truck,6.7279,6.515,7.415,$ Per Bushel
2023-05-08,Corn,Ohio,,Truck,6.2817,6.165,6.465,$ Per Bushel
2023-05-08,Corn,South Dakota,,Truck,6.4673,6.145,6.765,$ Per Bushel
2023-05-08,Corn,Wisconsin,,Truck,6.031,5.965,6.085,$ Per Bushel
2023-05-09,Corn,Illinois,,Truck,6.3421,6.195,6.615,$ Per Bushel
2023-05-09,Corn,Indiana,,Truck,6.405,6.265,6.615,$ Per Bushel
2023-05-09,Corn,Iowa,,Truck,6.6441,6.415,6.845,$ Per Bushel
2023-05-09,Corn,Kansas,,Truck,6.7,6.585,6.815,$ Per Bushel
2023-05-09,Corn,Michigan,,Truck,5.9817,5.815,6.165,$ Per Bushel
2023-05-09,Corn,Minnesota,,Truck,6.483,6.365,6.625,$ Per Bushel
2023-05-09,Corn,Missouri,,Truck,6.54,6.365,6.665,$ Per Bushel
2023-05-09,Corn,Nebraska,,Truck,6.7307,6.515,7.415,$ Per Bushel
2023-05-09,Corn,Ohio,,Truck,6.2817,6.165,6.465,$ Per Bushel
2023-05-09,Corn,South Dakota,,Truck,6.4735,6.145,6.765,$ Per Bushel
2023-05-09,Corn,Wisconsin,,Truck,6.031,5.965,6.085,$ Per Bushel
2023-05-10,Corn,Illinois,,Truck,6.2275,6.0775,6.4975,$ Per Bushel
2023-05-10,Corn,Indiana,,Truck,6.275,6.1475,6.3975,$ Per Bushel
2023-05-10,Corn,Iowa,,Truck,6.5325,6.2975,6.7275,$ Per Bushel
2023-05-10,Corn,Kansas,,Truck,6.5825,6.4675,6.6975,$ Per Bushel
2023-05-10,Corn,Michigan,,Truck,5.8642,5.6975,6.0475,$ Per Bushel
2023-05-10,Corn,Minnesota,,Truck,6.3695,6.2475,6.5275,$ Per Bushel
2023-05-10,Corn,Missouri,,Truck,6.435,6.2475,6.5475,$ Per Bushel
2023-05-10,Corn,Nebraska,,Truck,6.6282,6.3975,7.2975,$ Per Bushel
2023-05-10,Corn,Ohio,,Truck,6.1808,6.0475,6.3475,$ Per Bushel
2023-05-10,Corn,South Dakota,,Truck,6.3598,6.0275,6.6975,$ Per Bushel
2023-05-10,Corn,Wisconsin,,Truck,5.9035,5.8475,5.9675,$ Per Bushel
2023-05-11,Corn,Illinois,,Truck,6.3417,6.17,6.59,$ Per Bushel
2023-05-11,Corn,Indiana,,Truck,6.3644,6.24,6.49,$ Per Bushel
2023-05-11,Corn,Iowa,,Truck,6.3383,5.94,6.59,$ Per Bushel
2023-05-11,Corn,Kansas,,Truck,6.675,6.56,6.79,$ Per Bushel
2023-05-11,Corn,Michigan,,Truck,5.9567,5.79,6.14,$ Per Bushel
2023-05-11,Corn,Minnesota,,Truck,6.478,6.34,6.65,$ Per Bushel
2023-05-11,Corn,Missouri,,Truck,6.49,6.34,6.64,$ Per Bushel
2023-05-11,Corn,Nebraska,,Truck,6.69,6.49,6.84,$ Per Bushel
2023-05-11,Corn,Ohio,,Truck,6.2817,6.14,6.44,$ Per Bushel
2023-05-11,Corn,South Dakota,,Truck,6.4585,6.12,6.79,$ Per Bushel
2023-05-11,Corn,Wisconsin,,Truck,6.008,5.94,6.12,$ Per Bushel
2023-05-12,Corn,Illinois,,Truck,6.1992,6.0525,6.3225,$ Per Bushel
2023-05-12,Corn,Indiana,,Truck,6.2469,6.1225,6.3725,$ Per Bushel
2023-05-12,Corn,Iowa,,Truck,6.5189,6.2725,6.7025,$ Per Bushel
2023-05-12,Corn,Kansas,,Truck,6.5725,6.4725,6.6725,$ Per Bushel
2023-05-12,Corn,Michigan,,Truck,5.8392,5.6725,6.0225,$ Per Bushel
2023-05-12,Corn,Minnesota,,Truck,6.3605,6.2225,6.5325,$ Per Bushel
2023-05-12,Corn,Missouri,,Truck,6.3425,6.1725,6.5225,$ Per Bushel
2023-05-12,Corn,Nebraska,,Truck,6.5782,6.3725,6.7225,$ Per Bushel
2023-05-12,Corn,Ohio,,Truck,6.1642,6.0225,6.3225,$ Per Bushel
2023-05-12,Corn,South Dakota,,Truck,6.3463,6.0025,6.6725,$ Per Bushel
2023-05-12,Corn,Wisconsin,,Truck,5.9005,5.8225,6.0025,$ Per Bushel
2023-05-15,Corn,Illinois,,Truck,6.2392,6.0925,6.3625,$ Per Bushel
2023-05-15,Corn,Indiana,,Truck,6.2814,6.1125,6.4125,$ Per Bushel
2023-05-15,Corn,Iowa,,Truck,6.5661,6.3125,6.7425,$ Per Bushel
2023-05-15,Corn,Kansas,,Truck,6.6125,6.5125,6.7125,$ Per Bushel
2023-05-15,Corn,Michigan,,Truck,5.8792,5.7125,6.0625,$ Per Bushel
2023-05-15,Corn,Minnesota,,Truck,6.4205,6.3125,6.5725,$ Per Bushel
2023-05-15,Corn,Missouri,,Truck,6.3825,6.2125,6.5625,$ Per Bushel
2023-05-15,Corn,Nebraska,,Truck,6.6289,6.4125,6.7625,$ Per Bushel
2023-05-15,Corn,Ohio,,Truck,6.2042,6.0625,6.3625,$ Per Bushel
2023-05-15,Corn,South Dakota,,Truck,6.384,6.0425,6.7125,$ Per Bushel
2023-05-15,Corn,Wisconsin,,Truck,5.9405,5.8625,6.0425,$ Per Bushel
2023-05-16,Corn,Illinois,,Truck,6.3317,6.155,6.605,$ Per Bushel
2023-05-16,Corn,Indiana,,Truck,6.3383,6.175,6.475,$ Per Bushel
2023-05-16,Corn,Iowa,,Truck,6.6295,6.375,6.805,$ Per Bushel
2023-05-16,Corn,Kansas,,Truck,6.675,6.575,6.775,$ Per Bushel
2023-05-16,Corn,Michigan,,Truck,5.9417,5.775,6.125,$ Per Bushel
2023-05-16,Corn,Minnesota,,Truck,6.487,6.375,6.655,$ Per Bushel
2023-05-16,Corn,Missouri,,Truck,6.4075,6.175,6.625,$ Per Bushel
2023-05-16,Corn,Nebraska,,Truck,6.6929,6.475,6.875,$ Per Bushel
2023-05-16,Corn,Ohio,,Truck,6.2667,6.125,6.425,$ Per Bushel
2023-05-16,Corn,South Dakota,,Truck,6.445,6.105,6.775,$ Per Bushel
2023-05-16,Corn,Wisconsin,,Truck,6.003,5.925,6.105,$ Per Bushel
2023-05-17,Corn,Illinois,,Truck,6.2258,6.0425,6.4925,$ Per Bushel
2023-05-17,Corn,Indiana,,Truck,6.2425,6.1125,6.3625,$ Per Bushel
2023-05-17,Corn,Iowa,,Truck,6.518,6.2625,6.7125,$ Per Bushel
2023-05-17,Corn,Kansas,,Truck,6.5625,6.4625,6.6625,$ Per Bushel
2023-05-17,Corn,Michigan,,Truck,5.8292,5.6625,6.0125,$ Per Bushel
2023-05-17,Corn,Minnesota,,Truck,6.3745,6.2625,6.5425,$ Per Bushel
2023-05-17,Corn,Missouri,,Truck,6.2825,6.0625,6.5125,$ Per Bushel
2023-05-17,Corn,Nebraska,,Truck,6.5904,6.3625,6.7625,$ Per Bushel
2023-05-17,Corn,Ohio,,Truck,6.1625,6.0125,6.3125,$ Per Bushel
2023-05-17,Corn,South Dakota,,Truck,6.3371,5.9925,6.6625,$ Per Bushel
2023-05-17,Corn,Wisconsin,,Truck,5.8905,5.8125,5.9925,$ Per Bushel
2023-05-18,Corn,Illinois,,Truck,6.0117,5.845,6.195,$ Per Bushel
2023-05-18,Corn,Indiana,,Truck,6.0506,5.915,6.215,$ Per Bushel
2023-05-18,Corn,Iowa,,Truck,6.0308,5.615,6.315,$ Per Bushel
2023-05-18,Corn,Kansas,,Truck,6.365,6.265,6.465,$ Per Bushel
2023-05-18,Corn,Michigan,,Truck,5.6317,5.465,5.815,$ Per Bushel
2023-05-18,Corn,Minnesota,,Truck,6.177,6.065,6.345,$ Per Bushel
2023-05-18,Corn,Missouri,,Truck,6.0475,5.765,6.315,$ Per Bushel
2023-05-18,Corn,Nebraska,,Truck,6.3943,6.165,6.565,$ Per Bushel
2023-05-18,Corn,Ohio,,Truck,5.965,5.815,6.115,$ Per Bushel
2023-05-18,Corn,South Dakota,,Truck,6.1373,5.795,6.465,$ Per Bushel
2023-05-18,Corn,Wisconsin,,Truck,5.693,5.615,5.795,$ Per Bushel
2023-05-19,Corn,Illinois,,Truck,5.9325,5.7525,6.1325,$ Per Bushel
2023-05-19,Corn,Indiana,,Truck,5.9881,5.8525,6.1525,$ Per Bushel
2023-05-19,Corn,Iowa,,Truck,6.2693,6.0025,6.4525,$ Per Bushel
2023-05-19,Corn,Kansas,,Truck,6.3025,6.2025,6.4025,$ Per Bushel
2023-05-19,Corn,Michigan,,Truck,5.6092,5.4525,5.8225,$ Per Bushel
2023-05-19,Corn,Minnesota,,Truck,6.1165,6.0025,6.2925,$ Per Bushel
2023-05-19,Corn,Missouri,,Truck,5.985,5.7025,6.2525,$ Per Bushel
2023-05-19,Corn,Nebraska,,Truck,6.3545,6.1025,6.8525,$ Per Bushel
2023-05-19,Corn,Ohio,,Truck,5.9025,5.7525,6.0525,$ Per Bushel
2023-05-19,Corn,South Dakota,,Truck,6.0794,5.7325,6.4125,$ Per Bushel
2023-05-19,Corn,Wisconsin,,Truck,5.6305,5.5525,5.7325,$ Per Bushel
2023-05-22,Corn,Illinois,,Truck,5.9167,5.745,6.125,$ Per Bushel
2023-05-22,Corn,Indiana,,Truck,6.0006,5.845,6.145,$ Per Bushel
2023-05-22,Corn,Iowa,,Truck,5.9683,5.545,6.245,$ Per Bushel
2023-05-22,Corn,Kansas,,Truck,6.295,6.195,6.395,$ Per Bushel
2023-05-22,Corn,Michigan,,Truck,5.585,5.395,5.815,$ Per Bushel
2023-05-22,Corn,Minnesota,,Truck,6.109,5.995,6.285,$ Per Bushel
2023-05-22,Corn,Missouri,,Truck,5.9775,5.695,6.245,$ Per Bushel
2023-05-22,Corn,Nebraska,,Truck,6.3503,6.095,6.845,$ Per Bushel
2023-05-22,Corn,Ohio,,Truck,5.895,5.745,6.045,$ Per Bushel
2023-05-22,Corn,South Dakota,,Truck,6.0742,5.725,6.405,$ Per Bushel
2023-05-22,Corn,Wisconsin,,Truck,5.615,5.545,5.725,$ Per Bushel
2023-05-23,Corn,Illinois,,Truck,6.0817,5.91,6.29,$ Per Bushel
2023-05-23,Corn,Indiana,,Truck,6.1656,6.01,6.31,$ Per Bushel
2023-05-23,Corn,Iowa,,Truck,6.4268,6.16,6.61,$ Per Bushel
2023-05-23,Corn,Kansas,,Truck,6.47,6.38,6.56,$ Per Bushel
2023-05-23,Corn,Michigan,,Truck,5.75,5.56,5.98,$ Per Bushel
2023-05-23,Corn,Minnesota,,Truck,6.28,6.16,6.45,$ Per Bushel
2023-05-23,Corn,Missouri,,Truck,6.1425,5.86,6.41,$ Per Bushel
2023-05-23,Corn,Nebraska,,Truck,6.4864,6.26,6.66,$ Per Bushel
2023-05-23,Corn,Ohio,,Truck,6.06,5.91,6.21,$ Per Bushel
2023-05-23,Corn,South Dakota,,Truck,6.2431,5.89,6.57,$ Per Bushel
2023-05-23,Corn,Wisconsin,,Truck,5.78,5.71,5.89,$ Per Bushel
2023-05-24,Corn,Illinois,,Truck,6.1467,5.975,6.355,$ Per Bushel
2023-05-24,Corn,Indiana,,Truck,6.225,6.075,6.375,$ Per Bushel
2023-05-24,Corn,Iowa,,Truck,6.4905,6.225,6.675,$ Per Bushel
2023-05-24,Corn,Kansas,,Truck,6.51,6.445,6.575,$ Per Bushel
2023-05-24,Corn,Michigan,,Truck,5.815,5.625,6.045,$ Per Bushel
2023-05-24,Corn,Minnesota,,Truck,6.327,6.175,6.515,$ Per Bushel
2023-05-24,Corn,Missouri,,Truck,6.2075,5.925,6.475,$ Per Bushel
2023-05-24,Corn,Nebraska,,Truck,6.5536,6.325,6.725,$ Per Bushel
2023-05-24,Corn,Ohio,,Truck,6.125,5.975,6.275,$ Per Bushel
2023-05-24,Corn,South Dakota,,Truck,6.3081,5.955,6.635,$ Per Bushel
2023-05-24,Corn,Wisconsin,,Truck,5.845,5.775,5.955,$ Per Bushel
2023-05-25,Corn,Illinois,,Truck,6.2608,6.0725,6.4525,$ Per Bushel
2023-05-25,Corn,Indiana,,Truck,6.3192,6.1725,6.4725,$ Per Bushel
2023-05-25,Corn,Iowa,,Truck,6.5843,6.3225,6.7725,$ Per Bushel
2023-05-25,Corn,Kansas,,Truck,6.6075,6.5425,6.6725,$ Per Bushel
2023-05-25,Corn,Michigan,,Truck,5.9125,5.7225,6.1425,$ Per Bushel
2023-05-25,Corn,Minnesota,,Truck,6.4245,6.2725,6.6125,$ Per Bushel
2023-05-25,Corn,Missouri,,Truck,6.285,6.0225,6.5225,$ Per Bushel
2023-05-25,Corn,Nebraska,,Truck,6.6382,6.4225,6.7725,$ Per Bushel
2023-05-25,Corn,Ohio,,Truck,6.2392,6.1225,6.3725,$ Per Bushel
2023-05-25,Corn,South Dakota,,Truck,6.4033,6.0525,6.7325,$ Per Bushel
2023-05-25,Corn,Wisconsin,,Truck,5.9465,5.8725,6.0725,$ Per Bushel
2023-05-26,Corn,Illinois,,Truck,6.2942,6.1075,6.4575,$ Per Bushel
2023-05-26,Corn,Indiana,,Truck,6.3542,6.2075,6.5075,$ Per Bushel
2023-05-26,Corn,Iowa,,Truck,6.6207,6.3575,6.8075,$ Per Bushel
2023-05-26,Corn,Kansas,,Truck,6.5925,6.5775,6.6075,$ Per Bushel
2023-05-26,Corn,Michigan,,Truck,5.9475,5.7575,6.1775,$ Per Bushel
2023-05-26,Corn,Minnesota,,Truck,6.4595,6.3075,6.6475,$ Per Bushel
2023-05-26,Corn,Missouri,,Truck,6.3325,6.1075,6.5575,$ Per Bushel
2023-05-26,Corn,Nebraska,,Truck,6.6604,6.4575,6.8075,$ Per Bushel
2023-05-26,Corn,Ohio,,Truck,6.2742,6.1575,6.4075,$ Per Bushel
2023-05-26,Corn,South Dakota,,Truck,6.4413,6.0875,6.8075,$ Per Bushel
2023-05-26,Corn,Wisconsin,,Truck,5.9815,5.9075,6.1075,$ Per Bushel
2023-05-30,Corn,Illinois,,Truck,6.435,6.24,6.64,$ Per Bushel
2023-05-30,Corn,Indiana,,Truck,6.4756,6.34,6.64,$ Per Bushel
2023-05-30,Corn,Iowa,,Truck,6.5133,6.04,6.69,$ Per Bushel
2023-05-30,Corn,Kansas,,Truck,6.7,6.69,6.71,$ Per Bushel
2023-05-30,Corn,Michigan,,Truck,6.08,5.89,6.31,$ Per Bushel
2023-05-30,Corn,Minnesota,,Truck,6.568,6.39,6.75,$ Per Bushel
2023-05-30,Corn,Missouri,,Truck,6.415,6.19,6.69,$ Per Bushel
2023-05-30,Corn,Nebraska,,Truck,6.7771,6.59,6.94,$ Per Bushel
2023-05-30,Corn,Ohio,,Truck,6.39,6.24,6.54,$ Per Bushel
2023-05-30,Corn,South Dakota,,Truck,6.5723,6.22,6.94,$ Per Bushel
2023-05-30,Corn,Wisconsin,,Truck,6.108,6.04,6.24,$ Per Bushel
2023-05-31,Corn,Illinois,,Truck,6.335,6.14,6.54,$ Per Bushel
2023-05-31,Corn,Indiana,,Truck,6.3756,6.24,6.54,$ Per Bushel
2023-05-31,Corn,Iowa,,Truck,6.6409,6.39,6.84,$ Per Bushel
2023-05-31,Corn,Kansas,,Truck,6.6,6.59,6.61,$ Per Bushel
2023-05-31,Corn,Michigan,,Truck,6.0067,5.79,6.19,$ Per Bushel
2023-05-31,Corn,Minnesota,,Truck,6.456,6.29,6.62,$ Per Bushel
2023-05-31,Corn,Missouri,,Truck,6.2925,6.03,6.59,$ Per Bushel
2023-05-31,Corn,Nebraska,,Truck,6.6736,6.49,6.84,$ Per Bushel
2023-05-31,Corn,Ohio,,Truck,6.29,6.14,6.44,$ Per Bushel
2023-05-31,Corn,South Dakota,,Truck,6.4677,6.12,6.84,$ Per Bushel
2023-05-31,Corn,Wisconsin,,Truck,5.992,5.88,6.14,$ Per Bushel
2023-06-01,Corn,Illinois,,Truck,6.37,6.14,6.71,$ Per Bushel
2023-06-01,Corn,Indiana,,Truck,6.4,6.29,6.54,$ Per Bushel
2023-06-01,Corn,Iowa,,Truck,6.6563,6.46,6.84,$ Per Bushel
2023-06-01,Corn,Kansas,,Truck,6.6,6.59,6.61,$ Per Bushel
2023-06-01,Corn,Michigan,,Truck,6.04,5.79,6.19,$ Per Bushel
2023-06-01,Corn,Minnesota,,Truck,6.438,6.24,6.6,$ Per Bushel
2023-06-01,Corn,Missouri,,Truck,6.2563,5.9125,6.59,$ Per Bushel
2023-06-01,Corn,Nebraska,,Truck,6.6461,6.49,6.84,$ Per Bushel
2023-06-01,Corn,Ohio,,Truck,6.3067,6.14,6.44,$ Per Bushel
2023-06-01,Corn,South Dakota,,Truck,6.4708,6.14,6.82,$ Per Bushel
2023-06-01,Corn,Wisconsin,,Truck,6.002,5.92,6.14,$ Per Bushel
2023-06-02,Corn,Illinois,,Truck,6.3483,6.125,6.695,$ Per Bushel
2023-06-02,Corn,Indiana,,Truck,6.385,6.275,6.525,$ Per Bushel
2023-06-02,Corn,Iowa,,Truck,6.6344,6.425,6.8425,$ Per Bushel
2023-06-02,Corn,Kansas,,Truck,6.585,6.575,6.595,$ Per Bushel
2023-06-02,Corn,Michigan,,Truck,6.025,5.775,6.175,$ Per Bushel
2023-06-02,Corn,Minnesota,,Truck,6.423,6.225,6.585,$ Per Bushel
2023-06-02,Corn,Missouri,,Truck,6.2913,6.0025,6.575,$ Per Bushel
2023-06-02,Corn,Nebraska,,Truck,6.5132,6.325,6.725,$ Per Bushel
2023-06-02,Corn,Ohio,,Truck,6.3,6.125,6.425,$ Per Bushel
2023-06-02,Corn,South Dakota,,Truck,6.4458,6.125,6.775,$ Per Bushel
2023-06-02,Corn,Wisconsin,,Truck,5.967,5.855,6.125,$ Per Bushel
2023-06-05,Corn,Illinois,,Truck,6.535,6.32,6.86,$ Per Bushel
2023-06-05,Corn,Indiana,,Truck,6.55,6.48,6.64,$ Per Bushel
2023-06-05,Corn,Iowa,,Truck,6.773,6.59,7.0,$ Per Bushel
2023-06-05,Corn,Kansas,,Truck,6.75,6.74,6.76,$ Per Bushel
2023-06-05,Corn,Michigan,,Truck,6.19,5.94,6.34,$ Per Bushel
2023-06-05,Corn,Minnesota,,Truck,6.548,6.29,6.75,$ Per Bushel
2023-06-05,Corn,Missouri,,Truck,6.425,6.115,6.74,$ Per Bushel
2023-06-05,Corn,Nebraska,,Truck,6.6529,6.46,6.89,$ Per Bushel
2023-06-05,Corn,Ohio,,Truck,6.465,6.29,6.59,$ Per Bushel
2023-06-05,Corn,South Dakota,,Truck,6.56,6.29,6.89,$ Per Bushel
2023-06-05,Corn,Wisconsin,,Truck,6.13,6.01,6.29,$ Per Bushel
2023-06-06,Corn,Illinois,,Truck,6.3583,6.205,6.475,$ Per Bushel
2023-06-06,Corn,Indiana,,Truck,6.435,6.365,6.525,$ Per Bushel
2023-06-06,Corn,Iowa,,Truck,6.4898,6.375,6.6025,$ Per Bushel
2023-06-06,Corn,Kansas,,Truck,6.6575,6.625,6.7025,$ Per Bushel
2023-06-06,Corn,Michigan,,Truck,6.075,5.825,6.225,$ Per Bushel
2023-06-06,Corn,Minnesota,,Truck,6.4105,6.175,6.5625,$ Per Bushel
2023-06-06,Corn,Missouri,,Truck,6.3338,6.0625,6.595,$ Per Bushel
2023-06-06,Corn,Nebraska,,Truck,6.5282,6.345,6.775,$ Per Bushel
2023-06-06,Corn,Ohio,,Truck,6.35,6.175,6.475,$ Per Bushel
2023-06-06,Corn,South Dakota,,Truck,6.4573,6.175,6.775,$ Per Bushel
2023-06-06,Corn,Wisconsin,,Truck,6.007,5.875,6.175,$ Per Bushel
2023-06-07,Corn,Illinois,,Truck,6.4717,6.31,6.58,$ Per Bushel
2023-06-07,Corn,Indiana,,Truck,6.53,6.43,6.63,$ Per Bushel
2023-06-07,Corn,Iowa,,Truck,6.723,6.525,6.88,$ Per Bushel
2023-06-07,Corn,Kansas,,Truck,6.7417,6.73,6.75,$ Per Bushel
2023-06-07,Corn,Michigan,,Truck,6.18,5.93,6.33,$ Per Bushel
2023-06-07,Corn,Minnesota,,Truck,6.493,6.28,6.605,$ Per Bushel
2023-06-07,Corn,Missouri,,Truck,6.385,6.065,6.65,$ Per Bushel
2023-06-07,Corn,Nebraska,,Truck,6.5861,6.38,6.88,$ Per Bushel
2023-06-07,Corn,Ohio,,Truck,6.455,6.28,6.58,$ Per Bushel
2023-06-07,Corn,South Dakota,,Truck,6.5677,6.28,6.88,$ Per Bushel
2023-06-07,Corn,Wisconsin,,Truck,6.112,5.96,6.3,$ Per Bushel
2023-06-08,Corn,Illinois,,Truck,6.4408,6.2725,6.5425,$ Per Bushel
2023-06-08,Corn,Indiana,,Truck,6.4903,6.3925,6.5925,$ Per Bushel
2023-06-08,Corn,Iowa,,Truck,6.6035,6.4,6.7925,$ Per Bushel
2023-06-08,Corn,Kansas,,Truck,6.6683,6.6425,6.7125,$ Per Bushel
2023-06-08,Corn,Michigan,,Truck,6.1425,5.8925,6.2925,$ Per Bushel
2023-06-08,Corn,Minnesota,,Truck,6.4155,6.2425,6.51,$ Per Bushel
2023-06-08,Corn,Missouri,,Truck,6.3188,5.97,6.6125,$ Per Bushel
2023-06-08,Corn,Nebraska,,Truck,6.4868,6.32,6.6925,$ Per Bushel
2023-06-08,Corn,Ohio,,Truck,6.4175,6.2425,6.5425,$ Per Bushel
2023-06-08,Corn,South Dakota,,Truck,6.4988,6.2025,6.7625,$ Per Bushel
2023-06-08,Corn,Wisconsin,,Truck,6.062,5.9,6.2625,$ Per Bushel
2023-06-09,Corn,Illinois,,Truck,6.4875,6.3325,6.6125,$ Per Bushel
2023-06-09,Corn,Indiana,,Truck,6.5347,6.4525,6.6525,$ Per Bushel
2023-06-09,Corn,Iowa,,Truck,6.6263,6.285,6.8525,$ Per Bushel
2023-06-09,Corn,Kansas,,Truck,6.6775,6.6525,6.7025,$ Per Bushel
2023-06-09,Corn,Michigan,,Truck,6.2025,5.9525,6.3525,$ Per Bushel
2023-06-09,Corn,Minnesota,,Truck,6.432,6.3025,6.575,$ Per Bushel
2023-06-09,Corn,Missouri,,Truck,6.3163,6.005,6.5725,$ Per Bushel
2023-06-09,Corn,Nebraska,,Truck,6.3557,6.185,6.535,$ Per Bushel
2023-06-09,Corn,Ohio,,Truck,6.4525,6.3025,6.6025,$ Per Bushel
2023-06-09,Corn,South Dakota,,Truck,6.5221,6.2025,6.735,$ Per Bushel
2023-06-09,Corn,Wisconsin,,Truck,6.111,5.935,6.3225,$ Per Bushel
2023-06-12,Corn,Illinois,,Truck,6.3925,6.2725,6.4925,$ Per Bushel
2023-06-12,Corn,Indiana,,Truck,6.4317,6.3425,6.4925,$ Per Bushel
2023-06-12,Corn,Iowa,,Truck,6.3994,6.2425,6.545,$ Per Bushel
2023-06-12,Corn,Kansas,,Truck,6.5425,6.4425,6.6425,$ Per Bushel
2023-06-12,Corn,Michigan,,Truck,6.1092,5.8925,6.2425,$ Per Bushel
2023-06-12,Corn,Minnesota,,Truck,6.3005,6.1925,6.465,$ Per Bushel
2023-06-12,Corn,Missouri,,Truck,6.2663,5.965,6.5125,$ Per Bushel
2023-06-12,Corn,Nebraska,,Truck,6.3021,6.095,6.495,$ Per Bushel
2023-06-12,Corn,Ohio,,Truck,6.3508,6.2425,6.5425,$ Per Bushel
2023-06-12,Corn,South Dakota,,Truck,6.3567,6.045,6.695,$ Per Bushel
2023-06-12,Corn,Wisconsin,,Truck,6.045,5.845,6.2625,$ Per Bushel
2023-06-13,Corn,Illinois,,Truck,6.5225,6.4025,6.6225,$ Per Bushel
2023-06-13,Corn,Indiana,,Truck,6.5461,6.4725,6.6225,$ Per Bushel
2023-06-13,Corn,Iowa,,Truck,6.6867,6.3725,6.885,$ Per Bushel
2023-06-13,Corn,Kansas,,Truck,6.6725,6.5725,6.7725,$ Per Bushel
2023-06-13,Corn,Michigan,,Truck,6.2392,6.0225,6.3725,$ Per Bushel
2023-06-13,Corn,Minnesota,,Truck,6.4285,6.235,6.655,$ Per Bushel
2023-06-13,Corn,Missouri,,Truck,6.3713,6.155,6.5225,$ Per Bushel
2023-06-13,Corn,Nebraska,,Truck,6.4643,6.285,6.685,$ Per Bushel
2023-06-13,Corn,Ohio,,Truck,6.4392,6.2725,6.6725,$ Per Bushel
2023-06-13,Corn,South Dakota,,Truck,6.4783,6.035,6.885,$ Per Bushel
2023-06-13,Corn,Wisconsin,,Truck,6.183,6.015,6.3925,$ Per Bushel
2023-06-14,Corn,Illinois,,Truck,6.4583,6.345,6.575,$ Per Bushel
2023-06-14,Corn,Indiana,,Truck,6.4711,6.375,6.56,$ Per Bushel
2023-06-14,Corn,Iowa,,Truck,6.5571,6.275,6.73,$ Per Bushel
2023-06-14,Corn,Kansas,,Truck,6.625,6.525,6.725,$ Per Bushel
2023-06-14,Corn,Michigan,,Truck,6.1817,5.975,6.325,$ Per Bushel
2023-06-14,Corn,Minnesota,,Truck,6.413,6.26,6.61,$ Per Bushel
2023-06-14,Corn,Missouri,,Truck,6.335,6.18,6.475,$ Per Bushel
2023-06-14,Corn,Nebraska,,Truck,6.4636,6.31,6.66,$ Per Bushel
2023-06-14,Corn,Ohio,,Truck,6.3467,6.125,6.625,$ Per Bushel
2023-06-14,Corn,South Dakota,,Truck,6.4304,6.075,6.84,$ Per Bushel
2023-06-14,Corn,Wisconsin,,Truck,6.128,5.925,6.285,$ Per Bushel
2023-06-15,Corn,Illinois,,Truck,6.3546,6.2775,6.4775,$ Per Bushel
2023-06-15,Corn,Indiana,,Truck,6.39,6.3275,6.4275,$ Per Bushel
2023-06-15,Corn,Iowa,,Truck,6.6067,6.3275,6.85,$ Per Bushel
2023-06-15,Corn,Kansas,,Truck,6.5388,6.4775,6.6,$ Per Bushel
2023-06-15,Corn,Michigan,,Truck,6.1583,6.05,6.2775,$ Per Bushel
2023-06-15,Corn,Minnesota,,Truck,6.3046,5.95,6.6,$ Per Bushel
2023-06-15,Corn,Missouri,,Truck,6.2994,6.17,6.4,$ Per Bushel
2023-06-15,Corn,Nebraska,,Truck,6.43,6.3,6.6,$ Per Bushel
2023-06-15,Corn,Ohio,,Truck,6.2992,6.0775,6.5775,$ Per Bushel
2023-06-15,Corn,South Dakota,,Truck,6.3275,5.9,6.77,$ Per Bushel
2023-06-15,Corn,Wisconsin,,Truck,6.032,5.8,6.2375,$ Per Bushel
2023-06-16,Corn,Illinois,,Truck,6.495,6.4325,6.65,$ Per Bushel
2023-06-16,Corn,Indiana,,Truck,6.5114,6.4325,6.5725,$ Per Bushel
2023-06-16,Corn,Iowa,,Truck,6.6806,6.3825,6.95,$ Per Bushel
2023-06-16,Corn,Kansas,,Truck,6.7163,6.6325,6.8,$ Per Bushel
2023-06-16,Corn,Michigan,,Truck,6.3358,6.2325,6.475,$ Per Bushel
2023-06-16,Corn,Minnesota,,Truck,6.4804,6.2,6.8,$ Per Bushel
2023-06-16,Corn,Missouri,,Truck,6.4881,6.35,6.65,$ Per Bushel
2023-06-16,Corn,Nebraska,,Truck,6.6179,6.45,6.8,$ Per Bushel
2023-06-16,Corn,Ohio,,Truck,6.4146,6.2325,6.695,$ Per Bushel
2023-06-16,Corn,South Dakota,,Truck,6.454,6.15,6.7,$ Per Bushel
2023-06-16,Corn,Wisconsin,,Truck,6.1235,6.0,6.3325,$ Per Bushel
2023-06-20,Corn,Illinois,,Truck,6.6196,6.49,6.76,$ Per Bushel
2023-06-20,Corn,Indiana,,Truck,6.6203,6.5025,6.7025,$ Per Bushel
2023-06-20,Corn,Iowa,,Truck,6.8093,6.54,7.14,$ Per Bushel
2023-06-20,Corn,Kansas,,Truck,6.8463,6.7525,6.94,$ Per Bushel
2023-06-20,Corn,Michigan,,Truck,6.4992,6.3525,6.605,$ Per Bushel
2023-06-20,Corn,Minnesota,,Truck,6.5671,6.29,6.89,$ Per Bushel
2023-06-20,Corn,Missouri,,Truck,6.5556,6.39,6.74,$ Per Bushel
2023-06-20,Corn,Nebraska,,Truck,6.69,6.39,6.99,$ Per Bushel
2023-06-20,Corn,Ohio,,Truck,6.5646,6.4025,6.845,$ Per Bushel
2023-06-20,Corn,South Dakota,,Truck,6.4294,6.24,6.6525,$ Per Bushel
2023-06-20,Corn,Wisconsin,,Truck,6.342,6.1725,6.4825,$ Per Bushel
2023-06-21,Corn,Illinois,,Truck,6.6088,6.48,6.65,$ Per Bushel
2023-06-21,Corn,Indiana,,Truck,6.6353,6.525,6.7375,$ Per Bushel
2023-06-21,Corn,Iowa,,Truck,6.6966,6.38,6.93,$ Per Bushel
2023-06-21,Corn,Kansas,,Truck,6.79,6.65,6.93,$ Per Bushel
2023-06-21,Corn,Michigan,,Truck,6.5075,6.3875,6.605,$ Per Bushel
2023-06-21,Corn,Minnesota,,Truck,6.4133,6.23,6.63,$ Per Bushel
2023-06-21,Corn,Missouri,,Truck,6.4569,6.23,6.73,$ Per Bushel
2023-06-21,Corn,Nebraska,,Truck,6.6264,6.38,6.83,$ Per Bushel
2023-06-21,Corn,Ohio,,Truck,6.4771,6.3375,6.695,$ Per Bushel
2023-06-21,Corn,South Dakota,,Truck,6.3721,6.13,6.58,$ Per Bushel
2023-06-21,Corn,Wisconsin,,Truck,6.326,6.03,6.4875,$ Per Bushel
2023-06-22,Corn,Illinois,,Truck,6.8608,6.735,6.915,$ Per Bushel
2023-06-22,Corn,Indiana,,Truck,6.8464,6.71,6.96,$ Per Bushel
2023-06-22,Corn,Iowa,,Truck,6.8828,6.635,7.085,$ Per Bushel
2023-06-22,Corn,Kansas,,Truck,7.035,6.935,7.135,$ Per Bushel
2023-06-22,Corn,Michigan,,Truck,6.7708,6.66,6.835,$ Per Bushel
2023-06-22,Corn,Minnesota,,Truck,6.6517,6.435,6.935,$ Per Bushel
2023-06-22,Corn,Missouri,,Truck,6.695,6.525,6.885,$ Per Bushel
2023-06-22,Corn,Nebraska,,Truck,6.8636,6.635,7.085,$ Per Bushel
2023-06-22,Corn,Ohio,,Truck,6.7346,6.56,6.9575,$ Per Bushel
2023-06-22,Corn,South Dakota,,Truck,6.6212,6.385,6.885,$ Per Bushel
2023-06-22,Corn,Wisconsin,,Truck,6.575,6.235,6.76,$ Per Bushel
2023-06-23,Corn,Illinois,,Truck,6.7742,6.67,6.92,$ Per Bushel
2023-06-23,Corn,Indiana,,Truck,6.7747,6.57,7.105,$ Per Bushel
2023-06-23,Corn,Iowa,,Truck,6.8103,6.57,6.97,$ Per Bushel
2023-06-23,Corn,Kansas,,Truck,6.945,6.82,7.07,$ Per Bushel
2023-06-23,Corn,Michigan,,Truck,6.6708,6.505,6.77,$ Per Bushel
2023-06-23,Corn,Minnesota,,Truck,6.4783,6.17,6.77,$ Per Bushel
2023-06-23,Corn,Missouri,,Truck,6.6125,6.46,6.77,$ Per Bushel
2023-06-23,Corn,Nebraska,,Truck,6.7607,6.49,7.02,$ Per Bushel
2023-06-23,Corn,Ohio,,Truck,6.6254,6.505,6.8775,$ Per Bushel
2023-06-23,Corn,South Dakota,,Truck,6.4946,6.27,6.67,$ Per Bushel
2023-06-23,Corn,Wisconsin,,Truck,6.478,6.17,6.655,$ Per Bushel
2023-06-26,Corn,Illinois,,Truck,6.4592,6.3475,6.5975,$ Per Bushel
2023-06-26,Corn,Indiana,,Truck,6.46,6.2475,6.8075,$ Per Bushel
2023-06-26,Corn,Iowa,,Truck,6.4653,6.2475,6.5975,$ Per Bushel
2023-06-26,Corn,Kansas,,Truck,6.6225,6.4975,6.7475,$ Per Bushel
2023-06-26,Corn,Michigan,,Truck,6.345,6.2075,6.4475,$ Per Bushel
2023-06-26,Corn,Minnesota,,Truck,6.1475,5.8475,6.3975,$ Per Bushel
2023-06-26,Corn,Missouri,,Truck,6.2625,6.1375,6.4475,$ Per Bushel
2023-06-26,Corn,Nebraska,,Truck,6.4118,6.0975,6.6975,$ Per Bushel
2023-06-26,Corn,Ohio,,Truck,6.3229,6.2075,6.55,$ Per Bushel
2023-06-26,Corn,South Dakota,,Truck,6.1537,5.8975,6.3475,$ Per Bushel
2023-06-26,Corn,Wisconsin,,Truck,6.1755,5.8475,6.3575,$ Per Bushel
2023-06-27,Corn,Illinois,,Truck,6.4763,6.34,6.59,$ Per Bushel
2023-06-27,Corn,Indiana,,Truck,6.4631,6.24,6.8725,$ Per Bushel
2023-06-27,Corn,Iowa,,Truck,6.5127,6.34,6.64,$ Per Bushel
2023-06-27,Corn,Kansas,,Truck,6.615,6.49,6.74,$ Per Bushel
2023-06-27,Corn,Michigan,,Truck,6.365,6.2725,6.44,$ Per Bushel
2023-06-27,Corn,Minnesota,,Truck,6.16,5.89,6.41,$ Per Bushel
2023-06-27,Corn,Missouri,,Truck,6.255,6.13,6.44,$ Per Bushel
2023-06-27,Corn,Nebraska,,Truck,6.4007,6.09,6.64,$ Per Bushel
2023-06-27,Corn,Ohio,,Truck,6.3888,6.2725,6.5525,$ Per Bushel
2023-06-27,Corn,South Dakota,,Truck,6.13,5.89,6.34,$ Per Bushel
2023-06-27,Corn,Wisconsin,,Truck,6.1955,5.84,6.4225,$ Per Bushel
2023-06-28,Corn,Illinois,,Truck,6.1638,6.0625,6.3125,$ Per Bushel
2023-06-28,Corn,Indiana,,Truck,6.2164,5.9625,6.83,$ Per Bushel
2023-06-28,Corn,Iowa,,Truck,6.1906,6.0125,6.3625,$ Per Bushel
2023-06-28,Corn,Kansas,,Truck,6.3375,6.2125,6.4625,$ Per Bushel
2023-06-28,Corn,Michigan,,Truck,6.0783,5.9625,6.1625,$ Per Bushel
2023-06-28,Corn,Minnesota,,Truck,5.8825,5.6125,6.1325,$ Per Bushel
2023-06-28,Corn,Missouri,,Truck,5.9775,5.8525,6.1625,$ Per Bushel
2023-06-28,Corn,Nebraska,,Truck,6.1232,5.8125,6.3625,$ Per Bushel
2023-06-28,Corn,Ohio,,Truck,6.1433,6.0625,6.28,$ Per Bushel
2023-06-28,Corn,South Dakota,,Truck,5.8333,5.5625,6.0625,$ Per Bushel
2023-06-28,Corn,Wisconsin,,Truck,5.979,5.5625,6.28,$ Per Bushel
2023-06-29,Corn,Illinois,,Truck,5.8958,5.8125,6.0625,$ Per Bushel
2023-06-29,Corn,Indiana,,Truck,5.9639,5.7625,6.5,$ Per Bushel
2023-06-29,Corn,Iowa,,Truck,5.9386,5.7625,6.1125,$ Per Bushel
2023-06-29,Corn,Kansas,,Truck,6.0875,5.9625,6.2125,$ Per Bushel
2023-06-29,Corn,Michigan,,Truck,5.8308,5.7125,5.9125,$ Per Bushel
2023-06-29,Corn,Minnesota,,Truck,5.6375,5.3625,5.9125,$ Per Bushel
2023-06-29,Corn,Missouri,,Truck,5.74,5.6125,5.9125,$ Per Bushel
2023-06-29,Corn,Nebraska,,Truck,5.8911,5.5625,6.1625,$ Per Bushel
2023-06-29,Corn,Ohio,,Truck,5.8667,5.7625,6.0375,$ Per Bushel
2023-06-29,Corn,South Dakota,,Truck,5.5794,5.3125,5.8125,$ Per Bushel
2023-06-29,Corn,Wisconsin,,Truck,5.7055,5.3125,5.95,$ Per Bushel
2023-06-30,Corn,Illinois,,Truck,5.8183,5.735,5.985,$ Per Bushel
2023-06-30,Corn,Indiana,,Truck,5.8844,5.685,6.41,$ Per Bushel
2023-06-30,Corn,Iowa,,Truck,5.8609,5.685,6.035,$ Per Bushel
2023-06-30,Corn,Kansas,,Truck,6.01,5.885,6.135,$ Per Bushel
2023-06-30,Corn,Michigan,,Truck,5.7517,5.635,5.835,$ Per Bushel
2023-06-30,Corn,Minnesota,,Truck,5.5767,5.335,5.835,$ Per Bushel
2023-06-30,Corn,Missouri,,Truck,5.72,5.675,5.835,$ Per Bushel
2023-06-30,Corn,Nebraska,,Truck,5.8171,5.485,6.085,$ Per Bushel
2023-06-30,Corn,Ohio,,Truck,5.7883,5.685,5.955,$ Per Bushel
2023-06-30,Corn,South Dakota,,Truck,5.5058,5.235,5.735,$ Per Bushel
2023-06-30,Corn,Wisconsin,,Truck,5.623,5.235,5.86,$ Per Bushel
2023-07-03,Corn,Illinois,,Truck,5.46,5.385,5.635,$ Per Bushel
2023-07-03,Corn,Indiana,,Truck,5.5453,5.335,6.145,$ Per Bushel
2023-07-03,Corn,Iowa,,Truck,5.5183,5.335,5.685,$ Per Bushel
2023-07-03,Corn,Kansas,,Truck,5.66,5.535,5.785,$ Per Bushel
2023-07-03,Corn,Michigan,,Truck,5.4158,5.285,5.485,$ Per Bushel
2023-07-03,Corn,Minnesota,,Truck,5.2267,4.985,5.485,$ Per Bushel
2023-07-03,Corn,Missouri,,Truck,5.37,5.325,5.485,$ Per Bushel
2023-07-03,Corn,Nebraska,,Truck,5.4671,5.135,5.735,$ Per Bushel
2023-07-03,Corn,Ohio,,Truck,5.4488,5.335,5.6175,$ Per Bushel
2023-07-03,Corn,South Dakota,,Truck,5.1558,4.885,5.385,$ Per Bushel
2023-07-03,Corn,Wisconsin,,Truck,5.307,4.885,5.595,$ Per Bushel
2023-07-05,Corn,Illinois,,Truck,5.455,5.38,5.58,$ Per Bushel
2023-07-05,Corn,Indiana,,Truck,5.4475,5.08,6.1725,$ Per Bushel
2023-07-05,Corn,Iowa,,Truck,5.525,5.35,5.85,$ Per Bushel
2023-07-05,Corn,Kansas,,Truck,5.655,5.53,5.78,$ Per Bushel
2023-07-05,Corn,Michigan,,Truck,5.425,5.33,5.48,$ Per Bushel
2023-07-05,Corn,Minnesota,,Truck,5.2967,5.08,5.5,$ Per Bushel
2023-07-05,Corn,Missouri,,Truck,5.38,5.23,5.48,$ Per Bushel
2023-07-05,Corn,Nebraska,,Truck,5.5064,5.28,5.73,$ Per Bushel
2023-07-05,Corn,Ohio,,Truck,5.4842,5.33,6.0,$ Per Bushel
2023-07-05,Corn,South Dakota,,Truck,5.2008,4.93,5.38,$ Per Bushel
2023-07-05,Corn,Wisconsin,,Truck,5.485,5.18,5.9725,$ Per Bushel
2023-07-06,Corn,Illinois,,Truck,5.4158,5.3525,5.6025,$ Per Bushel
2023-07-06,Corn,Indiana,,Truck,5.5561,5.3025,6.0825,$ Per Bushel
2023-07-06,Corn,Iowa,,Truck,5.544,5.3025,5.8025,$ Per Bushel
2023-07-06,Corn,Kansas,,Truck,5.6275,5.5025,5.7525,$ Per Bushel
2023-07-06,Corn,Michigan,,Truck,5.4067,5.3025,5.465,$ Per Bushel
2023-07-06,Corn,Minnesota,,Truck,5.2308,5.0025,5.4725,$ Per Bushel
2023-07-06,Corn,Missouri,,Truck,5.37,5.3025,5.4525,$ Per Bushel
2023-07-06,Corn,Nebraska,,Truck,5.4796,5.2525,5.8525,$ Per Bushel
2023-07-06,Corn,Ohio,,Truck,5.5146,5.3025,5.9725,$ Per Bushel
2023-07-06,Corn,South Dakota,,Truck,5.1302,4.9025,5.3525,$ Per Bushel
2023-07-06,Corn,Wisconsin,,Truck,5.3605,4.9025,5.8825,$ Per Bushel
2023-07-07,Corn,Illinois,,Truck,5.5533,5.49,5.74,$ Per Bushel
2023-07-07,Corn,Indiana,,Truck,5.7125,5.44,6.2675,$ Per Bushel
2023-07-07,Corn,Iowa,,Truck,5.6917,5.46,5.94,$ Per Bushel
2023-07-07,Corn,Kansas,,Truck,5.765,5.64,5.89,$ Per Bushel
2023-07-07,Corn,Michigan,,Truck,5.5583,5.49,5.595,$ Per Bushel
2023-07-07,Corn,Minnesota,,Truck,5.3683,5.14,5.61,$ Per Bushel
2023-07-07,Corn,Missouri,,Truck,5.52,5.49,5.59,$ Per Bushel
2023-07-07,Corn,Nebraska,,Truck,5.6386,5.39,5.99,$ Per Bushel
2023-07-07,Corn,Ohio,,Truck,5.7008,5.44,6.11,$ Per Bushel
2023-07-07,Corn,South Dakota,,Truck,5.27,5.04,5.54,$ Per Bushel
2023-07-07,Corn,Wisconsin,,Truck,5.517,5.04,6.0675,$ Per Bushel
2023-07-10,Corn,Illinois,,Truck,5.4442,5.3725,5.6225,$ Per Bushel
2023-07-10,Corn,Indiana,,Truck,5.5306,5.3225,5.9725,$ Per Bushel
2023-07-10,Corn,Iowa,,Truck,5.5931,5.4025,5.8225,$ Per Bushel
2023-07-10,Corn,Kansas,,Truck,5.2838,5.045,5.5225,$ Per Bushel
2023-07-10,Corn,Michigan,,Truck,5.4233,5.3725,5.4725,$ Per Bushel
2023-07-10,Corn,Minnesota,,Truck,5.2896,5.0225,5.4925,$ Per Bushel
2023-07-10,Corn,Missouri,,Truck,5.4275,5.3925,5.4725,$ Per Bushel
2023-07-10,Corn,Nebraska,,Truck,5.5578,5.2725,5.8725,$ Per Bushel
2023-07-10,Corn,Ohio,,Truck,5.6379,5.4725,5.9725,$ Per Bushel
2023-07-10,Corn,South Dakota,,Truck,5.191,4.9725,5.4225,$ Per Bushel
2023-07-10,Corn,Wisconsin,,Truck,5.155,4.9225,5.3525,$ Per Bushel
2023-07-11,Corn,Illinois,,Truck,5.4942,5.4225,5.6725,$ Per Bushel
2023-07-11,Corn,Indiana,,Truck,5.605,5.3725,6.0225,$ Per Bushel
2023-07-11,Corn,Iowa,,Truck,5.664,5.4525,5.9225,$ Per Bushel
2023-07-11,Corn,Kansas,,Truck,5.4967,5.095,5.8225,$ Per Bushel
2023-07-11,Corn,Michigan,,Truck,5.4567,5.4225,5.5225,$ Per Bushel
2023-07-11,Corn,Minnesota,,Truck,5.3511,5.0725,5.5725,$ Per Bushel
2023-07-11,Corn,Missouri,,Truck,5.5025,5.4425,5.5225,$ Per Bushel
2023-07-11,Corn,Nebraska,,Truck,5.6432,5.3225,5.9725,$ Per Bushel
2023-07-11,Corn,Ohio,,Truck,5.6796,5.5225,5.7725,$ Per Bushel
2023-07-11,Corn,South Dakota,,Truck,5.2494,5.0225,5.4725,$ Per Bushel
2023-07-11,Corn,Wisconsin,,Truck,5.22,4.9725,5.4625,$ Per Bushel
2023-07-12,Corn,Illinois,,Truck,5.525,5.445,5.695,$ Per Bushel
2023-07-12,Corn,Indiana,,Truck,5.6606,5.445,6.045,$ Per Bushel
2023-07-12,Corn,Iowa,,Truck,5.7209,5.475,5.995,$ Per Bushel
2023-07-12,Corn,Kansas,,Truck,5.535,5.115,5.845,$ Per Bushel
2023-07-12,Corn,Michigan,,Truck,5.4617,5.395,5.545,$ Per Bushel
2023-07-12,Corn,Minnesota,,Truck,5.4193,5.095,5.595,$ Per Bushel
2023-07-12,Corn,Missouri,,Truck,5.525,5.465,5.545,$ Per Bushel
2023-07-12,Corn,Nebraska,,Truck,5.6737,5.345,5.995,$ Per Bushel
2023-07-12,Corn,Ohio,,Truck,5.7317,5.545,5.865,$ Per Bushel
2023-07-12,Corn,South Dakota,,Truck,5.2819,5.045,5.495,$ Per Bushel
2023-07-12,Corn,Wisconsin,,Truck,5.2425,4.995,5.485,$ Per Bushel
2023-07-13,Corn,Illinois,,Truck,5.4175,5.2625,5.9125,$ Per Bushel
2023-07-13,Corn,Indiana,,Truck,5.4953,5.2875,5.8625,$ Per Bushel
2023-07-13,Corn,Iowa,,Truck,5.617,5.3625,5.7625,$ Per Bushel
2023-07-13,Corn,Kansas,,Truck,5.3542,4.9375,5.6625,$ Per Bushel
2023-07-13,Corn,Michigan,,Truck,5.2642,5.2125,5.3625,$ Per Bushel
2023-07-13,Corn,Minnesota,,Truck,5.2511,4.9625,5.4125,$ Per Bushel
2023-07-13,Corn,Missouri,,Truck,5.38,5.3425,5.4125,$ Per Bushel
2023-07-13,Corn,Nebraska,,Truck,5.5045,5.1625,5.8125,$ Per Bushel
2023-07-13,Corn,Ohio,,Truck,5.5917,5.4625,5.6875,$ Per Bushel
2023-07-13,Corn,South Dakota,,Truck,5.1071,4.8625,5.3125,$ Per Bushel
2023-07-13,Corn,Wisconsin,,Truck,5.075,4.8125,5.3625,$ Per Bushel
2023-07-14,Corn,Illinois,,Truck,5.5767,5.435,5.985,$ Per Bushel
2023-07-14,Corn,Indiana,,Truck,5.6894,5.455,6.035,$ Per Bushel
2023-07-14,Corn,Iowa,,Truck,5.7373,5.465,6.035,$ Per Bushel
2023-07-14,Corn,Kansas,,Truck,5.5583,5.105,5.835,$ Per Bushel
2023-07-14,Corn,Michigan,,Truck,5.435,5.385,5.535,$ Per Bushel
2023-07-14,Corn,Minnesota,,Truck,5.4507,5.135,5.585,$ Per Bushel
2023-07-14,Corn,Missouri,,Truck,5.555,5.515,5.635,$ Per Bushel
2023-07-14,Corn,Nebraska,,Truck,5.691,5.335,5.985,$ Per Bushel
2023-07-14,Corn,Ohio,,Truck,5.7883,5.635,5.935,$ Per Bushel
2023-07-14,Corn,South Dakota,,Truck,5.2873,5.035,5.485,$ Per Bushel
2023-07-14,Corn,Wisconsin,,Truck,5.195,4.985,5.535,$ Per Bushel
2023-07-17,Corn,Illinois,,Truck,5.6983,5.565,6.065,$ Per Bushel
2023-07-17,Corn,Indiana,,Truck,5.8508,5.615,6.165,$ Per Bushel
2023-07-17,Corn,Iowa,,Truck,5.8928,5.595,6.215,$ Per Bushel
2023-07-17,Corn,Kansas,,Truck,5.6892,5.2375,5.965,$ Per Bushel
2023-07-17,Corn,Michigan,,Truck,5.5658,5.515,5.665,$ Per Bushel
2023-07-17,Corn,Minnesota,,Truck,5.5879,5.265,5.765,$ Per Bushel
2023-07-17,Corn,Missouri,,Truck,5.6975,5.645,5.815,$ Per Bushel
2023-07-17,Corn,Nebraska,,Truck,5.8343,5.465,6.115,$ Per Bushel
2023-07-17,Corn,Ohio,,Truck,5.9521,5.815,6.0875,$ Per Bushel
2023-07-17,Corn,South Dakota,,Truck,5.4181,5.165,5.615,$ Per Bushel
2023-07-17,Corn,Wisconsin,,Truck,5.325,5.115,5.665,$ Per Bushel
2023-07-18,Corn,Illinois,,Truck,5.6258,5.4925,5.9425,$ Per Bushel
2023-07-18,Corn,Indiana,,Truck,5.7778,5.5425,5.9925,$ Per Bushel
2023-07-18,Corn,Iowa,,Truck,5.831,5.5225,6.1425,$ Per Bushel
2023-07-18,Corn,Kansas,,Truck,5.5483,4.96,5.8925,$ Per Bushel
2023-07-18,Corn,Michigan,,Truck,5.4917,5.44,5.5925,$ Per Bushel
2023-07-18,Corn,Minnesota,,Truck,5.5439,5.2425,5.7425,$ Per Bushel
2023-07-18,Corn,Missouri,,Truck,5.6425,5.5725,5.7425,$ Per Bushel
2023-07-18,Corn,Nebraska,,Truck,5.7685,5.3925,6.0425,$ Per Bushel
2023-07-18,Corn,Ohio,,Truck,5.8871,5.7425,6.01,$ Per Bushel
2023-07-18,Corn,South Dakota,,Truck,5.3433,5.0925,5.5925,$ Per Bushel
2023-07-18,Corn,Wisconsin,,Truck,5.2525,5.0425,5.5925,$ Per Bushel
2023-07-19,Corn,Illinois,,Truck,5.9458,5.7875,6.2375,$ Per Bushel
2023-07-19,Corn,Indiana,,Truck,6.0772,5.8375,6.3875,$ Per Bushel
2023-07-19,Corn,Iowa,,Truck,6.1301,5.8175,6.4875,$ Per Bushel
2023-07-19,Corn,Kansas,,Truck,5.84,5.245,6.1875,$ Per Bushel
2023-07-19,Corn,Michigan,,Truck,5.7833,5.725,5.8875,$ Per Bushel
2023-07-19,Corn,Minnesota,,Truck,5.8532,5.5375,6.0375,$ Per Bushel
2023-07-19,Corn,Missouri,,Truck,5.935,5.8675,6.0875,$ Per Bushel
2023-07-19,Corn,Nebraska,,Truck,6.0355,5.6875,6.3375,$ Per Bushel
2023-07-19,Corn,Ohio,,Truck,6.1554,6.0375,6.295,$ Per Bushel
2023-07-19,Corn,South Dakota,,Truck,5.6521,5.3875,5.8875,$ Per Bushel
2023-07-19,Corn,Wisconsin,,Truck,5.5475,5.3375,5.8875,$ Per Bushel
2023-07-20,Corn,Illinois,,Truck,6.0983,5.955,6.355,$ Per Bushel
2023-07-20,Corn,Indiana,,Truck,6.2522,6.005,6.555,$ Per Bushel
2023-07-20,Corn,Iowa,,Truck,6.3223,6.255,6.405,$ Per Bushel
2023-07-20,Corn,Kansas,,Truck,6.0133,5.43,6.355,$ Per Bushel
2023-07-20,Corn,Michigan,,Truck,5.9567,5.905,6.055,$ Per Bushel
2023-07-20,Corn,Minnesota,,Truck,6.0064,5.705,6.205,$ Per Bushel
2023-07-20,Corn,Missouri,,Truck,6.1025,6.035,6.255,$ Per Bushel
2023-07-20,Corn,Nebraska,,Truck,6.195,5.855,6.505,$ Per Bushel
2023-07-20,Corn,Ohio,,Truck,6.3092,6.205,6.48,$ Per Bushel
2023-07-20,Corn,South Dakota,,Truck,5.785,5.555,5.955,$ Per Bushel
2023-07-20,Corn,Wisconsin,,Truck,5.715,5.505,6.055,$ Per Bushel
2023-07-21,Corn,Illinois,,Truck,6.0075,5.8725,6.2225,$ Per Bushel
2023-07-21,Corn,Indiana,,Truck,6.1603,5.9225,6.3725,$ Per Bushel
2023-07-21,Corn,Iowa,,Truck,6.2089,5.9025,6.4725,$ Per Bushel
2023-07-21,Corn,Kansas,,Truck,5.9025,5.3625,6.1725,$ Per Bushel
2023-07-21,Corn,Michigan,,Truck,5.8792,5.8225,5.9725,$ Per Bushel
2023-07-21,Corn,Minnesota,,Truck,5.8968,5.6725,6.1225,$ Per Bushel
2023-07-21,Corn,Missouri,,Truck,5.98,5.9525,6.0225,$ Per Bushel
2023-07-21,Corn,Nebraska,,Truck,6.1125,5.7725,6.4225,$ Per Bushel
2023-07-21,Corn,Ohio,,Truck,6.2292,6.1225,6.4125,$ Per Bushel
2023-07-21,Corn,South Dakota,,Truck,5.6933,5.4725,5.8725,$ Per Bushel
2023-07-21,Corn,Wisconsin,,Truck,5.6325,5.4225,5.9725,$ Per Bushel
2023-07-24,Corn,Illinois,,Truck,5.9217,5.77,6.12,$ Per Bushel
2023-07-24,Corn,Indiana,,Truck,6.0547,5.82,6.27,$ Per Bushel
2023-07-24,Corn,Iowa,,Truck,6.1282,6.07,6.22,$ Per Bushel
2023-07-24,Corn,Kansas,,Truck,5.8008,5.2625,6.07,$ Per Bushel
2023-07-24,Corn,Michigan,,Truck,5.7608,5.67,5.87,$ Per Bushel
2023-07-24,Corn,Minnesota,,Truck,5.8014,5.62,6.02,$ Per Bushel
2023-07-24,Corn,Missouri,,Truck,5.865,5.82,5.92,$ Per Bushel
2023-07-24,Corn,Nebraska,,Truck,6.02,5.67,6.32,$ Per Bushel
2023-07-24,Corn,Ohio,,Truck,6.1271,6.02,6.3125,$ Per Bushel
2023-07-24,Corn,South Dakota,,Truck,5.5892,5.37,5.77,$ Per Bushel
2023-07-24,Corn,Wisconsin,,Truck,5.53,5.32,5.87,$ Per Bushel
2023-07-25,Corn,Illinois,,Truck,6.255,6.155,6.405,$ Per Bushel
2023-07-25,Corn,Indiana,,Truck,6.3769,6.155,6.605,$ Per Bushel
2023-07-25,Corn,Iowa,,Truck,6.4453,6.135,6.705,$ Per Bushel
2023-07-25,Corn,Kansas,,Truck,6.1308,5.5825,6.405,$ Per Bushel
2023-07-25,Corn,Michigan,,Truck,6.0908,6.005,6.205,$ Per Bushel
2023-07-25,Corn,Minnesota,,Truck,6.1393,5.955,6.405,$ Per Bushel
2023-07-25,Corn,Missouri,,Truck,6.175,6.105,6.255,$ Per Bushel
2023-07-25,Corn,Nebraska,,Truck,6.3371,6.005,6.655,$ Per Bushel
2023-07-25,Corn,Ohio,,Truck,6.4596,6.355,6.6325,$ Per Bushel
2023-07-25,Corn,South Dakota,,Truck,5.8935,5.705,6.105,$ Per Bushel
2023-07-25,Corn,Wisconsin,,Truck,5.865,5.655,6.205,$ Per Bushel
2023-07-26,Corn,Illinois,,Truck,6.225,6.125,6.375,$ Per Bushel
2023-07-26,Corn,Indiana,,Truck,6.3336,6.125,6.575,$ Per Bushel
2023-07-26,Corn,Iowa,,Truck,6.4153,6.105,6.675,$ Per Bushel
2023-07-26,Corn,Kansas,,Truck,6.1008,5.5525,6.375,$ Per Bushel
2023-07-26,Corn,Michigan,,Truck,6.1008,5.975,6.175,$ Per Bushel
2023-07-26,Corn,Minnesota,,Truck,6.1164,5.925,6.425,$ Per Bushel
2023-07-26,Corn,Missouri,,Truck,6.145,6.075,6.225,$ Per Bushel
2023-07-26,Corn,Nebraska,,Truck,6.3107,5.975,6.625,$ Per Bushel
2023-07-26,Corn,Ohio,,Truck,6.4213,6.325,6.6025,$ Per Bushel
2023-07-26,Corn,South Dakota,,Truck,5.8442,5.675,6.075,$ Per Bushel
2023-07-26,Corn,Wisconsin,,Truck,5.835,5.625,6.175,$ Per Bushel
2023-07-27,Corn,Illinois,,Truck,6.0525,5.9525,6.2025,$ Per Bushel
2023-07-27,Corn,Indiana,,Truck,6.1647,5.9525,6.4025,$ Per Bushel
2023-07-27,Corn,Iowa,,Truck,6.2534,5.9325,6.5525,$ Per Bushel
2023-07-27,Corn,Kansas,,Truck,5.9292,5.3825,6.2025,$ Per Bushel
2023-07-27,Corn,Michigan,,Truck,5.9125,5.7525,6.0025,$ Per Bushel
2023-07-27,Corn,Minnesota,,Truck,5.9525,5.7525,6.2525,$ Per Bushel
2023-07-27,Corn,Missouri,,Truck,5.985,5.9025,6.1025,$ Per Bushel
2023-07-27,Corn,Nebraska,,Truck,6.1175,5.8025,6.3525,$ Per Bushel
2023-07-27,Corn,Ohio,,Truck,6.2325,6.1525,6.3325,$ Per Bushel
2023-07-27,Corn,South Dakota,,Truck,5.6602,5.5025,5.9025,$ Per Bushel
2023-07-27,Corn,Wisconsin,,Truck,5.6625,5.4525,6.0025,$ Per Bushel
2023-07-28,Corn,Illinois,,Truck,5.9792,5.8825,6.1325,$ Per Bushel
2023-07-28,Corn,Indiana,,Truck,6.0936,5.8825,6.2825,$ Per Bushel
2023-07-28,Corn,Iowa,,Truck,6.1939,5.8625,6.4825,$ Per Bushel
2023-07-28,Corn,Kansas,,Truck,5.8458,5.3225,6.1325,$ Per Bushel
2023-07-28,Corn,Michigan,,Truck,5.8825,5.6825,6.1325,$ Per Bushel
2023-07-28,Corn,Minnesota,,Truck,5.8868,5.6825,6.1825,$ Per Bushel
2023-07-28,Corn,Missouri,,Truck,5.885,5.7825,6.0325,$ Per Bushel
2023-07-28,Corn,Nebraska,,Truck,6.0418,5.7025,6.2825,$ Per Bushel
2023-07-28,Corn,Ohio,,Truck,6.1625,6.0825,6.2125,$ Per Bushel
2023-07-28,Corn,South Dakota,,Truck,5.584,5.4325,5.8325,$ Per Bushel
2023-07-28,Corn,Wisconsin,,Truck,5.5925,5.3825,5.9325,$ Per Bushel
2023-07-31,Corn,Illinois,,Truck,5.84,5.76,6.01,$ Per Bushel
2023-07-31,Corn,Indiana,,Truck,5.9703,5.76,6.16,$ Per Bushel
2023-07-31,Corn,Iowa,,Truck,6.0291,5.81,6.16,$ Per Bushel
2023-07-31,Corn,Kansas,,Truck,5.7242,5.2025,6.01,$ Per Bushel
2023-07-31,Corn,Michigan,,Truck,5.76,5.56,6.01,$ Per Bushel
2023-07-31,Corn,Minnesota,,Truck,5.7643,5.56,6.06,$ Per Bushel
2023-07-31,Corn,Missouri,,Truck,5.7725,5.7,5.91,$ Per Bushel
2023-07-31,Corn,Nebraska,,Truck,5.9195,5.5825,6.16,$ Per Bushel
2023-07-31,Corn,Ohio,,Truck,6.04,5.96,6.09,$ Per Bushel
2023-07-31,Corn,South Dakota,,Truck,5.4615,5.31,5.71,$ Per Bushel
2023-07-31,Corn,Wisconsin,,Truck,5.46,5.26,5.81,$ Per Bushel
2023-08-01,Corn,Illinois,,Truck,5.6517,5.59,5.74,$ Per Bushel
2023-08-01,Corn,Indiana,,Truck,5.7978,5.59,5.99,$ Per Bushel
2023-08-01,Corn,Iowa,,Truck,5.91,5.57,6.24,$ Per Bushel
2023-08-01,Corn,Kansas,,Truck,5.5533,5.03,5.84,$ Per Bushel
2023-08-01,Corn,Michigan,,Truck,5.59,5.39,5.84,$ Per Bushel
2023-08-01,Corn,Minnesota,,Truck,5.6014,5.39,5.89,$ Per Bushel
2023-08-01,Corn,Missouri,,Truck,5.58,5.49,5.74,$ Per Bushel
2023-08-01,Corn,Nebraska,,Truck,5.7457,5.41,5.94,$ Per Bushel
2023-08-01,Corn,Ohio,,Truck,5.87,5.79,5.92,$ Per Bushel
2023-08-01,Corn,South Dakota,,Truck,5.2917,5.14,5.54,$ Per Bushel
2023-08-01,Corn,Wisconsin,,Truck,5.29,5.09,5.64,$ Per Bushel
2023-08-02,Corn,Illinois,,Truck,5.5783,5.47,5.67,$ Per Bushel
2023-08-02,Corn,Indiana,,Truck,5.7358,5.45,5.92,$ Per Bushel
2023-08-02,Corn,Iowa,,Truck,5.8724,5.55,6.22,$ Per Bushel
2023-08-02,Corn,Kansas,,Truck,5.455,5.1725,5.72,$ Per Bushel
2023-08-02,Corn,Michigan,,Truck,5.6033,5.47,5.87,$ Per Bushel
2023-08-02,Corn,Minnesota,,Truck,5.5514,5.37,5.82,$ Per Bushel
2023-08-02,Corn,Missouri,,Truck,5.52,5.42,5.67,$ Per Bushel
2023-08-02,Corn,Nebraska,,Truck,5.7059,5.3525,5.87,$ Per Bushel
2023-08-02,Corn,Ohio,,Truck,5.875,5.82,5.97,$ Per Bushel
2023-08-02,Corn,South Dakota,,Truck,5.2354,5.12,5.47,$ Per Bushel
2023-08-02,Corn,Wisconsin,,Truck,5.28,5.02,5.57,$ Per Bushel
2023-08-03,Corn,Illinois,,Truck,5.4825,5.3825,5.5825,$ Per Bushel
2023-08-03,Corn,Indiana,,Truck,5.6361,5.3625,5.8325,$ Per Bushel
2023-08-03,Corn,Iowa,,Truck,5.7702,5.4625,6.0325,$ Per Bushel
2023-08-03,Corn,Kansas,,Truck,5.3808,5.105,5.6325,$ Per Bushel
2023-08-03,Corn,Michigan,,Truck,5.5158,5.3825,5.7825,$ Per Bushel
2023-08-03,Corn,Minnesota,,Truck,5.4539,5.2825,5.7325,$ Per Bushel
2023-08-03,Corn,Missouri,,Truck,5.42,5.3325,5.5325,$ Per Bushel
2023-08-03,Corn,Nebraska,,Truck,5.6113,5.2825,5.7825,$ Per Bushel
2023-08-03,Corn,Ohio,,Truck,5.8125,5.7625,5.8825,$ Per Bushel
2023-08-03,Corn,South Dakota,,Truck,5.1302,4.9825,5.3825,$ Per Bushel
2023-08-03,Corn,Wisconsin,,Truck,5.1825,4.9325,5.4825,$ Per Bushel
2023-08-04,Corn,Illinois,,Truck,5.3992,5.3075,5.5075,$ Per Bushel
2023-08-04,Corn,Indiana,,Truck,5.5261,5.2075,5.7575,$ Per Bushel
2023-08-04,Corn,Iowa,,Truck,5.6834,5.3575,5.9575,$ Per Bushel
2023-08-04,Corn,Kansas,,Truck,5.3092,5.035,5.5575,$ Per Bushel
2023-08-04,Corn,Michigan,,Truck,5.4408,5.3075,5.7075,$ Per Bushel
2023-08-04,Corn,Minnesota,,Truck,5.3761,5.2075,5.6575,$ Per Bushel
2023-08-04,Corn,Missouri,,Truck,5.295,5.2575,5.4075,$ Per Bushel
2023-08-04,Corn,Nebraska,,Truck,5.5388,5.2075,5.7075,$ Per Bushel
2023-08-04,Corn,Ohio,,Truck,5.7375,5.6875,5.8075,$ Per Bushel
2023-08-04,Corn,South Dakota,,Truck,5.0467,4.9075,5.2675,$ Per Bushel
2023-08-04,Corn,Wisconsin,,Truck,5.1075,4.8575,5.4075,$ Per Bushel
2023-08-07,Corn,Illinois,,Truck,5.4258,5.2925,5.5425,$ Per Bushel
2023-08-07,Corn,Indiana,,Truck,5.5614,5.2425,5.7925,$ Per Bushel
2023-08-07,Corn,Iowa,,Truck,5.605,5.3425,5.7925,$ Per Bushel
2023-08-07,Corn,Kansas,,Truck,5.3458,5.0725,5.5925,$ Per Bushel
2023-08-07,Corn,Michigan,,Truck,5.4758,5.3425,5.7425,$ Per Bushel
2023-08-07,Corn,Minnesota,,Truck,5.4111,5.2425,5.6925,$ Per Bushel
2023-08-07,Corn,Missouri,,Truck,5.355,5.2925,5.4425,$ Per Bushel
2023-08-07,Corn,Nebraska,,Truck,5.5725,5.2425,5.7425,$ Per Bushel
2023-08-07,Corn,Ohio,,Truck,5.8392,5.7225,5.9425,$ Per Bushel
2023-08-07,Corn,South Dakota,,Truck,5.0671,4.8425,5.2425,$ Per Bushel
2023-08-07,Corn,Wisconsin,,Truck,5.1425,4.8925,5.4425,$ Per Bushel
2023-08-08,Corn,Illinois,,Truck,5.3892,5.2725,5.5225,$ Per Bushel
2023-08-08,Corn,Indiana,,Truck,5.5336,5.2225,5.7725,$ Per Bushel
2023-08-08,Corn,Iowa,,Truck,5.7025,5.3725,5.9725,$ Per Bushel
2023-08-08,Corn,Kansas,,Truck,5.3975,5.2225,5.5725,$ Per Bushel
2023-08-08,Corn,Michigan,,Truck,5.4558,5.3225,5.7225,$ Per Bushel
2023-08-08,Corn,Minnesota,,Truck,5.3982,5.2225,5.6725,$ Per Bushel
2023-08-08,Corn,Missouri,,Truck,5.335,5.2725,5.4225,$ Per Bushel
2023-08-08,Corn,Nebraska,,Truck,5.5871,5.2375,5.8725,$ Per Bushel
2023-08-08,Corn,Ohio,,Truck,5.8192,5.7025,5.9225,$ Per Bushel
2023-08-08,Corn,South Dakota,,Truck,5.051,4.8225,5.2225,$ Per Bushel
2023-08-08,Corn,Wisconsin,,Truck,5.1325,4.8725,5.4725,$ Per Bushel
2023-08-09,Corn,Illinois,,Truck,5.4025,5.2775,5.5575,$ Per Bushel
2023-08-09,Corn,Indiana,,Truck,5.5764,5.3075,5.8075,$ Per Bushel
2023-08-09,Corn,Iowa,,Truck,5.7284,5.3575,6.0075,$ Per Bushel
2023-08-09,Corn,Kansas,,Truck,5.4325,5.2575,5.6075,$ Per Bushel
2023-08-09,Corn,Michigan,,Truck,5.4908,5.3575,5.7575,$ Per Bushel
2023-08-09,Corn,Minnesota,,Truck,5.4404,5.2575,5.7575,$ Per Bushel
2023-08-09,Corn,Missouri,,Truck,5.345,5.2075,5.4575,$ Per Bushel
2023-08-09,Corn,Nebraska,,Truck,5.6325,5.2675,5.9075,$ Per Bushel
2023-08-09,Corn,Ohio,,Truck,5.8542,5.7375,5.9575,$ Per Bushel
2023-08-09,Corn,South Dakota,,Truck,5.0898,4.8575,5.2575,$ Per Bushel
2023-08-09,Corn,Wisconsin,,Truck,5.1675,4.9075,5.5075,$ Per Bushel
2023-08-10,Corn,Illinois,,Truck,5.3383,5.18,5.51,$ Per Bushel
2023-08-10,Corn,Indiana,,Truck,5.54,5.26,5.76,$ Per Bushel
2023-08-10,Corn,Iowa,,Truck,5.6768,5.31,5.96,$ Per Bushel
2023-08-10,Corn,Kansas,,Truck,5.385,5.21,5.56,$ Per Bushel
2023-08-10,Corn,Michigan,,Truck,5.41,5.31,5.61,$ Per Bushel
2023-08-10,Corn,Minnesota,,Truck,5.4143,5.21,5.71,$ Per Bushel
2023-08-10,Corn,Missouri,,Truck,5.2975,5.16,5.41,$ Per Bushel
2023-08-10,Corn,Nebraska,,Truck,5.5995,5.2225,5.96,$ Per Bushel
2023-08-10,Corn,Ohio,,Truck,5.7983,5.69,5.91,$ Per Bushel
2023-08-10,Corn,South Dakota,,Truck,5.0517,4.81,5.21,$ Per Bushel
2023-08-10,Corn,Wisconsin,,Truck,5.12,4.86,5.46,$ Per Bushel
2023-08-11,Corn,Illinois,,Truck,5.3525,5.1525,5.5325,$ Per Bushel
2023-08-11,Corn,Indiana,,Truck,5.5625,5.2825,5.7825,$ Per Bushel
2023-08-11,Corn,Iowa,,Truck,5.59,5.3325,5.7825,$ Per Bushel
2023-08-11,Corn,Kansas,,Truck,5.4725,5.3625,5.5825,$ Per Bushel
2023-08-11,Corn,Michigan,,Truck,5.4325,5.3325,5.6325,$ Per Bushel
2023-08-11,Corn,Minnesota,,Truck,5.4439,5.2325,5.7825,$ Per Bushel
2023-08-11,Corn,Missouri,,Truck,5.32,5.1825,5.4325,$ Per Bushel
2023-08-11,Corn,Nebraska,,Truck,5.6368,5.2425,5.9825,$ Per Bushel
2023-08-11,Corn,Ohio,,Truck,5.8208,5.7125,5.9325,$ Per Bushel
2023-08-11,Corn,South Dakota,,Truck,5.0717,4.8325,5.2325,$ Per Bushel
2023-08-11,Corn,Wisconsin,,Truck,5.1425,4.8825,5.4825,$ Per Bushel
2023-08-14,Corn,Illinois,,Truck,5.2483,5.015,5.445,$ Per Bushel
2023-08-14,Corn,Indiana,,Truck,5.4828,5.195,5.695,$ Per Bushel
2023-08-14,Corn,Iowa,,Truck,5.63,5.245,5.995,$ Per Bushel
2023-08-14,Corn,Kansas,,Truck,5.3838,5.2725,5.495,$ Per Bushel
2023-08-14,Corn,Michigan,,Truck,5.345,5.245,5.545,$ Per Bushel
2023-08-14,Corn,Minnesota,,Truck,5.3636,5.145,5.695,$ Per Bushel
2023-08-14,Corn,Missouri,,Truck,5.2325,5.095,5.345,$ Per Bushel
2023-08-14,Corn,Nebraska,,Truck,5.5434,5.1225,5.895,$ Per Bushel
2023-08-14,Corn,Ohio,,Truck,5.7333,5.625,5.845,$ Per Bushel
2023-08-14,Corn,South Dakota,,Truck,4.9735,4.745,5.145,$ Per Bushel
2023-08-14,Corn,Wisconsin,,Truck,5.055,4.795,5.395,$ Per Bushel
2023-08-15,Corn,Illinois,,Truck,5.2692,4.9775,5.4575,$ Per Bushel
2023-08-15,Corn,Indiana,,Truck,5.5142,5.3375,5.7075,$ Per Bushel
2023-08-15,Corn,Iowa,,Truck,5.5042,5.2575,5.7075,$ Per Bushel
2023-08-15,Corn,Kansas,,Truck,5.3925,5.2775,5.5075,$ Per Bushel
2023-08-15,Corn,Michigan,,Truck,5.3575,5.2575,5.5575,$ Per Bushel
2023-08-15,Corn,Minnesota,,Truck,5.3904,5.1575,5.7075,$ Per Bushel
2023-08-15,Corn,Missouri,,Truck,5.27,5.1075,5.4575,$ Per Bushel
2023-08-15,Corn,Nebraska,,Truck,5.5354,5.1275,5.9075,$ Per Bushel
2023-08-15,Corn,Ohio,,Truck,5.7792,5.6375,5.9575,$ Per Bushel
2023-08-15,Corn,South Dakota,,Truck,4.9937,4.7575,5.1575,$ Per Bushel
2023-08-15,Corn,Wisconsin,,Truck,5.0675,4.8075,5.4075,$ Per Bushel
2023-08-16,Corn,Illinois,,Truck,5.2442,4.9775,5.4575,$ Per Bushel
2023-08-16,Corn,Indiana,,Truck,5.5197,5.3375,5.7075,$ Per Bushel
2023-08-16,Corn,Iowa,,Truck,5.667,5.2575,6.0075,$ Per Bushel
2023-08-16,Corn,Kansas,,Truck,5.2425,5.0775,5.4075,$ Per Bushel
2023-08-16,Corn,Michigan,,Truck,5.3575,5.2575,5.5575,$ Per Bushel
2023-08-16,Corn,Minnesota,,Truck,5.4075,5.1575,5.7075,$ Per Bushel
2023-08-16,Corn,Missouri,,Truck,5.295,5.1075,5.4575,$ Per Bushel
2023-08-16,Corn,Nebraska,,Truck,5.5332,5.0975,5.9075,$ Per Bushel
2023-08-16,Corn,Ohio,,Truck,5.7792,5.6375,5.9575,$ Per Bushel
2023-08-16,Corn,South Dakota,,Truck,4.9998,4.7575,5.2075,$ Per Bushel
2023-08-16,Corn,Wisconsin,,Truck,5.0675,4.8075,5.4075,$ Per Bushel
2023-08-17,Corn,Illinois,,Truck,5.1817,4.915,5.395,$ Per Bushel
2023-08-17,Corn,Indiana,,Truck,5.4628,5.275,5.695,$ Per Bushel
2023-08-17,Corn,Iowa,,Truck,5.4417,5.195,5.695,$ Per Bushel
2023-08-17,Corn,Kansas,,Truck,5.1517,5.015,5.245,$ Per Bushel
2023-08-17,Corn,Michigan,,Truck,5.2617,5.145,5.445,$ Per Bushel
2023-08-17,Corn,Minnesota,,Truck,5.3521,5.095,5.645,$ Per Bushel
2023-08-17,Corn,Missouri,,Truck,5.2325,5.045,5.395,$ Per Bushel
2023-08-17,Corn,Nebraska,,Truck,5.4707,5.035,5.845,$ Per Bushel
2023-08-17,Corn,Ohio,,Truck,5.725,5.575,5.895,$ Per Bushel
2023-08-17,Corn,South Dakota,,Truck,4.9396,4.695,5.145,$ Per Bushel
2023-08-17,Corn,Wisconsin,,Truck,5.009,4.745,5.315,$ Per Bushel
2023-08-18,Corn,Illinois,,Truck,5.2167,4.95,5.43,$ Per Bushel
2023-08-18,Corn,Indiana,,Truck,5.4978,5.31,5.83,$ Per Bushel
2023-08-18,Corn,Iowa,,Truck,5.6345,5.23,5.98,$ Per Bushel
2023-08-18,Corn,Kansas,,Truck,5.1558,5.0575,5.23,$ Per Bushel
2023-08-18,Corn,Michigan,,Truck,5.2967,5.18,5.48,$ Per Bushel
2023-08-18,Corn,Minnesota,,Truck,5.4114,5.13,5.75,$ Per Bushel
2023-08-18,Corn,Missouri,,Truck,5.2175,5.08,5.33,$ Per Bushel
2023-08-18,Corn,Nebraska,,Truck,5.4955,5.0775,5.73,$ Per Bushel
2023-08-18,Corn,Ohio,,Truck,5.76,5.61,5.93,$ Per Bushel
2023-08-18,Corn,South Dakota,,Truck,4.9669,4.73,5.18,$ Per Bushel
2023-08-18,Corn,Wisconsin,,Truck,5.126,4.98,5.31,$ Per Bushel
2023-08-21,Corn,Illinois,,Truck,5.2567,5.015,5.395,$ Per Bushel
2023-08-21,Corn,Indiana,,Truck,5.5517,5.375,5.895,$ Per Bushel
2023-08-21,Corn,Iowa,,Truck,5.6877,5.295,6.045,$ Per Bushel
2023-08-21,Corn,Kansas,,Truck,5.2233,5.13,5.295,$ Per Bushel
2023-08-21,Corn,Michigan,,Truck,5.3617,5.245,5.545,$ Per Bushel
2023-08-21,Corn,Minnesota,,Truck,5.4733,5.245,5.815,$ Per Bushel
2023-08-21,Corn,Missouri,,Truck,5.2575,5.145,5.395,$ Per Bushel
2023-08-21,Corn,Nebraska,,Truck,5.5768,5.15,5.795,$ Per Bushel
2023-08-21,Corn,Ohio,,Truck,5.8417,5.675,5.995,$ Per Bushel
2023-08-21,Corn,South Dakota,,Truck,5.0235,4.795,5.245,$ Per Bushel
2023-08-21,Corn,Wisconsin,,Truck,5.179,5.045,5.315,$ Per Bushel
2023-08-22,Corn,Illinois,,Truck,5.1375,4.9125,5.3425,$ Per Bushel
2023-08-22,Corn,Indiana,,Truck,5.4492,5.2725,5.7925,$ Per Bushel
2023-08-22,Corn,Iowa,,Truck,5.567,5.0625,5.9425,$ Per Bushel
2023-08-22,Corn,Kansas,,Truck,5.12,5.025,5.1925,$ Per Bushel
2023-08-22,Corn,Michigan,,Truck,5.2592,5.1425,5.4425,$ Per Bushel
2023-08-22,Corn,Minnesota,,Truck,5.3708,5.1425,5.7125,$ Per Bushel
2023-08-22,Corn,Missouri,,Truck,5.03,4.9425,5.1925,$ Per Bushel
2023-08-22,Corn,Nebraska,,Truck,5.3984,5.025,5.5925,$ Per Bushel
2023-08-22,Corn,Ohio,,Truck,5.7392,5.5725,5.8925,$ Per Bushel
2023-08-22,Corn,South Dakota,,Truck,4.9194,4.6925,5.1425,$ Per Bushel
2023-08-22,Corn,Wisconsin,,Truck,5.075,4.9425,5.1925,$ Per Bushel
2023-08-23,Corn,Illinois,,Truck,5.0767,4.865,5.315,$ Per Bushel
2023-08-23,Corn,Indiana,,Truck,5.4772,5.245,5.965,$ Per Bushel
2023-08-23,Corn,Iowa,,Truck,5.5218,5.035,5.915,$ Per Bushel
2023-08-23,Corn,Kansas,,Truck,5.0917,4.995,5.165,$ Per Bushel
2023-08-23,Corn,Michigan,,Truck,5.215,5.115,5.365,$ Per Bushel
2023-08-23,Corn,Minnesota,,Truck,5.3433,5.115,5.685,$ Per Bushel
2023-08-23,Corn,Missouri,,Truck,5.0275,4.915,5.265,$ Per Bushel
2023-08-23,Corn,Nebraska,,Truck,5.3457,4.995,5.715,$ Per Bushel
2023-08-23,Corn,Ohio,,Truck,5.7117,5.545,5.865,$ Per Bushel
2023-08-23,Corn,South Dakota,,Truck,4.9112,4.665,5.165,$ Per Bushel
2023-08-23,Corn,Wisconsin,,Truck,5.071,4.965,5.165,$ Per Bushel
2023-08-24,Corn,Illinois,,Truck,5.1742,4.9625,5.4125,$ Per Bushel
2023-08-24,Corn,Indiana,,Truck,5.5958,5.3625,6.0625,$ Per Bushel
2023-08-24,Corn,Iowa,,Truck,5.6061,5.0825,5.9625,$ Per Bushel
2023-08-24,Corn,Kansas,,Truck,5.1933,5.105,5.2625,$ Per Bushel
2023-08-24,Corn,Michigan,,Truck,5.3125,5.2125,5.4625,$ Per Bushel
2023-08-24,Corn,Minnesota,,Truck,5.4363,5.1625,5.805,$ Per Bushel
2023-08-24,Corn,Missouri,,Truck,5.1125,4.9625,5.3625,$ Per Bushel
2023-08-24,Corn,Nebraska,,Truck,5.385,5.085,5.8125,$ Per Bushel
2023-08-24,Corn,Ohio,,Truck,5.8425,5.6425,5.9625,$ Per Bushel
2023-08-24,Corn,South Dakota,,Truck,4.9933,4.7625,5.2625,$ Per Bushel
2023-08-24,Corn,Wisconsin,,Truck,5.1585,5.0625,5.2625,$ Per Bushel
2023-08-25,Corn,Illinois,,Truck,5.1258,4.9225,5.3725,$ Per Bushel
2023-08-25,Corn,Indiana,,Truck,5.5536,5.3225,5.9225,$ Per Bushel
2023-08-25,Corn,Iowa,,Truck,5.5,5.2225,5.7725,$ Per Bushel
2023-08-25,Corn,Kansas,,Truck,5.1592,5.0825,5.2225,$ Per Bushel
2023-08-25,Corn,Michigan,,Truck,5.2725,5.1725,5.4225,$ Per Bushel
2023-08-25,Corn,Minnesota,,Truck,5.3825,5.1225,5.6825,$ Per Bushel
2023-08-25,Corn,Missouri,,Truck,5.06,4.8725,5.3225,$ Per Bushel
2023-08-25,Corn,Nebraska,,Truck,5.3368,5.0025,5.7725,$ Per Bushel
2023-08-25,Corn,Ohio,,Truck,5.8025,5.6025,5.9225,$ Per Bushel
2023-08-25,Corn,South Dakota,,Truck,4.9333,4.7225,5.2225,$ Per Bushel
2023-08-25,Corn,Wisconsin,,Truck,5.1305,5.0225,5.2225,$ Per Bushel
2023-08-28,Corn,Illinois,,Truck,5.0942,4.9075,5.3575,$ Per Bushel
2023-08-28,Corn,Indiana,,Truck,5.5647,5.3075,6.08,$ Per Bushel
2023-08-28,Corn,Iowa,,Truck,5.5199,5.0075,5.78,$ Per Bushel
2023-08-28,Corn,Kansas,,Truck,5.1483,5.08,5.2075,$ Per Bushel
2023-08-28,Corn,Michigan,,Truck,5.2575,5.1575,5.4075,$ Per Bushel
2023-08-28,Corn,Minnesota,,Truck,5.3613,5.1075,5.68,$ Per Bushel
2023-08-28,Corn,Missouri,,Truck,5.0075,4.8075,5.3075,$ Per Bushel
2023-08-28,Corn,Nebraska,,Truck,5.3068,4.98,5.7575,$ Per Bushel
2023-08-28,Corn,Ohio,,Truck,5.8075,5.6075,5.9075,$ Per Bushel
2023-08-28,Corn,South Dakota,,Truck,4.8937,4.7075,5.2075,$ Per Bushel
2023-08-28,Corn,Wisconsin,,Truck,5.1155,5.0075,5.2075,$ Per Bushel
2023-08-29,Corn,Illinois,,Truck,5.1763,5.005,5.285,$ Per Bushel
2023-08-29,Corn,Indiana,,Truck,5.6717,5.4325,6.1625,$ Per Bushel
2023-08-29,Corn,Iowa,,Truck,5.5477,5.085,5.8125,$ Per Bushel
2023-08-29,Corn,Kansas,,Truck,5.2275,5.1625,5.285,$ Per Bushel
2023-08-29,Corn,Michigan,,Truck,5.335,5.235,5.485,$ Per Bushel
2023-08-29,Corn,Minnesota,,Truck,5.4275,5.185,5.6625,$ Per Bushel
2023-08-29,Corn,Missouri,,Truck,5.0975,4.885,5.385,$ Per Bushel
2023-08-29,Corn,Nebraska,,Truck,5.3458,5.0125,5.785,$ Per Bushel
2023-08-29,Corn,Ohio,,Truck,5.9192,5.685,6.1125,$ Per Bushel
2023-08-29,Corn,South Dakota,,Truck,4.9163,4.785,5.285,$ Per Bushel
2023-08-29,Corn,Wisconsin,,Truck,5.193,5.085,5.285,$ Per Bushel
2023-08-30,Corn,Illinois,,Truck,5.0992,4.875,5.3675,$ Per Bushel
2023-08-30,Corn,Indiana,,Truck,5.5794,5.3375,6.0675,$ Per Bushel
2023-08-30,Corn,Iowa,,Truck,5.4242,4.995,5.7175,$ Per Bushel
2023-08-30,Corn,Kansas,,Truck,5.2025,5.0675,5.345,$ Per Bushel
2023-08-30,Corn,Michigan,,Truck,5.245,5.145,5.395,$ Per Bushel
2023-08-30,Corn,Minnesota,,Truck,5.3179,5.045,5.5675,$ Per Bushel
2023-08-30,Corn,Missouri,,Truck,5.0025,4.795,5.295,$ Per Bushel
2023-08-30,Corn,Nebraska,,Truck,5.2227,4.895,5.595,$ Per Bushel
2023-08-30,Corn,Ohio,,Truck,5.8275,5.595,6.0175,$ Per Bushel
2023-08-30,Corn,South Dakota,,Truck,4.8202,4.645,5.195,$ Per Bushel
2023-08-30,Corn,Wisconsin,,Truck,5.0975,4.995,5.195,$ Per Bushel
2023-08-31,Corn,Illinois,,Truck,4.9495,4.7975,5.0575,$ Per Bushel
2023-08-31,Corn,Indiana,,Truck,5.4697,5.1175,6.0075,$ Per Bushel
2023-08-31,Corn,Iowa,,Truck,5.3175,4.8375,5.6475,$ Per Bushel
2023-08-31,Corn,Kansas,,Truck,5.1308,5.0075,5.2675,$ Per Bushel
2023-08-31,Corn,Michigan,,Truck,5.1808,5.0675,5.3575,$ Per Bushel
2023-08-31,Corn,Minnesota,,Truck,5.1958,4.9775,5.5075,$ Per Bushel
2023-08-31,Corn,Missouri,,Truck,4.9225,4.7175,5.2075,$ Per Bushel
2023-08-31,Corn,Nebraska,,Truck,5.089,4.6075,5.4575,$ Per Bushel
2023-08-31,Corn,Ohio,,Truck,5.8508,5.7075,6.0075,$ Per Bushel
2023-08-31,Corn,South Dakota,,Truck,4.7629,4.5675,5.1175,$ Per Bushel
2023-08-31,Corn,Wisconsin,,Truck,5.0215,4.9175,5.1175,$ Per Bushel
2023-09-01,Corn,Illinois,,Truck,4.9135,4.76,5.0325,$ Per Bushel
2023-09-01,Corn,Indiana,,Truck,5.5297,5.1525,5.8325,$ Per Bushel
2023-09-01,Corn,Iowa,,Truck,5.1245,5.01,5.2825,$ Per Bushel
2023-09-01,Corn,Kansas,,Truck,5.1175,4.9825,5.26,$ Per Bushel
2023-09-01,Corn,Michigan,,Truck,5.1417,4.9825,5.3325,$ Per Bushel
2023-09-01,Corn,Minnesota,,Truck,5.1442,4.9025,5.4825,$ Per Bushel
2023-09-01,Corn,Missouri,,Truck,4.8606,4.71,4.9825,$ Per Bushel
2023-09-01,Corn,Nebraska,,Truck,5.0406,4.5825,5.4325,$ Per Bushel
2023-09-01,Corn,Ohio,,Truck,5.778,5.56,5.9825,$ Per Bushel
2023-09-01,Corn,South Dakota,,Truck,4.6746,4.44,4.9825,$ Per Bushel
2023-09-01,Corn,Wisconsin,,Truck,5.007,4.91,5.11,$ Per Bushel
2023-09-05,Corn,Illinois,,Truck,4.925,4.765,5.065,$ Per Bushel
2023-09-05,Corn,Indiana,,Truck,5.525,5.065,6.015,$ Per Bushel
2023-09-05,Corn,Iowa,,Truck,5.1945,5.015,5.615,$ Per Bushel
2023-09-05,Corn,Kansas,,Truck,5.115,5.015,5.265,$ Per Bushel
2023-09-05,Corn,Michigan,,Truck,5.2317,5.015,5.365,$ Per Bushel
2023-09-05,Corn,Minnesota,,Truck,4.9864,4.665,5.165,$ Per Bushel
2023-09-05,Corn,Missouri,,Truck,4.89,4.715,5.065,$ Per Bushel
2023-09-05,Corn,Nebraska,,Truck,5.0029,4.715,5.365,$ Per Bushel
2023-09-05,Corn,Ohio,,Truck,5.845,5.715,6.015,$ Per Bushel
2023-09-05,Corn,South Dakota,,Truck,4.7335,4.565,5.135,$ Per Bushel
2023-09-05,Corn,Wisconsin,,Truck,5.027,4.965,5.115,$ Per Bushel
2023-09-06,Corn,Illinois,,Truck,4.97,4.81,5.11,$ Per Bushel
2023-09-06,Corn,Indiana,,Truck,5.5644,5.11,6.06,$ Per Bushel
2023-09-06,Corn,Iowa,,Truck,5.1027,4.96,5.41,$ Per Bushel
2023-09-06,Corn,Kansas,,Truck,5.0767,5.06,5.11,$ Per Bushel
2023-09-06,Corn,Michigan,,Truck,5.2767,5.06,5.41,$ Per Bushel
2023-09-06,Corn,Minnesota,,Truck,4.96,4.71,5.06,$ Per Bushel
2023-09-06,Corn,Missouri,,Truck,4.9275,4.81,5.11,$ Per Bushel
2023-09-06,Corn,Nebraska,,Truck,5.0521,4.76,5.51,$ Per Bushel
2023-09-06,Corn,Ohio,,Truck,5.91,5.76,6.06,$ Per Bushel
2023-09-06,Corn,South Dakota,,Truck,4.7838,4.62,5.18,$ Per Bushel
2023-09-06,Corn,Wisconsin,,Truck,5.072,5.01,5.16,$ Per Bushel
2023-09-07,Corn,Illinois,,Truck,4.9575,4.8075,5.1075,$ Per Bushel
2023-09-07,Corn,Indiana,,Truck,5.5608,5.0575,6.0575,$ Per Bushel
2023-09-07,Corn,Iowa,,Truck,5.0534,4.8575,5.3175,$ Per Bushel
2023-09-07,Corn,Kansas,,Truck,5.0408,4.9575,5.1075,$ Per Bushel
2023-09-07,Corn,Michigan,,Truck,5.2742,5.0575,5.4075,$ Per Bushel
2023-09-07,Corn,Minnesota,,Truck,4.9504,4.7075,5.0575,$ Per Bushel
2023-09-07,Corn,Missouri,,Truck,4.8575,4.7075,5.1075,$ Per Bushel
2023-09-07,Corn,Nebraska,,Truck,5.0289,4.6575,5.5075,$ Per Bushel
2023-09-07,Corn,Ohio,,Truck,5.9492,5.7575,6.2575,$ Per Bushel
2023-09-07,Corn,South Dakota,,Truck,4.8221,4.6375,5.1075,$ Per Bushel
2023-09-07,Corn,Wisconsin,,Truck,5.0375,4.8775,5.1575,$ Per Bushel
2023-09-08,Corn,Illinois,,Truck,4.9525,4.8125,5.1125,$ Per Bushel
2023-09-08,Corn,Indiana,,Truck,5.4792,5.0625,6.0625,$ Per Bushel
2023-09-08,Corn,Iowa,,Truck,5.0343,4.7125,5.3125,$ Per Bushel
2023-09-08,Corn,Kansas,,Truck,5.0792,4.9625,5.2125,$ Per Bushel
2023-09-08,Corn,Michigan,,Truck,5.2792,5.0625,5.4125,$ Per Bushel
2023-09-08,Corn,Minnesota,,Truck,4.9339,4.7125,5.0625,$ Per Bushel
2023-09-08,Corn,Missouri,,Truck,4.9,4.8125,5.1625,$ Per Bushel
2023-09-08,Corn,Nebraska,,Truck,5.0804,4.6625,5.3125,$ Per Bushel
2023-09-08,Corn,Ohio,,Truck,6.0042,5.7625,6.2625,$ Per Bushel
2023-09-08,Corn,South Dakota,,Truck,4.8063,4.6425,5.1125,$ Per Bushel
2023-09-08,Corn,Wisconsin,,Truck,5.0325,4.8825,5.1625,$ Per Bushel
2023-09-11,Corn,Illinois,,Truck,4.9375,4.7375,5.1375,$ Per Bushel
2023-09-11,Corn,Indiana,,Truck,5.4653,5.0375,6.0375,$ Per Bushel
2023-09-11,Corn,Iowa,,Truck,4.9698,4.6875,5.1875,$ Per Bushel
2023-09-11,Corn,Kansas,,Truck,4.9375,4.5875,5.1875,$ Per Bushel
2023-09-11,Corn,Michigan,,Truck,5.2375,4.9875,5.3875,$ Per Bushel
2023-09-11,Corn,Minnesota,,Truck,4.8732,4.6875,4.9375,$ Per Bushel
2023-09-11,Corn,Missouri,,Truck,4.8875,4.7875,5.1375,$ Per Bushel
2023-09-11,Corn,Nebraska,,Truck,5.0221,4.6375,5.2875,$ Per Bushel
2023-09-11,Corn,Ohio,,Truck,5.9458,5.6375,6.2375,$ Per Bushel
2023-09-11,Corn,South Dakota,,Truck,4.7583,4.5875,5.0875,$ Per Bushel
2023-09-11,Corn,Wisconsin,,Truck,4.9375,4.6875,5.1375,$ Per Bushel
2023-09-12,Corn,Illinois,,Truck,4.8875,4.7575,5.0075,$ Per Bushel
2023-09-12,Corn,Indiana,,Truck,5.4263,5.0575,5.7075,$ Per Bushel
2023-09-12,Corn,Iowa,,Truck,4.9166,4.8075,5.0575,$ Per Bushel
2023-09-12,Corn,Kansas,,Truck,5.0075,4.7575,5.2075,$ Per Bushel
2023-09-12,Corn,Michigan,,Truck,5.2575,5.0075,5.4075,$ Per Bushel
2023-09-12,Corn,Minnesota,,Truck,4.8246,4.6775,4.9575,$ Per Bushel
2023-09-12,Corn,Missouri,,Truck,4.8825,4.7075,5.1575,$ Per Bushel
2023-09-12,Corn,Nebraska,,Truck,5.0075,4.6575,5.3075,$ Per Bushel
2023-09-12,Corn,Ohio,,Truck,5.9158,5.6575,6.2575,$ Per Bushel
2023-09-12,Corn,South Dakota,,Truck,4.749,4.5575,5.0575,$ Per Bushel
2023-09-12,Corn,Wisconsin,,Truck,4.9475,4.7075,5.1575,$ Per Bushel
2023-09-13,Corn,Illinois,,Truck,4.785,4.665,4.915,$ Per Bushel
2023-09-13,Corn,Indiana,,Truck,5.3338,4.965,5.615,$ Per Bushel
2023-09-13,Corn,Iowa,,Truck,4.8659,4.615,5.165,$ Per Bushel
2023-09-13,Corn,Kansas,,Truck,4.915,4.665,5.115,$ Per Bushel
2023-09-13,Corn,Michigan,,Truck,5.165,4.915,5.315,$ Per Bushel
2023-09-13,Corn,Minnesota,,Truck,4.7517,4.585,4.865,$ Per Bushel
2023-09-13,Corn,Missouri,,Truck,4.7775,4.565,5.065,$ Per Bushel
2023-09-13,Corn,Nebraska,,Truck,4.8819,4.565,5.115,$ Per Bushel
2023-09-13,Corn,Ohio,,Truck,5.765,5.515,6.165,$ Per Bushel
2023-09-13,Corn,South Dakota,,Truck,4.6481,4.465,4.965,$ Per Bushel
2023-09-13,Corn,Wisconsin,,Truck,4.855,4.615,5.065,$ Per Bushel
2023-09-14,Corn,Illinois,,Truck,4.8425,4.7225,4.9725,$ Per Bushel
2023-09-14,Corn,Indiana,,Truck,5.3788,4.9225,5.6725,$ Per Bushel
2023-09-14,Corn,Iowa,,Truck,4.9057,4.6225,5.1325,$ Per Bushel
2023-09-14,Corn,Kansas,,Truck,4.9725,4.7225,5.1725,$ Per Bushel
2023-09-14,Corn,Michigan,,Truck,5.2225,4.9725,5.3725,$ Per Bushel
2023-09-14,Corn,Minnesota,,Truck,4.7754,4.6225,4.9225,$ Per Bushel
2023-09-14,Corn,Missouri,,Truck,4.8225,4.5225,5.1225,$ Per Bushel
2023-09-14,Corn,Nebraska,,Truck,4.9279,4.6225,5.1225,$ Per Bushel
2023-09-14,Corn,Ohio,,Truck,5.8308,5.5225,6.2225,$ Per Bushel
2023-09-14,Corn,South Dakota,,Truck,4.671,4.4725,5.0225,$ Per Bushel
2023-09-14,Corn,Wisconsin,,Truck,4.93,4.6725,5.1225,$ Per Bushel
2023-09-15,Corn,Illinois,,Truck,4.819,4.655,4.955,$ Per Bushel
2023-09-15,Corn,Indiana,,Truck,5.3613,4.905,5.655,$ Per Bushel
2023-09-15,Corn,Iowa,,Truck,4.8736,4.555,5.155,$ Per Bushel
2023-09-15,Corn,Kansas,,Truck,4.955,4.705,5.155,$ Per Bushel
2023-09-15,Corn,Michigan,,Truck,5.205,4.955,5.355,$ Per Bushel
2023-09-15,Corn,Minnesota,,Truck,4.7507,4.605,4.905,$ Per Bushel
2023-09-15,Corn,Missouri,,Truck,4.7925,4.505,5.055,$ Per Bushel
2023-09-15,Corn,Nebraska,,Truck,4.8796,4.605,5.055,$ Per Bushel
2023-09-15,Corn,Ohio,,Truck,5.78,5.405,6.205,$ Per Bushel
2023-09-15,Corn,South Dakota,,Truck,4.6458,4.435,5.005,$ Per Bushel
2023-09-15,Corn,Wisconsin,,Truck,4.811,4.655,4.985,$ Per Bushel
2023-09-18,Corn,Illinois,,Truck,4.7465,4.5625,4.8825,$ Per Bushel
2023-09-18,Corn,Indiana,,Truck,5.3125,4.8625,5.6125,$ Per Bushel
2023-09-18,Corn,Iowa,,Truck,4.7625,4.6625,4.8625,$ Per Bushel
2023-09-18,Corn,Kansas,,Truck,4.9125,4.6625,5.1125,$ Per Bushel
2023-09-18,Corn,Michigan,,Truck,5.1625,4.9125,5.3125,$ Per Bushel
2023-09-18,Corn,Minnesota,,Truck,4.7082,4.5625,4.8625,$ Per Bushel
2023-09-18,Corn,Missouri,,Truck,4.7175,4.4625,4.9125,$ Per Bushel
2023-09-18,Corn,Nebraska,,Truck,4.8317,4.5625,5.0125,$ Per Bushel
2023-09-18,Corn,Ohio,,Truck,5.7375,5.3625,6.1625,$ Per Bushel
2023-09-18,Corn,South Dakota,,Truck,4.5902,4.3125,4.9625,$ Per Bushel
2023-09-18,Corn,Wisconsin,,Truck,4.7385,4.6125,4.9425,$ Per Bushel
2023-09-19,Corn,Illinois,,Truck,4.645,4.465,4.765,$ Per Bushel
2023-09-19,Corn,Indiana,,Truck,5.1761,4.715,5.415,$ Per Bushel
2023-09-19,Corn,Iowa,,Truck,4.7108,4.465,4.915,$ Per Bushel
2023-09-19,Corn,Kansas,,Truck,4.865,4.615,5.065,$ Per Bushel
2023-09-19,Corn,Michigan,,Truck,5.2483,5.215,5.265,$ Per Bushel
2023-09-19,Corn,Minnesota,,Truck,4.6421,4.505,4.765,$ Per Bushel
2023-09-19,Corn,Missouri,,Truck,4.665,4.415,4.865,$ Per Bushel
2023-09-19,Corn,Nebraska,,Truck,4.7721,4.515,4.965,$ Per Bushel
2023-09-19,Corn,Ohio,,Truck,5.515,5.115,5.915,$ Per Bushel
2023-09-19,Corn,South Dakota,,Truck,4.5188,4.065,4.865,$ Per Bushel
2023-09-19,Corn,Wisconsin,,Truck,4.631,4.365,4.895,$ Per Bushel
2023-09-20,Corn,Illinois,,Truck,4.6911,4.4625,4.8625,$ Per Bushel
2023-09-20,Corn,Indiana,,Truck,5.1525,4.7625,5.3625,$ Per Bushel
2023-09-20,Corn,Iowa,,Truck,4.7458,4.5125,4.9625,$ Per Bushel
2023-09-20,Corn,Kansas,,Truck,4.8792,4.5625,5.1125,$ Per Bushel
2023-09-20,Corn,Michigan,,Truck,5.2458,5.1625,5.3125,$ Per Bushel
2023-09-20,Corn,Minnesota,,Truck,4.6682,4.5525,4.8125,$ Per Bushel
2023-09-20,Corn,Missouri,,Truck,4.7,4.4125,4.9125,$ Per Bushel
2023-09-20,Corn,Nebraska,,Truck,4.8245,4.5625,5.0625,$ Per Bushel
2023-09-20,Corn,Ohio,,Truck,5.5542,5.1625,5.9625,$ Per Bushel
2023-09-20,Corn,South Dakota,,Truck,4.5987,4.2125,4.9125,$ Per Bushel
2023-09-20,Corn,Wisconsin,,Truck,4.6685,4.3625,4.9425,$ Per Bushel
2023-09-21,Corn,Illinois,,Truck,4.7368,4.5225,4.8725,$ Per Bushel
2023-09-21,Corn,Indiana,,Truck,5.1825,4.8225,5.4225,$ Per Bushel
2023-09-21,Corn,Iowa,,Truck,4.8407,4.5725,5.1225,$ Per Bushel
2023-09-21,Corn,Kansas,,Truck,4.9225,4.5725,5.1725,$ Per Bushel
2023-09-21,Corn,Michigan,,Truck,5.1975,5.0225,5.3225,$ Per Bushel
2023-09-21,Corn,Minnesota,,Truck,4.7211,4.6125,4.8725,$ Per Bushel
2023-09-21,Corn,Missouri,,Truck,4.6975,4.4225,4.8725,$ Per Bushel
2023-09-21,Corn,Nebraska,,Truck,4.9032,4.6225,5.1225,$ Per Bushel
2023-09-21,Corn,Ohio,,Truck,5.5642,5.0225,6.0725,$ Per Bushel
2023-09-21,Corn,South Dakota,,Truck,4.6663,4.2725,4.9725,$ Per Bushel
2023-09-21,Corn,Wisconsin,,Truck,4.7285,4.4225,5.0025,$ Per Bushel
2023-09-22,Corn,Illinois,,Truck,4.6468,4.4625,4.8025,$ Per Bushel
2023-09-22,Corn,Indiana,,Truck,4.9875,4.7525,5.2525,$ Per Bushel
2023-09-22,Corn,Iowa,,Truck,4.744,4.5025,5.0525,$ Per Bushel
2023-09-22,Corn,Kansas,,Truck,4.8525,4.5025,5.1025,$ Per Bushel
2023-09-22,Corn,Michigan,,Truck,5.015,4.9025,5.2025,$ Per Bushel
2023-09-22,Corn,Minnesota,,Truck,4.6439,4.5425,4.8025,$ Per Bushel
2023-09-22,Corn,Missouri,,Truck,4.6275,4.3525,4.8025,$ Per Bushel
2023-09-22,Corn,Nebraska,,Truck,4.8296,4.5525,5.0025,$ Per Bushel
2023-09-22,Corn,Ohio,,Truck,5.4275,4.9525,6.0025,$ Per Bushel
2023-09-22,Corn,South Dakota,,Truck,4.5948,4.2025,4.9025,$ Per Bushel
2023-09-22,Corn,Wisconsin,,Truck,4.6225,4.3525,4.8525,$ Per Bushel
2023-09-25,Corn,Illinois,,Truck,4.6654,4.5225,4.8225,$ Per Bushel
2023-09-25,Corn,Indiana,,Truck,5.0025,4.5725,5.4725,$ Per Bushel
2023-09-25,Corn,Iowa,,Truck,4.7606,4.5225,5.0725,$ Per Bushel
2023-09-25,Corn,Kansas,,Truck,4.8725,4.5225,5.1225,$ Per Bushel
2023-09-25,Corn,Michigan,,Truck,5.035,4.9225,5.2225,$ Per Bushel
2023-09-25,Corn,Minnesota,,Truck,4.6354,4.5625,4.8225,$ Per Bushel
2023-09-25,Corn,Missouri,,Truck,4.6475,4.3725,4.8225,$ Per Bushel
2023-09-25,Corn,Nebraska,,Truck,4.8461,4.5725,5.0225,$ Per Bushel
2023-09-25,Corn,Ohio,,Truck,5.2725,4.7225,6.0225,$ Per Bushel
2023-09-25,Corn,South Dakota,,Truck,4.6148,4.2225,4.9225,$ Per Bushel
2023-09-25,Corn,Wisconsin,,Truck,4.6225,4.3725,4.8725,$ Per Bushel
2023-09-26,Corn,Illinois,,Truck,4.6768,4.5625,4.8625,$ Per Bushel
2023-09-26,Corn,Indiana,,Truck,4.9925,4.6125,5.4125,$ Per Bushel
2023-09-26,Corn,Iowa,,Truck,4.7225,4.5125,4.8825,$ Per Bushel
2023-09-26,Corn,Kansas,,Truck,4.9292,4.6125,5.1625,$ Per Bushel
2023-09-26,Corn,Michigan,,Truck,5.075,4.9625,5.2625,$ Per Bushel
2023-09-26,Corn,Minnesota,,Truck,4.6454,4.5125,4.8125,$ Per Bushel
2023-09-26,Corn,Missouri,,Truck,4.67,4.3925,4.8125,$ Per Bushel
2023-09-26,Corn,Nebraska,,Truck,4.8994,4.6125,5.0625,$ Per Bushel
2023-09-26,Corn,Ohio,,Truck,5.1958,4.7625,5.6125,$ Per Bushel
2023-09-26,Corn,South Dakota,,Truck,4.6033,4.2625,4.9625,$ Per Bushel
2023-09-26,Corn,Wisconsin,,Truck,4.6425,4.3125,4.9125,$ Per Bushel
2023-09-27,Corn,Illinois,,Truck,4.6808,4.5475,4.8475,$ Per Bushel
2023-09-27,Corn,Indiana,,Truck,4.9005,4.5475,5.3975,$ Per Bushel
2023-09-27,Corn,Iowa,,Truck,4.8243,4.5975,5.0975,$ Per Bushel
2023-09-27,Corn,Kansas,,Truck,4.9142,4.5975,5.1475,$ Per Bushel
2023-09-27,Corn,Michigan,,Truck,5.0225,4.7975,5.2475,$ Per Bushel
2023-09-27,Corn,Minnesota,,Truck,4.6104,4.4975,4.7475,$ Per Bushel
2023-09-27,Corn,Missouri,,Truck,4.655,4.3775,4.7975,$ Per Bushel
2023-09-27,Corn,Nebraska,,Truck,4.8821,4.5975,5.0475,$ Per Bushel
2023-09-27,Corn,Ohio,,Truck,5.1808,4.7475,5.5975,$ Per Bushel
2023-09-27,Corn,South Dakota,,Truck,4.5883,4.2475,4.9475,$ Per Bushel
2023-09-27,Corn,Wisconsin,,Truck,4.6375,4.2975,4.8975,$ Per Bushel
2023-09-28,Corn,Illinois,,Truck,4.7242,4.5825,4.9325,$ Per Bushel
2023-09-28,Corn,Indiana,,Truck,4.9505,4.5825,5.4325,$ Per Bushel
2023-09-28,Corn,Iowa,,Truck,4.848,4.6325,5.1325,$ Per Bushel
2023-09-28,Corn,Kansas,,Truck,4.9325,4.6325,5.1825,$ Per Bushel
2023-09-28,Corn,Michigan,,Truck,5.0575,4.8325,5.2825,$ Per Bushel
2023-09-28,Corn,Minnesota,,Truck,4.6382,4.4825,4.7825,$ Per Bushel
2023-09-28,Corn,Missouri,,Truck,4.6575,4.3825,4.8325,$ Per Bushel
2023-09-28,Corn,Nebraska,,Truck,4.9017,4.6325,5.0825,$ Per Bushel
2023-09-28,Corn,Ohio,,Truck,5.1492,4.7825,5.4325,$ Per Bushel
2023-09-28,Corn,South Dakota,,Truck,4.6458,4.4825,4.9825,$ Per Bushel
2023-09-28,Corn,Wisconsin,,Truck,4.6925,4.3325,5.0325,$ Per Bushel
2023-09-29,Corn,Illinois,,Truck,4.695,4.545,4.785,$ Per Bushel
2023-09-29,Corn,Indiana,,Truck,4.983,4.635,5.485,$ Per Bushel
2023-09-29,Corn,Iowa,,Truck,4.8988,4.685,5.185,$ Per Bushel
2023-09-29,Corn,Kansas,,Truck,4.935,4.535,5.235,$ Per Bushel
2023-09-29,Corn,Michigan,,Truck,5.11,4.885,5.335,$ Per Bushel
2023-09-29,Corn,Minnesota,,Truck,4.6907,4.535,4.835,$ Per Bushel
2023-09-29,Corn,Missouri,,Truck,4.71,4.435,4.885,$ Per Bushel
2023-09-29,Corn,Nebraska,,Truck,4.9388,4.685,5.135,$ Per Bushel
2023-09-29,Corn,Ohio,,Truck,5.2183,4.835,5.485,$ Per Bushel
2023-09-29,Corn,South Dakota,,Truck,4.7012,4.535,5.035,$ Per Bushel
2023-09-29,Corn,Wisconsin,,Truck,4.745,4.385,5.085,$ Per Bushel
2023-10-02,Corn,Illinois,,Truck,4.6189,4.4275,4.8675,$ Per Bushel
2023-10-02,Corn,Indiana,,Truck,4.8655,4.5175,5.3675,$ Per Bushel
2023-10-02,Corn,Iowa,,Truck,4.6942,4.6175,4.8075,$ Per Bushel
2023-10-02,Corn,Kansas,,Truck,4.8175,4.4175,5.1175,$ Per Bushel
2023-10-02,Corn,Michigan,,Truck,4.9925,4.7675,5.2175,$ Per Bushel
2023-10-02,Corn,Minnesota,,Truck,4.5761,4.3875,4.7175,$ Per Bushel
2023-10-02,Corn,Missouri,,Truck,4.5925,4.3175,4.7675,$ Per Bushel
2023-10-02,Corn,Nebraska,,Truck,4.8098,4.5175,5.1175,$ Per Bushel
2023-10-02,Corn,Ohio,,Truck,5.0675,4.5175,5.3675,$ Per Bushel
2023-10-02,Corn,South Dakota,,Truck,4.5717,4.4175,4.9175,$ Per Bushel
2023-10-02,Corn,Wisconsin,,Truck,4.6175,4.2675,4.9175,$ Per Bushel
2023-10-03,Corn,Illinois,,Truck,4.7046,4.5375,4.8875,$ Per Bushel
2023-10-03,Corn,Indiana,,Truck,4.8305,4.5375,5.3375,$ Per Bushel
2023-10-03,Corn,Iowa,,Truck,4.7992,4.6875,4.9275,$ Per Bushel
2023-10-03,Corn,Kansas,,Truck,4.9142,4.5175,5.2375,$ Per Bushel
2023-10-03,Corn,Michigan,,Truck,4.95,4.3875,5.5875,$ Per Bushel
2023-10-03,Corn,Minnesota,,Truck,4.6561,4.5075,4.8375,$ Per Bushel
2023-10-03,Corn,Missouri,,Truck,4.7125,4.4375,4.8875,$ Per Bushel
2023-10-03,Corn,Nebraska,,Truck,4.8722,4.6375,5.1375,$ Per Bushel
2023-10-03,Corn,Ohio,,Truck,5.2292,4.5375,5.6875,$ Per Bushel
2023-10-03,Corn,South Dakota,,Truck,4.6521,4.3375,5.1375,$ Per Bushel
2023-10-03,Corn,Wisconsin,,Truck,4.5625,4.3875,4.7875,$ Per Bushel
2023-10-04,Corn,Illinois,,Truck,4.7279,4.575,4.875,$ Per Bushel
2023-10-04,Corn,Indiana,,Truck,4.808,4.525,5.325,$ Per Bushel
2023-10-04,Corn,Iowa,,Truck,4.8427,4.525,5.375,$ Per Bushel
2023-10-04,Corn,Kansas,,Truck,4.8517,4.505,5.075,$ Per Bushel
2023-10-04,Corn,Michigan,,Truck,4.9375,4.375,5.575,$ Per Bushel
2023-10-04,Corn,Minnesota,,Truck,4.6521,4.495,4.775,$ Per Bushel
2023-10-04,Corn,Missouri,,Truck,4.6875,4.375,4.875,$ Per Bushel
2023-10-04,Corn,Nebraska,,Truck,4.8063,4.625,5.175,$ Per Bushel
2023-10-04,Corn,Ohio,,Truck,5.35,4.525,5.775,$ Per Bushel
2023-10-04,Corn,South Dakota,,Truck,4.6704,4.325,5.125,$ Per Bushel
2023-10-04,Corn,Wisconsin,,Truck,4.575,4.375,4.775,$ Per Bushel
2023-10-05,Corn,Illinois,,Truck,4.7343,4.56,4.91,$ Per Bushel
2023-10-05,Corn,Indiana,,Truck,4.86,4.51,5.36,$ Per Bushel
2023-10-05,Corn,Iowa,,Truck,4.8232,4.56,5.36,$ Per Bushel
2023-10-05,Corn,Kansas,,Truck,4.8933,4.51,5.21,$ Per Bushel
2023-10-05,Corn,Michigan,,Truck,4.9225,4.36,5.56,$ Per Bushel
2023-10-05,Corn,Minnesota,,Truck,4.6514,4.48,4.76,$ Per Bushel
2023-10-05,Corn,Missouri,,Truck,4.6725,4.36,4.86,$ Per Bushel
2023-10-05,Corn,Nebraska,,Truck,4.7913,4.61,5.16,$ Per Bushel
2023-10-05,Corn,Ohio,,Truck,5.3933,4.51,5.86,$ Per Bushel
2023-10-05,Corn,South Dakota,,Truck,4.6092,4.31,4.86,$ Per Bushel
2023-10-05,Corn,Wisconsin,,Truck,4.56,4.36,4.76,$ Per Bushel
2023-10-06,Corn,Illinois,,Truck,4.8883,4.675,5.025,$ Per Bushel
2023-10-06,Corn,Indiana,,Truck,4.975,4.625,5.475,$ Per Bushel
2023-10-06,Corn,Iowa,,Truck,4.9109,4.675,5.175,$ Per Bushel
2023-10-06,Corn,Kansas,,Truck,5.0083,4.625,5.325,$ Per Bushel
2023-10-06,Corn,Michigan,,Truck,5.1875,4.475,5.675,$ Per Bushel
2023-10-06,Corn,Minnesota,,Truck,4.7521,4.595,4.845,$ Per Bushel
2023-10-06,Corn,Missouri,,Truck,4.8,4.475,4.975,$ Per Bushel
2023-10-06,Corn,Nebraska,,Truck,4.9117,4.725,5.225,$ Per Bushel
2023-10-06,Corn,Ohio,,Truck,5.5083,4.625,5.975,$ Per Bushel
2023-10-06,Corn,South Dakota,,Truck,4.6673,4.325,4.775,$ Per Bushel
2023-10-06,Corn,Wisconsin,,Truck,4.675,4.475,4.875,$ Per Bushel
2023-10-10,Corn,Illinois,,Truck,4.7925,4.5825,4.9325,$ Per Bushel
2023-10-10,Corn,Indiana,,Truck,4.8325,4.5325,5.3325,$ Per Bushel
2023-10-10,Corn,Iowa,,Truck,4.7816,4.5825,5.0825,$ Per Bushel
2023-10-10,Corn,Kansas,,Truck,4.9158,4.5325,5.2325,$ Per Bushel
2023-10-10,Corn,Michigan,,Truck,4.97,4.3825,5.2825,$ Per Bushel
2023-10-10,Corn,Minnesota,,Truck,4.6596,4.5025,4.7325,$ Per Bushel
2023-10-10,Corn,Missouri,,Truck,4.7075,4.3825,4.8825,$ Per Bushel
2023-10-10,Corn,Nebraska,,Truck,4.8145,4.6325,5.1325,$ Per Bushel
2023-10-10,Corn,Ohio,,Truck,5.0325,4.6325,5.3825,$ Per Bushel
2023-10-10,Corn,South Dakota,,Truck,4.6017,4.3325,4.8825,$ Per Bushel
2023-10-10,Corn,Wisconsin,,Truck,4.6425,4.3825,5.0325,$ Per Bushel
2023-10-11,Corn,Illinois,,Truck,4.785,4.555,4.955,$ Per Bushel
2023-10-11,Corn,Indiana,,Truck,4.877,4.505,5.355,$ Per Bushel
2023-10-11,Corn,Iowa,,Truck,4.7608,4.635,4.905,$ Per Bushel
2023-10-11,Corn,Kansas,,Truck,4.8883,4.505,5.205,$ Per Bushel
2023-10-11,Corn,Michigan,,Truck,4.9175,4.355,5.155,$ Per Bushel
2023-10-11,Corn,Minnesota,,Truck,4.615,4.475,4.705,$ Per Bushel
2023-10-11,Corn,Missouri,,Truck,4.7175,4.355,4.905,$ Per Bushel
2023-10-11,Corn,Nebraska,,Truck,4.795,4.605,5.105,$ Per Bushel
2023-10-11,Corn,Ohio,,Truck,5.005,4.605,5.355,$ Per Bushel
2023-10-11,Corn,South Dakota,,Truck,4.5175,4.155,4.855,$ Per Bushel
2023-10-11,Corn,Wisconsin,,Truck,4.615,4.355,5.005,$ Per Bushel
2023-10-12,Corn,Illinois,,Truck,4.8271,4.58,5.03,$ Per Bushel
2023-10-12,Corn,Indiana,,Truck,4.92,4.53,5.58,$ Per Bushel
2023-10-12,Corn,Iowa,,Truck,4.7227,4.58,4.88,$ Per Bushel
2023-10-12,Corn,Kansas,,Truck,4.9133,4.53,5.23,$ Per Bushel
2023-10-12,Corn,Michigan,,Truck,4.9675,4.38,5.18,$ Per Bushel
2023-10-12,Corn,Minnesota,,Truck,4.64,4.5,4.73,$ Per Bushel
2023-10-12,Corn,Missouri,,Truck,4.7425,4.38,4.93,$ Per Bushel
2023-10-12,Corn,Nebraska,,Truck,4.82,4.63,5.13,$ Per Bushel
2023-10-12,Corn,Ohio,,Truck,4.98,4.63,5.38,$ Per Bushel
2023-10-12,Corn,South Dakota,,Truck,4.4838,4.18,4.78,$ Per Bushel
2023-10-12,Corn,Wisconsin,,Truck,4.63,4.38,4.98,$ Per Bushel
2023-10-13,Corn,Illinois,,Truck,4.9186,4.66,5.13,$ Per Bushel
2023-10-13,Corn,Indiana,,Truck,4.995,4.61,5.56,$ Per Bushel
2023-10-13,Corn,Iowa,,Truck,4.86,4.74,5.03,$ Per Bushel
2023-10-13,Corn,Kansas,,Truck,4.9933,4.61,5.31,$ Per Bushel
2023-10-13,Corn,Michigan,,Truck,5.06,4.76,5.26,$ Per Bushel
2023-10-13,Corn,Minnesota,,Truck,4.7171,4.58,4.76,$ Per Bushel
2023-10-13,Corn,Missouri,,Truck,4.8225,4.46,5.01,$ Per Bushel
2023-10-13,Corn,Nebraska,,Truck,4.8913,4.71,5.21,$ Per Bushel
2023-10-13,Corn,Ohio,,Truck,4.985,4.71,5.21,$ Per Bushel
2023-10-13,Corn,South Dakota,,Truck,4.5569,4.26,4.86,$ Per Bushel
2023-10-13,Corn,Wisconsin,,Truck,4.71,4.46,5.06,$ Per Bushel
2023-10-16,Corn,Illinois,,Truck,4.8882,4.6325,5.1025,$ Per Bushel
2023-10-16,Corn,Indiana,,Truck,4.9525,4.5825,5.4325,$ Per Bushel
2023-10-16,Corn,Iowa,,Truck,4.7684,4.6325,4.8825,$ Per Bushel
2023-10-16,Corn,Kansas,,Truck,4.9658,4.5825,5.2825,$ Per Bushel
2023-10-16,Corn,Michigan,,Truck,4.9825,4.7325,5.2325,$ Per Bushel
2023-10-16,Corn,Minnesota,,Truck,4.7039,4.5525,4.7825,$ Per Bushel
2023-10-16,Corn,Missouri,,Truck,4.8075,4.4325,5.0325,$ Per Bushel
2023-10-16,Corn,Nebraska,,Truck,4.8565,4.7325,5.1825,$ Per Bushel
2023-10-16,Corn,Ohio,,Truck,4.8992,4.6325,5.1825,$ Per Bushel
2023-10-16,Corn,South Dakota,,Truck,4.5294,4.2325,4.8325,$ Per Bushel
2023-10-16,Corn,Wisconsin,,Truck,4.6725,4.4325,4.9825,$ Per Bushel
2023-10-17,Corn,Illinois,,Truck,4.8343,4.6,5.07,$ Per Bushel
2023-10-17,Corn,Indiana,,Truck,4.75,4.55,5.1,$ Per Bushel
2023-10-17,Corn,Iowa,,Truck,4.7332,4.6,4.85,$ Per Bushel
2023-10-17,Corn,Kansas,,Truck,4.9333,4.55,5.25,$ Per Bushel
2023-10-17,Corn,Michigan,,Truck,4.775,4.5,5.0,$ Per Bushel
2023-10-17,Corn,Minnesota,,Truck,4.6714,4.52,4.75,$ Per Bushel
2023-10-17,Corn,Missouri,,Truck,4.7875,4.5,4.95,$ Per Bushel
2023-10-17,Corn,Nebraska,,Truck,4.8214,4.7,5.15,$ Per Bushel
2023-10-17,Corn,Ohio,,Truck,4.7583,4.6,5.15,$ Per Bushel
2023-10-17,Corn,South Dakota,,Truck,4.5,4.2,4.8,$ Per Bushel
2023-10-17,Corn,Wisconsin,,Truck,4.634,4.4,4.95,$ Per Bushel
2023-10-18,Corn,Illinois,,Truck,4.8343,4.59,5.06,$ Per Bushel
2023-10-18,Corn,Indiana,,Truck,4.752,4.54,5.09,$ Per Bushel
2023-10-18,Corn,Iowa,,Truck,4.8033,4.69,4.94,$ Per Bushel
2023-10-18,Corn,Kansas,,Truck,4.94,4.59,5.24,$ Per Bushel
2023-10-18,Corn,Michigan,,Truck,4.765,4.49,4.99,$ Per Bushel
2023-10-18,Corn,Minnesota,,Truck,4.6614,4.51,4.74,$ Per Bushel
2023-10-18,Corn,Missouri,,Truck,4.79,4.49,4.99,$ Per Bushel
2023-10-18,Corn,Nebraska,,Truck,4.8153,4.69,5.14,$ Per Bushel
2023-10-18,Corn,Ohio,,Truck,4.7483,4.59,5.14,$ Per Bushel
2023-10-18,Corn,South Dakota,,Truck,4.5031,4.19,4.79,$ Per Bushel
2023-10-18,Corn,Wisconsin,,Truck,4.644,4.49,4.94,$ Per Bushel
2023-10-19,Corn,Illinois,,Truck,4.8614,4.57,5.09,$ Per Bushel
2023-10-19,Corn,Indiana,,Truck,4.773,4.57,5.17,$ Per Bushel
2023-10-19,Corn,Iowa,,Truck,4.7548,4.62,4.92,$ Per Bushel
2023-10-19,Corn,Kansas,,Truck,4.97,4.62,5.27,$ Per Bushel
2023-10-19,Corn,Michigan,,Truck,4.795,4.52,5.02,$ Per Bushel
2023-10-19,Corn,Minnesota,,Truck,4.6914,4.54,4.77,$ Per Bushel
2023-10-19,Corn,Missouri,,Truck,4.82,4.52,5.02,$ Per Bushel
2023-10-19,Corn,Nebraska,,Truck,4.844,4.62,5.17,$ Per Bushel
2023-10-19,Corn,Ohio,,Truck,4.77,4.57,5.17,$ Per Bushel
2023-10-19,Corn,South Dakota,,Truck,4.5223,4.22,4.77,$ Per Bushel
2023-10-19,Corn,Wisconsin,,Truck,4.664,4.52,4.92,$ Per Bushel
2023-10-20,Corn,Illinois,,Truck,5.0014,4.7,5.22,$ Per Bushel
2023-10-20,Corn,Indiana,,Truck,4.903,4.7,5.3,$ Per Bushel
2023-10-20,Corn,Iowa,,Truck,4.965,4.85,5.1,$ Per Bushel
2023-10-20,Corn,Kansas,,Truck,5.1,4.75,5.4,$ Per Bushel
2023-10-20,Corn,Michigan,,Truck,5.025,4.85,5.15,$ Per Bushel
2023-10-20,Corn,Minnesota,,Truck,4.8314,4.67,4.93,$ Per Bushel
2023-10-20,Corn,Missouri,,Truck,4.9625,4.65,5.15,$ Per Bushel
2023-10-20,Corn,Nebraska,,Truck,4.982,4.85,5.3,$ Per Bushel
2023-10-20,Corn,Ohio,,Truck,4.9,4.7,5.3,$ Per Bushel
2023-10-20,Corn,South Dakota,,Truck,4.6569,4.35,4.9,$ Per Bushel
2023-10-20,Corn,Wisconsin,,Truck,4.794,4.65,5.05,$ Per Bushel
2023-10-23,Corn,Illinois,,Truck,4.9036,4.605,5.125,$ Per Bushel
2023-10-23,Corn,Indiana,,Truck,4.808,4.605,5.205,$ Per Bushel
2023-10-23,Corn,Iowa,,Truck,4.7945,4.655,4.955,$ Per Bushel
2023-10-23,Corn,Kansas,,Truck,5.005,4.655,5.305,$ Per Bushel
2023-10-23,Corn,Michigan,,Truck,4.8925,4.755,5.055,$ Per Bushel
2023-10-23,Corn,Minnesota,,Truck,4.7436,4.575,4.835,$ Per Bushel
2023-10-23,Corn,Missouri,,Truck,4.8675,4.555,5.055,$ Per Bushel
2023-10-23,Corn,Nebraska,,Truck,4.8883,4.755,5.205,$ Per Bushel
2023-10-23,Corn,Ohio,,Truck,4.8,4.575,5.205,$ Per Bushel
2023-10-23,Corn,South Dakota,,Truck,4.5604,4.255,4.805,$ Per Bushel
2023-10-23,Corn,Wisconsin,,Truck,4.679,4.555,4.855,$ Per Bushel
2023-10-24,Corn,Illinois,,Truck,4.8382,4.5525,5.1025,$ Per Bushel
2023-10-24,Corn,Indiana,,Truck,4.7345,4.5525,5.1525,$ Per Bushel
2023-10-24,Corn,Iowa,,Truck,4.7377,4.6025,4.9025,$ Per Bushel
2023-10-24,Corn,Kansas,,Truck,4.9525,4.6025,5.2525,$ Per Bushel
2023-10-24,Corn,Michigan,,Truck,4.9025,4.7025,5.0025,$ Per Bushel
2023-10-24,Corn,Minnesota,,Truck,4.6954,4.5525,4.7825,$ Per Bushel
2023-10-24,Corn,Missouri,,Truck,4.8775,4.7525,5.0025,$ Per Bushel
2023-10-24,Corn,Nebraska,,Truck,4.8338,4.7025,5.1525,$ Per Bushel
2023-10-24,Corn,Ohio,,Truck,4.7058,4.5225,4.9025,$ Per Bushel
2023-10-24,Corn,South Dakota,,Truck,4.5094,4.2025,4.7525,$ Per Bushel
2023-10-24,Corn,Wisconsin,,Truck,4.6265,4.5025,4.8025,$ Per Bushel
2023-10-25,Corn,Illinois,,Truck,4.7686,4.49,4.99,$ Per Bushel
2023-10-25,Corn,Indiana,,Truck,4.672,4.49,5.09,$ Per Bushel
2023-10-25,Corn,Iowa,,Truck,4.7883,4.62,4.89,$ Per Bushel
2023-10-25,Corn,Kansas,,Truck,4.9067,4.59,5.19,$ Per Bushel
2023-10-25,Corn,Michigan,,Truck,4.84,4.64,4.94,$ Per Bushel
2023-10-25,Corn,Minnesota,,Truck,4.6329,4.49,4.72,$ Per Bushel
2023-10-25,Corn,Missouri,,Truck,4.7775,4.54,4.94,$ Per Bushel
2023-10-25,Corn,Nebraska,,Truck,4.768,4.64,5.09,$ Per Bushel
2023-10-25,Corn,Ohio,,Truck,4.63,4.46,4.84,$ Per Bushel
2023-10-25,Corn,South Dakota,,Truck,4.4408,4.14,4.69,$ Per Bushel
2023-10-25,Corn,Wisconsin,,Truck,4.554,4.39,4.74,$ Per Bushel
2023-10-26,Corn,Illinois,,Truck,4.7314,4.45,4.95,$ Per Bushel
2023-10-26,Corn,Indiana,,Truck,4.632,4.45,5.05,$ Per Bushel
2023-10-26,Corn,Iowa,,Truck,4.6614,4.5,4.8,$ Per Bushel
2023-10-26,Corn,Kansas,,Truck,4.8667,4.55,5.15,$ Per Bushel
2023-10-26,Corn,Michigan,,Truck,4.7625,4.5,5.05,$ Per Bushel
2023-10-26,Corn,Minnesota,,Truck,4.5843,4.45,4.68,$ Per Bushel
2023-10-26,Corn,Missouri,,Truck,4.725,4.5,4.9,$ Per Bushel
2023-10-26,Corn,Nebraska,,Truck,4.7347,4.6,5.05,$ Per Bushel
2023-10-26,Corn,Ohio,,Truck,4.5533,4.4,4.65,$ Per Bushel
2023-10-26,Corn,South Dakota,,Truck,4.4008,4.1,4.65,$ Per Bushel
2023-10-26,Corn,Wisconsin,,Truck,4.514,4.35,4.7,$ Per Bushel
2023-10-27,Corn,Illinois,,Truck,4.7196,4.4425,4.8925,$ Per Bushel
2023-10-27,Corn,Indiana,,Truck,4.6165,4.4425,5.0425,$ Per Bushel
2023-10-27,Corn,Iowa,,Truck,4.6596,4.4925,4.8425,$ Per Bushel
2023-10-27,Corn,Kansas,,Truck,4.8758,4.5925,5.1425,$ Per Bushel
2023-10-27,Corn,Michigan,,Truck,4.755,4.4925,5.0425,$ Per Bushel
2023-10-27,Corn,Minnesota,,Truck,4.5825,4.4425,4.7125,$ Per Bushel
2023-10-27,Corn,Missouri,,Truck,4.7175,4.4925,4.8925,$ Per Bushel
2023-10-27,Corn,Nebraska,,Truck,4.7405,4.5925,5.0425,$ Per Bushel
2023-10-27,Corn,Ohio,,Truck,4.5375,4.3925,4.6425,$ Per Bushel
2023-10-27,Corn,South Dakota,,Truck,4.3894,4.0925,4.6425,$ Per Bushel
2023-10-27,Corn,Wisconsin,,Truck,4.4905,4.3425,4.6125,$ Per Bushel
2023-10-30,Corn,Illinois,,Truck,4.7361,4.4575,4.9075,$ Per Bushel
2023-10-30,Corn,Indiana,,Truck,4.6315,4.4575,5.0575,$ Per Bushel
2023-10-30,Corn,Iowa,,Truck,4.6813,4.5075,4.8575,$ Per Bushel
2023-10-30,Corn,Kansas,,Truck,4.8908,4.6075,5.1575,$ Per Bushel
2023-10-30,Corn,Michigan,,Truck,4.77,4.5075,5.0575,$ Per Bushel
2023-10-30,Corn,Minnesota,,Truck,4.6018,4.4575,4.7275,$ Per Bushel
2023-10-30,Corn,Missouri,,Truck,4.7325,4.5075,4.9075,$ Per Bushel
2023-10-30,Corn,Nebraska,,Truck,4.7588,4.6075,5.0575,$ Per Bushel
2023-10-30,Corn,Ohio,,Truck,4.5525,4.4075,4.6575,$ Per Bushel
2023-10-30,Corn,South Dakota,,Truck,4.4044,4.1075,4.6575,$ Per Bushel
2023-10-30,Corn,Wisconsin,,Truck,4.5055,4.3575,4.6275,$ Per Bushel
2023-10-31,Corn,Illinois,,Truck,4.7096,4.4325,4.8825,$ Per Bushel
2023-10-31,Corn,Indiana,,Truck,4.6005,4.4325,4.9325,$ Per Bushel
2023-10-31,Corn,Iowa,,Truck,4.6735,4.5325,4.8825,$ Per Bushel
2023-10-31,Corn,Kansas,,Truck,4.8658,4.5825,5.1325,$ Per Bushel
2023-10-31,Corn,Michigan,,Truck,4.445,4.3325,4.5825,$ Per Bushel
2023-10-31,Corn,Minnesota,,Truck,4.5896,4.4825,4.7325,$ Per Bushel
2023-10-31,Corn,Missouri,,Truck,4.72,4.5325,4.8825,$ Per Bushel
2023-10-31,Corn,Nebraska,,Truck,4.7452,4.5825,5.0325,$ Per Bushel
2023-10-31,Corn,Ohio,,Truck,4.5025,4.3825,4.5825,$ Per Bushel
2023-10-31,Corn,South Dakota,,Truck,4.3671,4.0825,4.6325,$ Per Bushel
2023-10-31,Corn,Wisconsin,,Truck,4.4805,4.3325,4.6025,$ Per Bushel
2023-11-01,Corn,Illinois,,Truck,4.7146,4.4375,4.8875,$ Per Bushel
2023-11-01,Corn,Indiana,,Truck,4.6055,4.4375,4.9375,$ Per Bushel
2023-11-01,Corn,Iowa,,Truck,4.7975,4.6375,4.8875,$ Per Bushel
2023-11-01,Corn,Kansas,,Truck,4.8708,4.5875,5.1375,$ Per Bushel
2023-11-01,Corn,Michigan,,Truck,4.425,4.3375,4.4875,$ Per Bushel
2023-11-01,Corn,Minnesota,,Truck,4.6104,4.4475,4.7875,$ Per Bushel
2023-11-01,Corn,Missouri,,Truck,4.725,4.5375,4.8875,$ Per Bushel
2023-11-01,Corn,Nebraska,,Truck,4.7542,4.5875,5.0375,$ Per Bushel
2023-11-01,Corn,Ohio,,Truck,4.4958,4.3875,4.5875,$ Per Bushel
2023-11-01,Corn,South Dakota,,Truck,4.3721,4.0875,4.6375,$ Per Bushel
2023-11-01,Corn,Wisconsin,,Truck,4.4855,4.3375,4.6075,$ Per Bushel
2023-11-02,Corn,Illinois,,Truck,4.7229,4.4,4.91,$ Per Bushel
2023-11-02,Corn,Indiana,,Truck,4.555,4.4,4.85,$ Per Bushel
2023-11-02,Corn,Iowa,,Truck,4.6719,4.5,4.85,$ Per Bushel
2023-11-02,Corn,Kansas,,Truck,4.8667,4.55,5.2,$ Per Bushel
2023-11-02,Corn,Michigan,,Truck,4.4375,4.35,4.5,$ Per Bushel
2023-11-02,Corn,Minnesota,,Truck,4.5843,4.38,4.75,$ Per Bushel
2023-11-02,Corn,Missouri,,Truck,4.7,4.5,4.9,$ Per Bushel
2023-11-02,Corn,Nebraska,,Truck,4.7467,4.55,5.0,$ Per Bushel
2023-11-02,Corn,Ohio,,Truck,4.4333,4.35,4.55,$ Per Bushel
2023-11-02,Corn,South Dakota,,Truck,4.3346,4.05,4.6,$ Per Bushel
2023-11-02,Corn,Wisconsin,,Truck,4.456,4.3,4.61,$ Per Bushel
2023-11-03,Corn,Illinois,,Truck,4.6643,4.35,4.86,$ Per Bushel
2023-11-03,Corn,Indiana,,Truck,4.505,4.35,4.8,$ Per Bushel
2023-11-03,Corn,Iowa,,Truck,4.7442,4.4,4.95,$ Per Bushel
2023-11-03,Corn,Kansas,,Truck,4.8167,4.5,5.15,$ Per Bushel
2023-11-03,Corn,Michigan,,Truck,4.375,4.3,4.45,$ Per Bushel
2023-11-03,Corn,Minnesota,,Truck,4.56,4.33,4.8,$ Per Bushel
2023-11-03,Corn,Missouri,,Truck,4.625,4.35,4.85,$ Per Bushel
2023-11-03,Corn,Nebraska,,Truck,4.6967,4.5,4.95,$ Per Bushel
2023-11-03,Corn,Ohio,,Truck,4.375,4.3,4.5,$ Per Bushel
2023-11-03,Corn,South Dakota,,Truck,4.2815,4.0,4.55,$ Per Bushel
2023-11-03,Corn,Wisconsin,,Truck,4.406,4.25,4.56,$ Per Bushel
2023-11-06,Corn,Illinois,,Truck,4.7325,4.4225,4.9325,$ Per Bushel
2023-11-06,Corn,Indiana,,Truck,4.5625,4.4225,4.8725,$ Per Bushel
2023-11-06,Corn,Iowa,,Truck,4.709,4.4725,4.8725,$ Per Bushel
2023-11-06,Corn,Kansas,,Truck,4.8892,4.5725,5.2225,$ Per Bushel
2023-11-06,Corn,Michigan,,Truck,4.4475,4.3725,4.5225,$ Per Bushel
2023-11-06,Corn,Minnesota,,Truck,4.6282,4.3725,4.8725,$ Per Bushel
2023-11-06,Corn,Missouri,,Truck,4.685,4.4225,4.9225,$ Per Bushel
2023-11-06,Corn,Nebraska,,Truck,4.7692,4.5725,5.0225,$ Per Bushel
2023-11-06,Corn,Ohio,,Truck,4.4058,4.2725,4.5725,$ Per Bushel
2023-11-06,Corn,South Dakota,,Truck,4.3479,4.0725,4.6225,$ Per Bushel
2023-11-06,Corn,Wisconsin,,Truck,4.4685,4.3225,4.6325,$ Per Bushel
2023-11-07,Corn,Illinois,,Truck,4.7325,4.4225,4.9325,$ Per Bushel
2023-11-07,Corn,Indiana,,Truck,4.5325,4.3725,4.8725,$ Per Bushel
2023-11-07,Corn,Iowa,,Truck,4.715,4.4725,4.9225,$ Per Bushel
2023-11-07,Corn,Kansas,,Truck,4.9225,4.6725,5.2225,$ Per Bushel
2023-11-07,Corn,Michigan,,Truck,4.4225,4.3725,4.5225,$ Per Bushel
2023-11-07,Corn,Minnesota,,Truck,4.6296,4.3725,4.8725,$ Per Bushel
2023-11-07,Corn,Missouri,,Truck,4.7225,4.5225,4.9225,$ Per Bushel
2023-11-07,Corn,Nebraska,,Truck,4.7845,4.5725,5.0225,$ Per Bushel
2023-11-07,Corn,Ohio,,Truck,4.3792,4.1725,4.5725,$ Per Bushel
2023-11-07,Corn,South Dakota,,Truck,4.3517,4.0725,4.6225,$ Per Bushel
2023-11-07,Corn,Wisconsin,,Truck,4.4685,4.3225,4.6325,$ Per Bushel
2023-11-08,Corn,Illinois,,Truck,4.6464,4.335,4.845,$ Per Bushel
2023-11-08,Corn,Indiana,,Truck,4.394,4.235,4.735,$ Per Bushel
2023-11-08,Corn,Iowa,,Truck,4.64,4.385,4.835,$ Per Bushel
2023-11-08,Corn,Kansas,,Truck,4.835,4.585,5.135,$ Per Bushel
2023-11-08,Corn,Michigan,,Truck,4.31,4.235,4.435,$ Per Bushel
2023-11-08,Corn,Minnesota,,Truck,4.5621,4.285,4.785,$ Per Bushel
2023-11-08,Corn,Missouri,,Truck,4.6175,4.385,4.865,$ Per Bushel
2023-11-08,Corn,Nebraska,,Truck,4.7037,4.485,4.935,$ Per Bushel
2023-11-08,Corn,Ohio,,Truck,4.2917,4.085,4.485,$ Per Bushel
2023-11-08,Corn,South Dakota,,Truck,4.2681,3.985,4.535,$ Per Bushel
2023-11-08,Corn,Wisconsin,,Truck,4.373,4.235,4.545,$ Per Bushel
2023-11-09,Corn,Illinois,,Truck,4.7229,4.41,4.96,$ Per Bushel
2023-11-09,Corn,Indiana,,Truck,4.469,4.31,4.81,$ Per Bushel
2023-11-09,Corn,Iowa,,Truck,4.8558,4.51,5.01,$ Per Bushel
2023-11-09,Corn,Kansas,,Truck,4.91,4.66,5.21,$ Per Bushel
2023-11-09,Corn,Michigan,,Truck,4.385,4.31,4.51,$ Per Bushel
2023-11-09,Corn,Minnesota,,Truck,4.64,4.33,4.91,$ Per Bushel
2023-11-09,Corn,Missouri,,Truck,4.6925,4.46,4.94,$ Per Bushel
2023-11-09,Corn,Nebraska,,Truck,4.7793,4.56,5.01,$ Per Bushel
2023-11-09,Corn,Ohio,,Truck,4.2917,4.01,4.43,$ Per Bushel
2023-11-09,Corn,South Dakota,,Truck,4.3454,4.06,4.61,$ Per Bushel
2023-11-09,Corn,Wisconsin,,Truck,4.418,4.31,4.62,$ Per Bushel
2023-11-13,Corn,Illinois,,Truck,4.6,4.29,4.84,$ Per Bushel
2023-11-13,Corn,Indiana,,Truck,4.331,4.19,4.69,$ Per Bushel
2023-11-13,Corn,Iowa,,Truck,4.6165,4.34,4.84,$ Per Bushel
2023-11-13,Corn,Kansas,,Truck,4.79,4.54,5.09,$ Per Bushel
2023-11-13,Corn,Michigan,,Truck,4.2525,4.19,4.39,$ Per Bushel
2023-11-13,Corn,Minnesota,,Truck,4.53,4.21,4.79,$ Per Bushel
2023-11-13,Corn,Missouri,,Truck,4.56,4.29,4.82,$ Per Bushel
2023-11-13,Corn,Nebraska,,Truck,4.6593,4.44,4.89,$ Per Bushel
2023-11-13,Corn,Ohio,,Truck,4.1633,3.89,4.31,$ Per Bushel
2023-11-13,Corn,South Dakota,,Truck,4.2292,3.94,4.49,$ Per Bushel
2023-11-13,Corn,Wisconsin,,Truck,4.288,4.14,4.5,$ Per Bushel
2023-11-14,Corn,Illinois,,Truck,4.7439,4.4725,4.9725,$ Per Bushel
2023-11-14,Corn,Indiana,,Truck,4.4355,4.2225,4.8225,$ Per Bushel
2023-11-14,Corn,Iowa,,Truck,4.778,4.4725,4.9725,$ Per Bushel
2023-11-14,Corn,Kansas,,Truck,4.9225,4.6725,5.2225,$ Per Bushel
2023-11-14,Corn,Michigan,,Truck,4.385,4.3225,4.5225,$ Per Bushel
2023-11-14,Corn,Minnesota,,Truck,4.6625,4.3425,4.9225,$ Per Bushel
2023-11-14,Corn,Missouri,,Truck,4.6975,4.4225,4.9725,$ Per Bushel
2023-11-14,Corn,Nebraska,,Truck,4.7992,4.5725,5.0225,$ Per Bushel
2023-11-14,Corn,Ohio,,Truck,4.2558,4.0225,4.3725,$ Per Bushel
2023-11-14,Corn,South Dakota,,Truck,4.3587,4.0725,4.6225,$ Per Bushel
2023-11-14,Corn,Wisconsin,,Truck,4.4205,4.2725,4.6325,$ Per Bushel
2023-11-15,Corn,Illinois,,Truck,4.7725,4.5325,4.9825,$ Per Bushel
2023-11-15,Corn,Indiana,,Truck,4.4295,4.1825,4.8325,$ Per Bushel
2023-11-15,Corn,Iowa,,Truck,4.8185,4.4825,4.9825,$ Per Bushel
2023-11-15,Corn,Kansas,,Truck,5.0575,4.8825,5.2325,$ Per Bushel
2023-11-15,Corn,Michigan,,Truck,4.395,4.3325,4.5325,$ Per Bushel
2023-11-15,Corn,Minnesota,,Truck,4.6725,4.3525,4.9325,$ Per Bushel
2023-11-15,Corn,Missouri,,Truck,4.7075,4.4325,4.9825,$ Per Bushel
2023-11-15,Corn,Nebraska,,Truck,4.8092,4.5825,5.0325,$ Per Bushel
2023-11-15,Corn,Ohio,,Truck,4.2242,3.8825,4.3825,$ Per Bushel
2023-11-15,Corn,South Dakota,,Truck,4.3687,4.0825,4.6325,$ Per Bushel
2023-11-15,Corn,Wisconsin,,Truck,4.4205,4.2325,4.6425,$ Per Bushel
2023-11-16,Corn,Illinois,,Truck,4.6789,4.4575,4.9075,$ Per Bushel
2023-11-16,Corn,Indiana,,Truck,4.3345,4.0775,4.7575,$ Per Bushel
2023-11-16,Corn,Iowa,,Truck,4.8217,4.6675,4.9075,$ Per Bushel
2023-11-16,Corn,Kansas,,Truck,4.9825,4.7075,5.2575,$ Per Bushel
2023-11-16,Corn,Michigan,,Truck,4.3075,4.2075,4.4575,$ Per Bushel
2023-11-16,Corn,Minnesota,,Truck,4.6046,4.2775,4.8575,$ Per Bushel
2023-11-16,Corn,Missouri,,Truck,4.6325,4.3575,4.9075,$ Per Bushel
2023-11-16,Corn,Nebraska,,Truck,4.7435,4.5075,5.0075,$ Per Bushel
2023-11-16,Corn,Ohio,,Truck,4.1408,3.8075,4.2575,$ Per Bushel
2023-11-16,Corn,South Dakota,,Truck,4.2913,4.0075,4.5575,$ Per Bushel
2023-11-16,Corn,Wisconsin,,Truck,4.3455,4.1575,4.5675,$ Per Bushel
2023-11-17,Corn,Illinois,,Truck,4.7018,4.4975,4.9075,$ Per Bushel
2023-11-17,Corn,Indiana,,Truck,4.3645,4.1175,4.7975,$ Per Bushel
2023-11-17,Corn,Iowa,,Truck,4.8617,4.7075,4.9475,$ Per Bushel
2023-11-17,Corn,Kansas,,Truck,5.0225,4.7475,5.2975,$ Per Bushel
2023-11-17,Corn,Michigan,,Truck,4.2975,4.2475,4.3475,$ Per Bushel
2023-11-17,Corn,Minnesota,,Truck,4.6475,4.3175,4.8975,$ Per Bushel
2023-11-17,Corn,Missouri,,Truck,4.6725,4.3975,4.9475,$ Per Bushel
2023-11-17,Corn,Nebraska,,Truck,4.7739,4.5475,5.0475,$ Per Bushel
2023-11-17,Corn,Ohio,,Truck,4.1642,3.8475,4.2475,$ Per Bushel
2023-11-17,Corn,South Dakota,,Truck,4.3337,4.0475,4.5975,$ Per Bushel
2023-11-17,Corn,Wisconsin,,Truck,4.385,4.1975,4.5675,$ Per Bushel
2023-11-20,Corn,Illinois,,Truck,4.6314,4.47,4.83,$ Per Bushel
2023-11-20,Corn,Indiana,,Truck,4.287,4.04,4.72,$ Per Bushel
2023-11-20,Corn,Iowa,,Truck,4.7967,4.63,4.87,$ Per Bushel
2023-11-20,Corn,Kansas,,Truck,4.945,4.67,5.22,$ Per Bushel
2023-11-20,Corn,Michigan,,Truck,4.22,4.17,4.27,$ Per Bushel
2023-11-20,Corn,Minnesota,,Truck,4.5886,4.29,4.82,$ Per Bushel
2023-11-20,Corn,Missouri,,Truck,4.595,4.32,4.87,$ Per Bushel
2023-11-20,Corn,Nebraska,,Truck,4.6886,4.47,4.97,$ Per Bushel
2023-11-20,Corn,Ohio,,Truck,4.0783,3.77,4.17,$ Per Bushel
2023-11-20,Corn,South Dakota,,Truck,4.26,3.97,4.52,$ Per Bushel
2023-11-20,Corn,Wisconsin,,Truck,4.2975,4.12,4.45,$ Per Bushel
2023-11-21,Corn,Illinois,,Truck,4.6593,4.495,4.855,$ Per Bushel
2023-11-21,Corn,Indiana,,Truck,4.314,4.035,4.745,$ Per Bushel
2023-11-21,Corn,Iowa,,Truck,4.7685,4.565,4.995,$ Per Bushel
2023-11-21,Corn,Kansas,,Truck,4.97,4.695,5.245,$ Per Bushel
2023-11-21,Corn,Michigan,,Truck,4.245,4.195,4.295,$ Per Bushel
2023-11-21,Corn,Minnesota,,Truck,4.6221,4.315,4.845,$ Per Bushel
2023-11-21,Corn,Missouri,,Truck,4.62,4.345,4.895,$ Per Bushel
2023-11-21,Corn,Nebraska,,Truck,4.7157,4.495,4.995,$ Per Bushel
2023-11-21,Corn,Ohio,,Truck,4.1033,3.795,4.195,$ Per Bushel
2023-11-21,Corn,South Dakota,,Truck,4.285,3.995,4.545,$ Per Bushel
2023-11-21,Corn,Wisconsin,,Truck,4.3175,4.145,4.455,$ Per Bushel
2023-11-22,Corn,Illinois,,Truck,4.6643,4.5,4.86,$ Per Bushel
2023-11-22,Corn,Indiana,,Truck,4.319,4.04,4.75,$ Per Bushel
2023-11-22,Corn,Iowa,,Truck,4.7735,4.57,5.0,$ Per Bushel
2023-11-22,Corn,Kansas,,Truck,4.975,4.7,5.25,$ Per Bushel
2023-11-22,Corn,Michigan,,Truck,4.25,4.2,4.3,$ Per Bushel
2023-11-22,Corn,Minnesota,,Truck,4.6271,4.32,4.85,$ Per Bushel
2023-11-22,Corn,Missouri,,Truck,4.625,4.35,4.9,$ Per Bushel
2023-11-22,Corn,Nebraska,,Truck,4.7207,4.5,5.0,$ Per Bushel
2023-11-22,Corn,Ohio,,Truck,4.1083,3.8,4.2,$ Per Bushel
2023-11-22,Corn,South Dakota,,Truck,4.29,4.0,4.55,$ Per Bushel
2023-11-22,Corn,Wisconsin,,Truck,4.3225,4.15,4.46,$ Per Bushel
2023-11-24,Corn,Illinois,,Truck,4.6604,4.4875,4.8475,$ Per Bushel
2023-11-24,Corn,Indiana,,Truck,4.3665,4.0275,4.7375,$ Per Bushel
2023-11-24,Corn,Iowa,,Truck,4.769,4.5075,4.9875,$ Per Bushel
2023-11-24,Corn,Kansas,,Truck,4.9625,4.6875,5.2375,$ Per Bushel
2023-11-24,Corn,Michigan,,Truck,4.225,4.1875,4.2875,$ Per Bushel
2023-11-24,Corn,Minnesota,,Truck,4.6332,4.3075,4.9175,$ Per Bushel
2023-11-24,Corn,Missouri,,Truck,4.6625,4.5375,4.8875,$ Per Bushel
2023-11-24,Corn,Nebraska,,Truck,4.7239,4.4875,5.0375,$ Per Bushel
2023-11-24,Corn,Ohio,,Truck,4.1325,4.0075,4.1875,$ Per Bushel
2023-11-24,Corn,South Dakota,,Truck,4.2844,3.9875,4.5575,$ Per Bushel
2023-11-24,Corn,Wisconsin,,Truck,4.2875,4.1375,4.4175,$ Per Bushel
2023-11-27,Corn,Illinois,,Truck,4.6125,4.4525,4.7925,$ Per Bushel
2023-11-27,Corn,Indiana,,Truck,4.3115,3.9725,4.6825,$ Per Bushel
2023-11-27,Corn,Iowa,,Truck,4.7892,4.6325,4.9325,$ Per Bushel
2023-11-27,Corn,Kansas,,Truck,4.9075,4.6325,5.1825,$ Per Bushel
2023-11-27,Corn,Michigan,,Truck,4.17,4.1325,4.2325,$ Per Bushel
2023-11-27,Corn,Minnesota,,Truck,4.5782,4.2525,4.8625,$ Per Bushel
2023-11-27,Corn,Missouri,,Truck,4.6075,4.4825,4.8325,$ Per Bushel
2023-11-27,Corn,Nebraska,,Truck,4.6596,4.4325,4.8825,$ Per Bushel
2023-11-27,Corn,Ohio,,Truck,4.0858,3.9525,4.1325,$ Per Bushel
2023-11-27,Corn,South Dakota,,Truck,4.2356,3.9325,4.5325,$ Per Bushel
2023-11-27,Corn,Wisconsin,,Truck,4.2325,4.0825,4.3625,$ Per Bushel
2023-11-28,Corn,Illinois,,Truck,4.505,4.375,4.675,$ Per Bushel
2023-11-28,Corn,Indiana,,Truck,4.284,3.895,4.555,$ Per Bushel
2023-11-28,Corn,Iowa,,Truck,4.6724,4.405,4.855,$ Per Bushel
2023-11-28,Corn,Kansas,,Truck,4.83,4.555,5.105,$ Per Bushel
2023-11-28,Corn,Michigan,,Truck,4.13,4.055,4.255,$ Per Bushel
2023-11-28,Corn,Minnesota,,Truck,4.54,4.175,4.835,$ Per Bushel
2023-11-28,Corn,Missouri,,Truck,4.5475,4.405,4.755,$ Per Bushel
2023-11-28,Corn,Nebraska,,Truck,4.6336,4.405,4.855,$ Per Bushel
2023-11-28,Corn,Ohio,,Truck,4.0883,3.955,4.355,$ Per Bushel
2023-11-28,Corn,South Dakota,,Truck,4.1712,3.855,4.475,$ Per Bushel
2023-11-28,Corn,Wisconsin,,Truck,4.1794,4.005,4.285,$ Per Bushel
2023-11-29,Corn,Illinois,,Truck,4.4836,4.335,4.685,$ Per Bushel
2023-11-29,Corn,Indiana,,Truck,4.256,3.855,4.515,$ Per Bushel
2023-11-29,Corn,Iowa,,Truck,4.69,4.365,4.835,$ Per Bushel
2023-11-29,Corn,Kansas,,Truck,4.925,4.785,5.065,$ Per Bushel
2023-11-29,Corn,Michigan,,Truck,4.09,4.015,4.215,$ Per Bushel
2023-11-29,Corn,Minnesota,,Truck,4.5579,4.315,4.815,$ Per Bushel
2023-11-29,Corn,Missouri,,Truck,4.5075,4.365,4.715,$ Per Bushel
2023-11-29,Corn,Nebraska,,Truck,4.5979,4.365,4.815,$ Per Bushel
2023-11-29,Corn,Ohio,,Truck,4.0183,3.985,4.065,$ Per Bushel
2023-11-29,Corn,South Dakota,,Truck,4.1727,3.865,4.475,$ Per Bushel
2023-11-29,Corn,Wisconsin,,Truck,4.16,3.965,4.305,$ Per Bushel
2023-11-30,Corn,Illinois,,Truck,4.4946,4.3175,4.7075,$ Per Bushel
2023-11-30,Corn,Indiana,,Truck,4.3245,3.8375,4.7575,$ Per Bushel
2023-11-30,Corn,Iowa,,Truck,4.7395,4.5475,4.8575,$ Per Bushel
2023-11-30,Corn,Kansas,,Truck,4.9275,4.8075,5.0475,$ Per Bushel
2023-11-30,Corn,Michigan,,Truck,4.1125,3.9975,4.3575,$ Per Bushel
2023-11-30,Corn,Minnesota,,Truck,4.5989,4.2975,4.8375,$ Per Bushel
2023-11-30,Corn,Missouri,,Truck,4.4975,4.3475,4.6975,$ Per Bushel
2023-11-30,Corn,Nebraska,,Truck,4.6004,4.1975,4.8075,$ Per Bushel
2023-11-30,Corn,Ohio,,Truck,4.0692,3.9975,4.3075,$ Per Bushel
2023-11-30,Corn,South Dakota,,Truck,4.1867,3.8475,4.5375,$ Per Bushel
2023-11-30,Corn,Wisconsin,,Truck,4.1725,3.9475,4.3275,$ Per Bushel
2023-12-01,Corn,Illinois,,Truck,4.6004,4.4375,4.8275,$ Per Bushel
2023-12-01,Corn,Indiana,,Truck,4.4725,4.1675,4.8275,$ Per Bushel
2023-12-01,Corn,Iowa,,Truck,4.8408,4.6275,4.9275,$ Per Bushel
2023-12-01,Corn,Kansas,,Truck,5.0225,4.8775,5.1675,$ Per Bushel
2023-12-01,Corn,Michigan,,Truck,4.3225,4.1175,4.6775,$ Per Bushel
2023-12-01,Corn,Minnesota,,Truck,4.6832,4.4175,4.9075,$ Per Bushel
2023-12-01,Corn,Missouri,,Truck,4.625,4.4675,4.7775,$ Per Bushel
2023-12-01,Corn,Nebraska,,Truck,4.7368,4.4675,4.8775,$ Per Bushel
2023-12-01,Corn,Ohio,,Truck,4.1808,4.0775,4.3775,$ Per Bushel
2023-12-01,Corn,South Dakota,,Truck,4.3067,4.0275,4.6075,$ Per Bushel
2023-12-01,Corn,Wisconsin,,Truck,4.2875,4.0675,4.4175,$ Per Bushel
2023-12-04,Corn,Illinois,,Truck,4.6711,4.5475,4.8475,$ Per Bushel
2023-12-04,Corn,Indiana,,Truck,4.5183,4.075,4.8475,$ Per Bushel
2023-12-04,Corn,Iowa,,Truck,4.8717,4.6475,4.9475,$ Per Bushel
2023-12-04,Corn,Kansas,,Truck,5.1475,4.9475,5.3475,$ Per Bushel
2023-12-04,Corn,Michigan,,Truck,4.3463,4.145,4.6975,$ Per Bushel
2023-12-04,Corn,Minnesota,,Truck,4.7104,4.4675,4.9275,$ Per Bushel
2023-12-04,Corn,Missouri,,Truck,4.6475,4.4975,4.7975,$ Per Bushel
2023-12-04,Corn,Nebraska,,Truck,4.7688,4.6275,4.8975,$ Per Bushel
2023-12-04,Corn,Ohio,,Truck,4.3808,4.1975,4.4975,$ Per Bushel
2023-12-04,Corn,South Dakota,,Truck,4.375,4.0975,4.6475,$ Per Bushel
2023-12-04,Corn,Wisconsin,,Truck,4.401,4.2675,4.5475,$ Per Bushel
2023-12-05,Corn,Illinois,,Truck,4.6893,4.555,4.855,$ Per Bushel
2023-12-05,Corn,Indiana,,Truck,4.575,4.355,4.855,$ Per Bushel
2023-12-05,Corn,Iowa,,Truck,4.852,4.705,4.955,$ Per Bushel
2023-12-05,Corn,Kansas,,Truck,5.155,4.955,5.355,$ Per Bushel
2023-12-05,Corn,Michigan,,Truck,4.3538,4.2025,4.705,$ Per Bushel
2023-12-05,Corn,Minnesota,,Truck,4.7464,4.475,4.935,$ Per Bushel
2023-12-05,Corn,Missouri,,Truck,4.6925,4.505,4.805,$ Per Bushel
2023-12-05,Corn,Nebraska,,Truck,4.7762,4.655,4.905,$ Per Bushel
2023-12-05,Corn,Ohio,,Truck,4.4133,4.205,4.555,$ Per Bushel
2023-12-05,Corn,South Dakota,,Truck,4.3956,4.105,4.705,$ Per Bushel
2023-12-05,Corn,Wisconsin,,Truck,4.3885,4.255,4.555,$ Per Bushel
2023-12-06,Corn,Illinois,,Truck,4.7393,4.605,4.905,$ Per Bushel
2023-12-06,Corn,Indiana,,Truck,4.625,4.405,4.905,$ Per Bushel
2023-12-06,Corn,Iowa,,Truck,4.902,4.805,5.005,$ Per Bushel
2023-12-06,Corn,Kansas,,Truck,5.205,5.005,5.405,$ Per Bushel
2023-12-06,Corn,Michigan,,Truck,4.42,4.285,4.755,$ Per Bushel
2023-12-06,Corn,Minnesota,,Truck,4.8007,4.555,4.985,$ Per Bushel
2023-12-06,Corn,Missouri,,Truck,4.7425,4.555,4.855,$ Per Bushel
2023-12-06,Corn,Nebraska,,Truck,4.833,4.705,5.005,$ Per Bushel
2023-12-06,Corn,Ohio,,Truck,4.4633,4.255,4.605,$ Per Bushel
2023-12-06,Corn,South Dakota,,Truck,4.4519,4.155,4.805,$ Per Bushel
2023-12-06,Corn,Wisconsin,,Truck,4.435,4.305,4.605,$ Per Bushel
2023-12-07,Corn,Illinois,,Truck,4.6868,4.5425,4.8425,$ Per Bushel
2023-12-07,Corn,Indiana,,Truck,4.5625,4.3425,4.8425,$ Per Bushel
2023-12-07,Corn,Iowa,,Truck,4.842,4.7425,4.9425,$ Per Bushel
2023-12-07,Corn,Kansas,,Truck,5.1425,4.9425,5.3425,$ Per Bushel
2023-12-07,Corn,Michigan,,Truck,4.37,4.2475,4.6925,$ Per Bushel
2023-12-07,Corn,Minnesota,,Truck,4.7254,4.4925,4.8925,$ Per Bushel
2023-12-07,Corn,Missouri,,Truck,4.6675,4.4925,4.7925,$ Per Bushel
2023-12-07,Corn,Nebraska,,Truck,4.7742,4.6425,4.9425,$ Per Bushel
2023-12-07,Corn,Ohio,,Truck,4.4008,4.1925,4.5425,$ Per Bushel
2023-12-07,Corn,South Dakota,,Truck,4.3975,4.0925,4.7425,$ Per Bushel
2023-12-07,Corn,Wisconsin,,Truck,4.3675,4.2425,4.4925,$ Per Bushel
2023-12-08,Corn,Illinois,,Truck,4.7257,4.58,4.88,$ Per Bushel
2023-12-08,Corn,Indiana,,Truck,4.605,4.38,4.88,$ Per Bushel
2023-12-08,Corn,Iowa,,Truck,4.8835,4.78,4.98,$ Per Bushel
2023-12-08,Corn,Kansas,,Truck,5.155,4.98,5.33,$ Per Bushel
2023-12-08,Corn,Michigan,,Truck,4.4181,4.2825,4.73,$ Per Bushel
2023-12-08,Corn,Minnesota,,Truck,4.7686,4.53,4.93,$ Per Bushel
2023-12-08,Corn,Missouri,,Truck,4.705,4.53,4.83,$ Per Bushel
2023-12-08,Corn,Nebraska,,Truck,4.8215,4.68,4.98,$ Per Bushel
2023-12-08,Corn,Ohio,,Truck,4.455,4.23,4.58,$ Per Bushel
2023-12-08,Corn,South Dakota,,Truck,4.4517,4.13,4.78,$ Per Bushel
2023-12-08,Corn,Wisconsin,,Truck,4.428,4.28,4.6,$ Per Bushel
2023-12-11,Corn,Illinois,,Truck,4.7093,4.555,4.905,$ Per Bushel
2023-12-11,Corn,Indiana,,Truck,4.58,4.355,4.855,$ Per Bushel
2023-12-11,Corn,Iowa,,Truck,4.8542,4.655,4.955,$ Per Bushel
2023-12-11,Corn,Kansas,,Truck,5.13,4.955,5.305,$ Per Bushel
2023-12-11,Corn,Michigan,,Truck,4.3931,4.2575,4.705,$ Per Bushel
2023-12-11,Corn,Minnesota,,Truck,4.7436,4.505,4.905,$ Per Bushel
2023-12-11,Corn,Missouri,,Truck,4.68,4.505,4.805,$ Per Bushel
2023-12-11,Corn,Nebraska,,Truck,4.7965,4.655,4.955,$ Per Bushel
2023-12-11,Corn,Ohio,,Truck,4.43,4.205,4.555,$ Per Bushel
2023-12-11,Corn,South Dakota,,Truck,4.429,4.105,4.755,$ Per Bushel
2023-12-11,Corn,Wisconsin,,Truck,4.393,4.255,4.575,$ Per Bushel
2023-12-12,Corn,Illinois,,Truck,4.6793,4.515,4.865,$ Per Bushel
2023-12-12,Corn,Indiana,,Truck,4.545,4.315,4.815,$ Per Bushel
2023-12-12,Corn,Iowa,,Truck,4.823,4.715,4.945,$ Per Bushel
2023-12-12,Corn,Kansas,,Truck,5.09,4.915,5.265,$ Per Bushel
2023-12-12,Corn,Michigan,,Truck,4.3817,4.265,4.615,$ Per Bushel
2023-12-12,Corn,Minnesota,,Truck,4.7036,4.465,4.865,$ Per Bushel
2023-12-12,Corn,Missouri,,Truck,4.615,4.465,4.715,$ Per Bushel
2023-12-12,Corn,Nebraska,,Truck,4.7643,4.615,4.965,$ Per Bushel
2023-12-12,Corn,Ohio,,Truck,4.455,4.315,4.565,$ Per Bushel
2023-12-12,Corn,South Dakota,,Truck,4.385,4.065,4.715,$ Per Bushel
2023-12-12,Corn,Wisconsin,,Truck,4.343,4.215,4.535,$ Per Bushel
2023-12-13,Corn,Illinois,,Truck,4.7154,4.5525,4.9025,$ Per Bushel
2023-12-13,Corn,Indiana,,Truck,4.5975,4.3525,4.8525,$ Per Bushel
2023-12-13,Corn,Iowa,,Truck,4.8475,4.6525,4.9525,$ Per Bushel
2023-12-13,Corn,Kansas,,Truck,5.1275,4.9525,5.3025,$ Per Bushel
2023-12-13,Corn,Michigan,,Truck,4.4025,4.3025,4.6025,$ Per Bushel
2023-12-13,Corn,Minnesota,,Truck,4.7439,4.5025,4.9025,$ Per Bushel
2023-12-13,Corn,Missouri,,Truck,4.6692,4.5525,4.7525,$ Per Bushel
2023-12-13,Corn,Nebraska,,Truck,4.8087,4.6525,5.0025,$ Per Bushel
2023-12-13,Corn,Ohio,,Truck,4.5275,4.4025,4.6025,$ Per Bushel
2023-12-13,Corn,South Dakota,,Truck,4.4352,4.1525,4.7525,$ Per Bushel
2023-12-13,Corn,Wisconsin,,Truck,4.3805,4.2525,4.5725,$ Per Bushel
2023-12-14,Corn,Illinois,,Truck,4.6579,4.495,4.845,$ Per Bushel
2023-12-14,Corn,Indiana,,Truck,4.555,4.395,4.795,$ Per Bushel
2023-12-14,Corn,Iowa,,Truck,4.815,4.695,4.925,$ Per Bushel
2023-12-14,Corn,Kansas,,Truck,5.07,4.895,5.245,$ Per Bushel
2023-12-14,Corn,Michigan,,Truck,4.345,4.245,4.545,$ Per Bushel
2023-12-14,Corn,Minnesota,,Truck,4.6864,4.445,4.845,$ Per Bushel
2023-12-14,Corn,Missouri,,Truck,4.6575,4.495,4.795,$ Per Bushel
2023-12-14,Corn,Nebraska,,Truck,4.7565,4.595,4.945,$ Per Bushel
2023-12-14,Corn,Ohio,,Truck,4.47,4.345,4.545,$ Per Bushel
2023-12-14,Corn,South Dakota,,Truck,4.3827,4.095,4.695,$ Per Bushel
2023-12-14,Corn,Wisconsin,,Truck,4.323,4.195,4.515,$ Per Bushel
2023-12-15,Corn,Illinois,,Truck,4.6554,4.4925,4.8425,$ Per Bushel
2023-12-15,Corn,Indiana,,Truck,4.5875,4.3925,4.8425,$ Per Bushel
2023-12-15,Corn,Iowa,,Truck,4.8125,4.6925,4.9225,$ Per Bushel
2023-12-15,Corn,Kansas,,Truck,5.0675,4.8925,5.2425,$ Per Bushel
2023-12-15,Corn,Michigan,,Truck,4.3425,4.2425,4.5425,$ Per Bushel
2023-12-15,Corn,Minnesota,,Truck,4.6882,4.4425,4.8425,$ Per Bushel
2023-12-15,Corn,Missouri,,Truck,4.6675,4.5425,4.7925,$ Per Bushel
2023-12-15,Corn,Nebraska,,Truck,4.7532,4.5925,4.9425,$ Per Bushel
2023-12-15,Corn,Ohio,,Truck,4.4758,4.3925,4.5425,$ Per Bushel
2023-12-15,Corn,South Dakota,,Truck,4.3875,4.0925,4.6925,$ Per Bushel
2023-12-15,Corn,Wisconsin,,Truck,4.3205,4.1925,4.5125,$ Per Bushel
2023-12-18,Corn,Illinois,,Truck,4.6986,4.53,4.88,$ Per Bushel
2023-12-18,Corn,Indiana,,Truck,4.637,4.43,4.88,$ Per Bushel
2023-12-18,Corn,Iowa,,Truck,4.8317,4.63,4.93,$ Per Bushel
2023-12-18,Corn,Kansas,,Truck,5.105,4.93,5.28,$ Per Bushel
2023-12-18,Corn,Michigan,,Truck,4.38,4.28,4.58,$ Per Bushel
2023-12-18,Corn,Minnesota,,Truck,4.7257,4.48,4.88,$ Per Bushel
2023-12-18,Corn,Missouri,,Truck,4.705,4.58,4.83,$ Per Bushel
2023-12-18,Corn,Nebraska,,Truck,4.7907,4.63,4.98,$ Per Bushel
2023-12-18,Corn,Ohio,,Truck,4.5217,4.43,4.63,$ Per Bushel
2023-12-18,Corn,South Dakota,,Truck,4.4233,4.13,4.73,$ Per Bushel
2023-12-18,Corn,Wisconsin,,Truck,4.358,4.23,4.55,$ Per Bushel
2023-12-19,Corn,Illinois,,Truck,4.6557,4.49,4.82,$ Per Bushel
2023-12-19,Corn,Indiana,,Truck,4.602,4.37,4.82,$ Per Bushel
2023-12-19,Corn,Iowa,,Truck,4.7905,4.67,4.9,$ Per Bushel
2023-12-19,Corn,Kansas,,Truck,5.045,4.87,5.22,$ Per Bushel
2023-12-19,Corn,Michigan,,Truck,4.3033,4.17,4.52,$ Per Bushel
2023-12-19,Corn,Minnesota,,Truck,4.6629,4.42,4.82,$ Per Bushel
2023-12-19,Corn,Missouri,,Truck,4.645,4.52,4.77,$ Per Bushel
2023-12-19,Corn,Nebraska,,Truck,4.7379,4.57,4.92,$ Per Bushel
2023-12-19,Corn,Ohio,,Truck,4.515,4.34,4.62,$ Per Bushel
2023-12-19,Corn,South Dakota,,Truck,4.3633,4.07,4.67,$ Per Bushel
2023-12-19,Corn,Wisconsin,,Truck,4.308,4.17,4.49,$ Per Bushel
2023-12-20,Corn,Illinois,,Truck,4.6046,4.4475,4.7775,$ Per Bushel
2023-12-20,Corn,Indiana,,Truck,4.5535,4.3275,4.8075,$ Per Bushel
2023-12-20,Corn,Iowa,,Truck,4.73,4.5275,4.8475,$ Per Bushel
2023-12-20,Corn,Kansas,,Truck,5.0025,4.8275,5.1775,$ Per Bushel
2023-12-20,Corn,Michigan,,Truck,4.2608,4.1275,4.4775,$ Per Bushel
2023-12-20,Corn,Minnesota,,Truck,4.6204,4.3775,4.7775,$ Per Bushel
2023-12-20,Corn,Missouri,,Truck,4.6025,4.4775,4.7275,$ Per Bushel
2023-12-20,Corn,Nebraska,,Truck,4.6989,4.5275,4.8775,$ Per Bushel
2023-12-20,Corn,Ohio,,Truck,4.4808,4.2975,4.5775,$ Per Bushel
2023-12-20,Corn,South Dakota,,Truck,4.3292,4.0775,4.6275,$ Per Bushel
2023-12-20,Corn,Wisconsin,,Truck,4.2755,4.1775,4.4475,$ Per Bushel
2023-12-21,Corn,Illinois,,Truck,4.5789,4.4175,4.7775,$ Per Bushel
2023-12-21,Corn,Indiana,,Truck,4.5335,4.2975,4.7775,$ Per Bushel
2023-12-21,Corn,Iowa,,Truck,4.7165,4.5975,4.8275,$ Per Bushel
2023-12-21,Corn,Kansas,,Truck,4.9725,4.7975,5.1475,$ Per Bushel
2023-12-21,Corn,Michigan,,Truck,4.2308,4.0975,4.4475,$ Per Bushel
2023-12-21,Corn,Minnesota,,Truck,4.5975,4.3475,4.7575,$ Per Bushel
2023-12-21,Corn,Missouri,,Truck,4.585,4.4975,4.6975,$ Per Bushel
2023-12-21,Corn,Nebraska,,Truck,4.6689,4.4975,4.8475,$ Per Bushel
2023-12-21,Corn,Ohio,,Truck,4.4508,4.2675,4.5475,$ Per Bushel
2023-12-21,Corn,South Dakota,,Truck,4.2942,4.0475,4.5975,$ Per Bushel
2023-12-21,Corn,Wisconsin,,Truck,4.2455,4.1475,4.4175,$ Per Bushel
2023-12-22,Corn,Illinois,,Truck,4.6107,4.445,4.805,$ Per Bushel
2023-12-22,Corn,Indiana,,Truck,4.576,4.325,4.805,$ Per Bushel
2023-12-22,Corn,Iowa,,Truck,4.745,4.625,4.875,$ Per Bushel
2023-12-22,Corn,Kansas,,Truck,5.0,4.825,5.175,$ Per Bushel
2023-12-22,Corn,Michigan,,Truck,4.2583,4.125,4.475,$ Per Bushel
2023-12-22,Corn,Minnesota,,Truck,4.625,4.375,4.785,$ Per Bushel
2023-12-22,Corn,Missouri,,Truck,4.6125,4.525,4.725,$ Per Bushel
2023-12-22,Corn,Nebraska,,Truck,4.6914,4.525,4.825,$ Per Bushel
2023-12-22,Corn,Ohio,,Truck,4.4783,4.295,4.575,$ Per Bushel
2023-12-22,Corn,South Dakota,,Truck,4.33,4.075,4.625,$ Per Bushel
2023-12-22,Corn,Wisconsin,,Truck,4.273,4.175,4.445,$ Per Bushel
2023-12-26,Corn,Illinois,,Truck,4.6157,4.45,4.81,$ Per Bushel
2023-12-26,Corn,Indiana,,Truck,4.591,4.33,4.83,$ Per Bushel
2023-12-26,Corn,Iowa,,Truck,4.7392,4.53,4.83,$ Per Bushel
2023-12-26,Corn,Kansas,,Truck,5.005,4.83,5.18,$ Per Bushel
2023-12-26,Corn,Michigan,,Truck,4.2633,4.13,4.48,$ Per Bushel
2023-12-26,Corn,Minnesota,,Truck,4.6371,4.38,4.79,$ Per Bushel
2023-12-26,Corn,Missouri,,Truck,4.63,4.58,4.73,$ Per Bushel
2023-12-26,Corn,Nebraska,,Truck,4.6964,4.53,4.83,$ Per Bushel
2023-12-26,Corn,Ohio,,Truck,4.4883,4.33,4.58,$ Per Bushel
2023-12-26,Corn,South Dakota,,Truck,4.3325,4.06,4.63,$ Per Bushel
2023-12-26,Corn,Wisconsin,,Truck,4.278,4.18,4.45,$ Per Bushel
2023-12-27,Corn,Illinois,,Truck,4.7225,4.5525,4.9425,$ Per Bushel
2023-12-27,Corn,Indiana,,Truck,4.6635,4.4025,4.9025,$ Per Bushel
2023-12-27,Corn,Iowa,,Truck,4.823,4.7025,4.9525,$ Per Bushel
2023-12-27,Corn,Kansas,,Truck,5.0775,4.9025,5.2525,$ Per Bushel
2023-12-27,Corn,Michigan,,Truck,4.3358,4.2025,4.5525,$ Per Bushel
2023-12-27,Corn,Minnesota,,Truck,4.7154,4.4525,4.8625,$ Per Bushel
2023-12-27,Corn,Missouri,,Truck,4.7275,4.6525,4.8025,$ Per Bushel
2023-12-27,Corn,Nebraska,,Truck,4.7739,4.6025,4.9525,$ Per Bushel
2023-12-27,Corn,Ohio,,Truck,4.5942,4.4025,4.6525,$ Per Bushel
2023-12-27,Corn,South Dakota,,Truck,4.4083,4.1325,4.7025,$ Per Bushel
2023-12-27,Corn,Wisconsin,,Truck,4.3505,4.2525,4.5225,$ Per Bushel
2023-12-28,Corn,Illinois,,Truck,4.685,4.515,4.905,$ Per Bushel
2023-12-28,Corn,Indiana,,Truck,4.633,4.365,4.865,$ Per Bushel
2023-12-28,Corn,Iowa,,Truck,4.7895,4.665,4.915,$ Per Bushel
2023-12-28,Corn,Kansas,,Truck,5.04,4.865,5.215,$ Per Bushel
2023-12-28,Corn,Michigan,,Truck,4.2983,4.165,4.515,$ Per Bushel
2023-12-28,Corn,Minnesota,,Truck,4.6779,4.415,4.825,$ Per Bushel
2023-12-28,Corn,Missouri,,Truck,4.7025,4.615,4.815,$ Per Bushel
2023-12-28,Corn,Nebraska,,Truck,4.74,4.565,4.915,$ Per Bushel
2023-12-28,Corn,Ohio,,Truck,4.5567,4.365,4.615,$ Per Bushel
2023-12-28,Corn,South Dakota,,Truck,4.3792,4.095,4.665,$ Per Bushel
2023-12-28,Corn,Wisconsin,,Truck,4.313,4.215,4.485,$ Per Bushel
2023-12-29,Corn,Illinois,,Truck,4.6525,4.4925,4.8825,$ Per Bushel
2023-12-29,Corn,Indiana,,Truck,4.6305,4.4425,4.8425,$ Per Bushel
2023-12-29,Corn,Iowa,,Truck,4.7645,4.6425,4.8625,$ Per Bushel
2023-12-29,Corn,Kansas,,Truck,5.0175,4.8425,5.1925,$ Per Bushel
2023-12-29,Corn,Michigan,,Truck,4.2758,4.1425,4.4925,$ Per Bushel
2023-12-29,Corn,Minnesota,,Truck,4.6554,4.3925,4.8025,$ Per Bushel
2023-12-29,Corn,Missouri,,Truck,4.68,4.5925,4.7925,$ Per Bushel
2023-12-29,Corn,Nebraska,,Truck,4.7175,4.5425,4.8925,$ Per Bushel
2023-12-29,Corn,Ohio,,Truck,4.5342,4.3425,4.5925,$ Per Bushel
2023-12-29,Corn,South Dakota,,Truck,4.3583,4.0925,4.6425,$ Per Bushel
2023-12-29,Corn,Wisconsin,,Truck,4.34,4.2125,4.4625,$ Per Bushel
2024-01-02,Corn,Illinois,,Truck,4.6225,4.4625,4.8525,$ Per Bushel
2024-01-02,Corn,Indiana,,Truck,4.6105,4.4125,4.9125,$ Per Bushel
2024-01-02,Corn,Iowa,,Truck,4.733,4.6125,4.8325,$ Per Bushel
2024-01-02,Corn,Kansas,,Truck,4.9875,4.8125,5.1625,$ Per Bushel
2024-01-02,Corn,Michigan,,Truck,4.2458,4.1125,4.4625,$ Per Bushel
2024-01-02,Corn,Minnesota,,Truck,4.6311,4.3625,4.8125,$ Per Bushel
2024-01-02,Corn,Missouri,,Truck,4.6325,4.5625,4.7625,$ Per Bushel
2024-01-02,Corn,Nebraska,,Truck,4.6925,4.5125,4.8625,$ Per Bushel
2024-01-02,Corn,Ohio,,Truck,4.5042,4.3125,4.5625,$ Per Bushel
2024-01-02,Corn,South Dakota,,Truck,4.3308,4.0625,4.6125,$ Per Bushel
2024-01-02,Corn,Wisconsin,,Truck,4.2805,4.1625,4.4325,$ Per Bushel
2024-01-03,Corn,Illinois,,Truck,4.5904,4.3875,4.7775,$ Per Bushel
2024-01-03,Corn,Indiana,,Truck,4.5364,4.4375,4.7675,$ Per Bushel
2024-01-03,Corn,Iowa,,Truck,4.652,4.4875,4.7375,$ Per Bushel
2024-01-03,Corn,Kansas,,Truck,4.9325,4.7775,5.0875,$ Per Bushel
2024-01-03,Corn,Michigan,,Truck,4.2542,4.0875,4.3875,$ Per Bushel
2024-01-03,Corn,Minnesota,,Truck,4.5375,4.2875,4.6875,$ Per Bushel
2024-01-03,Corn,Missouri,,Truck,4.575,4.5175,4.7075,$ Per Bushel
2024-01-03,Corn,Nebraska,,Truck,4.6354,4.4675,4.8175,$ Per Bushel
2024-01-03,Corn,Ohio,,Truck,4.4458,4.2875,4.5375,$ Per Bushel
2024-01-03,Corn,South Dakota,,Truck,4.2867,3.9875,4.5375,$ Per Bushel
2024-01-03,Corn,Wisconsin,,Truck,4.2715,4.1375,4.3675,$ Per Bushel
2024-01-04,Corn,Illinois,,Truck,4.6125,4.4025,4.7925,$ Per Bushel
2024-01-04,Corn,Indiana,,Truck,4.5558,4.4525,4.7825,$ Per Bushel
2024-01-04,Corn,Iowa,,Truck,4.6807,4.6025,4.7525,$ Per Bushel
2024-01-04,Corn,Kansas,,Truck,4.9475,4.7925,5.1025,$ Per Bushel
2024-01-04,Corn,Michigan,,Truck,4.2692,4.1025,4.4025,$ Per Bushel
2024-01-04,Corn,Minnesota,,Truck,4.5525,4.3025,4.7025,$ Per Bushel
2024-01-04,Corn,Missouri,,Truck,4.59,4.5325,4.7225,$ Per Bushel
2024-01-04,Corn,Nebraska,,Truck,4.6575,4.4825,4.8325,$ Per Bushel
2024-01-04,Corn,Ohio,,Truck,4.4775,4.3025,4.5525,$ Per Bushel
2024-01-04,Corn,South Dakota,,Truck,4.3058,4.0525,4.6025,$ Per Bushel
2024-01-04,Corn,Wisconsin,,Truck,4.2965,4.1725,4.3825,$ Per Bushel
2024-01-05,Corn,Illinois,,Truck,4.6207,4.415,4.805,$ Per Bushel
2024-01-05,Corn,Indiana,,Truck,4.5683,4.465,4.795,$ Per Bushel
2024-01-05,Corn,Iowa,,Truck,4.6823,4.515,4.765,$ Per Bushel
2024-01-05,Corn,Kansas,,Truck,4.96,4.805,5.115,$ Per Bushel
2024-01-05,Corn,Michigan,,Truck,4.2983,4.165,4.415,$ Per Bushel
2024-01-05,Corn,Minnesota,,Truck,4.565,4.315,4.715,$ Per Bushel
2024-01-05,Corn,Missouri,,Truck,4.6025,4.545,4.735,$ Per Bushel
2024-01-05,Corn,Nebraska,,Truck,4.6707,4.515,4.845,$ Per Bushel
2024-01-05,Corn,Ohio,,Truck,4.49,4.315,4.565,$ Per Bushel
2024-01-05,Corn,South Dakota,,Truck,4.3167,4.065,4.615,$ Per Bushel
2024-01-05,Corn,Wisconsin,,Truck,4.309,4.185,4.395,$ Per Bushel
2024-01-08,Corn,Illinois,,Truck,4.5632,4.3575,4.7475,$ Per Bushel
2024-01-08,Corn,Indiana,,Truck,4.5108,4.4075,4.7375,$ Per Bushel
2024-01-08,Corn,Iowa,,Truck,4.6393,4.5575,4.7075,$ Per Bushel
2024-01-08,Corn,Kansas,,Truck,4.9025,4.7475,5.0575,$ Per Bushel
2024-01-08,Corn,Michigan,,Truck,4.245,4.1075,4.3575,$ Per Bushel
2024-01-08,Corn,Minnesota,,Truck,4.5075,4.2575,4.6575,$ Per Bushel
2024-01-08,Corn,Missouri,,Truck,4.6175,4.5075,4.7575,$ Per Bushel
2024-01-08,Corn,Nebraska,,Truck,4.6104,4.4675,4.7875,$ Per Bushel
2024-01-08,Corn,Ohio,,Truck,4.4375,4.2575,4.5075,$ Per Bushel
2024-01-08,Corn,South Dakota,,Truck,4.2592,4.0075,4.5575,$ Per Bushel
2024-01-08,Corn,Wisconsin,,Truck,4.2615,4.1275,4.3575,$ Per Bushel
2024-01-09,Corn,Illinois,,Truck,4.5029,4.3,4.69,$ Per Bushel
2024-01-09,Corn,Indiana,,Truck,4.4667,4.35,4.68,$ Per Bushel
2024-01-09,Corn,Iowa,,Truck,4.5865,4.5,4.65,$ Per Bushel
2024-01-09,Corn,Kansas,,Truck,4.845,4.69,5.0,$ Per Bushel
2024-01-09,Corn,Michigan,,Truck,4.175,4.05,4.3,$ Per Bushel
2024-01-09,Corn,Minnesota,,Truck,4.455,4.2,4.6,$ Per Bushel
2024-01-09,Corn,Missouri,,Truck,4.575,4.45,4.7,$ Per Bushel
2024-01-09,Corn,Nebraska,,Truck,4.5679,4.41,4.8,$ Per Bushel
2024-01-09,Corn,Ohio,,Truck,4.3883,4.2,4.45,$ Per Bushel
2024-01-09,Corn,South Dakota,,Truck,4.2017,3.95,4.5,$ Per Bushel
2024-01-09,Corn,Wisconsin,,Truck,4.212,4.1,4.3,$ Per Bushel
2024-01-10,Corn,Illinois,,Truck,4.5511,4.3425,4.7325,$ Per Bushel
2024-01-10,Corn,Indiana,,Truck,4.5125,4.3925,4.6925,$ Per Bushel
2024-01-10,Corn,Iowa,,Truck,4.6307,4.5425,4.6925,$ Per Bushel
2024-01-10,Corn,Kansas,,Truck,4.8875,4.7325,5.0425,$ Per Bushel
2024-01-10,Corn,Michigan,,Truck,4.2175,4.0925,4.3425,$ Per Bushel
2024-01-10,Corn,Minnesota,,Truck,4.4975,4.2425,4.6425,$ Per Bushel
2024-01-10,Corn,Missouri,,Truck,4.6175,4.4925,4.7425,$ Per Bushel
2024-01-10,Corn,Nebraska,,Truck,4.6254,4.4925,4.8425,$ Per Bushel
2024-01-10,Corn,Ohio,,Truck,4.4308,4.2425,4.4925,$ Per Bushel
2024-01-10,Corn,South Dakota,,Truck,4.2533,3.9925,4.5425,$ Per Bushel
2024-01-10,Corn,Wisconsin,,Truck,4.2545,4.1425,4.3425,$ Per Bushel
2024-01-11,Corn,Illinois,,Truck,4.5536,4.345,4.745,$ Per Bushel
2024-01-11,Corn,Indiana,,Truck,4.5161,4.395,4.675,$ Per Bushel
2024-01-11,Corn,Iowa,,Truck,4.6368,4.415,4.845,$ Per Bushel
2024-01-11,Corn,Kansas,,Truck,4.735,4.735,4.735,$ Per Bushel
2024-01-11,Corn,Michigan,,Truck,4.22,4.095,4.345,$ Per Bushel
2024-01-11,Corn,Minnesota,,Truck,4.51,4.245,4.645,$ Per Bushel
2024-01-11,Corn,Missouri,,Truck,4.6575,4.545,4.845,$ Per Bushel
2024-01-11,Corn,Nebraska,,Truck,4.6486,4.495,4.845,$ Per Bushel
2024-01-11,Corn,Ohio,,Truck,4.4467,4.245,4.525,$ Per Bushel
2024-01-11,Corn,South Dakota,,Truck,4.2658,4.045,4.545,$ Per Bushel
2024-01-11,Corn,Wisconsin,,Truck,4.265,4.145,4.345,$ Per Bushel
2024-01-12,Corn,Illinois,,Truck,4.5818,4.3275,4.7575,$ Per Bushel
2024-01-12,Corn,Indiana,,Truck,4.5119,4.4275,4.6575,$ Per Bushel
2024-01-12,Corn,Iowa,,Truck,4.6234,4.5275,4.6775,$ Per Bushel
2024-01-12,Corn,Kansas,,Truck,4.8725,4.7175,5.0275,$ Per Bushel
2024-01-12,Corn,Michigan,,Truck,4.2025,4.0775,4.3275,$ Per Bushel
2024-01-12,Corn,Minnesota,,Truck,4.4925,4.2275,4.6275,$ Per Bushel
2024-01-12,Corn,Missouri,,Truck,4.6525,4.5275,4.8275,$ Per Bushel
2024-01-12,Corn,Nebraska,,Truck,4.6575,4.4775,4.9275,$ Per Bushel
2024-01-12,Corn,Ohio,,Truck,4.4292,4.2275,4.5075,$ Per Bushel
2024-01-12,Corn,South Dakota,,Truck,4.2517,4.0275,4.5275,$ Per Bushel
2024-01-12,Corn,Wisconsin,,Truck,4.2655,4.1275,4.4175,$ Per Bushel
2024-01-16,Corn,Illinois,,Truck,4.4843,4.22,4.65,$ Per Bushel
2024-01-16,Corn,Indiana,,Truck,4.39,4.33,4.47,$ Per Bushel
2024-01-16,Corn,Iowa,,Truck,4.4948,4.3,4.62,$ Per Bushel
2024-01-16,Corn,Kansas,,Truck,4.765,4.61,4.92,$ Per Bushel
2024-01-16,Corn,Michigan,,Truck,4.095,3.97,4.22,$ Per Bushel
2024-01-16,Corn,Minnesota,,Truck,4.3817,4.12,4.52,$ Per Bushel
2024-01-16,Corn,Missouri,,Truck,4.57,4.47,4.72,$ Per Bushel
2024-01-16,Corn,Nebraska,,Truck,4.5557,4.37,4.87,$ Per Bushel
2024-01-16,Corn,Ohio,,Truck,4.33,4.12,4.42,$ Per Bushel
2024-01-16,Corn,South Dakota,,Truck,4.1646,3.92,4.52,$ Per Bushel
2024-01-16,Corn,Wisconsin,,Truck,4.176,4.07,4.31,$ Per Bushel
2024-01-17,Corn,Illinois,,Truck,4.4407,4.185,4.635,$ Per Bushel
2024-01-17,Corn,Indiana,,Truck,4.3772,4.295,4.535,$ Per Bushel
2024-01-17,Corn,Iowa,,Truck,4.4674,4.265,4.585,$ Per Bushel
2024-01-17,Corn,Kansas,,Truck,4.73,4.575,4.885,$ Per Bushel
2024-01-17,Corn,Michigan,,Truck,4.085,3.935,4.185,$ Per Bushel
2024-01-17,Corn,Minnesota,,Truck,4.3336,4.085,4.485,$ Per Bushel
2024-01-17,Corn,Missouri,,Truck,4.535,4.435,4.685,$ Per Bushel
2024-01-17,Corn,Nebraska,,Truck,4.5286,4.315,4.835,$ Per Bushel
2024-01-17,Corn,Ohio,,Truck,4.295,4.085,4.385,$ Per Bushel
2024-01-17,Corn,South Dakota,,Truck,4.1496,3.935,4.485,$ Per Bushel
2024-01-17,Corn,Wisconsin,,Truck,4.141,4.035,4.275,$ Per Bushel
2024-01-18,Corn,Illinois,,Truck,4.4339,4.1725,4.6325,$ Per Bushel
2024-01-18,Corn,Indiana,,Truck,4.3736,4.2825,4.5725,$ Per Bushel
2024-01-18,Corn,Iowa,,Truck,4.4644,4.2525,4.5725,$ Per Bushel
2024-01-18,Corn,Kansas,,Truck,4.7175,4.5625,4.8725,$ Per Bushel
2024-01-18,Corn,Michigan,,Truck,4.0975,3.9225,4.2725,$ Per Bushel
2024-01-18,Corn,Minnesota,,Truck,4.3339,4.0725,4.4725,$ Per Bushel
2024-01-18,Corn,Missouri,,Truck,4.535,4.4225,4.6725,$ Per Bushel
2024-01-18,Corn,Nebraska,,Truck,4.5248,4.3025,4.7225,$ Per Bushel
2024-01-18,Corn,Ohio,,Truck,4.2908,4.0725,4.3725,$ Per Bushel
2024-01-18,Corn,South Dakota,,Truck,4.1371,3.9225,4.4725,$ Per Bushel
2024-01-18,Corn,Wisconsin,,Truck,4.1285,4.0225,4.2625,$ Per Bushel
2024-01-19,Corn,Illinois,,Truck,4.4514,4.19,4.65,$ Per Bushel
2024-01-19,Corn,Indiana,,Truck,4.3989,4.3,4.59,$ Per Bushel
2024-01-19,Corn,Iowa,,Truck,4.5042,4.26,4.67,$ Per Bushel
2024-01-19,Corn,Kansas,,Truck,4.735,4.58,4.89,$ Per Bushel
2024-01-19,Corn,Michigan,,Truck,4.115,3.94,4.29,$ Per Bushel
2024-01-19,Corn,Minnesota,,Truck,4.3614,4.09,4.49,$ Per Bushel
2024-01-19,Corn,Missouri,,Truck,4.5525,4.44,4.69,$ Per Bushel
2024-01-19,Corn,Nebraska,,Truck,4.5485,4.32,4.84,$ Per Bushel
2024-01-19,Corn,Ohio,,Truck,4.3083,4.09,4.39,$ Per Bushel
2024-01-19,Corn,South Dakota,,Truck,4.15,3.94,4.49,$ Per Bushel
2024-01-19,Corn,Wisconsin,,Truck,4.146,4.04,4.28,$ Per Bushel
2024-01-22,Corn,Illinois,,Truck,4.4707,4.235,4.665,$ Per Bushel
2024-01-22,Corn,Indiana,,Truck,4.4194,4.315,4.605,$ Per Bushel
2024-01-22,Corn,Iowa,,Truck,4.4931,4.285,4.605,$ Per Bushel
2024-01-22,Corn,Kansas,,Truck,4.75,4.595,4.905,$ Per Bushel
2024-01-22,Corn,Michigan,,Truck,4.13,3.955,4.305,$ Per Bushel
2024-01-22,Corn,Minnesota,,Truck,4.3764,4.105,4.505,$ Per Bushel
2024-01-22,Corn,Missouri,,Truck,4.5425,4.455,4.655,$ Per Bushel
2024-01-22,Corn,Nebraska,,Truck,4.5558,4.335,4.855,$ Per Bushel
2024-01-22,Corn,Ohio,,Truck,4.3433,4.105,4.455,$ Per Bushel
2024-01-22,Corn,South Dakota,,Truck,4.1688,3.955,4.505,$ Per Bushel
2024-01-22,Corn,Wisconsin,,Truck,4.145,4.035,4.275,$ Per Bushel
2024-01-23,Corn,Illinois,,Truck,4.4846,4.2375,4.6875,$ Per Bushel
2024-01-23,Corn,Indiana,,Truck,4.4342,4.3175,4.6075,$ Per Bushel
2024-01-23,Corn,Iowa,,Truck,4.5308,4.2775,4.6875,$ Per Bushel
2024-01-23,Corn,Kansas,,Truck,4.7525,4.5975,4.9075,$ Per Bushel
2024-01-23,Corn,Michigan,,Truck,4.1325,3.9575,4.3075,$ Per Bushel
2024-01-23,Corn,Minnesota,,Truck,4.3904,4.1075,4.5575,$ Per Bushel
2024-01-23,Corn,Missouri,,Truck,4.545,4.4575,4.6575,$ Per Bushel
2024-01-23,Corn,Nebraska,,Truck,4.5461,4.3375,4.7575,$ Per Bushel
2024-01-23,Corn,Ohio,,Truck,4.3675,4.1375,4.4575,$ Per Bushel
2024-01-23,Corn,South Dakota,,Truck,4.1706,3.9775,4.5075,$ Per Bushel
2024-01-23,Corn,Wisconsin,,Truck,4.1475,4.0375,4.2775,$ Per Bushel
2024-01-24,Corn,Illinois,,Truck,4.4964,4.245,4.695,$ Per Bushel
2024-01-24,Corn,Indiana,,Truck,4.4472,4.325,4.615,$ Per Bushel
2024-01-24,Corn,Iowa,,Truck,4.506,4.295,4.615,$ Per Bushel
2024-01-24,Corn,Kansas,,Truck,4.78,4.645,4.915,$ Per Bushel
2024-01-24,Corn,Michigan,,Truck,4.165,3.965,4.315,$ Per Bushel
2024-01-24,Corn,Minnesota,,Truck,4.3979,4.115,4.565,$ Per Bushel
2024-01-24,Corn,Missouri,,Truck,4.54,4.415,4.665,$ Per Bushel
2024-01-24,Corn,Nebraska,,Truck,4.5536,4.345,4.765,$ Per Bushel
2024-01-24,Corn,Ohio,,Truck,4.375,4.145,4.465,$ Per Bushel
2024-01-24,Corn,South Dakota,,Truck,4.1727,4.005,4.505,$ Per Bushel
2024-01-24,Corn,Wisconsin,,Truck,4.151,4.045,4.265,$ Per Bushel
2024-01-25,Corn,Illinois,,Truck,4.5554,4.3025,4.7525,$ Per Bushel
2024-01-25,Corn,Indiana,,Truck,4.4969,4.3825,4.6525,$ Per Bushel
2024-01-25,Corn,Iowa,,Truck,4.5649,4.3525,4.6725,$ Per Bushel
2024-01-25,Corn,Kansas,,Truck,4.8375,4.7025,4.9725,$ Per Bushel
2024-01-25,Corn,Michigan,,Truck,4.2225,4.0225,4.3725,$ Per Bushel
2024-01-25,Corn,Minnesota,,Truck,4.4539,4.1725,4.6225,$ Per Bushel
2024-01-25,Corn,Missouri,,Truck,4.5975,4.4725,4.7225,$ Per Bushel
2024-01-25,Corn,Nebraska,,Truck,4.6004,4.4025,4.7725,$ Per Bushel
2024-01-25,Corn,Ohio,,Truck,4.4408,4.2025,4.5225,$ Per Bushel
2024-01-25,Corn,South Dakota,,Truck,4.2333,4.0625,4.5525,$ Per Bushel
2024-01-25,Corn,Wisconsin,,Truck,4.1945,4.0725,4.2825,$ Per Bushel
2024-01-26,Corn,Illinois,,Truck,4.5504,4.2975,4.7475,$ Per Bushel
2024-01-26,Corn,Indiana,,Truck,4.4975,4.3775,4.6175,$ Per Bushel
2024-01-26,Corn,Iowa,,Truck,4.5575,4.3475,4.6475,$ Per Bushel
2024-01-26,Corn,Kansas,,Truck,4.8325,4.6975,4.9675,$ Per Bushel
2024-01-26,Corn,Michigan,,Truck,4.2175,4.0175,4.3675,$ Per Bushel
2024-01-26,Corn,Minnesota,,Truck,4.4346,4.1675,4.6175,$ Per Bushel
2024-01-26,Corn,Missouri,,Truck,4.59,4.4675,4.7175,$ Per Bushel
2024-01-26,Corn,Nebraska,,Truck,4.5832,4.3975,4.7675,$ Per Bushel
2024-01-26,Corn,Ohio,,Truck,4.4358,4.1975,4.5175,$ Per Bushel
2024-01-26,Corn,South Dakota,,Truck,4.2283,4.0575,4.5475,$ Per Bushel
2024-01-26,Corn,Wisconsin,,Truck,4.1895,4.0675,4.2775,$ Per Bushel
2024-01-29,Corn,Illinois,,Truck,4.4311,4.2225,4.6925,$ Per Bushel
2024-01-29,Corn,Indiana,,Truck,4.4425,4.3225,4.5625,$ Per Bushel
2024-01-29,Corn,Iowa,,Truck,4.5025,4.2925,4.5825,$ Per Bushel
2024-01-29,Corn,Kansas,,Truck,4.7775,4.6425,4.9125,$ Per Bushel
2024-01-29,Corn,Michigan,,Truck,4.1625,3.9625,4.3125,$ Per Bushel
2024-01-29,Corn,Minnesota,,Truck,4.3854,4.1125,4.5625,$ Per Bushel
2024-01-29,Corn,Missouri,,Truck,4.535,4.4125,4.6625,$ Per Bushel
2024-01-29,Corn,Nebraska,,Truck,4.5211,4.3425,4.6625,$ Per Bushel
2024-01-29,Corn,Ohio,,Truck,4.3858,4.1725,4.4625,$ Per Bushel
2024-01-29,Corn,South Dakota,,Truck,4.1702,4.0025,4.4625,$ Per Bushel
2024-01-29,Corn,Wisconsin,,Truck,4.1345,4.0125,4.2225,$ Per Bushel
2024-01-30,Corn,Illinois,,Truck,4.4496,4.2025,4.6325,$ Per Bushel
2024-01-30,Corn,Indiana,,Truck,4.3825,4.2625,4.5025,$ Per Bushel
2024-01-30,Corn,Iowa,,Truck,4.4942,4.3525,4.6025,$ Per Bushel
2024-01-30,Corn,Kansas,,Truck,4.7175,4.5825,4.8525,$ Per Bushel
2024-01-30,Corn,Michigan,,Truck,4.115,3.9025,4.2525,$ Per Bushel
2024-01-30,Corn,Minnesota,,Truck,4.3225,4.0525,4.5025,$ Per Bushel
2024-01-30,Corn,Missouri,,Truck,4.4825,4.3825,4.6025,$ Per Bushel
2024-01-30,Corn,Nebraska,,Truck,4.4611,4.2825,4.6025,$ Per Bushel
2024-01-30,Corn,Ohio,,Truck,4.3258,4.1125,4.4025,$ Per Bushel
2024-01-30,Corn,South Dakota,,Truck,4.1102,3.9425,4.4025,$ Per Bushel
2024-01-30,Corn,Wisconsin,,Truck,4.0745,3.9525,4.1625,$ Per Bushel
2024-01-31,Corn,Illinois,,Truck,4.5189,4.2775,4.7075,$ Per Bushel
2024-01-31,Corn,Indiana,,Truck,4.4564,4.3375,4.5775,$ Per Bushel
2024-01-31,Corn,Iowa,,Truck,4.5161,4.3075,4.5975,$ Per Bushel
2024-01-31,Corn,Kansas,,Truck,4.7925,4.6575,4.9275,$ Per Bushel
2024-01-31,Corn,Michigan,,Truck,4.19,3.9775,4.3275,$ Per Bushel
2024-01-31,Corn,Minnesota,,Truck,4.3875,4.1275,4.5575,$ Per Bushel
2024-01-31,Corn,Missouri,,Truck,4.5525,4.4575,4.6575,$ Per Bushel
2024-01-31,Corn,Nebraska,,Truck,4.5346,4.3575,4.6775,$ Per Bushel
2024-01-31,Corn,Ohio,,Truck,4.4092,4.2375,4.4775,$ Per Bushel
2024-01-31,Corn,South Dakota,,Truck,4.1829,4.0175,4.4775,$ Per Bushel
2024-01-31,Corn,Wisconsin,,Truck,4.1495,4.0275,4.2375,$ Per Bushel
2024-02-01,Corn,Illinois,,Truck,4.5225,4.3025,4.6825,$ Per Bushel
2024-02-01,Corn,Indiana,,Truck,4.4614,4.3425,4.5825,$ Per Bushel
2024-02-01,Corn,Iowa,,Truck,4.5211,4.3125,4.6025,$ Per Bushel
2024-02-01,Corn,Kansas,,Truck,4.7975,4.6625,4.9325,$ Per Bushel
2024-02-01,Corn,Michigan,,Truck,4.195,3.9825,4.3325,$ Per Bushel
2024-02-01,Corn,Minnesota,,Truck,4.3939,4.1325,4.5625,$ Per Bushel
2024-02-01,Corn,Missouri,,Truck,4.5358,4.4625,4.6625,$ Per Bushel
2024-02-01,Corn,Nebraska,,Truck,4.5382,4.3625,4.6825,$ Per Bushel
2024-02-01,Corn,Ohio,,Truck,4.4242,4.2825,4.4825,$ Per Bushel
2024-02-01,Corn,South Dakota,,Truck,4.1856,4.0225,4.4825,$ Per Bushel
2024-02-01,Corn,Wisconsin,,Truck,4.1465,4.0325,4.2125,$ Per Bushel
2024-02-02,Corn,Illinois,,Truck,4.5239,4.2925,4.6725,$ Per Bushel
2024-02-02,Corn,Indiana,,Truck,4.4558,4.3725,4.5725,$ Per Bushel
2024-02-02,Corn,Iowa,,Truck,4.5182,4.3825,4.5925,$ Per Bushel
2024-02-02,Corn,Kansas,,Truck,4.6925,4.6925,4.6925,$ Per Bushel
2024-02-02,Corn,Michigan,,Truck,4.185,3.9725,4.3225,$ Per Bushel
2024-02-02,Corn,Minnesota,,Truck,4.3839,4.1525,4.5525,$ Per Bushel
2024-02-02,Corn,Missouri,,Truck,4.5425,4.4225,4.6525,$ Per Bushel
2024-02-02,Corn,Nebraska,,Truck,4.5311,4.3725,4.6725,$ Per Bushel
2024-02-02,Corn,Ohio,,Truck,4.4142,4.2725,4.4725,$ Per Bushel
2024-02-02,Corn,South Dakota,,Truck,4.1802,4.0125,4.4725,$ Per Bushel
2024-02-02,Corn,Wisconsin,,Truck,4.1445,4.0225,4.2425,$ Per Bushel
2024-02-05,Corn,Illinois,,Truck,4.4775,4.2475,4.6275,$ Per Bushel
2024-02-05,Corn,Indiana,,Truck,4.4108,4.3275,4.5275,$ Per Bushel
2024-02-05,Corn,Iowa,,Truck,4.4589,4.2575,4.5375,$ Per Bushel
2024-02-05,Corn,Kansas,,Truck,4.6475,4.6475,4.6475,$ Per Bushel
2024-02-05,Corn,Michigan,,Truck,4.14,3.9275,4.2775,$ Per Bushel
2024-02-05,Corn,Minnesota,,Truck,4.3361,4.1075,4.5075,$ Per Bushel
2024-02-05,Corn,Missouri,,Truck,4.49,4.3775,4.5775,$ Per Bushel
2024-02-05,Corn,Nebraska,,Truck,4.4846,4.3275,4.6275,$ Per Bushel
2024-02-05,Corn,Ohio,,Truck,4.3692,4.2275,4.4275,$ Per Bushel
2024-02-05,Corn,South Dakota,,Truck,4.139,3.9675,4.4275,$ Per Bushel
2024-02-05,Corn,Wisconsin,,Truck,4.0995,3.9775,4.1975,$ Per Bushel
2024-02-06,Corn,Illinois,,Truck,4.4761,4.2475,4.6275,$ Per Bushel
2024-02-06,Corn,Indiana,,Truck,4.4108,4.3275,4.5275,$ Per Bushel
2024-02-06,Corn,Iowa,,Truck,4.4925,4.3975,4.5775,$ Per Bushel
2024-02-06,Corn,Kansas,,Truck,4.6475,4.6475,4.6475,$ Per Bushel
2024-02-06,Corn,Michigan,,Truck,4.14,3.9275,4.2775,$ Per Bushel
2024-02-06,Corn,Minnesota,,Truck,4.3361,4.1075,4.5075,$ Per Bushel
2024-02-06,Corn,Missouri,,Truck,4.4725,4.3075,4.5775,$ Per Bushel
2024-02-06,Corn,Nebraska,,Truck,4.4789,4.3275,4.6275,$ Per Bushel
2024-02-06,Corn,Ohio,,Truck,4.3692,4.2275,4.4275,$ Per Bushel
2024-02-06,Corn,South Dakota,,Truck,4.139,3.9675,4.4275,$ Per Bushel
2024-02-06,Corn,Wisconsin,,Truck,4.0995,3.9775,4.1975,$ Per Bushel
2024-02-07,Corn,Illinois,,Truck,4.4318,4.2075,4.5875,$ Per Bushel
2024-02-07,Corn,Indiana,,Truck,4.3708,4.2875,4.4875,$ Per Bushel
2024-02-07,Corn,Iowa,,Truck,4.4232,4.2175,4.4975,$ Per Bushel
2024-02-07,Corn,Kansas,,Truck,4.6075,4.6075,4.6075,$ Per Bushel
2024-02-07,Corn,Michigan,,Truck,4.1,3.8875,4.2375,$ Per Bushel
2024-02-07,Corn,Minnesota,,Truck,4.2961,4.0675,4.4675,$ Per Bushel
2024-02-07,Corn,Missouri,,Truck,4.4325,4.2675,4.5375,$ Per Bushel
2024-02-07,Corn,Nebraska,,Truck,4.4368,4.2875,4.5875,$ Per Bushel
2024-02-07,Corn,Ohio,,Truck,4.3292,4.1875,4.3875,$ Per Bushel
2024-02-07,Corn,South Dakota,,Truck,4.1006,3.9275,4.3875,$ Per Bushel
2024-02-07,Corn,Wisconsin,,Truck,4.0555,3.9375,4.1575,$ Per Bushel
2024-02-08,Corn,Illinois,,Truck,4.3825,4.1625,4.5225,$ Per Bushel
2024-02-08,Corn,Indiana,,Truck,4.3258,4.2425,4.4425,$ Per Bushel
2024-02-08,Corn,Iowa,,Truck,4.3768,4.1725,4.4425,$ Per Bushel
2024-02-08,Corn,Kansas,,Truck,4.6125,4.6125,4.6125,$ Per Bushel
2024-02-08,Corn,Michigan,,Truck,4.055,3.8425,4.1925,$ Per Bushel
2024-02-08,Corn,Minnesota,,Truck,4.2525,4.0225,4.4225,$ Per Bushel
2024-02-08,Corn,Missouri,,Truck,4.3825,4.2225,4.4925,$ Per Bushel
2024-02-08,Corn,Nebraska,,Truck,4.3954,4.2625,4.5425,$ Per Bushel
2024-02-08,Corn,Ohio,,Truck,4.2758,4.1425,4.3425,$ Per Bushel
2024-02-08,Corn,South Dakota,,Truck,4.061,3.8825,4.3425,$ Per Bushel
2024-02-08,Corn,Wisconsin,,Truck,4.0105,3.8925,4.1125,$ Per Bushel
2024-02-09,Corn,Illinois,,Truck,4.3682,4.1525,4.5125,$ Per Bushel
2024-02-09,Corn,Indiana,,Truck,4.3125,4.2325,4.4325,$ Per Bushel
2024-02-09,Corn,Iowa,,Truck,4.3654,4.1625,4.4525,$ Per Bushel
2024-02-09,Corn,Kansas,,Truck,4.6025,4.6025,4.6025,$ Per Bushel
2024-02-09,Corn,Michigan,,Truck,4.045,3.8325,4.1825,$ Per Bushel
2024-02-09,Corn,Minnesota,,Truck,4.2382,4.0125,4.3825,$ Per Bushel
2024-02-09,Corn,Missouri,,Truck,4.3525,4.2125,4.4325,$ Per Bushel
2024-02-09,Corn,Nebraska,,Truck,4.3818,4.2525,4.5325,$ Per Bushel
2024-02-09,Corn,Ohio,,Truck,4.2658,4.1325,4.3325,$ Per Bushel
2024-02-09,Corn,South Dakota,,Truck,4.064,3.9325,4.3325,$ Per Bushel
2024-02-09,Corn,Wisconsin,,Truck,4.0005,3.8825,4.1025,$ Per Bushel
2024-02-12,Corn,Illinois,,Truck,4.3229,4.11,4.47,$ Per Bushel
2024-02-12,Corn,Indiana,,Truck,4.27,4.19,4.39,$ Per Bushel
2024-02-12,Corn,Iowa,,Truck,4.3325,4.26,4.4,$ Per Bushel
2024-02-12,Corn,Kansas,,Truck,4.56,4.56,4.56,$ Per Bushel
2024-02-12,Corn,Michigan,,Truck,4.0025,3.79,4.14,$ Per Bushel
2024-02-12,Corn,Minnesota,,Truck,4.1957,3.97,4.34,$ Per Bushel
2024-02-12,Corn,Missouri,,Truck,4.31,4.17,4.39,$ Per Bushel
2024-02-12,Corn,Nebraska,,Truck,4.3393,4.21,4.49,$ Per Bushel
2024-02-12,Corn,Ohio,,Truck,4.215,4.09,4.29,$ Per Bushel
2024-02-12,Corn,South Dakota,,Truck,4.0331,3.92,4.29,$ Per Bushel
2024-02-12,Corn,Wisconsin,,Truck,3.948,3.84,4.06,$ Per Bushel
2024-02-13,Corn,Illinois,,Truck,4.3379,4.125,4.485,$ Per Bushel
2024-02-13,Corn,Indiana,,Truck,4.285,4.205,4.405,$ Per Bushel
2024-02-13,Corn,Iowa,,Truck,4.3445,4.135,4.435,$ Per Bushel
2024-02-13,Corn,Kansas,,Truck,4.575,4.575,4.575,$ Per Bushel
2024-02-13,Corn,Michigan,,Truck,4.0175,3.805,4.155,$ Per Bushel
2024-02-13,Corn,Minnesota,,Truck,4.2107,3.985,4.355,$ Per Bushel
2024-02-13,Corn,Missouri,,Truck,4.325,4.185,4.405,$ Per Bushel
2024-02-13,Corn,Nebraska,,Truck,4.3543,4.225,4.505,$ Per Bushel
2024-02-13,Corn,Ohio,,Truck,4.23,4.105,4.305,$ Per Bushel
2024-02-13,Corn,South Dakota,,Truck,4.0512,3.935,4.305,$ Per Bushel
2024-02-13,Corn,Wisconsin,,Truck,3.963,3.855,4.075,$ Per Bushel
2024-02-14,Corn,Illinois,,Truck,4.3375,4.1275,4.4575,$ Per Bushel
2024-02-14,Corn,Indiana,,Truck,4.2886,4.2075,4.4075,$ Per Bushel
2024-02-14,Corn,Iowa,,Truck,4.3567,4.2775,4.4175,$ Per Bushel
2024-02-14,Corn,Kansas,,Truck,4.6675,4.5775,4.7575,$ Per Bushel
2024-02-14,Corn,Michigan,,Truck,4.02,3.8075,4.1575,$ Per Bushel
2024-02-14,Corn,Minnesota,,Truck,4.2132,3.9875,4.3575,$ Per Bushel
2024-02-14,Corn,Missouri,,Truck,4.32,4.1575,4.4075,$ Per Bushel
2024-02-14,Corn,Nebraska,,Truck,4.3511,4.2275,4.4575,$ Per Bushel
2024-02-14,Corn,Ohio,,Truck,4.2325,4.1075,4.3075,$ Per Bushel
2024-02-14,Corn,South Dakota,,Truck,4.0537,3.9375,4.3075,$ Per Bushel
2024-02-14,Corn,Wisconsin,,Truck,3.9655,3.8575,4.0775,$ Per Bushel
2024-02-15,Corn,Illinois,,Truck,4.2682,4.0625,4.3925,$ Per Bushel
2024-02-15,Corn,Indiana,,Truck,4.2125,4.1425,4.2725,$ Per Bushel
2024-02-15,Corn,Iowa,,Truck,4.282,4.0725,4.3725,$ Per Bushel
2024-02-15,Corn,Kansas,,Truck,4.5925,4.4925,4.6925,$ Per Bushel
2024-02-15,Corn,Michigan,,Truck,3.955,3.7425,4.0925,$ Per Bushel
2024-02-15,Corn,Minnesota,,Truck,4.1482,3.9225,4.2925,$ Per Bushel
2024-02-15,Corn,Missouri,,Truck,4.2475,4.0625,4.3425,$ Per Bushel
2024-02-15,Corn,Nebraska,,Truck,4.2796,4.1625,4.3925,$ Per Bushel
2024-02-15,Corn,Ohio,,Truck,4.1675,4.0425,4.2425,$ Per Bushel
2024-02-15,Corn,South Dakota,,Truck,3.9894,3.8725,4.2525,$ Per Bushel
2024-02-15,Corn,Wisconsin,,Truck,3.9325,3.7925,4.1225,$ Per Bushel
2024-02-16,Corn,Illinois,,Truck,4.2046,3.9975,4.3075,$ Per Bushel
2024-02-16,Corn,Indiana,,Truck,4.1464,4.0775,4.2075,$ Per Bushel
2024-02-16,Corn,Iowa,,Truck,4.2292,4.1575,4.2875,$ Per Bushel
2024-02-16,Corn,Kansas,,Truck,4.5275,4.4275,4.6275,$ Per Bushel
2024-02-16,Corn,Michigan,,Truck,3.89,3.6775,4.0275,$ Per Bushel
2024-02-16,Corn,Minnesota,,Truck,4.0832,3.8575,4.2275,$ Per Bushel
2024-02-16,Corn,Missouri,,Truck,4.1825,3.9975,4.2775,$ Per Bushel
2024-02-16,Corn,Nebraska,,Truck,4.2096,4.0975,4.3275,$ Per Bushel
2024-02-16,Corn,Ohio,,Truck,4.1058,3.9975,4.1775,$ Per Bushel
2024-02-16,Corn,South Dakota,,Truck,3.9321,3.8075,4.2075,$ Per Bushel
2024-02-16,Corn,Wisconsin,,Truck,3.8675,3.7275,4.0575,$ Per Bushel
2024-02-20,Corn,Illinois,,Truck,4.2036,3.985,4.335,$ Per Bushel
2024-02-20,Corn,Indiana,,Truck,4.1339,4.065,4.195,$ Per Bushel
2024-02-20,Corn,Iowa,,Truck,4.2045,3.995,4.295,$ Per Bushel
2024-02-20,Corn,Kansas,,Truck,4.54,4.415,4.665,$ Per Bushel
2024-02-20,Corn,Michigan,,Truck,3.8775,3.665,4.015,$ Per Bushel
2024-02-20,Corn,Minnesota,,Truck,4.0736,3.865,4.215,$ Per Bushel
2024-02-20,Corn,Missouri,,Truck,4.1383,3.985,4.265,$ Per Bushel
2024-02-20,Corn,Nebraska,,Truck,4.1957,4.085,4.315,$ Per Bushel
2024-02-20,Corn,Ohio,,Truck,4.09,3.985,4.165,$ Per Bushel
2024-02-20,Corn,South Dakota,,Truck,3.9235,3.795,4.195,$ Per Bushel
2024-02-20,Corn,Wisconsin,,Truck,3.855,3.715,4.045,$ Per Bushel
2024-02-21,Corn,Illinois,,Truck,4.2261,4.0075,4.3575,$ Per Bushel
2024-02-21,Corn,Indiana,,Truck,4.1597,4.0875,4.2175,$ Per Bushel
2024-02-21,Corn,Iowa,,Truck,4.2261,4.0175,4.3175,$ Per Bushel
2024-02-21,Corn,Kansas,,Truck,4.5625,4.4375,4.6875,$ Per Bushel
2024-02-21,Corn,Michigan,,Truck,3.9,3.6875,4.0375,$ Per Bushel
2024-02-21,Corn,Minnesota,,Truck,4.0961,3.8875,4.2375,$ Per Bushel
2024-02-21,Corn,Missouri,,Truck,4.1975,4.0075,4.3075,$ Per Bushel
2024-02-21,Corn,Nebraska,,Truck,4.2182,4.1075,4.3375,$ Per Bushel
2024-02-21,Corn,Ohio,,Truck,4.1125,4.0075,4.1875,$ Per Bushel
2024-02-21,Corn,South Dakota,,Truck,3.9537,3.8175,4.2175,$ Per Bushel
2024-02-21,Corn,Wisconsin,,Truck,3.8735,3.7375,4.0675,$ Per Bushel
2024-02-22,Corn,Illinois,,Truck,4.1557,3.95,4.28,$ Per Bushel
2024-02-22,Corn,Indiana,,Truck,4.0856,4.01,4.14,$ Per Bushel
2024-02-22,Corn,Iowa,,Truck,4.1487,3.94,4.26,$ Per Bushel
2024-02-22,Corn,Kansas,,Truck,4.485,4.36,4.61,$ Per Bushel
2024-02-22,Corn,Michigan,,Truck,3.8225,3.61,3.96,$ Per Bushel
2024-02-22,Corn,Minnesota,,Truck,4.0157,3.81,4.16,$ Per Bushel
2024-02-22,Corn,Missouri,,Truck,4.12,3.93,4.23,$ Per Bushel
2024-02-22,Corn,Nebraska,,Truck,4.1371,4.03,4.31,$ Per Bushel
2024-02-22,Corn,Ohio,,Truck,4.035,3.96,4.11,$ Per Bushel
2024-02-22,Corn,South Dakota,,Truck,3.8792,3.76,4.14,$ Per Bushel
2024-02-22,Corn,Wisconsin,,Truck,3.802,3.66,3.99,$ Per Bushel
2024-02-23,Corn,Illinois,,Truck,4.1057,3.9,4.23,$ Per Bushel
2024-02-23,Corn,Indiana,,Truck,4.0356,3.96,4.09,$ Per Bushel
2024-02-23,Corn,Iowa,,Truck,4.0993,3.89,4.21,$ Per Bushel
2024-02-23,Corn,Kansas,,Truck,4.435,4.31,4.56,$ Per Bushel
2024-02-23,Corn,Michigan,,Truck,3.7725,3.56,3.91,$ Per Bushel
2024-02-23,Corn,Minnesota,,Truck,3.9614,3.76,4.11,$ Per Bushel
2024-02-23,Corn,Missouri,,Truck,4.0875,3.95,4.18,$ Per Bushel
2024-02-23,Corn,Nebraska,,Truck,4.0871,3.98,4.26,$ Per Bushel
2024-02-23,Corn,Ohio,,Truck,3.985,3.91,4.06,$ Per Bushel
2024-02-23,Corn,South Dakota,,Truck,3.8292,3.71,4.09,$ Per Bushel
2024-02-23,Corn,Wisconsin,,Truck,3.752,3.61,3.94,$ Per Bushel
2024-02-26,Corn,Illinois,,Truck,4.0475,3.8375,4.1775,$ Per Bushel
2024-02-26,Corn,Indiana,,Truck,3.9753,3.8975,4.0275,$ Per Bushel
2024-02-26,Corn,Iowa,,Truck,4.0388,3.8275,4.1475,$ Per Bushel
2024-02-26,Corn,Kansas,,Truck,4.3725,4.2475,4.4975,$ Per Bushel
2024-02-26,Corn,Michigan,,Truck,3.71,3.4975,3.8475,$ Per Bushel
2024-02-26,Corn,Minnesota,,Truck,3.9032,3.6975,4.0475,$ Per Bushel
2024-02-26,Corn,Missouri,,Truck,4.025,3.8875,4.1175,$ Per Bushel
2024-02-26,Corn,Nebraska,,Truck,4.0246,3.9175,4.1975,$ Per Bushel
2024-02-26,Corn,Ohio,,Truck,3.9392,3.8475,3.9975,$ Per Bushel
2024-02-26,Corn,South Dakota,,Truck,3.7667,3.6475,4.0275,$ Per Bushel
2024-02-26,Corn,Wisconsin,,Truck,3.6895,3.5475,3.8775,$ Per Bushel
2024-02-27,Corn,Illinois,,Truck,4.1293,3.91,4.315,$ Per Bushel
2024-02-27,Corn,Indiana,,Truck,4.0517,3.97,4.1,$ Per Bushel
2024-02-27,Corn,Iowa,,Truck,4.1267,4.015,4.225,$ Per Bushel
2024-02-27,Corn,Kansas,,Truck,4.445,4.32,4.57,$ Per Bushel
2024-02-27,Corn,Michigan,,Truck,3.7825,3.57,3.92,$ Per Bushel
2024-02-27,Corn,Minnesota,,Truck,3.98,3.77,4.12,$ Per Bushel
2024-02-27,Corn,Missouri,,Truck,4.115,3.97,4.22,$ Per Bushel
2024-02-27,Corn,Nebraska,,Truck,4.0979,3.945,4.27,$ Per Bushel
2024-02-27,Corn,Ohio,,Truck,4.0117,3.92,4.07,$ Per Bushel
2024-02-27,Corn,South Dakota,,Truck,3.8523,3.72,4.1,$ Per Bushel
2024-02-27,Corn,Wisconsin,,Truck,3.762,3.62,3.95,$ Per Bushel
2024-02-28,Corn,Illinois,,Truck,4.1532,3.9225,4.335,$ Per Bushel
2024-02-28,Corn,Indiana,,Truck,4.0689,3.9825,4.1325,$ Per Bushel
2024-02-28,Corn,Iowa,,Truck,4.1395,3.9125,4.235,$ Per Bushel
2024-02-28,Corn,Kansas,,Truck,4.4588,4.335,4.5825,$ Per Bushel
2024-02-28,Corn,Michigan,,Truck,3.795,3.5825,3.9325,$ Per Bushel
2024-02-28,Corn,Minnesota,,Truck,4.0136,3.7825,4.215,$ Per Bushel
2024-02-28,Corn,Missouri,,Truck,4.1275,3.9825,4.2325,$ Per Bushel
2024-02-28,Corn,Nebraska,,Truck,4.1152,3.965,4.2825,$ Per Bushel
2024-02-28,Corn,Ohio,,Truck,4.0358,3.9525,4.0825,$ Per Bushel
2024-02-28,Corn,South Dakota,,Truck,3.8779,3.7625,4.1125,$ Per Bushel
2024-02-28,Corn,Wisconsin,,Truck,3.775,3.635,3.9625,$ Per Bushel
2024-02-29,Corn,Illinois,,Truck,4.2136,3.9725,4.435,$ Per Bushel
2024-02-29,Corn,Indiana,,Truck,4.1294,4.0325,4.235,$ Per Bushel
2024-02-29,Corn,Iowa,,Truck,4.1973,3.9825,4.285,$ Per Bushel
2024-02-29,Corn,Kansas,,Truck,4.5088,4.385,4.6325,$ Per Bushel
2024-02-29,Corn,Michigan,,Truck,3.845,3.6325,3.9825,$ Per Bushel
2024-02-29,Corn,Minnesota,,Truck,4.0664,3.8325,4.265,$ Per Bushel
2024-02-29,Corn,Missouri,,Truck,4.185,4.0625,4.2825,$ Per Bushel
2024-02-29,Corn,Nebraska,,Truck,4.1923,4.015,4.3325,$ Per Bushel
2024-02-29,Corn,Ohio,,Truck,4.0913,4.0325,4.135,$ Per Bushel
2024-02-29,Corn,South Dakota,,Truck,3.9375,3.8325,4.1625,$ Per Bushel
2024-02-29,Corn,Wisconsin,,Truck,3.825,3.685,4.0125,$ Per Bushel
2024-03-01,Corn,Illinois,,Truck,4.2318,3.995,4.445,$ Per Bushel
2024-03-01,Corn,Indiana,,Truck,4.1469,4.0575,4.245,$ Per Bushel
2024-03-01,Corn,Iowa,,Truck,4.2142,4.015,4.295,$ Per Bushel
2024-03-01,Corn,Kansas,,Truck,4.5263,4.395,4.6575,$ Per Bushel
2024-03-01,Corn,Michigan,,Truck,3.8731,3.695,3.995,$ Per Bushel
2024-03-01,Corn,Minnesota,,Truck,4.09,3.8575,4.275,$ Per Bushel
2024-03-01,Corn,Missouri,,Truck,4.21,4.0875,4.3075,$ Per Bushel
2024-03-01,Corn,Nebraska,,Truck,4.228,4.045,4.445,$ Per Bushel
2024-03-01,Corn,Ohio,,Truck,4.1138,4.0575,4.145,$ Per Bushel
2024-03-01,Corn,South Dakota,,Truck,3.9652,3.855,4.195,$ Per Bushel
2024-03-01,Corn,Wisconsin,,Truck,3.864,3.695,4.0375,$ Per Bushel
2024-03-04,Corn,Illinois,,Truck,4.1932,3.9475,4.3975,$ Per Bushel
2024-03-04,Corn,Indiana,,Truck,4.1364,4.0475,4.1975,$ Per Bushel
2024-03-04,Corn,Iowa,,Truck,4.1768,3.9675,4.2675,$ Per Bushel
2024-03-04,Corn,Kansas,,Truck,4.5475,4.3975,4.6975,$ Per Bushel
2024-03-04,Corn,Michigan,,Truck,3.8308,3.6475,3.9475,$ Per Bushel
2024-03-04,Corn,Minnesota,,Truck,4.0632,3.8675,4.2275,$ Per Bushel
2024-03-04,Corn,Missouri,,Truck,4.1825,4.0475,4.2775,$ Per Bushel
2024-03-04,Corn,Nebraska,,Truck,4.1929,3.9975,4.3975,$ Per Bushel
2024-03-04,Corn,Ohio,,Truck,4.1108,4.0475,4.2275,$ Per Bushel
2024-03-04,Corn,South Dakota,,Truck,3.9302,3.8475,4.1475,$ Per Bushel
2024-03-04,Corn,Wisconsin,,Truck,3.8405,3.6975,4.0025,$ Per Bushel
2024-03-05,Corn,Illinois,,Truck,4.2529,4.0,4.47,$ Per Bushel
2024-03-05,Corn,Indiana,,Truck,4.19,4.1,4.25,$ Per Bushel
2024-03-05,Corn,Iowa,,Truck,4.2671,4.15,4.33,$ Per Bushel
2024-03-05,Corn,Kansas,,Truck,4.6,4.45,4.75,$ Per Bushel
2024-03-05,Corn,Michigan,,Truck,3.9,3.7,4.0,$ Per Bushel
2024-03-05,Corn,Minnesota,,Truck,4.12,3.92,4.28,$ Per Bushel
2024-03-05,Corn,Missouri,,Truck,4.235,4.1,4.33,$ Per Bushel
2024-03-05,Corn,Nebraska,,Truck,4.2579,4.05,4.45,$ Per Bushel
2024-03-05,Corn,Ohio,,Truck,4.1333,4.1,4.15,$ Per Bushel
2024-03-05,Corn,South Dakota,,Truck,3.9883,3.9,4.2,$ Per Bushel
2024-03-05,Corn,Wisconsin,,Truck,3.893,3.75,4.055,$ Per Bushel
2024-03-06,Corn,Illinois,,Truck,4.2139,3.9625,4.4225,$ Per Bushel
2024-03-06,Corn,Indiana,,Truck,4.1581,4.0625,4.2625,$ Per Bushel
2024-03-06,Corn,Iowa,,Truck,4.2073,4.0125,4.2925,$ Per Bushel
2024-03-06,Corn,Kansas,,Truck,4.5875,4.4625,4.7125,$ Per Bushel
2024-03-06,Corn,Michigan,,Truck,3.8625,3.6625,3.9625,$ Per Bushel
2024-03-06,Corn,Minnesota,,Truck,4.0911,3.8825,4.2625,$ Per Bushel
2024-03-06,Corn,Missouri,,Truck,4.1975,4.0625,4.2925,$ Per Bushel
2024-03-06,Corn,Nebraska,,Truck,4.2182,4.0325,4.4125,$ Per Bushel
2024-03-06,Corn,Ohio,,Truck,4.0958,4.0625,4.1125,$ Per Bushel
2024-03-06,Corn,South Dakota,,Truck,3.9533,3.8625,4.1625,$ Per Bushel
2024-03-06,Corn,Wisconsin,,Truck,3.865,3.7125,4.015,$ Per Bushel
2024-03-07,Corn,Illinois,,Truck,4.2461,3.9875,4.4575,$ Per Bushel
2024-03-07,Corn,Indiana,,Truck,4.1897,4.0875,4.2875,$ Per Bushel
2024-03-07,Corn,Iowa,,Truck,4.2717,4.1375,4.3375,$ Per Bushel
2024-03-07,Corn,Kansas,,Truck,4.6125,4.4875,4.7375,$ Per Bushel
2024-03-07,Corn,Michigan,,Truck,3.8875,3.6875,3.9875,$ Per Bushel
2024-03-07,Corn,Minnesota,,Truck,4.1175,3.9075,4.2875,$ Per Bushel
2024-03-07,Corn,Missouri,,Truck,4.2225,4.0875,4.3175,$ Per Bushel
2024-03-07,Corn,Nebraska,,Truck,4.2504,4.0575,4.4375,$ Per Bushel
2024-03-07,Corn,Ohio,,Truck,4.1208,4.0875,4.1375,$ Per Bushel
2024-03-07,Corn,South Dakota,,Truck,3.9792,3.8875,4.1875,$ Per Bushel
2024-03-07,Corn,Wisconsin,,Truck,3.8625,3.7375,3.9475,$ Per Bushel
2024-03-08,Corn,Illinois,,Truck,4.3386,4.08,4.55,$ Per Bushel
2024-03-08,Corn,Indiana,,Truck,4.2889,4.18,4.38,$ Per Bushel
2024-03-08,Corn,Iowa,,Truck,4.3395,4.13,4.43,$ Per Bushel
2024-03-08,Corn,Kansas,,Truck,4.705,4.58,4.83,$ Per Bushel
2024-03-08,Corn,Michigan,,Truck,3.98,3.78,4.08,$ Per Bushel
2024-03-08,Corn,Minnesota,,Truck,4.2129,4.0,4.38,$ Per Bushel
2024-03-08,Corn,Missouri,,Truck,4.315,4.18,4.41,$ Per Bushel
2024-03-08,Corn,Nebraska,,Truck,4.3464,4.15,4.53,$ Per Bushel
2024-03-08,Corn,Ohio,,Truck,4.2133,4.18,4.23,$ Per Bushel
2024-03-08,Corn,South Dakota,,Truck,4.0642,3.98,4.28,$ Per Bushel
2024-03-08,Corn,Wisconsin,,Truck,3.955,3.83,4.04,$ Per Bushel
2024-03-11,Corn,Illinois,,Truck,4.3675,4.0975,4.5775,$ Per Bushel
2024-03-11,Corn,Indiana,,Truck,4.3042,4.1975,4.3975,$ Per Bushel
2024-03-11,Corn,Iowa,,Truck,4.3594,4.1475,4.4475,$ Per Bushel
2024-03-11,Corn,Kansas,,Truck,4.7225,4.5975,4.8475,$ Per Bushel
2024-03-11,Corn,Michigan,,Truck,3.9975,3.7975,4.0975,$ Per Bushel
2024-03-11,Corn,Minnesota,,Truck,4.2304,4.0175,4.3975,$ Per Bushel
2024-03-11,Corn,Missouri,,Truck,4.345,4.2475,4.4275,$ Per Bushel
2024-03-11,Corn,Nebraska,,Truck,4.3661,4.1975,4.5475,$ Per Bushel
2024-03-11,Corn,Ohio,,Truck,4.2308,4.1975,4.2475,$ Per Bushel
2024-03-11,Corn,South Dakota,,Truck,4.079,3.9975,4.2975,$ Per Bushel
2024-03-11,Corn,Wisconsin,,Truck,3.9825,3.8475,4.0975,$ Per Bushel
2024-03-12,Corn,Illinois,,Truck,4.3846,4.1175,4.5975,$ Per Bushel
2024-03-12,Corn,Indiana,,Truck,4.3319,4.2175,4.4675,$ Per Bushel
2024-03-12,Corn,Iowa,,Truck,4.3846,4.1675,4.4975,$ Per Bushel
2024-03-12,Corn,Kansas,,Truck,4.7425,4.6175,4.8675,$ Per Bushel
2024-03-12,Corn,Michigan,,Truck,4.0175,3.8175,4.1175,$ Per Bushel
2024-03-12,Corn,Minnesota,,Truck,4.2589,4.0375,4.4175,$ Per Bushel
2024-03-12,Corn,Missouri,,Truck,4.365,4.2675,4.4475,$ Per Bushel
2024-03-12,Corn,Nebraska,,Truck,4.3925,4.2175,4.5675,$ Per Bushel
2024-03-12,Corn,Ohio,,Truck,4.2592,4.2175,4.3175,$ Per Bushel
2024-03-12,Corn,South Dakota,,Truck,4.0998,4.0175,4.3175,$ Per Bushel
2024-03-12,Corn,Wisconsin,,Truck,4.0025,3.8675,4.1175,$ Per Bushel
2024-03-13,Corn,Illinois,,Truck,4.3861,4.1175,4.5975,$ Per Bushel
2024-03-13,Corn,Indiana,,Truck,4.3386,4.2175,4.4675,$ Per Bushel
2024-03-13,Corn,Iowa,,Truck,4.4467,4.3175,4.5675,$ Per Bushel
2024-03-13,Corn,Kansas,,Truck,4.7425,4.6175,4.8675,$ Per Bushel
2024-03-13,Corn,Michigan,,Truck,4.0175,3.8175,4.1175,$ Per Bushel
2024-03-13,Corn,Minnesota,,Truck,4.2618,4.0375,4.4175,$ Per Bushel
2024-03-13,Corn,Missouri,,Truck,4.355,4.2675,4.4175,$ Per Bushel
2024-03-13,Corn,Nebraska,,Truck,4.3911,4.2175,4.5675,$ Per Bushel
2024-03-13,Corn,Ohio,,Truck,4.2558,4.1975,4.3175,$ Per Bushel
2024-03-13,Corn,South Dakota,,Truck,4.099,4.0175,4.3175,$ Per Bushel
2024-03-13,Corn,Wisconsin,,Truck,4.03,3.9175,4.1775,$ Per Bushel
2024-03-14,Corn,Illinois,,Truck,4.3811,4.1125,4.5925,$ Per Bushel
2024-03-14,Corn,Indiana,,Truck,4.3336,4.2125,4.4625,$ Per Bushel
2024-03-14,Corn,Iowa,,Truck,4.3854,4.1625,4.4925,$ Per Bushel
2024-03-14,Corn,Kansas,,Truck,4.7375,4.6125,4.8625,$ Per Bushel
2024-03-14,Corn,Michigan,,Truck,4.0125,3.8125,4.1125,$ Per Bushel
2024-03-14,Corn,Minnesota,,Truck,4.2539,4.0325,4.4125,$ Per Bushel
2024-03-14,Corn,Missouri,,Truck,4.325,4.2625,4.4125,$ Per Bushel
2024-03-14,Corn,Nebraska,,Truck,4.3861,4.2125,4.5625,$ Per Bushel
2024-03-14,Corn,Ohio,,Truck,4.2508,4.1925,4.3125,$ Per Bushel
2024-03-14,Corn,South Dakota,,Truck,4.1017,4.0125,4.3125,$ Per Bushel
2024-03-14,Corn,Wisconsin,,Truck,4.025,3.9125,4.1725,$ Per Bushel
2024-03-15,Corn,Illinois,,Truck,4.3061,4.0375,4.5175,$ Per Bushel
2024-03-15,Corn,Indiana,,Truck,4.2586,4.1375,4.3875,$ Per Bushel
2024-03-15,Corn,Iowa,,Truck,4.3137,4.0875,4.4075,$ Per Bushel
2024-03-15,Corn,Kansas,,Truck,4.6625,4.5375,4.7875,$ Per Bushel
2024-03-15,Corn,Michigan,,Truck,3.9375,3.7375,4.0375,$ Per Bushel
2024-03-15,Corn,Minnesota,,Truck,4.1818,3.9575,4.3375,$ Per Bushel
2024-03-15,Corn,Missouri,,Truck,4.25,4.1875,4.3375,$ Per Bushel
2024-03-15,Corn,Nebraska,,Truck,4.3168,4.1375,4.5375,$ Per Bushel
2024-03-15,Corn,Ohio,,Truck,4.1758,4.1175,4.2375,$ Per Bushel
2024-03-15,Corn,South Dakota,,Truck,4.0298,3.9375,4.2375,$ Per Bushel
2024-03-15,Corn,Wisconsin,,Truck,3.9575,3.8375,4.0975,$ Per Bushel
2024-03-18,Corn,Illinois,,Truck,4.3361,4.0675,4.5475,$ Per Bushel
2024-03-18,Corn,Indiana,,Truck,4.2908,4.1675,4.4175,$ Per Bushel
2024-03-18,Corn,Iowa,,Truck,4.347,4.1175,4.4475,$ Per Bushel
2024-03-18,Corn,Kansas,,Truck,4.6925,4.5675,4.8175,$ Per Bushel
2024-03-18,Corn,Michigan,,Truck,3.9675,3.7675,4.0675,$ Per Bushel
2024-03-18,Corn,Minnesota,,Truck,4.2161,3.9875,4.3675,$ Per Bushel
2024-03-18,Corn,Missouri,,Truck,4.3,4.2475,4.3675,$ Per Bushel
2024-03-18,Corn,Nebraska,,Truck,4.3596,4.1875,4.5675,$ Per Bushel
2024-03-18,Corn,Ohio,,Truck,4.1925,4.1175,4.2675,$ Per Bushel
2024-03-18,Corn,South Dakota,,Truck,4.0683,3.9975,4.2675,$ Per Bushel
2024-03-18,Corn,Wisconsin,,Truck,3.9875,3.8675,4.1275,$ Per Bushel
2024-03-19,Corn,Illinois,,Truck,4.3329,4.06,4.54,$ Per Bushel
2024-03-19,Corn,Indiana,,Truck,4.2911,4.16,4.41,$ Per Bushel
2024-03-19,Corn,Iowa,,Truck,4.3433,4.11,4.44,$ Per Bushel
2024-03-19,Corn,Kansas,,Truck,4.685,4.56,4.81,$ Per Bushel
2024-03-19,Corn,Michigan,,Truck,3.96,3.76,4.11,$ Per Bushel
2024-03-19,Corn,Minnesota,,Truck,4.2086,3.98,4.36,$ Per Bushel
2024-03-19,Corn,Missouri,,Truck,4.2925,4.24,4.36,$ Per Bushel
2024-03-19,Corn,Nebraska,,Truck,4.3629,4.2,4.56,$ Per Bushel
2024-03-19,Corn,Ohio,,Truck,4.185,4.11,4.26,$ Per Bushel
2024-03-19,Corn,South Dakota,,Truck,4.0746,3.99,4.26,$ Per Bushel
2024-03-19,Corn,Wisconsin,,Truck,3.9925,3.87,4.16,$ Per Bushel
2024-03-20,Corn,Illinois,,Truck,4.3707,4.095,4.595,$ Per Bushel
2024-03-20,Corn,Indiana,,Truck,4.3317,4.195,4.445,$ Per Bushel
2024-03-20,Corn,Iowa,,Truck,4.4683,4.345,4.545,$ Per Bushel
2024-03-20,Corn,Kansas,,Truck,4.72,4.595,4.845,$ Per Bushel
2024-03-20,Corn,Michigan,,Truck,3.995,3.795,4.145,$ Per Bushel
2024-03-20,Corn,Minnesota,,Truck,4.2593,4.015,4.425,$ Per Bushel
2024-03-20,Corn,Missouri,,Truck,4.315,4.245,4.375,$ Per Bushel
2024-03-20,Corn,Nebraska,,Truck,4.4064,4.245,4.595,$ Per Bushel
2024-03-20,Corn,Ohio,,Truck,4.22,4.145,4.295,$ Per Bushel
2024-03-20,Corn,South Dakota,,Truck,4.1158,4.025,4.295,$ Per Bushel
2024-03-20,Corn,Wisconsin,,Truck,4.0325,3.925,4.195,$ Per Bushel
2024-03-21,Corn,Illinois,,Truck,4.36,4.09,4.59,$ Per Bushel
2024-03-21,Corn,Indiana,,Truck,4.33,4.19,4.44,$ Per Bushel
2024-03-21,Corn,Iowa,,Truck,4.3867,4.17,4.53,$ Per Bushel
2024-03-21,Corn,Kansas,,Truck,4.715,4.59,4.84,$ Per Bushel
2024-03-21,Corn,Michigan,,Truck,3.99,3.79,4.14,$ Per Bushel
2024-03-21,Corn,Minnesota,,Truck,4.2543,4.01,4.42,$ Per Bushel
2024-03-21,Corn,Missouri,,Truck,4.305,4.22,4.37,$ Per Bushel
2024-03-21,Corn,Nebraska,,Truck,4.4,4.24,4.59,$ Per Bushel
2024-03-21,Corn,Ohio,,Truck,4.2067,4.14,4.29,$ Per Bushel
2024-03-21,Corn,South Dakota,,Truck,4.1138,4.02,4.29,$ Per Bushel
2024-03-21,Corn,Wisconsin,,Truck,4.0275,3.92,4.19,$ Per Bushel
2024-03-22,Corn,Illinois,,Truck,4.3761,4.1075,4.5875,$ Per Bushel
2024-03-22,Corn,Indiana,,Truck,4.3531,4.2075,4.4575,$ Per Bushel
2024-03-22,Corn,Iowa,,Truck,4.4817,4.3575,4.5575,$ Per Bushel
2024-03-22,Corn,Kansas,,Truck,4.7325,4.6075,4.8575,$ Per Bushel
2024-03-22,Corn,Michigan,,Truck,4.0075,3.8075,4.1575,$ Per Bushel
2024-03-22,Corn,Minnesota,,Truck,4.2746,4.0275,4.4575,$ Per Bushel
2024-03-22,Corn,Missouri,,Truck,4.3175,4.2375,4.3875,$ Per Bushel
2024-03-22,Corn,Nebraska,,Truck,4.4282,4.2575,4.6075,$ Per Bushel
2024-03-22,Corn,Ohio,,Truck,4.2242,4.1575,4.3075,$ Per Bushel
2024-03-22,Corn,South Dakota,,Truck,4.1329,4.0375,4.3075,$ Per Bushel
2024-03-22,Corn,Wisconsin,,Truck,4.045,3.9375,4.2075,$ Per Bushel
2024-03-25,Corn,Illinois,,Truck,4.3611,4.0925,4.5725,$ Per Bushel
2024-03-25,Corn,Indiana,,Truck,4.3436,4.1925,4.4425,$ Per Bushel
2024-03-25,Corn,Iowa,,Truck,4.3925,4.1725,4.5325,$ Per Bushel
2024-03-25,Corn,Kansas,,Truck,4.7175,4.5925,4.8425,$ Per Bushel
2024-03-25,Corn,Michigan,,Truck,3.9925,3.7925,4.1425,$ Per Bushel
2024-03-25,Corn,Minnesota,,Truck,4.2639,4.0125,4.4425,$ Per Bushel
2024-03-25,Corn,Missouri,,Truck,4.3025,4.2225,4.3725,$ Per Bushel
2024-03-25,Corn,Nebraska,,Truck,4.4146,4.2425,4.5925,$ Per Bushel
2024-03-25,Corn,Ohio,,Truck,4.2092,4.1425,4.3425,$ Per Bushel
2024-03-25,Corn,South Dakota,,Truck,4.1287,4.0225,4.2925,$ Per Bushel
2024-03-25,Corn,Wisconsin,,Truck,4.0325,3.9325,4.1925,$ Per Bushel
2024-03-26,Corn,Illinois,,Truck,4.3446,4.0775,4.5575,$ Per Bushel
2024-03-26,Corn,Indiana,,Truck,4.3297,4.1775,4.4475,$ Per Bushel
2024-03-26,Corn,Iowa,,Truck,4.3861,4.1575,4.5175,$ Per Bushel
2024-03-26,Corn,Kansas,,Truck,4.7025,4.5775,4.8275,$ Per Bushel
2024-03-26,Corn,Michigan,,Truck,3.9775,3.7775,4.1275,$ Per Bushel
2024-03-26,Corn,Minnesota,,Truck,4.2661,3.9975,4.4275,$ Per Bushel
2024-03-26,Corn,Missouri,,Truck,4.2925,4.2075,4.3775,$ Per Bushel
2024-03-26,Corn,Nebraska,,Truck,4.4175,4.2575,4.5775,$ Per Bushel
2024-03-26,Corn,Ohio,,Truck,4.2025,4.1275,4.3275,$ Per Bushel
2024-03-26,Corn,South Dakota,,Truck,4.1167,4.0075,4.2775,$ Per Bushel
2024-03-26,Corn,Wisconsin,,Truck,4.0225,3.9375,4.1775,$ Per Bushel
2024-03-27,Corn,Illinois,,Truck,4.3007,4.055,4.505,$ Per Bushel
2024-03-27,Corn,Indiana,,Truck,4.2872,4.125,4.395,$ Per Bushel
2024-03-27,Corn,Iowa,,Truck,4.4208,4.275,4.545,$ Per Bushel
2024-03-27,Corn,Kansas,,Truck,4.675,4.525,4.825,$ Per Bushel
2024-03-27,Corn,Michigan,,Truck,3.925,3.725,4.075,$ Per Bushel
2024-03-27,Corn,Minnesota,,Truck,4.2136,3.945,4.375,$ Per Bushel
2024-03-27,Corn,Missouri,,Truck,4.24,4.155,4.325,$ Per Bushel
2024-03-27,Corn,Nebraska,,Truck,4.3843,4.205,4.525,$ Per Bushel
2024-03-27,Corn,Ohio,,Truck,4.15,4.075,4.275,$ Per Bushel
2024-03-27,Corn,South Dakota,,Truck,4.0775,3.955,4.245,$ Per Bushel
2024-03-27,Corn,Wisconsin,,Truck,3.975,3.905,4.125,$ Per Bushel
2024-03-28,Corn,Illinois,,Truck,4.2446,3.9975,4.4475,$ Per Bushel
2024-03-28,Corn,Indiana,,Truck,4.2464,4.0675,4.4675,$ Per Bushel
2024-03-28,Corn,Iowa,,Truck,4.3042,4.0575,4.4175,$ Per Bushel
2024-03-28,Corn,Kansas,,Truck,4.6175,4.4675,4.7675,$ Per Bushel
2024-03-28,Corn,Michigan,,Truck,3.8675,3.6675,4.0175,$ Per Bushel
2024-03-28,Corn,Minnesota,,Truck,4.1589,3.8875,4.3175,$ Per Bushel
2024-03-28,Corn,Missouri,,Truck,4.1825,4.0975,4.2675,$ Per Bushel
2024-03-28,Corn,Nebraska,,Truck,4.3446,4.1875,4.4675,$ Per Bushel
2024-03-28,Corn,Ohio,,Truck,4.1008,4.0175,4.2175,$ Per Bushel
2024-03-28,Corn,South Dakota,,Truck,4.0267,3.8975,4.1975,$ Per Bushel
2024-03-28,Corn,Wisconsin,,Truck,3.9175,3.8475,4.0675,$ Per Bushel
2024-03-29,Corn,Illinois,,Truck,4.3929,4.15,4.58,$ Per Bushel
2024-03-29,Corn,Indiana,,Truck,4.3989,4.22,4.62,$ Per Bushel
2024-03-29,Corn,Iowa,,Truck,4.5275,4.42,4.65,$ Per Bushel
2024-03-29,Corn,Kansas,,Truck,4.77,4.62,4.92,$ Per Bushel
2024-03-29,Corn,Michigan,,Truck,4.02,3.82,4.17,$ Per Bushel
2024-03-29,Corn,Minnesota,,Truck,4.3171,4.04,4.47,$ Per Bushel
2024-03-29,Corn,Missouri,,Truck,4.3325,4.24,4.42,$ Per Bushel
2024-03-29,Corn,Nebraska,,Truck,4.5043,4.37,4.67,$ Per Bushel
2024-03-29,Corn,Ohio,,Truck,4.2533,4.17,4.37,$ Per Bushel
2024-03-29,Corn,South Dakota,,Truck,4.1783,4.05,4.37,$ Per Bushel
2024-03-29,Corn,Wisconsin,,Truck,4.07,4.0,4.22,$ Per Bushel
2024-04-01,Corn,Illinois,,Truck,4.3929,4.15,4.58,$ Per Bushel
2024-04-01,Corn,Indiana,,Truck,4.3989,4.22,4.62,$ Per Bushel
2024-04-01,Corn,Iowa,,Truck,4.4552,4.23,4.57,$ Per Bushel
2024-04-01,Corn,Kansas,,Truck,4.795,4.62,4.97,$ Per Bushel
2024-04-01,Corn,Michigan,,Truck,4.02,3.82,4.17,$ Per Bushel
2024-04-01,Corn,Minnesota,,Truck,4.3171,4.04,4.47,$ Per Bushel
2024-04-01,Corn,Missouri,,Truck,4.3325,4.24,4.42,$ Per Bushel
2024-04-01,Corn,Nebraska,,Truck,4.5057,4.37,4.67,$ Per Bushel
2024-04-01,Corn,Ohio,,Truck,4.245,4.17,4.37,$ Per Bushel
2024-04-01,Corn,South Dakota,,Truck,4.1892,4.05,4.37,$ Per Bushel
2024-04-01,Corn,Wisconsin,,Truck,4.07,4.0,4.22,$ Per Bushel
2024-04-02,Corn,Illinois,,Truck,4.3564,4.085,4.545,$ Per Bushel
2024-04-02,Corn,Indiana,,Truck,4.3383,4.155,4.555,$ Per Bushel
2024-04-02,Corn,Iowa,,Truck,4.3955,4.145,4.505,$ Per Bushel
2024-04-02,Corn,Kansas,,Truck,4.73,4.555,4.905,$ Per Bushel
2024-04-02,Corn,Michigan,,Truck,3.9625,3.755,4.105,$ Per Bushel
2024-04-02,Corn,Minnesota,,Truck,4.2593,4.005,4.405,$ Per Bushel
2024-04-02,Corn,Missouri,,Truck,4.2825,4.175,4.355,$ Per Bushel
2024-04-02,Corn,Nebraska,,Truck,4.4421,4.305,4.555,$ Per Bushel
2024-04-02,Corn,Ohio,,Truck,4.2383,4.205,4.305,$ Per Bushel
2024-04-02,Corn,South Dakota,,Truck,4.1475,4.005,4.305,$ Per Bushel
2024-04-02,Corn,Wisconsin,,Truck,4.02,3.955,4.195,$ Per Bushel
2024-04-03,Corn,Illinois,,Truck,4.2664,3.995,4.455,$ Per Bushel
2024-04-03,Corn,Indiana,,Truck,4.2517,4.065,4.465,$ Per Bushel
2024-04-03,Corn,Iowa,,Truck,4.3825,4.315,4.445,$ Per Bushel
2024-04-03,Corn,Kansas,,Truck,4.64,4.465,4.815,$ Per Bushel
2024-04-03,Corn,Michigan,,Truck,3.8725,3.665,4.015,$ Per Bushel
2024-04-03,Corn,Minnesota,,Truck,4.1764,3.915,4.315,$ Per Bushel
2024-04-03,Corn,Missouri,,Truck,4.1925,4.085,4.265,$ Per Bushel
2024-04-03,Corn,Nebraska,,Truck,4.3629,4.235,4.465,$ Per Bushel
2024-04-03,Corn,Ohio,,Truck,4.1433,4.085,4.215,$ Per Bushel
2024-04-03,Corn,South Dakota,,Truck,4.0642,3.955,4.215,$ Per Bushel
2024-04-03,Corn,Wisconsin,,Truck,3.935,3.865,4.105,$ Per Bushel
2024-04-04,Corn,Illinois,,Truck,4.3189,4.0475,4.5075,$ Per Bushel
2024-04-04,Corn,Indiana,,Truck,4.3042,4.1175,4.5175,$ Per Bushel
2024-04-04,Corn,Iowa,,Truck,4.4525,4.3275,4.5975,$ Per Bushel
2024-04-04,Corn,Kansas,,Truck,4.6925,4.5175,4.8675,$ Per Bushel
2024-04-04,Corn,Michigan,,Truck,3.925,3.7175,4.0675,$ Per Bushel
2024-04-04,Corn,Minnesota,,Truck,4.2518,3.9675,4.3675,$ Per Bushel
2024-04-04,Corn,Missouri,,Truck,4.265,4.1775,4.3375,$ Per Bushel
2024-04-04,Corn,Nebraska,,Truck,4.4232,4.3175,4.5675,$ Per Bushel
2024-04-04,Corn,Ohio,,Truck,4.1958,4.1375,4.2675,$ Per Bushel
2024-04-04,Corn,South Dakota,,Truck,4.1258,4.0075,4.2975,$ Per Bushel
2024-04-04,Corn,Wisconsin,,Truck,3.995,3.9175,4.1575,$ Per Bushel
2024-04-05,Corn,Illinois,,Truck,4.3554,4.0825,4.5425,$ Per Bushel
2024-04-05,Corn,Indiana,,Truck,4.3414,4.1525,4.5525,$ Per Bushel
2024-04-05,Corn,Iowa,,Truck,4.4983,4.4025,4.6325,$ Per Bushel
2024-04-05,Corn,Kansas,,Truck,4.5525,4.2025,4.9025,$ Per Bushel
2024-04-05,Corn,Michigan,,Truck,3.96,3.7525,4.1025,$ Per Bushel
2024-04-05,Corn,Minnesota,,Truck,4.3025,4.0025,4.4825,$ Per Bushel
2024-04-05,Corn,Missouri,,Truck,4.3075,4.2425,4.3725,$ Per Bushel
2024-04-05,Corn,Nebraska,,Truck,4.4582,4.3525,4.6025,$ Per Bushel
2024-04-05,Corn,Ohio,,Truck,4.2308,4.1725,4.3025,$ Per Bushel
2024-04-05,Corn,South Dakota,,Truck,4.1625,4.0425,4.3325,$ Per Bushel
2024-04-05,Corn,Wisconsin,,Truck,4.0625,3.9525,4.1925,$ Per Bushel
2024-04-08,Corn,Illinois,,Truck,4.3511,4.0925,4.5425,$ Per Bushel
2024-04-08,Corn,Indiana,,Truck,4.3314,4.1425,4.5425,$ Per Bushel
2024-04-08,Corn,Iowa,,Truck,4.422,4.1925,4.5425,$ Per Bushel
2024-04-08,Corn,Kansas,,Truck,4.5425,4.1925,4.8925,$ Per Bushel
2024-04-08,Corn,Michigan,,Truck,3.95,3.7425,4.0925,$ Per Bushel
2024-04-08,Corn,Minnesota,,Truck,4.2925,3.9925,4.4725,$ Per Bushel
2024-04-08,Corn,Missouri,,Truck,4.2975,4.2325,4.3625,$ Per Bushel
2024-04-08,Corn,Nebraska,,Truck,4.4518,4.3425,4.5925,$ Per Bushel
2024-04-08,Corn,Ohio,,Truck,4.2292,4.1625,4.3425,$ Per Bushel
2024-04-08,Corn,South Dakota,,Truck,4.1567,4.0325,4.3225,$ Per Bushel
2024-04-08,Corn,Wisconsin,,Truck,4.0625,3.9425,4.2225,$ Per Bushel
2024-04-09,Corn,Illinois,,Truck,4.3636,4.105,4.555,$ Per Bushel
2024-04-09,Corn,Indiana,,Truck,4.3439,4.155,4.555,$ Per Bushel
2024-04-09,Corn,Iowa,,Truck,4.4509,4.205,4.555,$ Per Bushel
2024-04-09,Corn,Kansas,,Truck,4.5817,4.215,4.905,$ Per Bushel
2024-04-09,Corn,Michigan,,Truck,3.9625,3.755,4.105,$ Per Bushel
2024-04-09,Corn,Minnesota,,Truck,4.3136,4.005,4.485,$ Per Bushel
2024-04-09,Corn,Missouri,,Truck,4.315,4.245,4.375,$ Per Bushel
2024-04-09,Corn,Nebraska,,Truck,4.4757,4.355,4.605,$ Per Bushel
2024-04-09,Corn,Ohio,,Truck,4.2417,4.175,4.355,$ Per Bushel
2024-04-09,Corn,South Dakota,,Truck,4.1808,4.045,4.365,$ Per Bushel
2024-04-09,Corn,Wisconsin,,Truck,4.0825,3.955,4.235,$ Per Bushel
2024-04-10,Corn,Illinois,,Truck,4.3239,4.0625,4.5325,$ Per Bushel
2024-04-10,Corn,Indiana,,Truck,4.3014,4.1125,4.5125,$ Per Bushel
2024-04-10,Corn,Iowa,,Truck,4.4708,4.3625,4.5325,$ Per Bushel
2024-04-10,Corn,Kansas,,Truck,4.5392,4.1725,4.8625,$ Per Bushel
2024-04-10,Corn,Michigan,,Truck,3.9075,3.7125,4.0625,$ Per Bushel
2024-04-10,Corn,Minnesota,,Truck,4.2739,3.9625,4.4425,$ Per Bushel
2024-04-10,Corn,Missouri,,Truck,4.2725,4.2025,4.3325,$ Per Bushel
2024-04-10,Corn,Nebraska,,Truck,4.4411,4.3125,4.5625,$ Per Bushel
2024-04-10,Corn,Ohio,,Truck,4.1992,4.1325,4.3125,$ Per Bushel
2024-04-10,Corn,South Dakota,,Truck,4.1408,4.0025,4.3225,$ Per Bushel
2024-04-10,Corn,Wisconsin,,Truck,4.04,3.9125,4.1925,$ Per Bushel
2024-04-11,Corn,Illinois,,Truck,4.3511,4.0925,4.5425,$ Per Bushel
2024-04-11,Corn,Indiana,,Truck,4.3303,4.1425,4.5425,$ Per Bushel
2024-04-11,Corn,Iowa,,Truck,4.4525,4.2325,4.5925,$ Per Bushel
2024-04-11,Corn,Kansas,,Truck,4.5658,4.1925,4.8925,$ Per Bushel
2024-04-11,Corn,Michigan,,Truck,3.9375,3.7425,4.0925,$ Per Bushel
2024-04-11,Corn,Minnesota,,Truck,4.3039,3.9925,4.4725,$ Per Bushel
2024-04-11,Corn,Missouri,,Truck,4.3075,4.2325,4.3625,$ Per Bushel
2024-04-11,Corn,Nebraska,,Truck,4.4711,4.3425,4.5925,$ Per Bushel
2024-04-11,Corn,Ohio,,Truck,4.2292,4.1625,4.3425,$ Per Bushel
2024-04-11,Corn,South Dakota,,Truck,4.1775,4.0325,4.3825,$ Per Bushel
2024-04-11,Corn,Wisconsin,,Truck,4.1125,4.0225,4.2425,$ Per Bushel
2024-04-12,Corn,Illinois,,Truck,4.2989,4.0475,4.4775,$ Per Bushel
2024-04-12,Corn,Indiana,,Truck,4.2808,4.0875,4.4875,$ Per Bushel
2024-04-12,Corn,Iowa,,Truck,4.4143,4.2075,4.5375,$ Per Bushel
2024-04-12,Corn,Kansas,,Truck,4.5108,4.1375,4.8375,$ Per Bushel
2024-04-12,Corn,Michigan,,Truck,3.87,3.6875,4.0375,$ Per Bushel
2024-04-12,Corn,Minnesota,,Truck,4.2489,3.9375,4.4175,$ Per Bushel
2024-04-12,Corn,Missouri,,Truck,4.2525,4.1775,4.3075,$ Per Bushel
2024-04-12,Corn,Nebraska,,Truck,4.4161,4.2875,4.5375,$ Per Bushel
2024-04-12,Corn,Ohio,,Truck,4.1742,4.1075,4.2875,$ Per Bushel
2024-04-12,Corn,South Dakota,,Truck,4.1217,3.9775,4.3275,$ Per Bushel
2024-04-12,Corn,Wisconsin,,Truck,4.045,3.9675,4.1875,$ Per Bushel
2024-04-15,Corn,Illinois,,Truck,4.3664,4.115,4.545,$ Per Bushel
2024-04-15,Corn,Indiana,,Truck,4.3439,4.155,4.555,$ Per Bushel
2024-04-15,Corn,Iowa,,Truck,4.5425,4.475,4.605,$ Per Bushel
2024-04-15,Corn,Kansas,,Truck,4.5783,4.205,4.905,$ Per Bushel
2024-04-15,Corn,Michigan,,Truck,3.9375,3.755,4.105,$ Per Bushel
2024-04-15,Corn,Minnesota,,Truck,4.355,4.005,4.555,$ Per Bushel
2024-04-15,Corn,Missouri,,Truck,4.3225,4.255,4.375,$ Per Bushel
2024-04-15,Corn,Nebraska,,Truck,4.4871,4.355,4.655,$ Per Bushel
2024-04-15,Corn,Ohio,,Truck,4.2417,4.175,4.355,$ Per Bushel
2024-04-15,Corn,South Dakota,,Truck,4.2,4.105,4.405,$ Per Bushel
2024-04-15,Corn,Wisconsin,,Truck,4.105,4.005,4.255,$ Per Bushel
2024-04-16,Corn,Illinois,,Truck,4.3379,4.075,4.505,$ Per Bushel
2024-04-16,Corn,Indiana,,Truck,4.315,4.215,4.515,$ Per Bushel
2024-04-16,Corn,Iowa,,Truck,4.455,4.265,4.595,$ Per Bushel
2024-04-16,Corn,Kansas,,Truck,4.5417,4.175,4.865,$ Per Bushel
2024-04-16,Corn,Michigan,,Truck,3.8975,3.715,4.065,$ Per Bushel
2024-04-16,Corn,Minnesota,,Truck,4.3264,3.965,4.515,$ Per Bushel
2024-04-16,Corn,Missouri,,Truck,4.2875,4.215,4.335,$ Per Bushel
2024-04-16,Corn,Nebraska,,Truck,4.4543,4.315,4.615,$ Per Bushel
2024-04-16,Corn,Ohio,,Truck,4.2017,4.135,4.315,$ Per Bushel
2024-04-16,Corn,South Dakota,,Truck,4.1617,4.065,4.375,$ Per Bushel
2024-04-16,Corn,Wisconsin,,Truck,4.07,3.965,4.235,$ Per Bushel
2024-04-17,Corn,Illinois,,Truck,4.3314,4.07,4.5,$ Per Bushel
2024-04-17,Corn,Indiana,,Truck,4.31,4.21,4.51,$ Per Bushel
2024-04-17,Corn,Iowa,,Truck,4.4486,4.26,4.59,$ Per Bushel
2024-04-17,Corn,Kansas,,Truck,4.5367,4.17,4.86,$ Per Bushel
2024-04-17,Corn,Michigan,,Truck,3.8925,3.71,4.06,$ Per Bushel
2024-04-17,Corn,Minnesota,,Truck,4.3214,3.96,4.51,$ Per Bushel
2024-04-17,Corn,Missouri,,Truck,4.2825,4.21,4.33,$ Per Bushel
2024-04-17,Corn,Nebraska,,Truck,4.4586,4.31,4.61,$ Per Bushel
2024-04-17,Corn,Ohio,,Truck,4.2133,4.13,4.31,$ Per Bushel
2024-04-17,Corn,South Dakota,,Truck,4.1625,4.06,4.37,$ Per Bushel
2024-04-17,Corn,Wisconsin,,Truck,4.065,3.96,4.23,$ Per Bushel
2024-04-18,Corn,Illinois,,Truck,4.3239,4.0625,4.4925,$ Per Bushel
2024-04-18,Corn,Indiana,,Truck,4.3114,4.2025,4.5025,$ Per Bushel
2024-04-18,Corn,Iowa,,Truck,4.4992,4.4025,4.5625,$ Per Bushel
2024-04-18,Corn,Kansas,,Truck,4.5292,4.1625,4.8525,$ Per Bushel
2024-04-18,Corn,Michigan,,Truck,3.885,3.7025,4.0525,$ Per Bushel
2024-04-18,Corn,Minnesota,,Truck,4.3168,3.9525,4.5025,$ Per Bushel
2024-04-18,Corn,Missouri,,Truck,4.3025,4.2025,4.4025,$ Per Bushel
2024-04-18,Corn,Nebraska,,Truck,4.4575,4.3025,4.6025,$ Per Bushel
2024-04-18,Corn,Ohio,,Truck,4.2058,4.1225,4.3025,$ Per Bushel
2024-04-18,Corn,South Dakota,,Truck,4.1567,4.0525,4.3625,$ Per Bushel
2024-04-18,Corn,Wisconsin,,Truck,4.0575,3.9525,4.2225,$ Per Bushel
2024-04-19,Corn,Illinois,,Truck,4.2789,4.0275,4.4775,$ Per Bushel
2024-04-19,Corn,Indiana,,Truck,4.2653,4.1675,4.3675,$ Per Bushel
2024-04-19,Corn,Iowa,,Truck,4.4148,4.2175,4.5475,$ Per Bushel
2024-04-19,Corn,Kansas,,Truck,4.4942,4.1275,4.8175,$ Per Bushel
2024-04-19,Corn,Michigan,,Truck,3.85,3.6675,4.0175,$ Per Bushel
2024-04-19,Corn,Minnesota,,Truck,4.2889,3.9175,4.4675,$ Per Bushel
2024-04-19,Corn,Missouri,,Truck,4.2675,4.1675,4.3675,$ Per Bushel
2024-04-19,Corn,Nebraska,,Truck,4.4318,4.2875,4.5675,$ Per Bushel
2024-04-19,Corn,Ohio,,Truck,4.1708,4.0875,4.2675,$ Per Bushel
2024-04-19,Corn,South Dakota,,Truck,4.1242,4.0175,4.3275,$ Per Bushel
2024-04-19,Corn,Wisconsin,,Truck,4.0225,3.9175,4.1875,$ Per Bushel
2024-04-22,Corn,Illinois,,Truck,4.3479,4.095,4.555,$ Per Bushel
2024-04-22,Corn,Indiana,,Truck,4.3328,4.235,4.435,$ Per Bushel
2024-04-22,Corn,Iowa,,Truck,4.4895,4.325,4.615,$ Per Bushel
2024-04-22,Corn,Kansas,,Truck,4.5617,4.195,4.885,$ Per Bushel
2024-04-22,Corn,Michigan,,Truck,3.9175,3.735,4.085,$ Per Bushel
2024-04-22,Corn,Minnesota,,Truck,4.3564,3.985,4.535,$ Per Bushel
2024-04-22,Corn,Missouri,,Truck,4.34,4.255,4.435,$ Per Bushel
2024-04-22,Corn,Nebraska,,Truck,4.5121,4.385,4.685,$ Per Bushel
2024-04-22,Corn,Ohio,,Truck,4.2383,4.155,4.335,$ Per Bushel
2024-04-22,Corn,South Dakota,,Truck,4.1867,4.085,4.355,$ Per Bushel
2024-04-22,Corn,Wisconsin,,Truck,4.11,4.015,4.255,$ Per Bushel
2024-04-23,Corn,Illinois,,Truck,4.4104,4.1575,4.6175,$ Per Bushel
2024-04-23,Corn,Indiana,,Truck,4.3953,4.2975,4.4975,$ Per Bushel
2024-04-23,Corn,Iowa,,Truck,4.595,4.4975,4.6475,$ Per Bushel
2024-04-23,Corn,Kansas,,Truck,4.6242,4.2575,4.9475,$ Per Bushel
2024-04-23,Corn,Michigan,,Truck,3.9675,3.7975,4.1475,$ Per Bushel
2024-04-23,Corn,Minnesota,,Truck,4.4175,4.0475,4.5975,$ Per Bushel
2024-04-23,Corn,Missouri,,Truck,4.415,4.3175,4.4975,$ Per Bushel
2024-04-23,Corn,Nebraska,,Truck,4.5746,4.4475,4.7475,$ Per Bushel
2024-04-23,Corn,Ohio,,Truck,4.2975,4.2175,4.3975,$ Per Bushel
2024-04-23,Corn,South Dakota,,Truck,4.2417,4.1475,4.4175,$ Per Bushel
2024-04-23,Corn,Wisconsin,,Truck,4.1725,4.0775,4.3175,$ Per Bushel
2024-04-24,Corn,Illinois,,Truck,4.4443,4.19,4.66,$ Per Bushel
2024-04-24,Corn,Indiana,,Truck,4.4278,4.33,4.53,$ Per Bushel
2024-04-24,Corn,Iowa,,Truck,4.5741,4.42,4.71,$ Per Bushel
2024-04-24,Corn,Kansas,,Truck,4.6567,4.29,4.98,$ Per Bushel
2024-04-24,Corn,Michigan,,Truck,4.0,3.83,4.18,$ Per Bushel
2024-04-24,Corn,Minnesota,,Truck,4.4571,4.08,4.68,$ Per Bushel
2024-04-24,Corn,Missouri,,Truck,4.43,4.35,4.53,$ Per Bushel
2024-04-24,Corn,Nebraska,,Truck,4.6,4.43,4.78,$ Per Bushel
2024-04-24,Corn,Ohio,,Truck,4.33,4.25,4.43,$ Per Bushel
2024-04-24,Corn,South Dakota,,Truck,4.2725,4.16,4.45,$ Per Bushel
2024-04-24,Corn,Wisconsin,,Truck,4.205,4.11,4.35,$ Per Bushel
2024-04-25,Corn,Illinois,,Truck,4.3975,4.1775,4.6075,$ Per Bushel
2024-04-25,Corn,Indiana,,Truck,4.3808,4.2775,4.4775,$ Per Bushel
2024-04-25,Corn,Iowa,,Truck,4.5225,4.3775,4.6575,$ Per Bushel
2024-04-25,Corn,Kansas,,Truck,4.6208,4.2375,4.9275,$ Per Bushel
2024-04-25,Corn,Michigan,,Truck,3.9475,3.7775,4.1275,$ Per Bushel
2024-04-25,Corn,Minnesota,,Truck,4.3975,4.0275,4.6275,$ Per Bushel
2024-04-25,Corn,Missouri,,Truck,4.3775,4.2975,4.4775,$ Per Bushel
2024-04-25,Corn,Nebraska,,Truck,4.5382,4.3675,4.7275,$ Per Bushel
2024-04-25,Corn,Ohio,,Truck,4.2775,4.1975,4.3775,$ Per Bushel
2024-04-25,Corn,South Dakota,,Truck,4.2167,4.1075,4.3975,$ Per Bushel
2024-04-25,Corn,Wisconsin,,Truck,4.1525,4.0575,4.2975,$ Per Bushel
2024-04-26,Corn,Illinois,,Truck,4.4329,4.21,4.66,$ Per Bushel
2024-04-26,Corn,Indiana,,Truck,4.4311,4.31,4.67,$ Per Bushel
2024-04-26,Corn,Iowa,,Truck,4.615,4.51,4.75,$ Per Bushel
2024-04-26,Corn,Kansas,,Truck,4.6533,4.27,4.96,$ Per Bushel
2024-04-26,Corn,Michigan,,Truck,3.9725,3.81,4.16,$ Per Bushel
2024-04-26,Corn,Minnesota,,Truck,4.43,4.06,4.66,$ Per Bushel
2024-04-26,Corn,Missouri,,Truck,4.4325,4.31,4.51,$ Per Bushel
2024-04-26,Corn,Nebraska,,Truck,4.5693,4.4,4.76,$ Per Bushel
2024-04-26,Corn,Ohio,,Truck,4.31,4.23,4.41,$ Per Bushel
2024-04-26,Corn,South Dakota,,Truck,4.2483,4.13,4.43,$ Per Bushel
2024-04-26,Corn,Wisconsin,,Truck,4.185,4.09,4.33,$ Per Bushel
2024-04-29,Corn,Illinois,,Truck,4.46,4.2,4.65,$ Per Bushel
2024-04-29,Corn,Indiana,,Truck,4.4244,4.35,4.65,$ Per Bushel
2024-04-29,Corn,Iowa,,Truck,4.5586,4.37,4.66,$ Per Bushel
2024-04-29,Corn,Kansas,,Truck,4.6433,4.26,4.95,$ Per Bushel
2024-04-29,Corn,Michigan,,Truck,3.9625,3.8,4.15,$ Per Bushel
2024-04-29,Corn,Minnesota,,Truck,4.4271,4.05,4.7,$ Per Bushel
2024-04-29,Corn,Missouri,,Truck,4.42,4.3,4.5,$ Per Bushel
2024-04-29,Corn,Nebraska,,Truck,4.5664,4.4,4.75,$ Per Bushel
2024-04-29,Corn,Ohio,,Truck,4.3,4.22,4.4,$ Per Bushel
2024-04-29,Corn,South Dakota,,Truck,4.2358,4.12,4.42,$ Per Bushel
2024-04-29,Corn,Wisconsin,,Truck,4.175,4.08,4.32,$ Per Bushel
2024-04-30,Corn,Illinois,,Truck,4.4511,4.1925,4.6425,$ Per Bushel
2024-04-30,Corn,Indiana,,Truck,4.4458,4.3425,4.6425,$ Per Bushel
2024-04-30,Corn,Iowa,,Truck,4.5461,4.3625,4.6525,$ Per Bushel
2024-04-30,Corn,Kansas,,Truck,4.6358,4.2525,4.9425,$ Per Bushel
2024-04-30,Corn,Michigan,,Truck,3.9592,3.7925,4.1425,$ Per Bushel
2024-04-30,Corn,Minnesota,,Truck,4.4168,4.0425,4.6925,$ Per Bushel
2024-04-30,Corn,Missouri,,Truck,4.425,4.2725,4.5425,$ Per Bushel
2024-04-30,Corn,Nebraska,,Truck,4.5838,4.3925,4.7925,$ Per Bushel
2024-04-30,Corn,Ohio,,Truck,4.3258,4.2125,4.4425,$ Per Bushel
2024-04-30,Corn,South Dakota,,Truck,4.2194,4.0825,4.4225,$ Per Bushel
2024-04-30,Corn,Wisconsin,,Truck,4.205,4.1325,4.3525,$ Per Bushel
2024-05-01,Corn,Illinois,,Truck,4.4421,4.1675,4.6475,$ Per Bushel
2024-05-01,Corn,Indiana,,Truck,4.4283,4.3175,4.6175,$ Per Bushel
2024-05-01,Corn,Iowa,,Truck,4.5266,4.3375,4.6275,$ Per Bushel
2024-05-01,Corn,Kansas,,Truck,4.8713,4.7475,4.995,$ Per Bushel
2024-05-01,Corn,Michigan,,Truck,3.9433,3.795,4.1175,$ Per Bushel
2024-05-01,Corn,Minnesota,,Truck,4.3875,4.0175,4.6675,$ Per Bushel
2024-05-01,Corn,Missouri,,Truck,4.4069,4.275,4.5175,$ Per Bushel
2024-05-01,Corn,Nebraska,,Truck,4.5665,4.3675,4.7675,$ Per Bushel
2024-05-01,Corn,Ohio,,Truck,4.3229,4.215,4.4175,$ Per Bushel
2024-05-01,Corn,South Dakota,,Truck,4.2083,4.0575,4.4275,$ Per Bushel
2024-05-01,Corn,Wisconsin,,Truck,4.2394,4.0875,4.3875,$ Per Bushel
2024-05-02,Corn,Illinois,,Truck,4.4789,4.2075,4.6875,$ Per Bushel
2024-05-02,Corn,Indiana,,Truck,4.4742,4.3575,4.6575,$ Per Bushel
2024-05-02,Corn,Iowa,,Truck,4.5684,4.3775,4.6675,$ Per Bushel
2024-05-02,Corn,Kansas,,Truck,4.91,4.7875,5.0325,$ Per Bushel
2024-05-02,Corn,Michigan,,Truck,4.0575,3.9575,4.1575,$ Per Bushel
2024-05-02,Corn,Minnesota,,Truck,4.4318,4.0775,4.7075,$ Per Bushel
2024-05-02,Corn,Missouri,,Truck,4.4475,4.3175,4.5575,$ Per Bushel
2024-05-02,Corn,Nebraska,,Truck,4.6282,4.4575,4.8575,$ Per Bushel
2024-05-02,Corn,Ohio,,Truck,4.3725,4.2575,4.4575,$ Per Bushel
2024-05-02,Corn,South Dakota,,Truck,4.2413,4.1275,4.4675,$ Per Bushel
2024-05-02,Corn,Wisconsin,,Truck,4.2575,4.1275,4.3575,$ Per Bushel
2024-05-03,Corn,Illinois,,Truck,4.5818,4.3375,4.7875,$ Per Bushel
2024-05-03,Corn,Indiana,,Truck,4.5586,4.4475,4.7475,$ Per Bushel
2024-05-03,Corn,Iowa,,Truck,4.6667,4.5975,4.7475,$ Per Bushel
2024-05-03,Corn,Kansas,,Truck,5.0375,4.8775,5.1975,$ Per Bushel
2024-05-03,Corn,Michigan,,Truck,4.1475,4.0475,4.2475,$ Per Bushel
2024-05-03,Corn,Minnesota,,Truck,4.5146,4.1675,4.7975,$ Per Bushel
2024-05-03,Corn,Missouri,,Truck,4.5125,4.3575,4.6475,$ Per Bushel
2024-05-03,Corn,Nebraska,,Truck,4.7015,4.4975,4.9475,$ Per Bushel
2024-05-03,Corn,Ohio,,Truck,4.4625,4.3475,4.5475,$ Per Bushel
2024-05-03,Corn,South Dakota,,Truck,4.3298,4.2175,4.5575,$ Per Bushel
2024-05-03,Corn,Wisconsin,,Truck,4.3475,4.2175,4.4475,$ Per Bushel
2024-05-06,Corn,Illinois,,Truck,4.5811,4.3425,4.7925,$ Per Bushel
2024-05-06,Corn,Indiana,,Truck,4.5603,4.4525,4.7225,$ Per Bushel
2024-05-06,Corn,Iowa,,Truck,4.6311,4.4425,4.7325,$ Per Bushel
2024-05-06,Corn,Kansas,,Truck,5.0425,4.8825,5.2025,$ Per Bushel
2024-05-06,Corn,Michigan,,Truck,4.1692,4.0525,4.2525,$ Per Bushel
2024-05-06,Corn,Minnesota,,Truck,4.4911,4.1725,4.8025,$ Per Bushel
2024-05-06,Corn,Missouri,,Truck,4.4675,4.3525,4.5525,$ Per Bushel
2024-05-06,Corn,Nebraska,,Truck,4.7005,4.5025,4.9525,$ Per Bushel
2024-05-06,Corn,Ohio,,Truck,4.4675,4.3525,4.5525,$ Per Bushel
2024-05-06,Corn,South Dakota,,Truck,4.3279,4.2225,4.5625,$ Per Bushel
2024-05-06,Corn,Wisconsin,,Truck,4.345,4.2225,4.4225,$ Per Bushel
2024-05-07,Corn,Illinois,,Truck,4.6671,4.43,4.88,$ Per Bushel
2024-05-07,Corn,Indiana,,Truck,4.6478,4.54,4.81,$ Per Bushel
2024-05-07,Corn,Iowa,,Truck,4.71,4.66,4.77,$ Per Bushel
2024-05-07,Corn,Kansas,,Truck,5.13,4.97,5.29,$ Per Bushel
2024-05-07,Corn,Michigan,,Truck,4.2567,4.14,4.34,$ Per Bushel
2024-05-07,Corn,Minnesota,,Truck,4.5614,4.24,4.89,$ Per Bushel
2024-05-07,Corn,Missouri,,Truck,4.535,4.42,4.64,$ Per Bushel
2024-05-07,Corn,Nebraska,,Truck,4.7747,4.59,5.04,$ Per Bushel
2024-05-07,Corn,Ohio,,Truck,4.5483,4.44,4.64,$ Per Bushel
2024-05-07,Corn,South Dakota,,Truck,4.4069,4.31,4.65,$ Per Bushel
2024-05-07,Corn,Wisconsin,,Truck,4.4325,4.31,4.51,$ Per Bushel
2024-05-08,Corn,Illinois,,Truck,4.6414,4.41,4.82,$ Per Bushel
2024-05-08,Corn,Indiana,,Truck,4.6233,4.52,4.77,$ Per Bushel
2024-05-08,Corn,Iowa,,Truck,4.6664,4.48,4.77,$ Per Bushel
2024-05-08,Corn,Kansas,,Truck,5.06,4.95,5.17,$ Per Bushel
2024-05-08,Corn,Michigan,,Truck,4.2367,4.12,4.32,$ Per Bushel
2024-05-08,Corn,Minnesota,,Truck,4.5414,4.22,4.87,$ Per Bushel
2024-05-08,Corn,Missouri,,Truck,4.51,4.38,4.62,$ Per Bushel
2024-05-08,Corn,Nebraska,,Truck,4.7507,4.57,5.02,$ Per Bushel
2024-05-08,Corn,Ohio,,Truck,4.5283,4.42,4.62,$ Per Bushel
2024-05-08,Corn,South Dakota,,Truck,4.3715,4.27,4.61,$ Per Bushel
2024-05-08,Corn,Wisconsin,,Truck,4.4125,4.29,4.49,$ Per Bushel
2024-05-09,Corn,Illinois,,Truck,4.5564,4.325,4.735,$ Per Bushel
2024-05-09,Corn,Indiana,,Truck,4.5383,4.435,4.685,$ Per Bushel
2024-05-09,Corn,Iowa,,Truck,4.5823,4.395,4.685,$ Per Bushel
2024-05-09,Corn,Kansas,,Truck,4.975,4.865,5.085,$ Per Bushel
2024-05-09,Corn,Michigan,,Truck,4.1517,4.035,4.235,$ Per Bushel
2024-05-09,Corn,Minnesota,,Truck,4.4521,4.135,4.785,$ Per Bushel
2024-05-09,Corn,Missouri,,Truck,4.425,4.295,4.535,$ Per Bushel
2024-05-09,Corn,Nebraska,,Truck,4.661,4.485,4.935,$ Per Bushel
2024-05-09,Corn,Ohio,,Truck,4.435,4.335,4.535,$ Per Bushel
2024-05-09,Corn,South Dakota,,Truck,4.2835,4.165,4.525,$ Per Bushel
2024-05-09,Corn,Wisconsin,,Truck,4.3275,4.205,4.405,$ Per Bushel
2024-05-10,Corn,Illinois,,Truck,4.5336,4.305,4.695,$ Per Bushel
2024-05-10,Corn,Indiana,,Truck,4.5161,4.415,4.665,$ Per Bushel
2024-05-10,Corn,Iowa,,Truck,4.5668,4.415,4.665,$ Per Bushel
2024-05-10,Corn,Kansas,,Truck,4.955,4.845,5.065,$ Per Bushel
2024-05-10,Corn,Michigan,,Truck,4.1317,4.015,4.215,$ Per Bushel
2024-05-10,Corn,Minnesota,,Truck,4.4107,4.115,4.615,$ Per Bushel
2024-05-10,Corn,Missouri,,Truck,4.39,4.265,4.515,$ Per Bushel
2024-05-10,Corn,Nebraska,,Truck,4.6383,4.465,4.915,$ Per Bushel
2024-05-10,Corn,Ohio,,Truck,4.4067,4.265,4.515,$ Per Bushel
2024-05-10,Corn,South Dakota,,Truck,4.2604,4.145,4.505,$ Per Bushel
2024-05-10,Corn,Wisconsin,,Truck,4.3025,4.185,4.385,$ Per Bushel
2024-05-13,Corn,Illinois,,Truck,4.6589,4.4375,4.8075,$ Per Bushel
2024-05-13,Corn,Indiana,,Truck,4.6431,4.5475,4.7975,$ Per Bushel
2024-05-13,Corn,Iowa,,Truck,4.705,4.6175,4.7975,$ Per Bushel
2024-05-13,Corn,Kansas,,Truck,5.0575,4.9175,5.1975,$ Per Bushel
2024-05-13,Corn,Michigan,,Truck,4.2642,4.1475,4.3475,$ Per Bushel
2024-05-13,Corn,Minnesota,,Truck,4.5346,4.2475,4.7475,$ Per Bushel
2024-05-13,Corn,Missouri,,Truck,4.51,4.3475,4.6475,$ Per Bushel
2024-05-13,Corn,Nebraska,,Truck,4.7708,4.5975,5.0475,$ Per Bushel
2024-05-13,Corn,Ohio,,Truck,4.5192,4.3975,4.5975,$ Per Bushel
2024-05-13,Corn,South Dakota,,Truck,4.3913,4.2775,4.6375,$ Per Bushel
2024-05-13,Corn,Wisconsin,,Truck,4.4225,4.2975,4.5175,$ Per Bushel
2024-05-14,Corn,Illinois,,Truck,4.6793,4.465,4.835,$ Per Bushel
2024-05-14,Corn,Indiana,,Truck,4.665,4.575,4.825,$ Per Bushel
2024-05-14,Corn,Iowa,,Truck,4.7314,4.575,4.835,$ Per Bushel
2024-05-14,Corn,Kansas,,Truck,5.085,4.945,5.225,$ Per Bushel
2024-05-14,Corn,Michigan,,Truck,4.2917,4.175,4.375,$ Per Bushel
2024-05-14,Corn,Minnesota,,Truck,4.5621,4.275,4.775,$ Per Bushel
2024-05-14,Corn,Missouri,,Truck,4.525,4.375,4.625,$ Per Bushel
2024-05-14,Corn,Nebraska,,Truck,4.7977,4.625,5.075,$ Per Bushel
2024-05-14,Corn,Ohio,,Truck,4.5467,4.425,4.625,$ Per Bushel
2024-05-14,Corn,South Dakota,,Truck,4.4142,4.305,4.665,$ Per Bushel
2024-05-14,Corn,Wisconsin,,Truck,4.45,4.325,4.545,$ Per Bushel
2024-05-15,Corn,Illinois,,Truck,4.6321,4.415,4.785,$ Per Bushel
2024-05-15,Corn,Indiana,,Truck,4.615,4.525,4.775,$ Per Bushel
2024-05-15,Corn,Iowa,,Truck,4.6841,4.525,4.805,$ Per Bushel
2024-05-15,Corn,Kansas,,Truck,5.035,4.895,5.175,$ Per Bushel
2024-05-15,Corn,Michigan,,Truck,4.2417,4.125,4.325,$ Per Bushel
2024-05-15,Corn,Minnesota,,Truck,4.5121,4.225,4.725,$ Per Bushel
2024-05-15,Corn,Missouri,,Truck,4.475,4.325,4.575,$ Per Bushel
2024-05-15,Corn,Nebraska,,Truck,4.7483,4.575,5.025,$ Per Bushel
2024-05-15,Corn,Ohio,,Truck,4.4967,4.375,4.575,$ Per Bushel
2024-05-15,Corn,South Dakota,,Truck,4.3619,4.255,4.615,$ Per Bushel
2024-05-15,Corn,Wisconsin,,Truck,4.4,4.275,4.495,$ Per Bushel
2024-05-16,Corn,Illinois,,Truck,4.5807,4.365,4.735,$ Per Bushel
2024-05-16,Corn,Indiana,,Truck,4.5617,4.475,4.725,$ Per Bushel
2024-05-16,Corn,Iowa,,Truck,4.6332,4.475,4.745,$ Per Bushel
2024-05-16,Corn,Kansas,,Truck,4.985,4.845,5.125,$ Per Bushel
2024-05-16,Corn,Michigan,,Truck,4.1917,4.075,4.275,$ Per Bushel
2024-05-16,Corn,Minnesota,,Truck,4.4593,4.175,4.655,$ Per Bushel
2024-05-16,Corn,Missouri,,Truck,4.42,4.275,4.525,$ Per Bushel
2024-05-16,Corn,Nebraska,,Truck,4.6997,4.525,4.975,$ Per Bushel
2024-05-16,Corn,Ohio,,Truck,4.4433,4.325,4.525,$ Per Bushel
2024-05-16,Corn,South Dakota,,Truck,4.3142,4.205,4.565,$ Per Bushel
2024-05-16,Corn,Wisconsin,,Truck,4.35,4.225,4.445,$ Per Bushel
2024-05-17,Corn,Illinois,,Truck,4.53,4.31,4.68,$ Per Bushel
2024-05-17,Corn,Indiana,,Truck,4.5044,4.42,4.67,$ Per Bushel
2024-05-17,Corn,Iowa,,Truck,4.5617,4.48,4.63,$ Per Bushel
2024-05-17,Corn,Kansas,,Truck,4.93,4.79,5.07,$ Per Bushel
2024-05-17,Corn,Michigan,,Truck,4.1367,4.02,4.22,$ Per Bushel
2024-05-17,Corn,Minnesota,,Truck,4.4086,4.12,4.6,$ Per Bushel
2024-05-17,Corn,Missouri,,Truck,4.3575,4.22,4.47,$ Per Bushel
2024-05-17,Corn,Nebraska,,Truck,4.6473,4.47,4.92,$ Per Bushel
2024-05-17,Corn,Ohio,,Truck,4.3883,4.27,4.47,$ Per Bushel
2024-05-17,Corn,South Dakota,,Truck,4.2592,4.15,4.51,$ Per Bushel
2024-05-17,Corn,Wisconsin,,Truck,4.295,4.17,4.39,$ Per Bushel
2024-05-20,Corn,Illinois,,Truck,4.485,4.265,4.635,$ Per Bushel
2024-05-20,Corn,Indiana,,Truck,4.4472,4.345,4.575,$ Per Bushel
2024-05-20,Corn,Iowa,,Truck,4.5142,4.435,4.585,$ Per Bushel
2024-05-20,Corn,Kansas,,Truck,4.885,4.745,5.025,$ Per Bushel
2024-05-20,Corn,Michigan,,Truck,4.0917,3.975,4.175,$ Per Bushel
2024-05-20,Corn,Minnesota,,Truck,4.3636,4.075,4.555,$ Per Bushel
2024-05-20,Corn,Missouri,,Truck,4.325,4.225,4.425,$ Per Bushel
2024-05-20,Corn,Nebraska,,Truck,4.6023,4.425,4.875,$ Per Bushel
2024-05-20,Corn,Ohio,,Truck,4.3433,4.225,4.425,$ Per Bushel
2024-05-20,Corn,South Dakota,,Truck,4.2188,4.105,4.465,$ Per Bushel
2024-05-20,Corn,Wisconsin,,Truck,4.25,4.125,4.345,$ Per Bushel
2024-05-21,Corn,Illinois,,Truck,4.5636,4.345,4.715,$ Per Bushel
2024-05-21,Corn,Indiana,,Truck,4.5306,4.455,4.655,$ Per Bushel
2024-05-21,Corn,Iowa,,Truck,4.6225,4.515,4.705,$ Per Bushel
2024-05-21,Corn,Kansas,,Truck,5.1017,4.825,5.375,$ Per Bushel
2024-05-21,Corn,Michigan,,Truck,4.1717,4.055,4.255,$ Per Bushel
2024-05-21,Corn,Minnesota,,Truck,4.4436,4.155,4.635,$ Per Bushel
2024-05-21,Corn,Missouri,,Truck,4.405,4.305,4.505,$ Per Bushel
2024-05-21,Corn,Nebraska,,Truck,4.687,4.505,4.955,$ Per Bushel
2024-05-21,Corn,Ohio,,Truck,4.4233,4.305,4.505,$ Per Bushel
2024-05-21,Corn,South Dakota,,Truck,4.3004,4.205,4.545,$ Per Bushel
2024-05-21,Corn,Wisconsin,,Truck,4.33,4.205,4.425,$ Per Bushel
2024-05-22,Corn,Illinois,,Truck,4.5443,4.32,4.72,$ Per Bushel
2024-05-22,Corn,Indiana,,Truck,4.5056,4.43,4.66,$ Per Bushel
2024-05-22,Corn,Iowa,,Truck,4.6268,4.43,4.81,$ Per Bushel
2024-05-22,Corn,Kansas,,Truck,5.0767,4.8,5.35,$ Per Bushel
2024-05-22,Corn,Michigan,,Truck,4.1467,4.03,4.23,$ Per Bushel
2024-05-22,Corn,Minnesota,,Truck,4.4314,4.13,4.61,$ Per Bushel
2024-05-22,Corn,Missouri,,Truck,4.3925,4.28,4.48,$ Per Bushel
2024-05-22,Corn,Nebraska,,Truck,4.672,4.48,4.93,$ Per Bushel
2024-05-22,Corn,Ohio,,Truck,4.4067,4.28,4.48,$ Per Bushel
2024-05-22,Corn,South Dakota,,Truck,4.2846,4.18,4.56,$ Per Bushel
2024-05-22,Corn,Wisconsin,,Truck,4.305,4.18,4.4,$ Per Bushel
2024-05-23,Corn,Illinois,,Truck,4.5854,4.3525,4.7525,$ Per Bushel
2024-05-23,Corn,Indiana,,Truck,4.5403,4.4125,4.6925,$ Per Bushel
2024-05-23,Corn,Iowa,,Truck,4.6689,4.4625,4.8625,$ Per Bushel
2024-05-23,Corn,Kansas,,Truck,5.1025,4.8125,5.3825,$ Per Bushel
2024-05-23,Corn,Michigan,,Truck,4.1792,4.0625,4.2625,$ Per Bushel
2024-05-23,Corn,Minnesota,,Truck,4.4711,4.1825,4.6425,$ Per Bushel
2024-05-23,Corn,Missouri,,Truck,4.4375,4.3625,4.5125,$ Per Bushel
2024-05-23,Corn,Nebraska,,Truck,4.7185,4.5325,4.9625,$ Per Bushel
2024-05-23,Corn,Ohio,,Truck,4.4392,4.3125,4.5125,$ Per Bushel
2024-05-23,Corn,South Dakota,,Truck,4.3156,4.2125,4.6125,$ Per Bushel
2024-05-23,Corn,Wisconsin,,Truck,4.3375,4.2125,4.4325,$ Per Bushel
2024-05-24,Corn,Illinois,,Truck,4.6143,4.39,4.78,$ Per Bushel
2024-05-24,Corn,Indiana,,Truck,4.5733,4.46,4.72,$ Per Bushel
2024-05-24,Corn,Iowa,,Truck,4.71,4.49,4.89,$ Per Bushel
2024-05-24,Corn,Kansas,,Truck,5.13,4.84,5.41,$ Per Bushel
2024-05-24,Corn,Michigan,,Truck,4.2067,4.09,4.29,$ Per Bushel
2024-05-24,Corn,Minnesota,,Truck,4.5086,4.21,4.74,$ Per Bushel
2024-05-24,Corn,Missouri,,Truck,4.4775,4.39,4.54,$ Per Bushel
2024-05-24,Corn,Nebraska,,Truck,4.754,4.56,4.99,$ Per Bushel
2024-05-24,Corn,Ohio,,Truck,4.4667,4.34,4.54,$ Per Bushel
2024-05-24,Corn,South Dakota,,Truck,4.3431,4.24,4.64,$ Per Bushel
2024-05-24,Corn,Wisconsin,,Truck,4.365,4.24,4.46,$ Per Bushel
2024-05-28,Corn,Illinois,,Truck,4.6246,4.3975,4.7975,$ Per Bushel
2024-05-28,Corn,Indiana,,Truck,4.5886,4.4675,4.7975,$ Per Bushel
2024-05-28,Corn,Iowa,,Truck,4.6883,4.6175,4.7675,$ Per Bushel
2024-05-28,Corn,Kansas,,Truck,5.1475,4.8475,5.4475,$ Per Bushel
2024-05-28,Corn,Michigan,,Truck,4.2308,4.0975,4.3475,$ Per Bushel
2024-05-28,Corn,Minnesota,,Truck,4.5161,4.2175,4.7475,$ Per Bushel
2024-05-28,Corn,Missouri,,Truck,4.485,4.3975,4.5475,$ Per Bushel
2024-05-28,Corn,Nebraska,,Truck,4.7615,4.5675,4.9975,$ Per Bushel
2024-05-28,Corn,Ohio,,Truck,4.4808,4.3475,4.5475,$ Per Bushel
2024-05-28,Corn,South Dakota,,Truck,4.3513,4.2475,4.6575,$ Per Bushel
2024-05-28,Corn,Wisconsin,,Truck,4.3725,4.2475,4.4675,$ Per Bushel
2024-05-29,Corn,Illinois,,Truck,4.6021,4.375,4.775,$ Per Bushel
2024-05-29,Corn,Indiana,,Truck,4.5606,4.445,4.775,$ Per Bushel
2024-05-29,Corn,Iowa,,Truck,4.7041,4.475,4.875,$ Per Bushel
2024-05-29,Corn,Kansas,,Truck,5.1625,4.825,5.425,$ Per Bushel
2024-05-29,Corn,Michigan,,Truck,4.2083,4.075,4.325,$ Per Bushel
2024-05-29,Corn,Minnesota,,Truck,4.4964,4.195,4.725,$ Per Bushel
2024-05-29,Corn,Missouri,,Truck,4.4625,4.375,4.525,$ Per Bushel
2024-05-29,Corn,Nebraska,,Truck,4.7497,4.545,4.975,$ Per Bushel
2024-05-29,Corn,Ohio,,Truck,4.4583,4.325,4.525,$ Per Bushel
2024-05-29,Corn,South Dakota,,Truck,4.3381,4.225,4.665,$ Per Bushel
2024-05-29,Corn,Wisconsin,,Truck,4.35,4.225,4.445,$ Per Bushel
2024-05-30,Corn,Illinois,,Truck,4.5296,4.3025,4.7025,$ Per Bushel
2024-05-30,Corn,Indiana,,Truck,4.4858,4.3825,4.6725,$ Per Bushel
2024-05-30,Corn,Iowa,,Truck,4.6443,4.4025,4.8125,$ Per Bushel
2024-05-30,Corn,Kansas,,Truck,5.09,4.7525,5.3525,$ Per Bushel
2024-05-30,Corn,Michigan,,Truck,4.1358,4.0025,4.2525,$ Per Bushel
2024-05-30,Corn,Minnesota,,Truck,4.4239,4.1225,4.6525,$ Per Bushel
2024-05-30,Corn,Missouri,,Truck,4.41,4.3325,4.5025,$ Per Bushel
2024-05-30,Corn,Nebraska,,Truck,4.6772,4.4725,4.9025,$ Per Bushel
2024-05-30,Corn,Ohio,,Truck,4.4025,4.3025,4.5025,$ Per Bushel
2024-05-30,Corn,South Dakota,,Truck,4.2671,4.1525,4.6025,$ Per Bushel
2024-05-30,Corn,Wisconsin,,Truck,4.2775,4.1525,4.3725,$ Per Bushel
2024-05-31,Corn,Illinois,,Truck,4.4761,4.2375,4.6975,$ Per Bushel
2024-05-31,Corn,Indiana,,Truck,4.4131,4.3175,4.5875,$ Per Bushel
2024-05-31,Corn,Iowa,,Truck,4.583,4.3375,4.7475,$ Per Bushel
2024-05-31,Corn,Kansas,,Truck,5.025,4.6875,5.2875,$ Per Bushel
2024-05-31,Corn,Michigan,,Truck,4.0708,3.9375,4.1875,$ Per Bushel
2024-05-31,Corn,Minnesota,,Truck,4.3589,4.0575,4.5875,$ Per Bushel
2024-05-31,Corn,Missouri,,Truck,4.37,4.2875,4.4375,$ Per Bushel
2024-05-31,Corn,Nebraska,,Truck,4.6222,4.4075,4.8375,$ Per Bushel
2024-05-31,Corn,Ohio,,Truck,4.3292,4.2375,4.4375,$ Per Bushel
2024-05-31,Corn,South Dakota,,Truck,4.2083,4.0875,4.5675,$ Per Bushel
2024-05-31,Corn,Wisconsin,,Truck,4.225,4.0875,4.3175,$ Per Bushel
2024-06-03,Corn,Illinois,,Truck,4.4568,4.2125,4.7025,$ Per Bushel
2024-06-03,Corn,Indiana,,Truck,4.3881,4.3125,4.5625,$ Per Bushel
2024-06-03,Corn,Iowa,,Truck,4.5242,4.4325,4.7125,$ Per Bushel
2024-06-03,Corn,Kansas,,Truck,5.0,4.6625,5.2625,$ Per Bushel
2024-06-03,Corn,Michigan,,Truck,4.0125,3.9125,4.1625,$ Per Bushel
2024-06-03,Corn,Minnesota,,Truck,4.3354,4.0325,4.5625,$ Per Bushel
2024-06-03,Corn,Missouri,,Truck,4.345,4.2625,4.4125,$ Per Bushel
2024-06-03,Corn,Nebraska,,Truck,4.6145,4.4125,4.8125,$ Per Bushel
2024-06-03,Corn,Ohio,,Truck,4.2992,4.2125,4.4125,$ Per Bushel
2024-06-03,Corn,South Dakota,,Truck,4.1879,4.0625,4.5425,$ Per Bushel
2024-06-03,Corn,Wisconsin,,Truck,4.2,4.0625,4.2925,$ Per Bushel
2024-06-04,Corn,Illinois,,Truck,4.4479,4.185,4.685,$ Per Bushel
2024-06-04,Corn,Indiana,,Truck,4.3639,4.285,4.565,$ Per Bushel
2024-06-04,Corn,Iowa,,Truck,4.5158,4.415,4.585,$ Per Bushel
2024-06-04,Corn,Kansas,,Truck,4.9883,4.695,5.235,$ Per Bushel
2024-06-04,Corn,Michigan,,Truck,4.0225,3.885,4.135,$ Per Bushel
2024-06-04,Corn,Minnesota,,Truck,4.325,4.055,4.535,$ Per Bushel
2024-06-04,Corn,Missouri,,Truck,4.3725,4.285,4.435,$ Per Bushel
2024-06-04,Corn,Nebraska,,Truck,4.6223,4.385,4.985,$ Per Bushel
2024-06-04,Corn,Ohio,,Truck,4.265,4.135,4.385,$ Per Bushel
2024-06-04,Corn,South Dakota,,Truck,4.1827,4.035,4.535,$ Per Bushel
2024-06-04,Corn,Wisconsin,,Truck,4.1975,4.065,4.285,$ Per Bushel
2024-06-05,Corn,Illinois,,Truck,4.4607,4.195,4.675,$ Per Bushel
2024-06-05,Corn,Indiana,,Truck,4.355,4.275,4.555,$ Per Bushel
2024-06-05,Corn,Iowa,,Truck,4.5367,4.405,4.675,$ Per Bushel
2024-06-05,Corn,Kansas,,Truck,4.9783,4.685,5.225,$ Per Bushel
2024-06-05,Corn,Michigan,,Truck,4.0125,3.875,4.125,$ Per Bushel
2024-06-05,Corn,Minnesota,,Truck,4.3321,4.095,4.525,$ Per Bushel
2024-06-05,Corn,Missouri,,Truck,4.3625,4.275,4.425,$ Per Bushel
2024-06-05,Corn,Nebraska,,Truck,4.6223,4.385,4.975,$ Per Bushel
2024-06-05,Corn,Ohio,,Truck,4.23,4.075,4.375,$ Per Bushel
2024-06-05,Corn,South Dakota,,Truck,4.1758,4.025,4.545,$ Per Bushel
2024-06-05,Corn,Wisconsin,,Truck,4.1975,4.095,4.275,$ Per Bushel
2024-06-06,Corn,Illinois,,Truck,4.4339,4.1625,4.6525,$ Per Bushel
2024-06-06,Corn,Indiana,,Truck,4.3269,4.2425,4.4925,$ Per Bushel
2024-06-06,Corn,Iowa,,Truck,4.5008,4.3725,4.5925,$ Per Bushel
2024-06-06,Corn,Kansas,,Truck,4.9458,4.6525,5.1925,$ Per Bushel
2024-06-06,Corn,Michigan,,Truck,3.98,3.8425,4.0925,$ Per Bushel
2024-06-06,Corn,Minnesota,,Truck,4.3068,4.0625,4.4925,$ Per Bushel
2024-06-06,Corn,Missouri,,Truck,4.33,4.2425,4.3925,$ Per Bushel
2024-06-06,Corn,Nebraska,,Truck,4.5912,4.3725,4.9425,$ Per Bushel
2024-06-06,Corn,Ohio,,Truck,4.1975,4.0425,4.3425,$ Per Bushel
2024-06-06,Corn,South Dakota,,Truck,4.144,3.9925,4.5125,$ Per Bushel
2024-06-06,Corn,Wisconsin,,Truck,4.165,4.0625,4.2425,$ Per Bushel
2024-06-07,Corn,Illinois,,Truck,4.5629,4.29,4.78,$ Per Bushel
2024-06-07,Corn,Indiana,,Truck,4.4544,4.37,4.62,$ Per Bushel
2024-06-07,Corn,Iowa,,Truck,4.6982,4.54,4.82,$ Per Bushel
2024-06-07,Corn,Kansas,,Truck,5.0733,4.78,5.32,$ Per Bushel
2024-06-07,Corn,Michigan,,Truck,4.1075,3.97,4.22,$ Per Bushel
2024-06-07,Corn,Minnesota,,Truck,4.4371,4.19,4.62,$ Per Bushel
2024-06-07,Corn,Missouri,,Truck,4.47,4.42,4.52,$ Per Bushel
2024-06-07,Corn,Nebraska,,Truck,4.7167,4.52,5.07,$ Per Bushel
2024-06-07,Corn,Ohio,,Truck,4.3117,4.17,4.47,$ Per Bushel
2024-06-07,Corn,South Dakota,,Truck,4.2738,4.12,4.66,$ Per Bushel
2024-06-07,Corn,Wisconsin,,Truck,4.2925,4.19,4.37,$ Per Bushel
2024-06-10,Corn,Illinois,,Truck,4.5304,4.2575,4.7475,$ Per Bushel
2024-06-10,Corn,Indiana,,Truck,4.4219,4.3375,4.5875,$ Per Bushel
2024-06-10,Corn,Iowa,,Truck,4.6618,4.5375,4.7875,$ Per Bushel
2024-06-10,Corn,Kansas,,Truck,5.0408,4.7475,5.2875,$ Per Bushel
2024-06-10,Corn,Michigan,,Truck,4.075,3.9375,4.1875,$ Per Bushel
2024-06-10,Corn,Minnesota,,Truck,4.4046,4.1575,4.5875,$ Per Bushel
2024-06-10,Corn,Missouri,,Truck,4.4375,4.3875,4.4875,$ Per Bushel
2024-06-10,Corn,Nebraska,,Truck,4.6808,4.4875,5.0375,$ Per Bushel
2024-06-10,Corn,Ohio,,Truck,4.2792,4.1375,4.4375,$ Per Bushel
2024-06-10,Corn,South Dakota,,Truck,4.2413,4.0875,4.6275,$ Per Bushel
2024-06-10,Corn,Wisconsin,,Truck,4.26,4.1575,4.3375,$ Per Bushel
2024-06-11,Corn,Illinois,,Truck,4.5704,4.2875,4.7775,$ Per Bushel
2024-06-11,Corn,Indiana,,Truck,4.4497,4.3675,4.6175,$ Per Bushel
2024-06-11,Corn,Iowa,,Truck,4.6467,4.5175,4.7175,$ Per Bushel
2024-06-11,Corn,Kansas,,Truck,5.0708,4.7775,5.3175,$ Per Bushel
2024-06-11,Corn,Michigan,,Truck,4.1008,3.9675,4.2175,$ Per Bushel
2024-06-11,Corn,Minnesota,,Truck,4.4346,4.1875,4.6175,$ Per Bushel
2024-06-11,Corn,Missouri,,Truck,4.4675,4.4175,4.5175,$ Per Bushel
2024-06-11,Corn,Nebraska,,Truck,4.7175,4.5175,5.1175,$ Per Bushel
2024-06-11,Corn,Ohio,,Truck,4.3092,4.1675,4.4675,$ Per Bushel
2024-06-11,Corn,South Dakota,,Truck,4.2798,4.1175,4.6875,$ Per Bushel
2024-06-11,Corn,Wisconsin,,Truck,4.2975,4.1975,4.3675,$ Per Bushel
2024-06-12,Corn,Illinois,,Truck,4.555,4.295,4.755,$ Per Bushel
2024-06-12,Corn,Indiana,,Truck,4.4361,4.345,4.645,$ Per Bushel
2024-06-12,Corn,Iowa,,Truck,4.6917,4.555,4.825,$ Per Bushel
2024-06-12,Corn,Kansas,,Truck,5.0417,4.735,5.295,$ Per Bushel
2024-06-12,Corn,Michigan,,Truck,4.0783,3.945,4.195,$ Per Bushel
2024-06-12,Corn,Minnesota,,Truck,4.4421,4.195,4.645,$ Per Bushel
2024-06-12,Corn,Missouri,,Truck,4.4575,4.395,4.495,$ Per Bushel
2024-06-12,Corn,Nebraska,,Truck,4.695,4.495,5.095,$ Per Bushel
2024-06-12,Corn,Ohio,,Truck,4.2867,4.145,4.445,$ Per Bushel
2024-06-12,Corn,South Dakota,,Truck,4.2727,4.115,4.665,$ Per Bushel
2024-06-12,Corn,Wisconsin,,Truck,4.275,4.175,4.345,$ Per Bushel
2024-06-13,Corn,Illinois,,Truck,4.6054,4.3425,4.8225,$ Per Bushel
2024-06-13,Corn,Indiana,,Truck,4.4836,4.3925,4.6925,$ Per Bushel
2024-06-13,Corn,Iowa,,Truck,4.6883,4.5425,4.7425,$ Per Bushel
2024-06-13,Corn,Kansas,,Truck,5.0892,4.7825,5.3425,$ Per Bushel
2024-06-13,Corn,Michigan,,Truck,4.1258,3.9925,4.2425,$ Per Bushel
2024-06-13,Corn,Minnesota,,Truck,4.4825,4.2425,4.6925,$ Per Bushel
2024-06-13,Corn,Missouri,,Truck,4.5125,4.4425,4.5425,$ Per Bushel
2024-06-13,Corn,Nebraska,,Truck,4.7445,4.5425,5.1425,$ Per Bushel
2024-06-13,Corn,Ohio,,Truck,4.3342,4.1925,4.4925,$ Per Bushel
2024-06-13,Corn,South Dakota,,Truck,4.321,4.1625,4.7325,$ Per Bushel
2024-06-13,Corn,Wisconsin,,Truck,4.3225,4.2225,4.3925,$ Per Bushel
2024-06-14,Corn,Illinois,,Truck,4.6479,4.385,4.865,$ Per Bushel
2024-06-14,Corn,Indiana,,Truck,4.5339,4.435,4.785,$ Per Bushel
2024-06-14,Corn,Iowa,,Truck,4.7895,4.645,4.915,$ Per Bushel
2024-06-14,Corn,Kansas,,Truck,5.1317,4.825,5.385,$ Per Bushel
2024-06-14,Corn,Michigan,,Truck,4.1683,4.035,4.285,$ Per Bushel
2024-06-14,Corn,Minnesota,,Truck,4.5179,4.285,4.735,$ Per Bushel
2024-06-14,Corn,Missouri,,Truck,4.555,4.485,4.585,$ Per Bushel
2024-06-14,Corn,Nebraska,,Truck,4.8003,4.585,5.185,$ Per Bushel
2024-06-14,Corn,Ohio,,Truck,4.3767,4.235,4.535,$ Per Bushel
2024-06-14,Corn,South Dakota,,Truck,4.3612,4.205,4.735,$ Per Bushel
2024-06-14,Corn,Wisconsin,,Truck,4.365,4.265,4.435,$ Per Bushel
2024-06-17,Corn,Illinois,,Truck,4.56,4.3,4.78,$ Per Bushel
2024-06-17,Corn,Indiana,,Truck,4.4489,4.35,4.7,$ Per Bushel
2024-06-17,Corn,Iowa,,Truck,4.6458,4.5,4.7,$ Per Bushel
2024-06-17,Corn,Kansas,,Truck,5.0467,4.74,5.3,$ Per Bushel
2024-06-17,Corn,Michigan,,Truck,4.0833,3.95,4.2,$ Per Bushel
2024-06-17,Corn,Minnesota,,Truck,4.4471,4.23,4.7,$ Per Bushel
2024-06-17,Corn,Missouri,,Truck,4.47,4.4,4.5,$ Per Bushel
2024-06-17,Corn,Nebraska,,Truck,4.7207,4.5,5.1,$ Per Bushel
2024-06-17,Corn,Ohio,,Truck,4.2917,4.15,4.45,$ Per Bushel
2024-06-17,Corn,South Dakota,,Truck,4.2746,4.12,4.66,$ Per Bushel
2024-06-17,Corn,Wisconsin,,Truck,4.28,4.18,4.35,$ Per Bushel
2024-06-18,Corn,Illinois,,Truck,4.5018,4.2375,4.6975,$ Per Bushel
2024-06-18,Corn,Indiana,,Truck,4.3953,4.2875,4.6375,$ Per Bushel
2024-06-18,Corn,Iowa,,Truck,4.6361,4.5175,4.7675,$ Per Bushel
2024-06-18,Corn,Kansas,,Truck,4.9842,4.6775,5.2375,$ Per Bushel
2024-06-18,Corn,Michigan,,Truck,4.0208,3.8875,4.1375,$ Per Bushel
2024-06-18,Corn,Minnesota,,Truck,4.3846,4.1675,4.6375,$ Per Bushel
2024-06-18,Corn,Missouri,,Truck,4.4075,4.3375,4.4375,$ Per Bushel
2024-06-18,Corn,Nebraska,,Truck,4.6575,4.4375,5.0375,$ Per Bushel
2024-06-18,Corn,Ohio,,Truck,4.2292,4.0875,4.3875,$ Per Bushel
2024-06-18,Corn,South Dakota,,Truck,4.2144,4.0575,4.5975,$ Per Bushel
2024-06-18,Corn,Wisconsin,,Truck,4.2225,4.1175,4.3075,$ Per Bushel
2024-06-20,Corn,Illinois,,Truck,4.5671,4.3,4.76,$ Per Bushel
2024-06-20,Corn,Indiana,,Truck,4.4522,4.35,4.7,$ Per Bushel
2024-06-20,Corn,Iowa,,Truck,4.699,4.56,4.83,$ Per Bushel
2024-06-20,Corn,Kansas,,Truck,5.1025,4.74,5.3,$ Per Bushel
2024-06-20,Corn,Michigan,,Truck,4.0833,3.95,4.2,$ Per Bushel
2024-06-20,Corn,Minnesota,,Truck,4.45,4.25,4.7,$ Per Bushel
2024-06-20,Corn,Missouri,,Truck,4.465,4.38,4.5,$ Per Bushel
2024-06-20,Corn,Nebraska,,Truck,4.7233,4.5,5.1,$ Per Bushel
2024-06-20,Corn,Ohio,,Truck,4.2917,4.15,4.45,$ Per Bushel
2024-06-20,Corn,South Dakota,,Truck,4.2823,4.1,4.7,$ Per Bushel
2024-06-20,Corn,Wisconsin,,Truck,4.28,4.16,4.37,$ Per Bushel
2024-06-21,Corn,Illinois,,Truck,4.4675,4.1975,4.6775,$ Per Bushel
2024-06-21,Corn,Indiana,,Truck,4.3475,4.2475,4.5975,$ Per Bushel
2024-06-21,Corn,Iowa,,Truck,4.5633,4.3975,4.6275,$ Per Bushel
2024-06-21,Corn,Kansas,,Truck,5.0,4.6375,5.1975,$ Per Bushel
2024-06-21,Corn,Michigan,,Truck,3.9808,3.8475,4.0975,$ Per Bushel
2024-06-21,Corn,Minnesota,,Truck,4.3475,4.1475,4.5975,$ Per Bushel
2024-06-21,Corn,Missouri,,Truck,4.3675,4.2775,4.3975,$ Per Bushel
2024-06-21,Corn,Nebraska,,Truck,4.6242,4.3975,4.9975,$ Per Bushel
2024-06-21,Corn,Ohio,,Truck,4.1892,4.0475,4.3475,$ Per Bushel
2024-06-21,Corn,South Dakota,,Truck,4.1806,3.9975,4.5475,$ Per Bushel
2024-06-21,Corn,Wisconsin,,Truck,4.1775,4.0575,4.2675,$ Per Bushel
2024-06-24,Corn,Illinois,,Truck,4.4229,4.17,4.63,$ Per Bushel
2024-06-24,Corn,Indiana,,Truck,4.2978,4.2,4.55,$ Per Bushel
2024-06-24,Corn,Iowa,,Truck,4.5552,4.35,4.68,$ Per Bushel
2024-06-24,Corn,Kansas,,Truck,4.9525,4.59,5.15,$ Per Bushel
2024-06-24,Corn,Michigan,,Truck,3.9333,3.8,4.05,$ Per Bushel
2024-06-24,Corn,Minnesota,,Truck,4.31,4.1,4.55,$ Per Bushel
2024-06-24,Corn,Missouri,,Truck,4.33,4.22,4.4,$ Per Bushel
2024-06-24,Corn,Nebraska,,Truck,4.58,4.35,4.95,$ Per Bushel
2024-06-24,Corn,Ohio,,Truck,4.12,4.0,4.3,$ Per Bushel
2024-06-24,Corn,South Dakota,,Truck,4.1338,3.95,4.5,$ Per Bushel
2024-06-24,Corn,Wisconsin,,Truck,4.1275,3.99,4.23,$ Per Bushel
2024-06-25,Corn,Illinois,,Truck,4.4007,4.155,4.585,$ Per Bushel
2024-06-25,Corn,Indiana,,Truck,4.2772,4.185,4.535,$ Per Bushel
2024-06-25,Corn,Iowa,,Truck,4.5417,4.335,4.635,$ Per Bushel
2024-06-25,Corn,Kansas,,Truck,4.9525,4.635,5.135,$ Per Bushel
2024-06-25,Corn,Michigan,,Truck,3.9183,3.785,4.035,$ Per Bushel
2024-06-25,Corn,Minnesota,,Truck,4.2879,4.085,4.485,$ Per Bushel
2024-06-25,Corn,Missouri,,Truck,4.315,4.205,4.385,$ Per Bushel
2024-06-25,Corn,Nebraska,,Truck,4.5917,4.365,5.085,$ Per Bushel
2024-06-25,Corn,Ohio,,Truck,4.105,3.985,4.285,$ Per Bushel
2024-06-25,Corn,South Dakota,,Truck,4.1219,3.935,4.485,$ Per Bushel
2024-06-25,Corn,Wisconsin,,Truck,4.1025,3.935,4.215,$ Per Bushel
2024-06-26,Corn,Illinois,,Truck,4.3221,4.075,4.515,$ Per Bushel
2024-06-26,Corn,Indiana,,Truck,4.1806,4.105,4.405,$ Per Bushel
2024-06-26,Corn,Iowa,,Truck,4.4242,4.255,4.515,$ Per Bushel
2024-06-26,Corn,Kansas,,Truck,4.8725,4.555,5.055,$ Per Bushel
2024-06-26,Corn,Michigan,,Truck,3.855,3.705,3.955,$ Per Bushel
2024-06-26,Corn,Minnesota,,Truck,4.2207,4.005,4.405,$ Per Bushel
2024-06-26,Corn,Missouri,,Truck,4.235,4.125,4.305,$ Per Bushel
2024-06-26,Corn,Nebraska,,Truck,4.5343,4.295,5.005,$ Per Bushel
2024-06-26,Corn,Ohio,,Truck,4.025,3.905,4.205,$ Per Bushel
2024-06-26,Corn,South Dakota,,Truck,4.0373,3.855,4.405,$ Per Bushel
2024-06-26,Corn,Wisconsin,,Truck,4.0225,3.855,4.135,$ Per Bushel
2024-06-27,Corn,Illinois,,Truck,4.2657,4.02,4.46,$ Per Bushel
2024-06-27,Corn,Indiana,,Truck,4.1322,4.05,4.35,$ Per Bushel
2024-06-27,Corn,Iowa,,Truck,4.4171,4.25,4.6,$ Per Bushel
2024-06-27,Corn,Kansas,,Truck,4.83,4.5,5.0,$ Per Bushel
2024-06-27,Corn,Michigan,,Truck,3.8,3.65,3.9,$ Per Bushel
2024-06-27,Corn,Minnesota,,Truck,4.1543,3.95,4.35,$ Per Bushel
2024-06-27,Corn,Missouri,,Truck,4.175,4.05,4.25,$ Per Bushel
2024-06-27,Corn,Nebraska,,Truck,4.4827,4.25,4.95,$ Per Bushel
2024-06-27,Corn,Ohio,,Truck,3.97,3.85,4.15,$ Per Bushel
2024-06-27,Corn,South Dakota,,Truck,3.9715,3.8,4.35,$ Per Bushel
2024-06-27,Corn,Wisconsin,,Truck,3.9675,3.8,4.08,$ Per Bushel
2024-06-28,Corn,Illinois,,Truck,4.2004,3.9375,4.3975,$ Per Bushel
2024-06-28,Corn,Indiana,,Truck,4.0531,3.9375,4.2875,$ Per Bushel
2024-06-28,Corn,Iowa,,Truck,4.2983,4.1375,4.3975,$ Per Bushel
2024-06-28,Corn,Kansas,,Truck,4.7875,4.4375,4.9375,$ Per Bushel
2024-06-28,Corn,Michigan,,Truck,3.7375,3.5875,3.8375,$ Per Bushel
2024-06-28,Corn,Minnesota,,Truck,4.0961,3.8875,4.2875,$ Per Bushel
2024-06-28,Corn,Missouri,,Truck,4.1125,3.9875,4.1875,$ Per Bushel
2024-06-28,Corn,Nebraska,,Truck,4.4408,4.1875,4.8375,$ Per Bushel
2024-06-28,Corn,Ohio,,Truck,3.8975,3.7875,4.0375,$ Per Bushel
2024-06-28,Corn,South Dakota,,Truck,3.899,3.6475,4.2875,$ Per Bushel
2024-06-28,Corn,Wisconsin,,Truck,3.905,3.7375,4.0175,$ Per Bushel
2024-07-01,Corn,Illinois,,Truck,4.0354,3.7725,4.2325,$ Per Bushel
2024-07-01,Corn,Indiana,,Truck,3.8792,3.7725,4.1225,$ Per Bushel
2024-07-01,Corn,Iowa,,Truck,4.1796,4.0325,4.3225,$ Per Bushel
2024-07-01,Corn,Kansas,,Truck,4.635,4.3225,4.7725,$ Per Bushel
2024-07-01,Corn,Michigan,,Truck,3.5725,3.4225,3.6725,$ Per Bushel
2024-07-01,Corn,Minnesota,,Truck,3.9239,3.7225,4.1225,$ Per Bushel
2024-07-01,Corn,Missouri,,Truck,3.9075,3.8125,3.9725,$ Per Bushel
2024-07-01,Corn,Nebraska,,Truck,4.2778,4.0225,4.6725,$ Per Bushel
2024-07-01,Corn,Ohio,,Truck,3.7225,3.5725,3.8725,$ Per Bushel
2024-07-01,Corn,South Dakota,,Truck,3.711,3.4825,4.0925,$ Per Bushel
2024-07-01,Corn,Wisconsin,,Truck,3.735,3.5725,3.8325,$ Per Bushel
2024-07-02,Corn,Illinois,,Truck,4.0225,3.7825,4.2225,$ Per Bushel
2024-07-02,Corn,Indiana,,Truck,3.8989,3.7825,4.1125,$ Per Bushel
2024-07-02,Corn,Iowa,,Truck,4.1944,4.0325,4.3325,$ Per Bushel
2024-07-02,Corn,Kansas,,Truck,4.645,4.3325,4.7825,$ Per Bushel
2024-07-02,Corn,Michigan,,Truck,3.5658,3.4325,3.6825,$ Per Bushel
2024-07-02,Corn,Minnesota,,Truck,3.9496,3.7325,4.1025,$ Per Bushel
2024-07-02,Corn,Missouri,,Truck,3.9025,3.7325,4.0125,$ Per Bushel
2024-07-02,Corn,Nebraska,,Truck,4.3258,4.0825,4.6825,$ Per Bushel
2024-07-02,Corn,Ohio,,Truck,3.7445,3.5825,3.8825,$ Per Bushel
2024-07-02,Corn,South Dakota,,Truck,3.7225,3.5125,4.1325,$ Per Bushel
2024-07-02,Corn,Wisconsin,,Truck,3.7625,3.6425,3.8425,$ Per Bushel
2024-07-03,Corn,Illinois,,Truck,4.0657,3.82,4.26,$ Per Bushel
2024-07-03,Corn,Indiana,,Truck,3.9311,3.82,4.15,$ Per Bushel
2024-07-03,Corn,Iowa,,Truck,4.1992,4.02,4.37,$ Per Bushel
2024-07-03,Corn,Kansas,,Truck,4.6825,4.37,4.82,$ Per Bushel
2024-07-03,Corn,Michigan,,Truck,3.6033,3.47,3.72,$ Per Bushel
2024-07-03,Corn,Minnesota,,Truck,4.0029,3.77,4.14,$ Per Bushel
2024-07-03,Corn,Missouri,,Truck,3.94,3.77,4.05,$ Per Bushel
2024-07-03,Corn,Nebraska,,Truck,4.39,4.17,4.72,$ Per Bushel
2024-07-03,Corn,Ohio,,Truck,3.762,3.62,3.92,$ Per Bushel
2024-07-03,Corn,South Dakota,,Truck,3.7638,3.55,4.18,$ Per Bushel
2024-07-03,Corn,Wisconsin,,Truck,3.8075,3.71,3.88,$ Per Bushel
2024-07-05,Corn,Illinois,,Truck,4.0821,3.835,4.275,$ Per Bushel
2024-07-05,Corn,Indiana,,Truck,3.9517,3.835,4.165,$ Per Bushel
2024-07-05,Corn,Iowa,,Truck,4.285,4.125,4.475,$ Per Bushel
2024-07-05,Corn,Kansas,,Truck,4.6975,4.385,4.835,$ Per Bushel
2024-07-05,Corn,Michigan,,Truck,3.6183,3.485,3.735,$ Per Bushel
2024-07-05,Corn,Minnesota,,Truck,4.0264,3.785,4.155,$ Per Bushel
2024-07-05,Corn,Missouri,,Truck,3.955,3.785,4.065,$ Per Bushel
2024-07-05,Corn,Nebraska,,Truck,4.417,4.185,4.735,$ Per Bushel
2024-07-05,Corn,Ohio,,Truck,3.787,3.635,3.935,$ Per Bushel
2024-07-05,Corn,South Dakota,,Truck,3.7804,3.565,4.195,$ Per Bushel
2024-07-05,Corn,Wisconsin,,Truck,3.8225,3.725,3.895,$ Per Bushel
2024-07-08,Corn,Illinois,,Truck,4.1682,3.9125,4.3825,$ Per Bushel
2024-07-08,Corn,Indiana,,Truck,4.0394,3.9125,4.2425,$ Per Bushel
2024-07-08,Corn,Iowa,,Truck,4.3706,4.2125,4.5125,$ Per Bushel
2024-07-08,Corn,Kansas,,Truck,4.775,4.4625,4.9125,$ Per Bushel
2024-07-08,Corn,Michigan,,Truck,3.6958,3.5625,3.8125,$ Per Bushel
2024-07-08,Corn,Minnesota,,Truck,4.1039,3.8625,4.2325,$ Per Bushel
2024-07-08,Corn,Missouri,,Truck,4.045,3.8625,4.1925,$ Per Bushel
2024-07-08,Corn,Nebraska,,Truck,4.5098,4.2625,5.0125,$ Per Bushel
2024-07-08,Corn,Ohio,,Truck,3.8645,3.7125,4.0125,$ Per Bushel
2024-07-08,Corn,South Dakota,,Truck,3.864,3.6425,4.3125,$ Per Bushel
2024-07-08,Corn,Wisconsin,,Truck,3.9025,3.8125,3.9725,$ Per Bushel
2024-07-09,Corn,Illinois,,Truck,4.0218,3.7575,4.2375,$ Per Bushel
2024-07-09,Corn,Indiana,,Truck,3.8981,3.7575,4.2075,$ Per Bushel
2024-07-09,Corn,Iowa,,Truck,4.238,4.0775,4.4375,$ Per Bushel
2024-07-09,Corn,Kansas,,Truck,4.62,4.3075,4.7575,$ Per Bushel
2024-07-09,Corn,Michigan,,Truck,3.6075,3.4075,3.8575,$ Per Bushel
2024-07-09,Corn,Minnesota,,Truck,3.9818,3.7575,4.1075,$ Per Bushel
2024-07-09,Corn,Missouri,,Truck,3.89,3.7075,4.0375,$ Per Bushel
2024-07-09,Corn,Nebraska,,Truck,4.3602,4.1075,4.8575,$ Per Bushel
2024-07-09,Corn,Ohio,,Truck,3.7195,3.5575,3.8575,$ Per Bushel
2024-07-09,Corn,South Dakota,,Truck,3.729,3.4875,4.1875,$ Per Bushel
2024-07-09,Corn,Wisconsin,,Truck,3.7475,3.6575,3.8175,$ Per Bushel
2024-07-10,Corn,Illinois,,Truck,4.0071,3.74,4.24,$ Per Bushel
2024-07-10,Corn,Indiana,,Truck,3.8833,3.74,4.19,$ Per Bushel
2024-07-10,Corn,Iowa,,Truck,4.14,3.99,4.24,$ Per Bushel
2024-07-10,Corn,Kansas,,Truck,4.6025,4.29,4.74,$ Per Bushel
2024-07-10,Corn,Michigan,,Truck,3.6067,3.39,3.84,$ Per Bushel
2024-07-10,Corn,Minnesota,,Truck,3.9971,3.74,4.14,$ Per Bushel
2024-07-10,Corn,Missouri,,Truck,3.8725,3.69,4.02,$ Per Bushel
2024-07-10,Corn,Nebraska,,Truck,4.3513,4.12,4.84,$ Per Bushel
2024-07-10,Corn,Ohio,,Truck,3.702,3.54,3.84,$ Per Bushel
2024-07-10,Corn,South Dakota,,Truck,3.7238,3.47,4.21,$ Per Bushel
2024-07-10,Corn,Wisconsin,,Truck,3.7475,3.64,3.82,$ Per Bushel
2024-07-11,Corn,Illinois,,Truck,4.0689,3.7575,4.3075,$ Per Bushel
2024-07-11,Corn,Indiana,,Truck,3.9097,3.7575,4.2075,$ Per Bushel
2024-07-11,Corn,Iowa,,Truck,4.1742,4.0875,4.3075,$ Per Bushel
2024-07-11,Corn,Kansas,,Truck,4.5738,4.1225,4.7575,$ Per Bushel
2024-07-11,Corn,Michigan,,Truck,3.6242,3.4075,3.8575,$ Per Bushel
2024-07-11,Corn,Minnesota,,Truck,4.0146,3.7575,4.1575,$ Per Bushel
2024-07-11,Corn,Missouri,,Truck,3.89,3.7075,4.0375,$ Per Bushel
2024-07-11,Corn,Nebraska,,Truck,4.3702,4.1375,4.8575,$ Per Bushel
2024-07-11,Corn,Ohio,,Truck,3.7195,3.5575,3.8575,$ Per Bushel
2024-07-11,Corn,South Dakota,,Truck,3.7613,3.4875,4.2275,$ Per Bushel
2024-07-11,Corn,Wisconsin,,Truck,3.765,3.6575,3.8375,$ Per Bushel
2024-07-12,Corn,Illinois,,Truck,4.1182,3.8025,4.3525,$ Per Bushel
2024-07-12,Corn,Indiana,,Truck,3.9581,3.8025,4.3025,$ Per Bushel
2024-07-12,Corn,Iowa,,Truck,4.3201,4.1325,4.4825,$ Per Bushel
2024-07-12,Corn,Kansas,,Truck,4.6538,4.1575,4.8525,$ Per Bushel
2024-07-12,Corn,Michigan,,Truck,3.6692,3.4525,3.9025,$ Per Bushel
2024-07-12,Corn,Minnesota,,Truck,4.0668,3.8025,4.2025,$ Per Bushel
2024-07-12,Corn,Missouri,,Truck,3.935,3.7525,4.0825,$ Per Bushel
2024-07-12,Corn,Nebraska,,Truck,4.4152,4.1825,4.9025,$ Per Bushel
2024-07-12,Corn,Ohio,,Truck,3.7645,3.6025,3.9025,$ Per Bushel
2024-07-12,Corn,South Dakota,,Truck,3.8063,3.5325,4.2725,$ Per Bushel
2024-07-12,Corn,Wisconsin,,Truck,3.845,3.7325,3.9425,$ Per Bushel
2024-07-15,Corn,Illinois,,Truck,4.1329,3.82,4.4,$ Per Bushel
2024-07-15,Corn,Indiana,,Truck,3.9733,3.82,4.32,$ Per Bushel
2024-07-15,Corn,Iowa,,Truck,4.3371,4.15,4.5,$ Per Bushel
2024-07-15,Corn,Kansas,,Truck,4.6769,4.1975,4.87,$ Per Bushel
2024-07-15,Corn,Michigan,,Truck,3.6867,3.47,3.92,$ Per Bushel
2024-07-15,Corn,Minnesota,,Truck,4.08,3.82,4.22,$ Per Bushel
2024-07-15,Corn,Missouri,,Truck,3.9575,3.77,4.12,$ Per Bushel
2024-07-15,Corn,Nebraska,,Truck,4.4393,4.2,4.92,$ Per Bushel
2024-07-15,Corn,Ohio,,Truck,3.782,3.62,3.92,$ Per Bushel
2024-07-15,Corn,South Dakota,,Truck,3.8323,3.55,4.29,$ Per Bushel
2024-07-15,Corn,Wisconsin,,Truck,3.8625,3.75,3.96,$ Per Bushel
2024-07-16,Corn,Illinois,,Truck,4.0279,3.705,4.265,$ Per Bushel
2024-07-16,Corn,Indiana,,Truck,3.8561,3.705,4.185,$ Per Bushel
2024-07-16,Corn,Iowa,,Truck,4.2183,4.035,4.385,$ Per Bushel
2024-07-16,Corn,Kansas,,Truck,4.5644,4.0925,4.755,$ Per Bushel
2024-07-16,Corn,Michigan,,Truck,3.5425,3.355,3.705,$ Per Bushel
2024-07-16,Corn,Minnesota,,Truck,3.9721,3.705,4.105,$ Per Bushel
2024-07-16,Corn,Missouri,,Truck,3.835,3.655,4.005,$ Per Bushel
2024-07-16,Corn,Nebraska,,Truck,4.2986,4.055,4.605,$ Per Bushel
2024-07-16,Corn,Ohio,,Truck,3.667,3.505,3.805,$ Per Bushel
2024-07-16,Corn,South Dakota,,Truck,3.7327,3.435,4.195,$ Per Bushel
2024-07-16,Corn,Wisconsin,,Truck,3.765,3.705,3.845,$ Per Bushel
2024-07-17,Corn,Illinois,,Truck,4.0675,3.8075,4.2975,$ Per Bushel
2024-07-17,Corn,Indiana,,Truck,3.9064,3.7575,4.2375,$ Per Bushel
2024-07-17,Corn,Iowa,,Truck,4.2775,4.0775,4.4375,$ Per Bushel
2024-07-17,Corn,Kansas,,Truck,4.6275,4.1375,4.8075,$ Per Bushel
2024-07-17,Corn,Michigan,,Truck,3.595,3.4075,3.7575,$ Per Bushel
2024-07-17,Corn,Minnesota,,Truck,4.0404,3.8075,4.1575,$ Per Bushel
2024-07-17,Corn,Missouri,,Truck,3.9125,3.7375,4.0775,$ Per Bushel
2024-07-17,Corn,Nebraska,,Truck,4.3882,4.1075,4.8575,$ Per Bushel
2024-07-17,Corn,Ohio,,Truck,3.7195,3.5575,3.8575,$ Per Bushel
2024-07-17,Corn,South Dakota,,Truck,3.796,3.4875,4.2775,$ Per Bushel
2024-07-17,Corn,Wisconsin,,Truck,3.83,3.7575,3.8975,$ Per Bushel
2024-07-18,Corn,Illinois,,Truck,4.0986,3.83,4.3,$ Per Bushel
2024-07-18,Corn,Indiana,,Truck,3.9244,3.78,4.26,$ Per Bushel
2024-07-18,Corn,Iowa,,Truck,4.2183,4.13,4.33,$ Per Bushel
2024-07-18,Corn,Kansas,,Truck,4.6519,4.1675,4.83,$ Per Bushel
2024-07-18,Corn,Michigan,,Truck,3.6175,3.43,3.78,$ Per Bushel
2024-07-18,Corn,Minnesota,,Truck,4.0657,3.83,4.18,$ Per Bushel
2024-07-18,Corn,Missouri,,Truck,3.935,3.76,4.1,$ Per Bushel
2024-07-18,Corn,Nebraska,,Truck,4.4071,4.13,4.78,$ Per Bushel
2024-07-18,Corn,Ohio,,Truck,3.742,3.58,3.88,$ Per Bushel
2024-07-18,Corn,South Dakota,,Truck,3.8246,3.51,4.33,$ Per Bushel
2024-07-18,Corn,Wisconsin,,Truck,3.8525,3.78,3.92,$ Per Bushel
2024-07-19,Corn,Illinois,,Truck,4.0311,3.7625,4.2325,$ Per Bushel
2024-07-19,Corn,Indiana,,Truck,3.8536,3.7125,4.1925,$ Per Bushel
2024-07-19,Corn,Iowa,,Truck,4.2358,4.0125,4.3925,$ Per Bushel
2024-07-19,Corn,Kansas,,Truck,4.5844,4.1,4.7625,$ Per Bushel
2024-07-19,Corn,Michigan,,Truck,3.55,3.3625,3.7125,$ Per Bushel
2024-07-19,Corn,Minnesota,,Truck,4.0082,3.7625,4.1125,$ Per Bushel
2024-07-19,Corn,Missouri,,Truck,3.8675,3.6925,4.0325,$ Per Bushel
2024-07-19,Corn,Nebraska,,Truck,4.3382,4.0325,4.6625,$ Per Bushel
2024-07-19,Corn,Ohio,,Truck,3.6745,3.5125,3.8125,$ Per Bushel
2024-07-19,Corn,South Dakota,,Truck,3.764,3.4425,4.2625,$ Per Bushel
2024-07-19,Corn,Wisconsin,,Truck,3.785,3.7125,3.8525,$ Per Bushel
2024-07-22,Corn,Illinois,,Truck,4.0236,3.755,4.225,$ Per Bushel
2024-07-22,Corn,Indiana,,Truck,3.8406,3.705,4.135,$ Per Bushel
2024-07-22,Corn,Iowa,,Truck,4.2264,4.005,4.385,$ Per Bushel
2024-07-22,Corn,Kansas,,Truck,4.5781,4.0975,4.755,$ Per Bushel
2024-07-22,Corn,Michigan,,Truck,3.5425,3.355,3.705,$ Per Bushel
2024-07-22,Corn,Minnesota,,Truck,4.0007,3.755,4.105,$ Per Bushel
2024-07-22,Corn,Missouri,,Truck,3.86,3.685,4.025,$ Per Bushel
2024-07-22,Corn,Nebraska,,Truck,4.3221,4.025,4.655,$ Per Bushel
2024-07-22,Corn,Ohio,,Truck,3.667,3.505,3.805,$ Per Bushel
2024-07-22,Corn,South Dakota,,Truck,3.7604,3.435,4.255,$ Per Bushel
2024-07-22,Corn,Wisconsin,,Truck,3.7775,3.705,3.845,$ Per Bushel
2024-07-23,Corn,Illinois,,Truck,4.1211,3.8525,4.3225,$ Per Bushel
2024-07-23,Corn,Indiana,,Truck,3.9347,3.8025,4.2325,$ Per Bushel
2024-07-23,Corn,Iowa,,Truck,4.2475,4.1525,4.3525,$ Per Bushel
2024-07-23,Corn,Kansas,,Truck,4.6769,4.2,4.8525,$ Per Bushel
2024-07-23,Corn,Michigan,,Truck,3.64,3.4525,3.8025,$ Per Bushel
2024-07-23,Corn,Minnesota,,Truck,4.1196,3.8525,4.3525,$ Per Bushel
2024-07-23,Corn,Missouri,,Truck,3.9525,3.7825,4.1025,$ Per Bushel
2024-07-23,Corn,Nebraska,,Truck,4.4175,4.1225,4.7525,$ Per Bushel
2024-07-23,Corn,Ohio,,Truck,3.7645,3.6025,3.9025,$ Per Bushel
2024-07-23,Corn,South Dakota,,Truck,3.864,3.5325,4.3525,$ Per Bushel
2024-07-23,Corn,Wisconsin,,Truck,3.875,3.8025,3.9425,$ Per Bushel
2024-07-24,Corn,Illinois,,Truck,4.1521,3.875,4.335,$ Per Bushel
2024-07-24,Corn,Indiana,,Truck,3.9517,3.825,4.255,$ Per Bushel
2024-07-24,Corn,Iowa,,Truck,4.3369,4.125,4.505,$ Per Bushel
2024-07-24,Corn,Kansas,,Truck,4.6744,4.2225,4.875,$ Per Bushel
2024-07-24,Corn,Michigan,,Truck,3.6625,3.475,3.825,$ Per Bushel
2024-07-24,Corn,Minnesota,,Truck,4.125,3.875,4.375,$ Per Bushel
2024-07-24,Corn,Missouri,,Truck,3.97,3.805,4.125,$ Per Bushel
2024-07-24,Corn,Nebraska,,Truck,4.4129,4.145,4.725,$ Per Bushel
2024-07-24,Corn,Ohio,,Truck,3.787,3.625,3.925,$ Per Bushel
2024-07-24,Corn,South Dakota,,Truck,3.8842,3.585,4.325,$ Per Bushel
2024-07-24,Corn,Wisconsin,,Truck,3.8975,3.825,3.965,$ Per Bushel
2024-07-25,Corn,Illinois,,Truck,4.1646,3.8875,4.3475,$ Per Bushel
2024-07-25,Corn,Indiana,,Truck,3.9531,3.7875,4.2675,$ Per Bushel
2024-07-25,Corn,Iowa,,Truck,4.3475,4.1375,4.5175,$ Per Bushel
2024-07-25,Corn,Kansas,,Truck,4.6731,4.18,4.8875,$ Per Bushel
2024-07-25,Corn,Michigan,,Truck,3.67,3.4875,3.8375,$ Per Bushel
2024-07-25,Corn,Minnesota,,Truck,4.1375,3.8375,4.4375,$ Per Bushel
2024-07-25,Corn,Missouri,,Truck,3.9825,3.8175,4.1375,$ Per Bushel
2024-07-25,Corn,Nebraska,,Truck,4.4004,4.1575,4.6375,$ Per Bushel
2024-07-25,Corn,Ohio,,Truck,3.7895,3.6375,3.9375,$ Per Bushel
2024-07-25,Corn,South Dakota,,Truck,3.8952,3.5975,4.2875,$ Per Bushel
2024-07-25,Corn,Wisconsin,,Truck,3.91,3.8375,3.9775,$ Per Bushel
2024-07-26,Corn,Illinois,,Truck,4.1871,3.94,4.37,$ Per Bushel
2024-07-26,Corn,Indiana,,Truck,3.9711,3.77,4.29,$ Per Bushel
2024-07-26,Corn,Iowa,,Truck,4.2667,4.16,4.36,$ Per Bushel
2024-07-26,Corn,Kansas,,Truck,4.6844,4.1575,4.91,$ Per Bushel
2024-07-26,Corn,Michigan,,Truck,3.6775,3.51,3.86,$ Per Bushel
2024-07-26,Corn,Minnesota,,Truck,4.1414,3.86,4.46,$ Per Bushel
2024-07-26,Corn,Missouri,,Truck,3.9975,3.84,4.14,$ Per Bushel
2024-07-26,Corn,Nebraska,,Truck,4.3971,4.16,4.56,$ Per Bushel
2024-07-26,Corn,Ohio,,Truck,3.82,3.66,3.96,$ Per Bushel
2024-07-26,Corn,South Dakota,,Truck,3.9046,3.62,4.26,$ Per Bushel
2024-07-26,Corn,Wisconsin,,Truck,3.9075,3.81,4.0,$ Per Bushel
2024-07-29,Corn,Illinois,,Truck,4.0679,3.825,4.245,$ Per Bushel
2024-07-29,Corn,Indiana,,Truck,3.8528,3.655,4.145,$ Per Bushel
2024-07-29,Corn,Iowa,,Truck,4.2312,4.045,4.395,$ Per Bushel
2024-07-29,Corn,Kansas,,Truck,4.5713,4.05,4.795,$ Per Bushel
2024-07-29,Corn,Michigan,,Truck,3.545,3.395,3.745,$ Per Bushel
2024-07-29,Corn,Minnesota,,Truck,4.0236,3.745,4.345,$ Per Bushel
2024-07-29,Corn,Missouri,,Truck,3.865,3.725,4.005,$ Per Bushel
2024-07-29,Corn,Nebraska,,Truck,4.2757,4.045,4.445,$ Per Bushel
2024-07-29,Corn,Ohio,,Truck,3.7033,3.545,3.845,$ Per Bushel
2024-07-29,Corn,South Dakota,,Truck,3.7796,3.505,4.145,$ Per Bushel
2024-07-29,Corn,Wisconsin,,Truck,3.7925,3.695,3.885,$ Per Bushel
2024-07-30,Corn,Illinois,,Truck,4.0754,3.8425,4.2625,$ Per Bushel
2024-07-30,Corn,Indiana,,Truck,3.8592,3.6725,4.1625,$ Per Bushel
2024-07-30,Corn,Iowa,,Truck,4.2515,4.0625,4.4125,$ Per Bushel
2024-07-30,Corn,Kansas,,Truck,4.5525,4.0725,4.7625,$ Per Bushel
2024-07-30,Corn,Michigan,,Truck,3.5625,3.4125,3.7625,$ Per Bushel
2024-07-30,Corn,Minnesota,,Truck,4.0411,3.7625,4.3625,$ Per Bushel
2024-07-30,Corn,Missouri,,Truck,3.88,3.7425,4.0125,$ Per Bushel
2024-07-30,Corn,Nebraska,,Truck,4.2675,4.0425,4.4625,$ Per Bushel
2024-07-30,Corn,Ohio,,Truck,3.7292,3.6125,3.8625,$ Per Bushel
2024-07-30,Corn,South Dakota,,Truck,3.8048,3.5225,4.1625,$ Per Bushel
2024-07-30,Corn,Wisconsin,,Truck,3.81,3.7125,3.9025,$ Per Bushel
2024-07-31,Corn,Illinois,,Truck,3.9975,3.7675,4.1875,$ Per Bushel
2024-07-31,Corn,Indiana,,Truck,3.7786,3.5975,4.0875,$ Per Bushel
2024-07-31,Corn,Iowa,,Truck,4.1723,3.9875,4.3375,$ Per Bushel
2024-07-31,Corn,Kansas,,Truck,4.4781,4.0,4.6875,$ Per Bushel
2024-07-31,Corn,Michigan,,Truck,3.4875,3.3375,3.6875,$ Per Bushel
2024-07-31,Corn,Minnesota,,Truck,3.9618,3.6875,4.2875,$ Per Bushel
2024-07-31,Corn,Missouri,,Truck,3.7825,3.6675,3.9375,$ Per Bushel
2024-07-31,Corn,Nebraska,,Truck,4.1782,3.9675,4.3875,$ Per Bushel
2024-07-31,Corn,Ohio,,Truck,3.6542,3.5375,3.7875,$ Per Bushel
2024-07-31,Corn,South Dakota,,Truck,3.7321,3.4475,4.0875,$ Per Bushel
2024-07-31,Corn,Wisconsin,,Truck,3.735,3.6375,3.8275,$ Per Bushel
2024-08-01,Corn,Illinois,,Truck,3.9375,3.7075,4.1275,$ Per Bushel
2024-08-01,Corn,Indiana,,Truck,3.7119,3.5375,4.0075,$ Per Bushel
2024-08-01,Corn,Iowa,,Truck,3.9892,3.8775,4.1475,$ Per Bushel
2024-08-01,Corn,Kansas,,Truck,4.42,3.9475,4.6275,$ Per Bushel
2024-08-01,Corn,Michigan,,Truck,3.4275,3.2775,3.6275,$ Per Bushel
2024-08-01,Corn,Minnesota,,Truck,3.9046,3.6275,4.2275,$ Per Bushel
2024-08-01,Corn,Missouri,,Truck,3.71,3.6075,3.8275,$ Per Bushel
2024-08-01,Corn,Nebraska,,Truck,4.1204,3.9075,4.3275,$ Per Bushel
2024-08-01,Corn,Ohio,,Truck,3.6025,3.5275,3.7275,$ Per Bushel
2024-08-01,Corn,South Dakota,,Truck,3.6598,3.3875,4.0275,$ Per Bushel
2024-08-01,Corn,Wisconsin,,Truck,3.675,3.5775,3.7675,$ Per Bushel
2024-08-02,Corn,Illinois,,Truck,3.94,3.7,4.1,$ Per Bushel
2024-08-02,Corn,Indiana,,Truck,3.7044,3.53,4.0,$ Per Bushel
2024-08-02,Corn,Iowa,,Truck,3.985,3.87,4.14,$ Per Bushel
2024-08-02,Corn,Kansas,,Truck,4.4113,3.935,4.62,$ Per Bushel
2024-08-02,Corn,Michigan,,Truck,3.42,3.27,3.62,$ Per Bushel
2024-08-02,Corn,Minnesota,,Truck,3.9071,3.64,4.22,$ Per Bushel
2024-08-02,Corn,Missouri,,Truck,3.7025,3.6,3.82,$ Per Bushel
2024-08-02,Corn,Nebraska,,Truck,4.0939,3.9,4.32,$ Per Bushel
2024-08-02,Corn,Ohio,,Truck,3.6117,3.52,3.72,$ Per Bushel
2024-08-02,Corn,South Dakota,,Truck,3.6462,3.38,4.02,$ Per Bushel
2024-08-02,Corn,Wisconsin,,Truck,3.6975,3.57,3.8,$ Per Bushel
2024-08-05,Corn,Illinois,,Truck,3.9664,3.725,4.145,$ Per Bushel
2024-08-05,Corn,Indiana,,Truck,3.7439,3.575,4.015,$ Per Bushel
2024-08-05,Corn,Iowa,,Truck,4.0158,3.865,4.115,$ Per Bushel
2024-08-05,Corn,Kansas,,Truck,4.3569,3.9825,4.665,$ Per Bushel
2024-08-05,Corn,Michigan,,Truck,3.4525,3.315,3.665,$ Per Bushel
2024-08-05,Corn,Minnesota,,Truck,3.9521,3.685,4.265,$ Per Bushel
2024-08-05,Corn,Missouri,,Truck,3.735,3.615,3.865,$ Per Bushel
2024-08-05,Corn,Nebraska,,Truck,4.1305,3.945,4.365,$ Per Bushel
2024-08-05,Corn,Ohio,,Truck,3.6567,3.565,3.765,$ Per Bushel
2024-08-05,Corn,South Dakota,,Truck,3.6827,3.425,4.065,$ Per Bushel
2024-08-05,Corn,Wisconsin,,Truck,3.7425,3.615,3.845,$ Per Bushel
2024-08-06,Corn,Illinois,,Truck,3.9918,3.7675,4.1875,$ Per Bushel
2024-08-06,Corn,Indiana,,Truck,3.7808,3.6175,4.0075,$ Per Bushel
2024-08-06,Corn,Iowa,,Truck,4.0375,3.8575,4.1575,$ Per Bushel
2024-08-06,Corn,Kansas,,Truck,4.3981,4.02,4.7075,$ Per Bushel
2024-08-06,Corn,Michigan,,Truck,3.495,3.3575,3.7075,$ Per Bushel
2024-08-06,Corn,Minnesota,,Truck,3.9946,3.7275,4.3075,$ Per Bushel
2024-08-06,Corn,Missouri,,Truck,3.7775,3.6575,3.9075,$ Per Bushel
2024-08-06,Corn,Nebraska,,Truck,4.1718,3.9875,4.4075,$ Per Bushel
2024-08-06,Corn,Ohio,,Truck,3.6992,3.6075,3.8075,$ Per Bushel
2024-08-06,Corn,South Dakota,,Truck,3.7229,3.4675,4.1075,$ Per Bushel
2024-08-06,Corn,Wisconsin,,Truck,3.785,3.6575,3.8875,$ Per Bushel
2024-08-07,Corn,Illinois,,Truck,3.9704,3.7475,4.1575,$ Per Bushel
2024-08-07,Corn,Indiana,,Truck,3.7597,3.6075,3.9875,$ Per Bushel
2024-08-07,Corn,Iowa,,Truck,4.1565,4.0375,4.3375,$ Per Bushel
2024-08-07,Corn,Kansas,,Truck,4.3788,4.0025,4.6875,$ Per Bushel
2024-08-07,Corn,Michigan,,Truck,3.4625,3.3375,3.6875,$ Per Bushel
2024-08-07,Corn,Minnesota,,Truck,3.9746,3.7075,4.2875,$ Per Bushel
2024-08-07,Corn,Missouri,,Truck,3.7625,3.6375,3.8875,$ Per Bushel
2024-08-07,Corn,Nebraska,,Truck,4.1304,3.9375,4.3875,$ Per Bushel
2024-08-07,Corn,Ohio,,Truck,3.6458,3.5375,3.7375,$ Per Bushel
2024-08-07,Corn,South Dakota,,Truck,3.7067,3.4475,4.0875,$ Per Bushel
2024-08-07,Corn,Wisconsin,,Truck,3.765,3.6375,3.8675,$ Per Bushel
2024-08-08,Corn,Illinois,,Truck,3.9118,3.6925,4.0725,$ Per Bushel
2024-08-08,Corn,Indiana,,Truck,3.7025,3.5525,3.9325,$ Per Bushel
2024-08-08,Corn,Iowa,,Truck,4.093,3.9625,4.2825,$ Per Bushel
2024-08-08,Corn,Kansas,,Truck,4.3263,3.9575,4.6325,$ Per Bushel
2024-08-08,Corn,Michigan,,Truck,3.395,3.2825,3.5825,$ Per Bushel
2024-08-08,Corn,Minnesota,,Truck,3.9196,3.6525,4.2325,$ Per Bushel
2024-08-08,Corn,Missouri,,Truck,3.7075,3.5825,3.8325,$ Per Bushel
2024-08-08,Corn,Nebraska,,Truck,4.0554,3.8825,4.3325,$ Per Bushel
2024-08-08,Corn,Ohio,,Truck,3.5908,3.4825,3.6825,$ Per Bushel
2024-08-08,Corn,South Dakota,,Truck,3.6456,3.3725,4.0325,$ Per Bushel
2024-08-08,Corn,Wisconsin,,Truck,3.71,3.5825,3.8125,$ Per Bushel
2024-08-09,Corn,Illinois,,Truck,3.8721,3.6525,4.0325,$ Per Bushel
2024-08-09,Corn,Indiana,,Truck,3.6525,3.5125,3.8925,$ Per Bushel
2024-08-09,Corn,Iowa,,Truck,4.0368,3.8425,4.1425,$ Per Bushel
2024-08-09,Corn,Kansas,,Truck,4.2869,3.92,4.5925,$ Per Bushel
2024-08-09,Corn,Michigan,,Truck,3.3675,3.2925,3.5425,$ Per Bushel
2024-08-09,Corn,Minnesota,,Truck,3.8754,3.5925,4.1925,$ Per Bushel
2024-08-09,Corn,Missouri,,Truck,3.6425,3.5425,3.7425,$ Per Bushel
2024-08-09,Corn,Nebraska,,Truck,3.9896,3.8225,4.2925,$ Per Bushel
2024-08-09,Corn,Ohio,,Truck,3.5425,3.4425,3.6425,$ Per Bushel
2024-08-09,Corn,South Dakota,,Truck,3.6048,3.3325,3.9925,$ Per Bushel
2024-08-09,Corn,Wisconsin,,Truck,3.67,3.5425,3.7725,$ Per Bushel
2024-08-12,Corn,Illinois,,Truck,3.835,3.6175,3.9875,$ Per Bushel
2024-08-12,Corn,Indiana,,Truck,3.6197,3.4875,3.7975,$ Per Bushel
2024-08-12,Corn,Iowa,,Truck,3.8833,3.7175,3.9675,$ Per Bushel
2024-08-12,Corn,Kansas,,Truck,4.2381,3.9,4.5675,$ Per Bushel
2024-08-12,Corn,Michigan,,Truck,3.3425,3.2675,3.5175,$ Per Bushel
2024-08-12,Corn,Minnesota,,Truck,3.8504,3.5675,4.1675,$ Per Bushel
2024-08-12,Corn,Missouri,,Truck,3.6175,3.5175,3.7175,$ Per Bushel
2024-08-12,Corn,Nebraska,,Truck,3.9489,3.7875,4.2675,$ Per Bushel
2024-08-12,Corn,Ohio,,Truck,3.5175,3.4175,3.6175,$ Per Bushel
2024-08-12,Corn,South Dakota,,Truck,3.5744,3.3075,3.9675,$ Per Bushel
2024-08-12,Corn,Wisconsin,,Truck,3.645,3.5175,3.7475,$ Per Bushel
2024-08-13,Corn,Illinois,,Truck,3.8757,3.6825,4.0525,$ Per Bushel
2024-08-13,Corn,Indiana,,Truck,3.6847,3.5525,3.8625,$ Per Bushel
2024-08-13,Corn,Iowa,,Truck,4.0606,3.8625,4.1825,$ Per Bushel
2024-08-13,Corn,Kansas,,Truck,4.3031,3.965,4.6325,$ Per Bushel
2024-08-13,Corn,Michigan,,Truck,3.4075,3.3325,3.5825,$ Per Bushel
2024-08-13,Corn,Minnesota,,Truck,3.9111,3.6325,4.2325,$ Per Bushel
2024-08-13,Corn,Missouri,,Truck,3.6825,3.5825,3.7825,$ Per Bushel
2024-08-13,Corn,Nebraska,,Truck,4.0075,3.8525,4.3325,$ Per Bushel
2024-08-13,Corn,Ohio,,Truck,3.5742,3.4825,3.6825,$ Per Bushel
2024-08-13,Corn,South Dakota,,Truck,3.6348,3.3825,4.0325,$ Per Bushel
2024-08-13,Corn,Wisconsin,,Truck,3.71,3.5825,3.8125,$ Per Bushel
2024-08-14,Corn,Illinois,,Truck,3.7811,3.5775,3.8775,$ Per Bushel
2024-08-14,Corn,Indiana,,Truck,3.6053,3.4975,3.7575,$ Per Bushel
2024-08-14,Corn,Iowa,,Truck,3.8933,3.7275,3.9775,$ Per Bushel
2024-08-14,Corn,Kansas,,Truck,4.2513,3.9225,4.5775,$ Per Bushel
2024-08-14,Corn,Michigan,,Truck,3.34,3.2775,3.4775,$ Per Bushel
2024-08-14,Corn,Minnesota,,Truck,3.8546,3.5775,4.1775,$ Per Bushel
2024-08-14,Corn,Missouri,,Truck,3.6175,3.5075,3.7075,$ Per Bushel
2024-08-14,Corn,Nebraska,,Truck,3.9471,3.7975,4.2775,$ Per Bushel
2024-08-14,Corn,Ohio,,Truck,3.5025,3.4275,3.5775,$ Per Bushel
2024-08-14,Corn,South Dakota,,Truck,3.5692,3.3275,3.9775,$ Per Bushel
2024-08-14,Corn,Wisconsin,,Truck,3.655,3.5275,3.7575,$ Per Bushel
2024-08-15,Corn,Illinois,,Truck,3.8139,3.61,3.91,$ Per Bushel
2024-08-15,Corn,Indiana,,Truck,3.6311,3.53,3.79,$ Per Bushel
2024-08-15,Corn,Iowa,,Truck,4.0224,3.78,4.16,$ Per Bushel
2024-08-15,Corn,Kansas,,Truck,4.2831,3.9575,4.61,$ Per Bushel
2024-08-15,Corn,Michigan,,Truck,3.3725,3.31,3.51,$ Per Bushel
2024-08-15,Corn,Minnesota,,Truck,3.8871,3.61,4.21,$ Per Bushel
2024-08-15,Corn,Missouri,,Truck,3.6425,3.54,3.71,$ Per Bushel
2024-08-15,Corn,Nebraska,,Truck,3.9784,3.83,4.31,$ Per Bushel
2024-08-15,Corn,Ohio,,Truck,3.5283,3.46,3.57,$ Per Bushel
2024-08-15,Corn,South Dakota,,Truck,3.6054,3.36,4.01,$ Per Bushel
2024-08-15,Corn,Wisconsin,,Truck,3.6875,3.56,3.79,$ Per Bushel
2024-08-16,Corn,Illinois,,Truck,3.7471,3.55,3.87,$ Per Bushel
2024-08-16,Corn,Indiana,,Truck,3.5711,3.47,3.73,$ Per Bushel
2024-08-16,Corn,Iowa,,Truck,3.8675,3.7,4.0,$ Per Bushel
2024-08-16,Corn,Kansas,,Truck,4.2275,3.87,4.55,$ Per Bushel
2024-08-16,Corn,Michigan,,Truck,3.3125,3.25,3.45,$ Per Bushel
2024-08-16,Corn,Minnesota,,Truck,3.8271,3.55,4.15,$ Per Bushel
2024-08-16,Corn,Missouri,,Truck,3.57,3.48,3.65,$ Per Bushel
2024-08-16,Corn,Nebraska,,Truck,3.9164,3.77,4.25,$ Per Bushel
2024-08-16,Corn,Ohio,,Truck,3.4683,3.4,3.51,$ Per Bushel
2024-08-16,Corn,South Dakota,,Truck,3.5423,3.3,3.95,$ Per Bushel
2024-08-16,Corn,Wisconsin,,Truck,3.6275,3.5,3.73,$ Per Bushel
2024-08-19,Corn,Illinois,,Truck,3.6893,3.505,3.805,$ Per Bushel
2024-08-19,Corn,Indiana,,Truck,3.5217,3.425,3.685,$ Per Bushel
2024-08-19,Corn,Iowa,,Truck,3.9107,3.675,4.105,$ Per Bushel
2024-08-19,Corn,Kansas,,Truck,4.1825,3.825,4.505,$ Per Bushel
2024-08-19,Corn,Michigan,,Truck,3.255,3.155,3.405,$ Per Bushel
2024-08-19,Corn,Minnesota,,Truck,3.785,3.505,4.105,$ Per Bushel
2024-08-19,Corn,Missouri,,Truck,3.55,3.435,3.705,$ Per Bushel
2024-08-19,Corn,Nebraska,,Truck,3.87,3.725,4.205,$ Per Bushel
2024-08-19,Corn,Ohio,,Truck,3.415,3.355,3.465,$ Per Bushel
2024-08-19,Corn,South Dakota,,Truck,3.4927,3.255,3.855,$ Per Bushel
2024-08-19,Corn,Wisconsin,,Truck,3.5675,3.455,3.635,$ Per Bushel
2024-08-20,Corn,Illinois,,Truck,3.7418,3.58,3.88,$ Per Bushel
2024-08-20,Corn,Indiana,,Truck,3.5856,3.5,3.73,$ Per Bushel
2024-08-20,Corn,Iowa,,Truck,3.9883,3.83,4.18,$ Per Bushel
2024-08-20,Corn,Kansas,,Truck,4.1192,3.9025,4.2525,$ Per Bushel
2024-08-20,Corn,Michigan,,Truck,3.3731,3.28,3.4525,$ Per Bushel
2024-08-20,Corn,Minnesota,,Truck,3.8457,3.58,4.08,$ Per Bushel
2024-08-20,Corn,Missouri,,Truck,3.605,3.48,3.78,$ Per Bushel
2024-08-20,Corn,Nebraska,,Truck,3.9488,3.8,4.28,$ Per Bushel
2024-08-20,Corn,Ohio,,Truck,3.4817,3.43,3.54,$ Per Bushel
2024-08-20,Corn,South Dakota,,Truck,3.5685,3.33,3.93,$ Per Bushel
2024-08-20,Corn,Wisconsin,,Truck,3.6425,3.53,3.71,$ Per Bushel
2024-08-21,Corn,Illinois,,Truck,3.7071,3.55,3.85,$ Per Bushel
2024-08-21,Corn,Indiana,,Truck,3.5422,3.47,3.65,$ Per Bushel
2024-08-21,Corn,Iowa,,Truck,3.8842,3.75,4.0,$ Per Bushel
2024-08-21,Corn,Kansas,,Truck,4.0967,3.88,4.23,$ Per Bushel
2024-08-21,Corn,Michigan,,Truck,3.345,3.25,3.43,$ Per Bushel
2024-08-21,Corn,Minnesota,,Truck,3.8157,3.55,4.05,$ Per Bushel
2024-08-21,Corn,Missouri,,Truck,3.5675,3.45,3.75,$ Per Bushel
2024-08-21,Corn,Nebraska,,Truck,3.9079,3.76,4.15,$ Per Bushel
2024-08-21,Corn,Ohio,,Truck,3.4283,3.37,3.5,$ Per Bushel
2024-08-21,Corn,South Dakota,,Truck,3.5377,3.3,3.85,$ Per Bushel
2024-08-21,Corn,Wisconsin,,Truck,3.6125,3.5,3.68,$ Per Bushel
2024-08-22,Corn,Illinois,,Truck,3.7146,3.555,3.855,$ Per Bushel
2024-08-22,Corn,Indiana,,Truck,3.5294,3.455,3.655,$ Per Bushel
2024-08-22,Corn,Iowa,,Truck,3.96,3.755,4.145,$ Per Bushel
2024-08-22,Corn,Kansas,,Truck,4.0992,3.8825,4.2325,$ Per Bushel
2024-08-22,Corn,Michigan,,Truck,3.3494,3.255,3.4325,$ Per Bushel
2024-08-22,Corn,Minnesota,,Truck,3.8264,3.555,4.055,$ Per Bushel
2024-08-22,Corn,Missouri,,Truck,3.555,3.405,3.755,$ Per Bushel
2024-08-22,Corn,Nebraska,,Truck,3.9061,3.7625,4.105,$ Per Bushel
2024-08-22,Corn,Ohio,,Truck,3.4333,3.375,3.505,$ Per Bushel
2024-08-22,Corn,South Dakota,,Truck,3.5388,3.305,3.835,$ Per Bushel
2024-08-22,Corn,Wisconsin,,Truck,3.6119,3.5325,3.685,$ Per Bushel
2024-08-23,Corn,Illinois,,Truck,3.6736,3.515,3.815,$ Per Bushel
2024-08-23,Corn,Indiana,,Truck,3.4783,3.395,3.615,$ Per Bushel
2024-08-23,Corn,Iowa,,Truck,3.8642,3.765,3.965,$ Per Bushel
2024-08-23,Corn,Kansas,,Truck,4.0517,3.835,4.185,$ Per Bushel
2024-08-23,Corn,Michigan,,Truck,3.2525,3.165,3.365,$ Per Bushel
2024-08-23,Corn,Minnesota,,Truck,3.7864,3.515,4.015,$ Per Bushel
2024-08-23,Corn,Missouri,,Truck,3.515,3.365,3.715,$ Per Bushel
2024-08-23,Corn,Nebraska,,Truck,3.8743,3.715,4.035,$ Per Bushel
2024-08-23,Corn,Ohio,,Truck,3.3933,3.335,3.465,$ Per Bushel
2024-08-23,Corn,South Dakota,,Truck,3.4958,3.265,3.795,$ Per Bushel
2024-08-23,Corn,Wisconsin,,Truck,3.57,3.485,3.645,$ Per Bushel
2024-08-26,Corn,Illinois,,Truck,3.6339,3.4775,3.75,$ Per Bushel
2024-08-26,Corn,Indiana,,Truck,3.4536,3.3575,3.71,$ Per Bushel
2024-08-26,Corn,Iowa,,Truck,3.9035,3.7275,4.3275,$ Per Bushel
2024-08-26,Corn,Kansas,,Truck,4.0267,3.81,4.16,$ Per Bushel
2024-08-26,Corn,Michigan,,Truck,3.2731,3.1775,3.36,$ Per Bushel
2024-08-26,Corn,Minnesota,,Truck,3.7489,3.4775,3.9775,$ Per Bushel
2024-08-26,Corn,Missouri,,Truck,3.4775,3.3275,3.6775,$ Per Bushel
2024-08-26,Corn,Nebraska,,Truck,3.8452,3.69,4.01,$ Per Bushel
2024-08-26,Corn,Ohio,,Truck,3.3225,3.2275,3.4275,$ Per Bushel
2024-08-26,Corn,South Dakota,,Truck,3.4615,3.2275,3.77,$ Per Bushel
2024-08-26,Corn,Wisconsin,,Truck,3.5356,3.46,3.6075,$ Per Bushel
2024-08-27,Corn,Illinois,,Truck,3.59,3.42,3.765,$ Per Bushel
2024-08-27,Corn,Indiana,,Truck,3.4067,3.32,3.715,$ Per Bushel
2024-08-27,Corn,Iowa,,Truck,3.8655,3.68,4.22,$ Per Bushel
2024-08-27,Corn,Kansas,,Truck,3.965,3.765,4.065,$ Per Bushel
2024-08-27,Corn,Michigan,,Truck,3.2188,3.12,3.315,$ Per Bushel
2024-08-27,Corn,Minnesota,,Truck,3.695,3.42,3.92,$ Per Bushel
2024-08-27,Corn,Missouri,,Truck,3.4313,3.27,3.62,$ Per Bushel
2024-08-27,Corn,Nebraska,,Truck,3.8032,3.645,3.965,$ Per Bushel
2024-08-27,Corn,Ohio,,Truck,3.265,3.17,3.37,$ Per Bushel
2024-08-27,Corn,South Dakota,,Truck,3.4185,3.17,3.735,$ Per Bushel
2024-08-27,Corn,Wisconsin,,Truck,3.4813,3.415,3.55,$ Per Bushel
2024-08-28,Corn,Illinois,,Truck,3.6611,3.4725,3.8275,$ Per Bushel
2024-08-28,Corn,Indiana,,Truck,3.4614,3.3725,3.7775,$ Per Bushel
2024-08-28,Corn,Iowa,,Truck,3.9368,3.7575,4.2525,$ Per Bushel
2024-08-28,Corn,Kansas,,Truck,3.9942,3.8275,4.1275,$ Per Bushel
2024-08-28,Corn,Michigan,,Truck,3.2738,3.1725,3.3775,$ Per Bushel
2024-08-28,Corn,Minnesota,,Truck,3.7489,3.4725,3.9725,$ Per Bushel
2024-08-28,Corn,Missouri,,Truck,3.4863,3.3225,3.6725,$ Per Bushel
2024-08-28,Corn,Nebraska,,Truck,3.8693,3.7075,4.0275,$ Per Bushel
2024-08-28,Corn,Ohio,,Truck,3.3258,3.2225,3.4725,$ Per Bushel
2024-08-28,Corn,South Dakota,,Truck,3.4863,3.2725,3.8075,$ Per Bushel
2024-08-28,Corn,Wisconsin,,Truck,3.5958,3.4725,3.7125,$ Per Bushel
2024-08-29,Corn,Illinois,,Truck,3.6411,3.4525,3.8075,$ Per Bushel
2024-08-29,Corn,Indiana,,Truck,3.4458,3.3525,3.7575,$ Per Bushel
2024-08-29,Corn,Iowa,,Truck,3.8442,3.6825,3.9875,$ Per Bushel
2024-08-29,Corn,Kansas,,Truck,3.9742,3.8075,4.1075,$ Per Bushel
2024-08-29,Corn,Michigan,,Truck,3.2538,3.1525,3.3575,$ Per Bushel
2024-08-29,Corn,Minnesota,,Truck,3.7325,3.4525,3.9525,$ Per Bushel
2024-08-29,Corn,Missouri,,Truck,3.4988,3.3025,3.6575,$ Per Bushel
2024-08-29,Corn,Nebraska,,Truck,3.8568,3.6875,4.0075,$ Per Bushel
2024-08-29,Corn,Ohio,,Truck,3.3058,3.2025,3.4525,$ Per Bushel
2024-08-29,Corn,South Dakota,,Truck,3.4617,3.2525,3.8075,$ Per Bushel
2024-08-29,Corn,Wisconsin,,Truck,3.5463,3.4525,3.6925,$ Per Bushel
2024-08-30,Corn,Illinois,,Truck,3.7054,3.5175,3.86,$ Per Bushel
2024-08-30,Corn,Indiana,,Truck,3.5267,3.4175,3.81,$ Per Bushel
2024-08-30,Corn,Iowa,,Truck,3.9907,3.76,4.25,$ Per Bushel
2024-08-30,Corn,Kansas,,Truck,4.0267,3.86,4.16,$ Per Bushel
2024-08-30,Corn,Michigan,,Truck,3.3138,3.2175,3.41,$ Per Bushel
2024-08-30,Corn,Minnesota,,Truck,3.7968,3.5175,4.0175,$ Per Bushel
2024-08-30,Corn,Missouri,,Truck,3.5781,3.4175,3.7175,$ Per Bushel
2024-08-30,Corn,Nebraska,,Truck,3.917,3.74,4.0675,$ Per Bushel
2024-08-30,Corn,Ohio,,Truck,3.3913,3.2675,3.5175,$ Per Bushel
2024-08-30,Corn,South Dakota,,Truck,3.5331,3.3175,3.86,$ Per Bushel
2024-08-30,Corn,Wisconsin,,Truck,3.5956,3.4675,3.7575,$ Per Bushel
2024-09-03,Corn,Illinois,,Truck,3.7771,3.58,3.91,$ Per Bushel
2024-09-03,Corn,Indiana,,Truck,3.5822,3.48,3.86,$ Per Bushel
2024-09-03,Corn,Iowa,,Truck,4.0557,3.81,4.3,$ Per Bushel
2024-09-03,Corn,Kansas,,Truck,4.0433,3.91,4.21,$ Per Bushel
2024-09-03,Corn,Michigan,,Truck,3.37,3.28,3.46,$ Per Bushel
2024-09-03,Corn,Minnesota,,Truck,3.8614,3.59,4.08,$ Per Bushel
2024-09-03,Corn,Missouri,,Truck,3.6375,3.48,3.78,$ Per Bushel
2024-09-03,Corn,Nebraska,,Truck,3.9629,3.79,4.18,$ Per Bushel
2024-09-03,Corn,Ohio,,Truck,3.4417,3.33,3.58,$ Per Bushel
2024-09-03,Corn,South Dakota,,Truck,3.5969,3.38,3.91,$ Per Bushel
2024-09-03,Corn,Wisconsin,,Truck,3.655,3.53,3.82,$ Per Bushel
2024-09-04,Corn,Illinois,,Truck,3.8911,3.6425,4.0125,$ Per Bushel
2024-09-04,Corn,Indiana,,Truck,3.6958,3.5825,3.9425,$ Per Bushel
2024-09-04,Corn,Iowa,,Truck,4.0675,3.8225,4.2625,$ Per Bushel
2024-09-04,Corn,Kansas,,Truck,4.1592,4.0925,4.2925,$ Per Bushel
2024-09-04,Corn,Michigan,,Truck,3.4106,3.3425,3.4925,$ Per Bushel
2024-09-04,Corn,Minnesota,,Truck,3.9454,3.6725,4.1925,$ Per Bushel
2024-09-04,Corn,Missouri,,Truck,3.735,3.5625,3.8925,$ Per Bushel
2024-09-04,Corn,Nebraska,,Truck,4.0682,3.8725,4.2925,$ Per Bushel
2024-09-04,Corn,Ohio,,Truck,3.5458,3.4925,3.7125,$ Per Bushel
2024-09-04,Corn,South Dakota,,Truck,3.7071,3.4925,3.9925,$ Per Bushel
2024-09-04,Corn,Wisconsin,,Truck,3.7806,3.6425,3.905,$ Per Bushel
2024-09-05,Corn,Illinois,,Truck,3.9332,3.6775,4.0475,$ Per Bushel
2024-09-05,Corn,Indiana,,Truck,3.7308,3.6175,3.9775,$ Per Bushel
2024-09-05,Corn,Iowa,,Truck,4.1865,3.9275,4.4775,$ Per Bushel
2024-09-05,Corn,Kansas,,Truck,4.1942,4.1275,4.3275,$ Per Bushel
2024-09-05,Corn,Michigan,,Truck,3.4525,3.3775,3.5275,$ Per Bushel
2024-09-05,Corn,Minnesota,,Truck,3.9875,3.7075,4.2275,$ Per Bushel
2024-09-05,Corn,Missouri,,Truck,3.765,3.5775,3.9275,$ Per Bushel
2024-09-05,Corn,Nebraska,,Truck,4.1082,3.9075,4.3275,$ Per Bushel
2024-09-05,Corn,Ohio,,Truck,3.5775,3.5075,3.7475,$ Per Bushel
2024-09-05,Corn,South Dakota,,Truck,3.7398,3.5275,4.0275,$ Per Bushel
2024-09-05,Corn,Wisconsin,,Truck,3.8044,3.6275,3.945,$ Per Bushel
2024-09-06,Corn,Illinois,,Truck,3.9204,3.6575,4.0875,$ Per Bushel
2024-09-06,Corn,Indiana,,Truck,3.7042,3.5575,3.9575,$ Per Bushel
2024-09-06,Corn,Iowa,,Truck,4.0983,3.9575,4.2775,$ Per Bushel
2024-09-06,Corn,Kansas,,Truck,4.1742,4.1075,4.3075,$ Per Bushel
2024-09-06,Corn,Michigan,,Truck,3.4325,3.3575,3.5075,$ Per Bushel
2024-09-06,Corn,Minnesota,,Truck,3.9646,3.6875,4.2075,$ Per Bushel
2024-09-06,Corn,Missouri,,Truck,3.74,3.5575,3.9075,$ Per Bushel
2024-09-06,Corn,Nebraska,,Truck,4.0918,3.8875,4.3075,$ Per Bushel
2024-09-06,Corn,Ohio,,Truck,3.5575,3.4875,3.7275,$ Per Bushel
2024-09-06,Corn,South Dakota,,Truck,3.7367,3.5075,4.0075,$ Per Bushel
2024-09-06,Corn,Wisconsin,,Truck,3.7881,3.6075,3.94,$ Per Bushel
2024-09-09,Corn,Illinois,,Truck,3.8796,3.6125,4.0425,$ Per Bushel
2024-09-09,Corn,Indiana,,Truck,3.6925,3.5125,4.0125,$ Per Bushel
2024-09-09,Corn,Iowa,,Truck,4.1439,3.8625,4.5625,$ Per Bushel
2024-09-09,Corn,Kansas,,Truck,4.1625,4.0625,4.2625,$ Per Bushel
2024-09-09,Corn,Michigan,,Truck,3.3875,3.3125,3.4625,$ Per Bushel
2024-09-09,Corn,Minnesota,,Truck,3.9268,3.6425,4.2125,$ Per Bushel
2024-09-09,Corn,Missouri,,Truck,3.695,3.5125,3.8625,$ Per Bushel
2024-09-09,Corn,Nebraska,,Truck,4.0468,3.8425,4.2625,$ Per Bushel
2024-09-09,Corn,Ohio,,Truck,3.5125,3.4425,3.6825,$ Per Bushel
2024-09-09,Corn,South Dakota,,Truck,3.6917,3.4425,3.9625,$ Per Bushel
2024-09-09,Corn,Wisconsin,,Truck,3.7388,3.5625,3.8775,$ Per Bushel
2024-09-10,Corn,Illinois,,Truck,3.8768,3.6225,4.0325,$ Per Bushel
2024-09-10,Corn,Indiana,,Truck,3.7081,3.5225,4.0225,$ Per Bushel
2024-09-10,Corn,Iowa,,Truck,4.1515,3.8725,4.5725,$ Per Bushel
2024-09-10,Corn,Kansas,,Truck,4.1725,4.0725,4.2725,$ Per Bushel
2024-09-10,Corn,Michigan,,Truck,3.3975,3.3225,3.4725,$ Per Bushel
2024-09-10,Corn,Minnesota,,Truck,3.9368,3.6525,4.2225,$ Per Bushel
2024-09-10,Corn,Missouri,,Truck,3.6625,3.5225,3.8025,$ Per Bushel
2024-09-10,Corn,Nebraska,,Truck,4.0639,3.8525,4.2725,$ Per Bushel
2024-09-10,Corn,Ohio,,Truck,3.5308,3.4525,3.6925,$ Per Bushel
2024-09-10,Corn,South Dakota,,Truck,3.6887,3.4525,3.9725,$ Per Bushel
2024-09-10,Corn,Wisconsin,,Truck,3.7475,3.5725,3.8825,$ Per Bushel
2024-09-11,Corn,Illinois,,Truck,3.8396,3.5925,4.0925,$ Per Bushel
2024-09-11,Corn,Indiana,,Truck,3.6781,3.4925,3.9925,$ Per Bushel
2024-09-11,Corn,Iowa,,Truck,4.1282,3.8125,4.5425,$ Per Bushel
2024-09-11,Corn,Kansas,,Truck,4.1425,4.0425,4.2425,$ Per Bushel
2024-09-11,Corn,Michigan,,Truck,3.38,3.3425,3.4425,$ Per Bushel
2024-09-11,Corn,Minnesota,,Truck,3.9068,3.6225,4.1925,$ Per Bushel
2024-09-11,Corn,Missouri,,Truck,3.6275,3.4925,3.7525,$ Per Bushel
2024-09-11,Corn,Nebraska,,Truck,4.0432,3.8225,4.2425,$ Per Bushel
2024-09-11,Corn,Ohio,,Truck,3.5058,3.4225,3.6925,$ Per Bushel
2024-09-11,Corn,South Dakota,,Truck,3.661,3.4225,3.9725,$ Per Bushel
2024-09-11,Corn,Wisconsin,,Truck,3.7081,3.5425,3.835,$ Per Bushel
2024-09-12,Corn,Illinois,,Truck,3.8461,3.5975,4.1475,$ Per Bushel
2024-09-12,Corn,Indiana,,Truck,3.6975,3.4975,3.9975,$ Per Bushel
2024-09-12,Corn,Iowa,,Truck,4.0325,3.8975,4.2475,$ Per Bushel
2024-09-12,Corn,Kansas,,Truck,4.1475,4.0475,4.2475,$ Per Bushel
2024-09-12,Corn,Michigan,,Truck,3.385,3.3475,3.4475,$ Per Bushel
2024-09-12,Corn,Minnesota,,Truck,3.9118,3.6275,4.1975,$ Per Bushel
2024-09-12,Corn,Missouri,,Truck,3.6275,3.4975,3.7575,$ Per Bushel
2024-09-12,Corn,Nebraska,,Truck,4.0411,3.8275,4.2475,$ Per Bushel
2024-09-12,Corn,Ohio,,Truck,3.5108,3.4275,3.6975,$ Per Bushel
2024-09-12,Corn,South Dakota,,Truck,3.6675,3.4275,4.0075,$ Per Bushel
2024-09-12,Corn,Wisconsin,,Truck,3.7144,3.5475,3.845,$ Per Bushel
2024-09-13,Corn,Illinois,,Truck,3.8414,3.61,4.16,$ Per Bushel
2024-09-13,Corn,Indiana,,Truck,3.7011,3.51,4.01,$ Per Bushel
2024-09-13,Corn,Iowa,,Truck,4.1538,3.86,4.56,$ Per Bushel
2024-09-13,Corn,Kansas,,Truck,4.17,4.06,4.26,$ Per Bushel
2024-09-13,Corn,Michigan,,Truck,3.3975,3.36,3.46,$ Per Bushel
2024-09-13,Corn,Minnesota,,Truck,3.9386,3.64,4.26,$ Per Bushel
2024-09-13,Corn,Missouri,,Truck,3.61,3.46,3.76,$ Per Bushel
2024-09-13,Corn,Nebraska,,Truck,4.0464,3.84,4.21,$ Per Bushel
2024-09-13,Corn,Ohio,,Truck,3.5233,3.44,3.71,$ Per Bushel
2024-09-13,Corn,South Dakota,,Truck,3.6838,3.39,4.02,$ Per Bushel
2024-09-13,Corn,Wisconsin,,Truck,3.7256,3.51,3.9025,$ Per Bushel
2024-09-16,Corn,Illinois,,Truck,3.9154,3.6825,4.2325,$ Per Bushel
2024-09-16,Corn,Indiana,,Truck,3.7692,3.5825,4.0825,$ Per Bushel
2024-09-16,Corn,Iowa,,Truck,4.2215,3.9325,4.6325,$ Per Bushel
2024-09-16,Corn,Kansas,,Truck,4.2492,4.1325,4.3325,$ Per Bushel
2024-09-16,Corn,Michigan,,Truck,3.47,3.4325,3.5325,$ Per Bushel
2024-09-16,Corn,Minnesota,,Truck,4.0254,3.7125,4.3325,$ Per Bushel
2024-09-16,Corn,Missouri,,Truck,3.665,3.5325,3.8125,$ Per Bushel
2024-09-16,Corn,Nebraska,,Truck,4.1096,3.9125,4.2325,$ Per Bushel
2024-09-16,Corn,Ohio,,Truck,3.5958,3.5125,3.7825,$ Per Bushel
2024-09-16,Corn,South Dakota,,Truck,3.7556,3.4525,4.0925,$ Per Bushel
2024-09-16,Corn,Wisconsin,,Truck,3.7863,3.5825,3.9475,$ Per Bushel
2024-09-17,Corn,Illinois,,Truck,3.8875,3.6575,4.2075,$ Per Bushel
2024-09-17,Corn,Indiana,,Truck,3.7408,3.5575,4.0075,$ Per Bushel
2024-09-17,Corn,Iowa,,Truck,4.1937,3.9075,4.5075,$ Per Bushel
2024-09-17,Corn,Kansas,,Truck,4.2242,4.1075,4.3075,$ Per Bushel
2024-09-17,Corn,Michigan,,Truck,3.47,3.4075,3.5575,$ Per Bushel
2024-09-17,Corn,Minnesota,,Truck,4.0075,3.6875,4.3075,$ Per Bushel
2024-09-17,Corn,Missouri,,Truck,3.625,3.5075,3.7575,$ Per Bushel
2024-09-17,Corn,Nebraska,,Truck,4.0825,3.8875,4.2575,$ Per Bushel
2024-09-17,Corn,Ohio,,Truck,3.6125,3.4875,3.7575,$ Per Bushel
2024-09-17,Corn,South Dakota,,Truck,3.7375,3.4275,4.0675,$ Per Bushel
2024-09-17,Corn,Wisconsin,,Truck,3.745,3.5575,3.8575,$ Per Bushel
2024-09-18,Corn,Illinois,,Truck,3.8693,3.675,3.975,$ Per Bushel
2024-09-18,Corn,Indiana,,Truck,3.7494,3.575,4.025,$ Per Bushel
2024-09-18,Corn,Iowa,,Truck,4.2107,3.925,4.475,$ Per Bushel
2024-09-18,Corn,Kansas,,Truck,4.2417,4.125,4.325,$ Per Bushel
2024-09-18,Corn,Michigan,,Truck,3.4625,3.425,3.525,$ Per Bushel
2024-09-18,Corn,Minnesota,,Truck,4.025,3.705,4.325,$ Per Bushel
2024-09-18,Corn,Missouri,,Truck,3.6275,3.505,3.755,$ Per Bushel
2024-09-18,Corn,Nebraska,,Truck,4.0943,3.905,4.275,$ Per Bushel
2024-09-18,Corn,Ohio,,Truck,3.6183,3.505,3.705,$ Per Bushel
2024-09-18,Corn,South Dakota,,Truck,3.7542,3.445,4.075,$ Per Bushel
2024-09-18,Corn,Wisconsin,,Truck,3.75,3.575,3.875,$ Per Bushel
2024-09-19,Corn,Illinois,,Truck,3.8675,3.6775,3.9775,$ Per Bushel
2024-09-19,Corn,Indiana,,Truck,3.7431,3.5775,3.9775,$ Per Bushel
2024-09-19,Corn,Iowa,,Truck,4.1467,3.9275,4.3775,$ Per Bushel
2024-09-19,Corn,Kansas,,Truck,4.2608,4.1275,4.3275,$ Per Bushel
2024-09-19,Corn,Michigan,,Truck,3.465,3.4275,3.5275,$ Per Bushel
2024-09-19,Corn,Minnesota,,Truck,4.0275,3.7075,4.3275,$ Per Bushel
2024-09-19,Corn,Missouri,,Truck,3.605,3.4775,3.7275,$ Per Bushel
2024-09-19,Corn,Nebraska,,Truck,4.0882,3.8875,4.2775,$ Per Bushel
2024-09-19,Corn,Ohio,,Truck,3.6208,3.5075,3.7075,$ Per Bushel
2024-09-19,Corn,South Dakota,,Truck,3.7529,3.4375,4.0575,$ Per Bushel
2024-09-19,Corn,Wisconsin,,Truck,3.74,3.5275,3.8775,$ Per Bushel
2024-09-20,Corn,Illinois,,Truck,3.7875,3.6075,3.9075,$ Per Bushel
2024-09-20,Corn,Indiana,,Truck,3.6642,3.5075,3.9075,$ Per Bushel
2024-09-20,Corn,Iowa,,Truck,4.0789,3.7975,4.3375,$ Per Bushel
2024-09-20,Corn,Kansas,,Truck,4.2275,4.0575,4.4075,$ Per Bushel
2024-09-20,Corn,Michigan,,Truck,3.4325,3.3575,3.5075,$ Per Bushel
2024-09-20,Corn,Minnesota,,Truck,3.9575,3.6375,4.2575,$ Per Bushel
2024-09-20,Corn,Missouri,,Truck,3.52,3.4075,3.6575,$ Per Bushel
2024-09-20,Corn,Nebraska,,Truck,4.0132,3.8175,4.2075,$ Per Bushel
2024-09-20,Corn,Ohio,,Truck,3.5675,3.4875,3.6375,$ Per Bushel
2024-09-20,Corn,South Dakota,,Truck,3.6852,3.3675,3.9875,$ Per Bushel
2024-09-20,Corn,Wisconsin,,Truck,3.67,3.4575,3.8075,$ Per Bushel
2024-09-20,Sorghum,Kansas,,Truck,4.3075,4.3075,4.3075,$ Per Bushel
2024-09-23,Corn,Illinois,,Truck,3.7446,3.5675,3.8675,$ Per Bushel
2024-09-23,Corn,Indiana,,Truck,3.6053,3.4675,3.8175,$ Per Bushel
2024-09-23,Corn,Iowa,,Truck,4.0223,3.7175,4.2975,$ Per Bushel
2024-09-23,Corn,Kansas,,Truck,4.1875,4.0175,4.3675,$ Per Bushel
2024-09-23,Corn,Michigan,,Truck,3.3925,3.3175,3.4675,$ Per Bushel
2024-09-23,Corn,Minnesota,,Truck,3.9175,3.5975,4.2175,$ Per Bushel
2024-09-23,Corn,Missouri,,Truck,3.4725,3.3675,3.6175,$ Per Bushel
2024-09-23,Corn,Nebraska,,Truck,3.9696,3.7775,4.1675,$ Per Bushel
2024-09-23,Corn,Ohio,,Truck,3.5158,3.4475,3.5975,$ Per Bushel
2024-09-23,Corn,South Dakota,,Truck,3.649,3.3475,3.9475,$ Per Bushel
2024-09-23,Corn,Wisconsin,,Truck,3.63,3.4175,3.7675,$ Per Bushel
2024-09-23,Sorghum,Kansas,,Truck,4.2675,4.2675,4.2675,$ Per Bushel
2024-09-24,Corn,Illinois,,Truck,3.8621,3.685,3.985,$ Per Bushel
2024-09-24,Corn,Indiana,,Truck,3.715,3.585,3.935,$ Per Bushel
2024-09-24,Corn,Iowa,,Truck,4.0783,3.795,4.415,$ Per Bushel
2024-09-24,Corn,Kansas,,Truck,4.2925,4.085,4.485,$ Per Bushel
2024-09-24,Corn,Michigan,,Truck,3.535,3.435,3.635,$ Per Bushel
2024-09-24,Corn,Minnesota,,Truck,4.035,3.715,4.335,$ Per Bushel
2024-09-24,Corn,Missouri,,Truck,3.59,3.485,3.735,$ Per Bushel
2024-09-24,Corn,Nebraska,,Truck,4.0693,3.895,4.285,$ Per Bushel
2024-09-24,Corn,Ohio,,Truck,3.6583,3.565,3.715,$ Per Bushel
2024-09-24,Corn,South Dakota,,Truck,3.7681,3.465,4.035,$ Per Bushel
2024-09-24,Corn,Wisconsin,,Truck,3.735,3.535,3.885,$ Per Bushel
2024-09-24,Sorghum,Kansas,,Truck,4.385,4.385,4.385,$ Per Bushel
2024-09-25,Corn,Illinois,,Truck,3.8446,3.6675,3.9675,$ Per Bushel
2024-09-25,Corn,Indiana,,Truck,3.6975,3.5675,3.9175,$ Per Bushel
2024-09-25,Corn,Iowa,,Truck,4.0594,3.7775,4.3975,$ Per Bushel
2024-09-25,Corn,Kansas,,Truck,4.275,4.0675,4.4675,$ Per Bushel
2024-09-25,Corn,Michigan,,Truck,3.5925,3.5675,3.6175,$ Per Bushel
2024-09-25,Corn,Minnesota,,Truck,4.0132,3.6975,4.3175,$ Per Bushel
2024-09-25,Corn,Missouri,,Truck,3.5675,3.4675,3.7175,$ Per Bushel
2024-09-25,Corn,Nebraska,,Truck,4.0475,3.8775,4.2675,$ Per Bushel
2024-09-25,Corn,Ohio,,Truck,3.6492,3.5475,3.7175,$ Per Bushel
2024-09-25,Corn,South Dakota,,Truck,3.7467,3.4475,4.0175,$ Per Bushel
2024-09-25,Corn,Wisconsin,,Truck,3.7175,3.5175,3.8675,$ Per Bushel
2024-09-25,Sorghum,Kansas,,Truck,4.3675,4.3675,4.3675,$ Per Bushel
2024-09-26,Corn,Illinois,,Truck,3.8982,3.7025,4.0025,$ Per Bushel
2024-09-26,Corn,Indiana,,Truck,3.7269,3.6025,3.9525,$ Per Bushel
2024-09-26,Corn,Iowa,,Truck,4.0887,3.8125,4.4325,$ Per Bushel
2024-09-26,Corn,Kansas,,Truck,4.31,4.1025,4.5025,$ Per Bushel
2024-09-26,Corn,Michigan,,Truck,3.6275,3.6025,3.6525,$ Per Bushel
2024-09-26,Corn,Minnesota,,Truck,4.0482,3.7325,4.3525,$ Per Bushel
2024-09-26,Corn,Missouri,,Truck,3.6025,3.5025,3.7525,$ Per Bushel
2024-09-26,Corn,Nebraska,,Truck,4.0789,3.9125,4.3025,$ Per Bushel
2024-09-26,Corn,Ohio,,Truck,3.6792,3.5825,3.7525,$ Per Bushel
2024-09-26,Corn,South Dakota,,Truck,3.7802,3.4825,4.0325,$ Per Bushel
2024-09-26,Corn,Wisconsin,,Truck,3.7525,3.5525,3.9025,$ Per Bushel
2024-09-26,Sorghum,Kansas,,Truck,4.4025,4.4025,4.4025,$ Per Bushel
2024-09-27,Corn,Illinois,,Truck,3.8854,3.6825,4.0025,$ Per Bushel
2024-09-27,Corn,Indiana,,Truck,3.7069,3.5825,3.9325,$ Per Bushel
2024-09-27,Corn,Iowa,,Truck,4.0582,3.7925,4.4125,$ Per Bushel
2024-09-27,Corn,Kansas,,Truck,4.3075,4.0825,4.4825,$ Per Bushel
2024-09-27,Corn,Michigan,,Truck,3.6075,3.5825,3.6325,$ Per Bushel
2024-09-27,Corn,Minnesota,,Truck,4.0168,3.7125,4.3325,$ Per Bushel
2024-09-27,Corn,Missouri,,Truck,3.5825,3.4825,3.7325,$ Per Bushel
2024-09-27,Corn,Nebraska,,Truck,4.0668,3.8925,4.2825,$ Per Bushel
2024-09-27,Corn,Ohio,,Truck,3.6642,3.5625,3.7325,$ Per Bushel
2024-09-27,Corn,South Dakota,,Truck,3.7471,3.4625,3.9425,$ Per Bushel
2024-09-27,Corn,Wisconsin,,Truck,3.72,3.5325,3.8825,$ Per Bushel
2024-09-27,Sorghum,Kansas,,Truck,4.3825,4.3825,4.3825,$ Per Bushel
2024-09-30,Corn,Illinois,,Truck,3.9314,3.73,4.04,$ Per Bushel
2024-09-30,Corn,Indiana,,Truck,3.7544,3.63,3.98,$ Per Bushel
2024-09-30,Corn,Iowa,,Truck,4.0843,3.82,4.38,$ Per Bushel
2024-09-30,Corn,Kansas,,Truck,4.355,4.13,4.53,$ Per Bushel
2024-09-30,Corn,Michigan,,Truck,3.655,3.63,3.68,$ Per Bushel
2024-09-30,Corn,Minnesota,,Truck,4.05,3.76,4.38,$ Per Bushel
2024-09-30,Corn,Missouri,,Truck,3.63,3.53,3.78,$ Per Bushel
2024-09-30,Corn,Nebraska,,Truck,4.1079,3.94,4.33,$ Per Bushel
2024-09-30,Corn,Ohio,,Truck,3.7117,3.61,3.78,$ Per Bushel
2024-09-30,Corn,South Dakota,,Truck,3.7931,3.51,3.99,$ Per Bushel
2024-09-30,Corn,Wisconsin,,Truck,3.7675,3.58,3.93,$ Per Bushel
2024-09-30,Sorghum,Kansas,,Truck,4.43,4.43,4.43,$ Per Bushel
2024-10-01,Corn,Illinois,,Truck,4.0018,3.7975,4.1275,$ Per Bushel
2024-10-01,Corn,Indiana,,Truck,3.8219,3.6975,4.0475,$ Per Bushel
2024-10-01,Corn,Iowa,,Truck,4.1204,3.8875,4.3275,$ Per Bushel
2024-10-01,Corn,Kansas,,Truck,4.4225,4.1975,4.5975,$ Per Bushel
2024-10-01,Corn,Michigan,,Truck,3.7225,3.6975,3.7475,$ Per Bushel
2024-10-01,Corn,Minnesota,,Truck,4.1175,3.8275,4.4475,$ Per Bushel
2024-10-01,Corn,Missouri,,Truck,3.6975,3.5975,3.8475,$ Per Bushel
2024-10-01,Corn,Nebraska,,Truck,4.1646,4.0075,4.3975,$ Per Bushel
2024-10-01,Corn,Ohio,,Truck,3.7792,3.6775,3.8475,$ Per Bushel
2024-10-01,Corn,South Dakota,,Truck,3.8498,3.5775,4.0575,$ Per Bushel
2024-10-01,Corn,Wisconsin,,Truck,3.835,3.6475,3.9975,$ Per Bushel
2024-10-01,Sorghum,Kansas,,Truck,4.4975,4.4975,4.4975,$ Per Bushel
2024-10-02,Corn,Illinois,,Truck,4.0571,3.84,4.21,$ Per Bushel
2024-10-02,Corn,Indiana,,Truck,3.8478,3.79,4.09,$ Per Bushel
2024-10-02,Corn,Iowa,,Truck,4.1276,3.93,4.37,$ Per Bushel
2024-10-02,Corn,Kansas,,Truck,4.4733,4.24,4.64,$ Per Bushel
2024-10-02,Corn,Michigan,,Truck,3.765,3.74,3.79,$ Per Bushel
2024-10-02,Corn,Minnesota,,Truck,4.1186,3.89,4.32,$ Per Bushel
2024-10-02,Corn,Missouri,,Truck,3.7275,3.59,3.89,$ Per Bushel
2024-10-02,Corn,Nebraska,,Truck,4.2071,4.05,4.44,$ Per Bushel
2024-10-02,Corn,Ohio,,Truck,3.8083,3.69,3.89,$ Per Bushel
2024-10-02,Corn,South Dakota,,Truck,3.8854,3.66,4.1,$ Per Bushel
2024-10-02,Corn,Wisconsin,,Truck,3.8775,3.64,4.09,$ Per Bushel
2024-10-02,Sorghum,Kansas,,Truck,4.54,4.54,4.54,$ Per Bushel
2024-10-03,Corn,Illinois,,Truck,4.0879,3.875,4.245,$ Per Bushel
2024-10-03,Corn,Indiana,,Truck,3.8883,3.825,4.125,$ Per Bushel
2024-10-03,Corn,Iowa,,Truck,4.1626,3.965,4.405,$ Per Bushel
2024-10-03,Corn,Kansas,,Truck,4.5125,4.275,4.675,$ Per Bushel
2024-10-03,Corn,Michigan,,Truck,3.8,3.775,3.825,$ Per Bushel
2024-10-03,Corn,Minnesota,,Truck,4.1579,3.925,4.355,$ Per Bushel
2024-10-03,Corn,Missouri,,Truck,3.7625,3.625,3.925,$ Per Bushel
2024-10-03,Corn,Nebraska,,Truck,4.2264,4.085,4.475,$ Per Bushel
2024-10-03,Corn,Ohio,,Truck,3.855,3.725,3.945,$ Per Bushel
2024-10-03,Corn,South Dakota,,Truck,3.9073,3.695,4.135,$ Per Bushel
2024-10-03,Corn,Wisconsin,,Truck,3.925,3.725,4.125,$ Per Bushel
2024-10-03,Sorghum,Kansas,,Truck,4.575,4.575,4.575,$ Per Bushel
2024-10-04,Corn,Illinois,,Truck,4.0396,3.8325,4.2025,$ Per Bushel
2024-10-04,Corn,Indiana,,Truck,3.8403,3.7325,4.0825,$ Per Bushel
2024-10-04,Corn,Iowa,,Truck,4.1317,4.0325,4.3025,$ Per Bushel
2024-10-04,Corn,Kansas,,Truck,4.4575,4.1825,4.6325,$ Per Bushel
2024-10-04,Corn,Michigan,,Truck,3.795,3.7325,3.9825,$ Per Bushel
2024-10-04,Corn,Minnesota,,Truck,4.1154,3.8825,4.3125,$ Per Bushel
2024-10-04,Corn,Missouri,,Truck,3.7075,3.5825,3.8825,$ Per Bushel
2024-10-04,Corn,Nebraska,,Truck,4.1811,4.0125,4.4325,$ Per Bushel
2024-10-04,Corn,Ohio,,Truck,3.8125,3.6825,3.9025,$ Per Bushel
2024-10-04,Corn,South Dakota,,Truck,3.8725,3.6525,4.0925,$ Per Bushel
2024-10-04,Corn,Wisconsin,,Truck,3.8825,3.6825,4.0825,$ Per Bushel
2024-10-04,Sorghum,Kansas,,Truck,4.5325,4.5325,4.5325,$ Per Bushel
2024-10-07,Corn,Illinois,,Truck,3.9975,3.7975,4.1675,$ Per Bushel
2024-10-07,Corn,Indiana,,Truck,3.7997,3.6975,4.0475,$ Per Bushel
2024-10-07,Corn,Iowa,,Truck,4.0846,3.8675,4.3275,$ Per Bushel
2024-10-07,Corn,Kansas,,Truck,4.4225,4.1475,4.5975,$ Per Bushel
2024-10-07,Corn,Michigan,,Truck,3.76,3.6975,3.9475,$ Per Bushel
2024-10-07,Corn,Minnesota,,Truck,4.0489,3.8475,4.2775,$ Per Bushel
2024-10-07,Corn,Missouri,,Truck,3.6725,3.5475,3.8475,$ Per Bushel
2024-10-07,Corn,Nebraska,,Truck,4.1439,3.9775,4.3975,$ Per Bushel
2024-10-07,Corn,Ohio,,Truck,3.7775,3.6475,3.8675,$ Per Bushel
2024-10-07,Corn,South Dakota,,Truck,3.8429,3.6175,4.0575,$ Per Bushel
2024-10-07,Corn,Wisconsin,,Truck,3.8475,3.6475,4.0475,$ Per Bushel
2024-10-07,Sorghum,Kansas,,Truck,4.4975,4.4975,4.4975,$ Per Bushel
2024-10-08,Corn,Illinois,,Truck,4.0214,3.81,4.24,$ Per Bushel
2024-10-08,Corn,Indiana,,Truck,3.8122,3.71,4.06,$ Per Bushel
2024-10-08,Corn,Iowa,,Truck,4.0938,3.88,4.34,$ Per Bushel
2024-10-08,Corn,Kansas,,Truck,4.435,4.16,4.61,$ Per Bushel
2024-10-08,Corn,Michigan,,Truck,3.7425,3.66,3.89,$ Per Bushel
2024-10-08,Corn,Minnesota,,Truck,4.0714,3.86,4.29,$ Per Bushel
2024-10-08,Corn,Missouri,,Truck,3.685,3.56,3.86,$ Per Bushel
2024-10-08,Corn,Nebraska,,Truck,4.1443,3.99,4.41,$ Per Bushel
2024-10-08,Corn,Ohio,,Truck,3.79,3.66,3.88,$ Per Bushel
2024-10-08,Corn,South Dakota,,Truck,3.8346,3.63,4.07,$ Per Bushel
2024-10-08,Corn,Wisconsin,,Truck,3.8475,3.66,4.06,$ Per Bushel
2024-10-08,Sorghum,Kansas,,Truck,4.51,4.51,4.51,$ Per Bushel
2024-10-09,Corn,Illinois,,Truck,3.9661,3.7575,4.1875,$ Per Bushel
2024-10-09,Corn,Indiana,,Truck,3.7597,3.6575,4.0075,$ Per Bushel
2024-10-09,Corn,Iowa,,Truck,4.0485,3.8275,4.2875,$ Per Bushel
2024-10-09,Corn,Kansas,,Truck,4.3825,4.1075,4.5575,$ Per Bushel
2024-10-09,Corn,Michigan,,Truck,3.6625,3.6075,3.7575,$ Per Bushel
2024-10-09,Corn,Minnesota,,Truck,4.0189,3.8075,4.2375,$ Per Bushel
2024-10-09,Corn,Missouri,,Truck,3.6575,3.5575,3.8075,$ Per Bushel
2024-10-09,Corn,Nebraska,,Truck,4.0718,3.9175,4.2575,$ Per Bushel
2024-10-09,Corn,Ohio,,Truck,3.7542,3.6875,3.8275,$ Per Bushel
2024-10-09,Corn,South Dakota,,Truck,3.7737,3.5575,4.0175,$ Per Bushel
2024-10-09,Corn,Wisconsin,,Truck,3.795,3.6075,4.0075,$ Per Bushel
2024-10-09,Sorghum,Kansas,,Truck,4.4575,4.4575,4.4575,$ Per Bushel
2024-10-10,Corn,Illinois,,Truck,3.9629,3.76,4.19,$ Per Bushel
2024-10-10,Corn,Indiana,,Truck,3.7622,3.66,4.01,$ Per Bushel
2024-10-10,Corn,Iowa,,Truck,4.0395,3.83,4.25,$ Per Bushel
2024-10-10,Corn,Kansas,,Truck,4.385,4.11,4.56,$ Per Bushel
2024-10-10,Corn,Michigan,,Truck,3.665,3.61,3.76,$ Per Bushel
2024-10-10,Corn,Minnesota,,Truck,4.0243,3.81,4.31,$ Per Bushel
2024-10-10,Corn,Missouri,,Truck,3.6725,3.51,3.81,$ Per Bushel
2024-10-10,Corn,Nebraska,,Truck,4.0671,3.92,4.26,$ Per Bushel
2024-10-10,Corn,Ohio,,Truck,3.7567,3.69,3.83,$ Per Bushel
2024-10-10,Corn,South Dakota,,Truck,3.7554,3.52,4.02,$ Per Bushel
2024-10-10,Corn,Wisconsin,,Truck,3.785,3.56,4.01,$ Per Bushel
2024-10-10,Sorghum,Kansas,,Truck,4.46,4.46,4.46,$ Per Bushel
2024-10-11,Corn,Illinois,,Truck,3.9407,3.735,4.165,$ Per Bushel
2024-10-11,Corn,Indiana,,Truck,3.7372,3.635,3.985,$ Per Bushel
2024-10-11,Corn,Iowa,,Truck,4.0098,3.805,4.225,$ Per Bushel
2024-10-11,Corn,Kansas,,Truck,4.36,4.085,4.535,$ Per Bushel
2024-10-11,Corn,Michigan,,Truck,3.64,3.585,3.735,$ Per Bushel
2024-10-11,Corn,Minnesota,,Truck,3.9921,3.785,4.285,$ Per Bushel
2024-10-11,Corn,Missouri,,Truck,3.6475,3.485,3.785,$ Per Bushel
2024-10-11,Corn,Nebraska,,Truck,4.0329,3.895,4.235,$ Per Bushel
2024-10-11,Corn,Ohio,,Truck,3.7317,3.665,3.805,$ Per Bushel
2024-10-11,Corn,South Dakota,,Truck,3.7288,3.485,4.005,$ Per Bushel
2024-10-11,Corn,Wisconsin,,Truck,3.76,3.535,3.985,$ Per Bushel
2024-10-11,Sorghum,Kansas,,Truck,4.435,4.435,4.435,$ Per Bushel
2024-10-15,Corn,Illinois,,Truck,3.8496,3.6325,4.0625,$ Per Bushel
2024-10-15,Corn,Indiana,,Truck,3.6458,3.5325,3.9825,$ Per Bushel
2024-10-15,Corn,Iowa,,Truck,3.835,3.7625,3.8825,$ Per Bushel
2024-10-15,Corn,Kansas,,Truck,4.2575,3.9825,4.4325,$ Per Bushel
2024-10-15,Corn,Michigan,,Truck,3.5375,3.4825,3.6325,$ Per Bushel
2024-10-15,Corn,Minnesota,,Truck,3.8925,3.6825,4.1825,$ Per Bushel
2024-10-15,Corn,Missouri,,Truck,3.57,3.3825,3.7825,$ Per Bushel
2024-10-15,Corn,Nebraska,,Truck,3.9261,3.7925,4.1325,$ Per Bushel
2024-10-15,Corn,Ohio,,Truck,3.6292,3.5625,3.7025,$ Per Bushel
2024-10-15,Corn,South Dakota,,Truck,3.634,3.3825,3.9525,$ Per Bushel
2024-10-15,Corn,Wisconsin,,Truck,3.645,3.3825,3.8825,$ Per Bushel
2024-10-15,Sorghum,Kansas,,Truck,4.3325,4.3325,4.3325,$ Per Bushel
2024-10-16,Corn,Illinois,,Truck,3.7811,3.5625,4.0125,$ Per Bushel
2024-10-16,Corn,Indiana,,Truck,3.5736,3.4425,3.9125,$ Per Bushel
2024-10-16,Corn,Iowa,,Truck,3.8449,3.5625,4.1125,$ Per Bushel
2024-10-16,Corn,Kansas,,Truck,4.175,3.9125,4.3125,$ Per Bushel
2024-10-16,Corn,Michigan,,Truck,3.45,3.4125,3.5125,$ Per Bushel
2024-10-16,Corn,Minnesota,,Truck,3.8111,3.5625,4.1125,$ Per Bushel
2024-10-16,Corn,Missouri,,Truck,3.5,3.3125,3.7125,$ Per Bushel
2024-10-16,Corn,Nebraska,,Truck,3.8446,3.7225,4.0125,$ Per Bushel
2024-10-16,Corn,Ohio,,Truck,3.5625,3.4425,3.6325,$ Per Bushel
2024-10-16,Corn,South Dakota,,Truck,3.5787,3.3425,3.9325,$ Per Bushel
2024-10-16,Corn,Wisconsin,,Truck,3.575,3.3125,3.8125,$ Per Bushel
2024-10-16,Sorghum,Kansas,,Truck,4.2125,4.2125,4.2125,$ Per Bushel
2024-10-17,Corn,Illinois,,Truck,3.8361,3.5975,4.0975,$ Per Bushel
2024-10-17,Corn,Indiana,,Truck,3.6108,3.4975,3.9975,$ Per Bushel
2024-10-17,Corn,Iowa,,Truck,3.8851,3.5975,4.1475,$ Per Bushel
2024-10-17,Corn,Kansas,,Truck,4.21,3.9475,4.3475,$ Per Bushel
2024-10-17,Corn,Michigan,,Truck,3.48,3.4275,3.5475,$ Per Bushel
2024-10-17,Corn,Minnesota,,Truck,3.8489,3.5975,4.1475,$ Per Bushel
2024-10-17,Corn,Missouri,,Truck,3.535,3.3475,3.7475,$ Per Bushel
2024-10-17,Corn,Nebraska,,Truck,3.8746,3.7475,4.0475,$ Per Bushel
2024-10-17,Corn,Ohio,,Truck,3.5975,3.4775,3.6675,$ Per Bushel
2024-10-17,Corn,South Dakota,,Truck,3.599,3.3775,3.9475,$ Per Bushel
2024-10-17,Corn,Wisconsin,,Truck,3.5975,3.3475,3.7975,$ Per Bushel
2024-10-17,Sorghum,Kansas,,Truck,4.2475,4.2475,4.2475,$ Per Bushel
2024-10-18,Corn,Illinois,,Truck,3.8675,3.6675,4.1175,$ Per Bushel
2024-10-18,Corn,Indiana,,Truck,3.6531,3.5175,4.1675,$ Per Bushel
2024-10-18,Corn,Iowa,,Truck,3.9108,3.6875,4.1675,$ Per Bushel
2024-10-18,Corn,Kansas,,Truck,4.2425,3.9675,4.3675,$ Per Bushel
2024-10-18,Corn,Michigan,,Truck,3.5,3.4475,3.5675,$ Per Bushel
2024-10-18,Corn,Minnesota,,Truck,3.8775,3.6175,4.1675,$ Per Bushel
2024-10-18,Corn,Missouri,,Truck,3.555,3.3675,3.7675,$ Per Bushel
2024-10-18,Corn,Nebraska,,Truck,3.8882,3.7475,4.0675,$ Per Bushel
2024-10-18,Corn,Ohio,,Truck,3.6175,3.4975,3.6875,$ Per Bushel
2024-10-18,Corn,South Dakota,,Truck,3.6044,3.3675,3.9675,$ Per Bushel
2024-10-18,Corn,Wisconsin,,Truck,3.6175,3.3675,3.8175,$ Per Bushel
2024-10-18,Sorghum,Kansas,,Truck,4.2675,4.2675,4.2675,$ Per Bushel
2024-10-21,Corn,Illinois,,Truck,3.8604,3.6675,4.1175,$ Per Bushel
2024-10-21,Corn,Indiana,,Truck,3.6297,3.4975,4.1475,$ Per Bushel
2024-10-21,Corn,Iowa,,Truck,3.8899,3.6675,4.1475,$ Per Bushel
2024-10-21,Corn,Kansas,,Truck,4.2225,3.9475,4.3475,$ Per Bushel
2024-10-21,Corn,Michigan,,Truck,3.48,3.4275,3.5475,$ Per Bushel
2024-10-21,Corn,Minnesota,,Truck,3.8646,3.5975,4.1475,$ Per Bushel
2024-10-21,Corn,Missouri,,Truck,3.5475,3.3475,3.7475,$ Per Bushel
2024-10-21,Corn,Nebraska,,Truck,3.8639,3.6975,4.0475,$ Per Bushel
2024-10-21,Corn,Ohio,,Truck,3.6225,3.5275,3.6975,$ Per Bushel
2024-10-21,Corn,South Dakota,,Truck,3.579,3.3475,3.9475,$ Per Bushel
2024-10-21,Corn,Wisconsin,,Truck,3.5975,3.3475,3.7975,$ Per Bushel
2024-10-21,Sorghum,Kansas,,Truck,4.2475,4.2475,4.2475,$ Per Bushel
2024-10-22,Corn,Illinois,,Truck,3.9336,3.745,4.195,$ Per Bushel
2024-10-22,Corn,Indiana,,Truck,3.6894,3.495,4.195,$ Per Bushel
2024-10-22,Corn,Iowa,,Truck,3.9479,3.695,4.195,$ Per Bushel
2024-10-22,Corn,Kansas,,Truck,4.27,3.995,4.395,$ Per Bushel
2024-10-22,Corn,Michigan,,Truck,3.5275,3.475,3.595,$ Per Bushel
2024-10-22,Corn,Minnesota,,Truck,3.9264,3.645,4.195,$ Per Bushel
2024-10-22,Corn,Missouri,,Truck,3.62,3.445,3.795,$ Per Bushel
2024-10-22,Corn,Nebraska,,Truck,3.915,3.745,4.095,$ Per Bushel
2024-10-22,Corn,Ohio,,Truck,3.6767,3.615,3.745,$ Per Bushel
2024-10-22,Corn,South Dakota,,Truck,3.6258,3.395,3.995,$ Per Bushel
2024-10-22,Corn,Wisconsin,,Truck,3.6575,3.445,3.845,$ Per Bushel
2024-10-22,Sorghum,Kansas,,Truck,4.295,4.295,4.295,$ Per Bushel
2024-10-23,Corn,Illinois,,Truck,3.995,3.815,4.285,$ Per Bushel
2024-10-23,Corn,Indiana,,Truck,3.7683,3.565,4.265,$ Per Bushel
2024-10-23,Corn,Iowa,,Truck,4.0274,3.765,4.265,$ Per Bushel
2024-10-23,Corn,Kansas,,Truck,4.3525,4.065,4.465,$ Per Bushel
2024-10-23,Corn,Michigan,,Truck,3.5975,3.545,3.665,$ Per Bushel
2024-10-23,Corn,Minnesota,,Truck,4.0107,3.715,4.265,$ Per Bushel
2024-10-23,Corn,Missouri,,Truck,3.7,3.515,3.865,$ Per Bushel
2024-10-23,Corn,Nebraska,,Truck,3.9943,3.815,4.165,$ Per Bushel
2024-10-23,Corn,Ohio,,Truck,3.77,3.715,3.865,$ Per Bushel
2024-10-23,Corn,South Dakota,,Truck,3.7012,3.415,4.065,$ Per Bushel
2024-10-23,Corn,Wisconsin,,Truck,3.7275,3.515,3.915,$ Per Bushel
2024-10-23,Sorghum,Kansas,,Truck,4.365,4.365,4.365,$ Per Bushel
2024-10-24,Corn,Illinois,,Truck,4.0371,3.84,4.31,$ Per Bushel
2024-10-24,Corn,Indiana,,Truck,3.7978,3.54,4.29,$ Per Bushel
2024-10-24,Corn,Iowa,,Truck,4.051,3.79,4.29,$ Per Bushel
2024-10-24,Corn,Kansas,,Truck,4.3775,4.09,4.49,$ Per Bushel
2024-10-24,Corn,Michigan,,Truck,3.6225,3.57,3.69,$ Per Bushel
2024-10-24,Corn,Minnesota,,Truck,4.0386,3.74,4.29,$ Per Bushel
2024-10-24,Corn,Missouri,,Truck,3.7125,3.54,3.89,$ Per Bushel
2024-10-24,Corn,Nebraska,,Truck,4.0193,3.84,4.19,$ Per Bushel
2024-10-24,Corn,Ohio,,Truck,3.8067,3.74,3.89,$ Per Bushel
2024-10-24,Corn,South Dakota,,Truck,3.73,3.44,4.09,$ Per Bushel
2024-10-24,Corn,Wisconsin,,Truck,3.7525,3.54,3.94,$ Per Bushel
2024-10-24,Sorghum,Kansas,,Truck,4.39,4.39,4.39,$ Per Bushel
2024-10-25,Corn,Illinois,,Truck,4.0607,3.865,4.335,$ Per Bushel
2024-10-25,Corn,Indiana,,Truck,3.8261,3.565,4.315,$ Per Bushel
2024-10-25,Corn,Iowa,,Truck,4.0769,3.815,4.315,$ Per Bushel
2024-10-25,Corn,Kansas,,Truck,4.4025,4.115,4.515,$ Per Bushel
2024-10-25,Corn,Michigan,,Truck,3.6475,3.595,3.715,$ Per Bushel
2024-10-25,Corn,Minnesota,,Truck,4.0707,3.765,4.315,$ Per Bushel
2024-10-25,Corn,Missouri,,Truck,3.725,3.565,3.915,$ Per Bushel
2024-10-25,Corn,Nebraska,,Truck,4.05,3.915,4.265,$ Per Bushel
2024-10-25,Corn,Ohio,,Truck,3.8367,3.715,3.915,$ Per Bushel
2024-10-25,Corn,South Dakota,,Truck,3.755,3.465,4.115,$ Per Bushel
2024-10-25,Corn,Wisconsin,,Truck,3.7775,3.565,3.965,$ Per Bushel
2024-10-25,Sorghum,Kansas,,Truck,4.415,4.415,4.415,$ Per Bushel
2024-10-28,Corn,Illinois,,Truck,4.0054,3.8525,4.2725,$ Per Bushel
2024-10-28,Corn,Indiana,,Truck,3.7969,3.5025,4.2525,$ Per Bushel
2024-10-28,Corn,Iowa,,Truck,3.9283,3.7925,4.0525,$ Per Bushel
2024-10-28,Corn,Kansas,,Truck,4.3025,4.0525,4.4525,$ Per Bushel
2024-10-28,Corn,Michigan,,Truck,3.585,3.5325,3.6525,$ Per Bushel
2024-10-28,Corn,Minnesota,,Truck,4.0082,3.7025,4.2525,$ Per Bushel
2024-10-28,Corn,Missouri,,Truck,3.6625,3.5025,3.8525,$ Per Bushel
2024-10-28,Corn,Nebraska,,Truck,3.9911,3.8525,4.2025,$ Per Bushel
2024-10-28,Corn,Ohio,,Truck,3.7742,3.6525,3.8525,$ Per Bushel
2024-10-28,Corn,South Dakota,,Truck,3.6963,3.4025,4.0525,$ Per Bushel
2024-10-28,Corn,Wisconsin,,Truck,3.715,3.5025,3.9025,$ Per Bushel
2024-10-28,Sorghum,Kansas,,Truck,4.3525,4.3525,4.3525,$ Per Bushel
2024-10-29,Corn,Illinois,,Truck,3.9646,3.8075,4.2275,$ Per Bushel
2024-10-29,Corn,Indiana,,Truck,3.8353,3.7075,4.2075,$ Per Bushel
2024-10-29,Corn,Iowa,,Truck,3.9994,3.7575,4.2575,$ Per Bushel
2024-10-29,Corn,Kansas,,Truck,4.2575,4.0075,4.4075,$ Per Bushel
2024-10-29,Corn,Michigan,,Truck,3.54,3.4875,3.6075,$ Per Bushel
2024-10-29,Corn,Minnesota,,Truck,3.9746,3.6575,4.2075,$ Per Bushel
2024-10-29,Corn,Missouri,,Truck,3.63,3.4975,3.8075,$ Per Bushel
2024-10-29,Corn,Nebraska,,Truck,3.9546,3.8075,4.2075,$ Per Bushel
2024-10-29,Corn,Ohio,,Truck,3.7575,3.6075,3.8075,$ Per Bushel
2024-10-29,Corn,South Dakota,,Truck,3.6706,3.4075,4.0075,$ Per Bushel
2024-10-29,Corn,Wisconsin,,Truck,3.67,3.4575,3.8575,$ Per Bushel
2024-10-29,Sorghum,Kansas,,Truck,4.3075,4.3075,4.3075,$ Per Bushel
2024-10-30,Corn,Illinois,,Truck,3.9946,3.7875,4.2575,$ Per Bushel
2024-10-30,Corn,Indiana,,Truck,3.8875,3.7375,4.2375,$ Per Bushel
2024-10-30,Corn,Iowa,,Truck,4.0356,3.7875,4.2875,$ Per Bushel
2024-10-30,Corn,Kansas,,Truck,4.2875,4.0375,4.4375,$ Per Bushel
2024-10-30,Corn,Michigan,,Truck,3.57,3.5175,3.6375,$ Per Bushel
2024-10-30,Corn,Minnesota,,Truck,4.0232,3.6875,4.3675,$ Per Bushel
2024-10-30,Corn,Missouri,,Truck,3.6625,3.5375,3.8375,$ Per Bushel
2024-10-30,Corn,Nebraska,,Truck,3.9932,3.8675,4.2375,$ Per Bushel
2024-10-30,Corn,Ohio,,Truck,3.8375,3.7875,3.9875,$ Per Bushel
2024-10-30,Corn,South Dakota,,Truck,3.7052,3.4375,4.0375,$ Per Bushel
2024-10-30,Corn,Wisconsin,,Truck,3.7,3.4875,3.8875,$ Per Bushel
2024-10-30,Sorghum,Kansas,,Truck,4.3375,4.3375,4.3375,$ Per Bushel
2024-10-31,Corn,Illinois,,Truck,3.965,3.765,4.235,$ Per Bushel
2024-10-31,Corn,Indiana,,Truck,3.8828,3.715,4.215,$ Per Bushel
2024-10-31,Corn,Iowa,,Truck,4.0274,3.765,4.345,$ Per Bushel
2024-10-31,Corn,Kansas,,Truck,4.265,4.015,4.415,$ Per Bushel
2024-10-31,Corn,Michigan,,Truck,3.5475,3.495,3.615,$ Per Bushel
2024-10-31,Corn,Minnesota,,Truck,4.0007,3.665,4.345,$ Per Bushel
2024-10-31,Corn,Missouri,,Truck,3.64,3.515,3.815,$ Per Bushel
2024-10-31,Corn,Nebraska,,Truck,3.9779,3.845,4.215,$ Per Bushel
2024-10-31,Corn,Ohio,,Truck,3.8283,3.765,3.965,$ Per Bushel
2024-10-31,Corn,South Dakota,,Truck,3.7019,3.415,4.015,$ Per Bushel
2024-10-31,Corn,Wisconsin,,Truck,3.6775,3.465,3.865,$ Per Bushel
2024-10-31,Sorghum,Kansas,,Truck,4.315,4.315,4.315,$ Per Bushel
2024-11-01,Corn,Illinois,,Truck,3.9646,3.7575,4.2275,$ Per Bushel
2024-11-01,Corn,Indiana,,Truck,3.9464,3.6575,4.3075,$ Per Bushel
2024-11-01,Corn,Iowa,,Truck,4.0275,3.7575,4.3375,$ Per Bushel
2024-11-01,Corn,Kansas,,Truck,4.2575,4.0075,4.4075,$ Per Bushel
2024-11-01,Corn,Michigan,,Truck,3.54,3.4875,3.6075,$ Per Bushel
2024-11-01,Corn,Minnesota,,Truck,4.0046,3.6575,4.3375,$ Per Bushel
2024-11-01,Corn,Missouri,,Truck,3.645,3.5075,3.8075,$ Per Bushel
2024-11-01,Corn,Nebraska,,Truck,3.9789,3.8375,4.2075,$ Per Bushel
2024-11-01,Corn,Ohio,,Truck,3.8708,3.7575,3.9575,$ Per Bushel
2024-11-01,Corn,South Dakota,,Truck,3.696,3.4075,4.0075,$ Per Bushel
2024-11-01,Corn,Wisconsin,,Truck,3.67,3.4575,3.8575,$ Per Bushel
2024-11-01,Sorghum,Kansas,,Truck,4.3075,4.3075,4.3075,$ Per Bushel
2024-11-04,Corn,Illinois,,Truck,4.0664,3.895,4.325,$ Per Bushel
2024-11-04,Corn,Indiana,,Truck,4.0128,3.845,4.345,$ Per Bushel
2024-11-04,Corn,Iowa,,Truck,4.0975,3.845,4.375,$ Per Bushel
2024-11-04,Corn,Kansas,,Truck,4.3117,4.045,4.495,$ Per Bushel
2024-11-04,Corn,Michigan,,Truck,3.5775,3.525,3.645,$ Per Bushel
2024-11-04,Corn,Minnesota,,Truck,4.0864,3.695,4.375,$ Per Bushel
2024-11-04,Corn,Missouri,,Truck,3.72,3.595,3.845,$ Per Bushel
2024-11-04,Corn,Nebraska,,Truck,4.0571,3.895,4.345,$ Per Bushel
2024-11-04,Corn,Ohio,,Truck,3.9833,3.895,4.095,$ Per Bushel
2024-11-04,Corn,South Dakota,,Truck,3.7619,3.445,4.095,$ Per Bushel
2024-11-04,Corn,Wisconsin,,Truck,3.6617,3.545,3.895,$ Per Bushel
2024-11-05,Corn,Illinois,,Truck,4.1236,3.915,4.345,$ Per Bushel
2024-11-05,Corn,Indiana,,Truck,4.0717,3.915,4.365,$ Per Bushel
2024-11-05,Corn,Iowa,,Truck,4.139,3.915,4.395,$ Per Bushel
2024-11-05,Corn,Kansas,,Truck,4.3483,4.115,4.515,$ Per Bushel
2024-11-05,Corn,Michigan,,Truck,3.5975,3.545,3.665,$ Per Bushel
2024-11-05,Corn,Minnesota,,Truck,4.1064,3.715,4.395,$ Per Bushel
2024-11-05,Corn,Missouri,,Truck,3.765,3.665,3.865,$ Per Bushel
2024-11-05,Corn,Nebraska,,Truck,4.0829,3.915,4.315,$ Per Bushel
2024-11-05,Corn,Ohio,,Truck,4.0533,3.915,4.165,$ Per Bushel
2024-11-05,Corn,South Dakota,,Truck,3.7942,3.465,4.115,$ Per Bushel
2024-11-05,Corn,Wisconsin,,Truck,3.6983,3.565,3.915,$ Per Bushel
2024-11-06,Corn,Illinois,,Truck,4.1493,3.935,4.385,$ Per Bushel
2024-11-06,Corn,Indiana,,Truck,4.1294,3.985,4.385,$ Per Bushel
2024-11-06,Corn,Iowa,,Truck,4.1735,3.985,4.415,$ Per Bushel
2024-11-06,Corn,Kansas,,Truck,4.3683,4.135,4.535,$ Per Bushel
2024-11-06,Corn,Michigan,,Truck,3.6175,3.565,3.685,$ Per Bushel
2024-11-06,Corn,Minnesota,,Truck,4.1436,3.735,4.415,$ Per Bushel
2024-11-06,Corn,Missouri,,Truck,3.7975,3.685,3.885,$ Per Bushel
2024-11-06,Corn,Nebraska,,Truck,4.1064,3.935,4.335,$ Per Bushel
2024-11-06,Corn,Ohio,,Truck,4.09,4.035,4.185,$ Per Bushel
2024-11-06,Corn,South Dakota,,Truck,3.8181,3.485,4.135,$ Per Bushel
2024-11-06,Corn,Wisconsin,,Truck,3.7183,3.585,3.935,$ Per Bushel
2024-11-07,Corn,Illinois,,Truck,4.2639,4.0625,4.5425,$ Per Bushel
2024-11-07,Corn,Indiana,,Truck,4.2381,4.0625,4.4625,$ Per Bushel
2024-11-07,Corn,Iowa,,Truck,4.2635,4.0825,4.4925,$ Per Bushel
2024-11-07,Corn,Kansas,,Truck,4.4458,4.2125,4.6125,$ Per Bushel
2024-11-07,Corn,Michigan,,Truck,3.705,3.6625,3.7625,$ Per Bushel
2024-11-07,Corn,Minnesota,,Truck,4.2425,3.8625,4.4925,$ Per Bushel
2024-11-07,Corn,Missouri,,Truck,3.9375,3.8125,4.0125,$ Per Bushel
2024-11-07,Corn,Nebraska,,Truck,4.1768,4.0125,4.4125,$ Per Bushel
2024-11-07,Corn,Ohio,,Truck,4.1842,4.1125,4.2625,$ Per Bushel
2024-11-07,Corn,South Dakota,,Truck,3.904,3.5625,4.2125,$ Per Bushel
2024-11-07,Corn,Wisconsin,,Truck,3.8125,3.7125,4.0125,$ Per Bushel
2024-11-08,Corn,Illinois,,Truck,4.2767,4.075,4.555,$ Per Bushel
2024-11-08,Corn,Indiana,,Truck,4.2583,4.075,4.525,$ Per Bushel
2024-11-08,Corn,Iowa,,Truck,4.2864,4.115,4.505,$ Per Bushel
2024-11-08,Corn,Kansas,,Truck,4.4583,4.225,4.625,$ Per Bushel
2024-11-08,Corn,Michigan,,Truck,3.7175,3.675,3.775,$ Per Bushel
2024-11-08,Corn,Minnesota,,Truck,4.255,3.875,4.505,$ Per Bushel
2024-11-08,Corn,Missouri,,Truck,3.9625,3.875,4.025,$ Per Bushel
2024-11-08,Corn,Nebraska,,Truck,4.1735,4.025,4.355,$ Per Bushel
2024-11-08,Corn,Ohio,,Truck,4.2217,4.175,4.275,$ Per Bushel
2024-11-08,Corn,South Dakota,,Truck,3.9204,3.625,4.225,$ Per Bushel
2024-11-08,Corn,Wisconsin,,Truck,3.8583,3.725,4.025,$ Per Bushel
2024-11-12,Corn,Illinois,,Truck,4.3057,4.1,4.58,$ Per Bushel
2024-11-12,Corn,Indiana,,Truck,4.2933,4.1,4.55,$ Per Bushel
2024-11-12,Corn,Iowa,,Truck,4.2083,4.06,4.33,$ Per Bushel
2024-11-12,Corn,Kansas,,Truck,4.4833,4.25,4.65,$ Per Bushel
2024-11-12,Corn,Michigan,,Truck,3.7425,3.7,3.8,$ Per Bushel
2024-11-12,Corn,Minnesota,,Truck,4.28,3.9,4.53,$ Per Bushel
2024-11-12,Corn,Missouri,,Truck,4.0325,3.95,4.1,$ Per Bushel
2024-11-12,Corn,Nebraska,,Truck,4.2164,4.05,4.45,$ Per Bushel
2024-11-12,Corn,Ohio,,Truck,4.2717,4.25,4.35,$ Per Bushel
2024-11-12,Corn,South Dakota,,Truck,3.9438,3.65,4.25,$ Per Bushel
2024-11-12,Corn,Wisconsin,,Truck,3.9,3.8,4.05,$ Per Bushel
2024-11-13,Corn,Illinois,,Truck,4.3379,4.165,4.615,$ Per Bushel
2024-11-13,Corn,Indiana,,Truck,4.3072,4.085,4.585,$ Per Bushel
2024-11-13,Corn,Iowa,,Truck,4.295,4.085,4.585,$ Per Bushel
2024-11-13,Corn,Kansas,,Truck,4.485,4.235,4.685,$ Per Bushel
2024-11-13,Corn,Michigan,,Truck,3.7525,3.705,3.785,$ Per Bushel
2024-11-13,Corn,Minnesota,,Truck,4.2821,3.885,4.585,$ Per Bushel
2024-11-13,Corn,Missouri,,Truck,4.0725,3.985,4.185,$ Per Bushel
2024-11-13,Corn,Nebraska,,Truck,4.2271,4.035,4.435,$ Per Bushel
2024-11-13,Corn,Ohio,,Truck,4.2783,4.235,4.365,$ Per Bushel
2024-11-13,Corn,South Dakota,,Truck,3.9442,3.665,4.245,$ Per Bushel
2024-11-13,Corn,Wisconsin,,Truck,3.885,3.785,4.035,$ Per Bushel
2024-11-14,Corn,Illinois,,Truck,4.3179,4.145,4.595,$ Per Bushel
2024-11-14,Corn,Indiana,,Truck,4.2917,4.065,4.565,$ Per Bushel
2024-11-14,Corn,Iowa,,Truck,4.2807,4.065,4.565,$ Per Bushel
2024-11-14,Corn,Kansas,,Truck,4.465,4.215,4.665,$ Per Bushel
2024-11-14,Corn,Michigan,,Truck,3.77,3.685,3.865,$ Per Bushel
2024-11-14,Corn,Minnesota,,Truck,4.2679,3.865,4.565,$ Per Bushel
2024-11-14,Corn,Missouri,,Truck,4.0525,3.965,4.165,$ Per Bushel
2024-11-14,Corn,Nebraska,,Truck,4.2071,4.015,4.415,$ Per Bushel
2024-11-14,Corn,Ohio,,Truck,4.275,4.215,4.345,$ Per Bushel
2024-11-14,Corn,South Dakota,,Truck,3.9265,3.645,4.225,$ Per Bushel
2024-11-14,Corn,Wisconsin,,Truck,3.865,3.765,4.015,$ Per Bushel
2024-11-15,Corn,Illinois,,Truck,4.255,4.07,4.52,$ Per Bushel
2024-11-15,Corn,Indiana,,Truck,4.2244,3.99,4.49,$ Per Bushel
2024-11-15,Corn,Iowa,,Truck,4.2071,3.99,4.49,$ Per Bushel
2024-11-15,Corn,Kansas,,Truck,4.39,4.14,4.59,$ Per Bushel
2024-11-15,Corn,Michigan,,Truck,3.69,3.59,3.79,$ Per Bushel
2024-11-15,Corn,Minnesota,,Truck,4.2043,3.84,4.49,$ Per Bushel
2024-11-15,Corn,Missouri,,Truck,3.99,3.89,4.09,$ Per Bushel
2024-11-15,Corn,Nebraska,,Truck,4.15,3.94,4.39,$ Per Bushel
2024-11-15,Corn,Ohio,,Truck,4.2267,4.14,4.31,$ Per Bushel
2024-11-15,Corn,South Dakota,,Truck,3.8531,3.57,4.15,$ Per Bushel
2024-11-15,Corn,Wisconsin,,Truck,3.79,3.69,3.94,$ Per Bushel
2024-11-18,Corn,Illinois,,Truck,4.3,4.12,4.57,$ Per Bushel
2024-11-18,Corn,Indiana,,Truck,4.2989,4.09,4.54,$ Per Bushel
2024-11-18,Corn,Iowa,,Truck,4.2619,4.04,4.54,$ Per Bushel
2024-11-18,Corn,Kansas,,Truck,4.44,4.19,4.64,$ Per Bushel
2024-11-18,Corn,Michigan,,Truck,3.815,3.69,3.94,$ Per Bushel
2024-11-18,Corn,Minnesota,,Truck,4.24,3.89,4.54,$ Per Bushel
2024-11-18,Corn,Missouri,,Truck,4.0067,3.94,4.09,$ Per Bushel
2024-11-18,Corn,Nebraska,,Truck,4.1986,3.99,4.44,$ Per Bushel
2024-11-18,Corn,Ohio,,Truck,4.2767,4.19,4.36,$ Per Bushel
2024-11-18,Corn,South Dakota,,Truck,3.9046,3.62,4.2,$ Per Bushel
2024-11-18,Corn,Wisconsin,,Truck,3.84,3.74,3.99,$ Per Bushel
2024-11-19,Corn,Illinois,,Truck,4.3754,4.1725,4.6225,$ Per Bushel
2024-11-19,Corn,Indiana,,Truck,4.3681,4.2225,4.5925,$ Per Bushel
2024-11-19,Corn,Iowa,,Truck,4.2367,4.1125,4.3425,$ Per Bushel
2024-11-19,Corn,Kansas,,Truck,4.5092,4.2425,4.7425,$ Per Bushel
2024-11-19,Corn,Michigan,,Truck,3.9175,3.7425,4.0925,$ Per Bushel
2024-11-19,Corn,Minnesota,,Truck,4.2975,3.9725,4.5925,$ Per Bushel
2024-11-19,Corn,Missouri,,Truck,4.1,4.0225,4.1925,$ Per Bushel
2024-11-19,Corn,Nebraska,,Truck,4.2639,4.0425,4.4925,$ Per Bushel
2024-11-19,Corn,Ohio,,Truck,4.3425,4.2425,4.4225,$ Per Bushel
2024-11-19,Corn,South Dakota,,Truck,3.9587,3.6725,4.2525,$ Per Bushel
2024-11-19,Corn,Wisconsin,,Truck,3.9225,3.7925,4.1325,$ Per Bushel
2024-11-20,Corn,Illinois,,Truck,4.3582,4.1525,4.6025,$ Per Bushel
2024-11-20,Corn,Indiana,,Truck,4.3469,4.2025,4.5725,$ Per Bushel
2024-11-20,Corn,Iowa,,Truck,4.2877,4.1225,4.5725,$ Per Bushel
2024-11-20,Corn,Kansas,,Truck,4.4892,4.2225,4.7225,$ Per Bushel
2024-11-20,Corn,Michigan,,Truck,3.8975,3.7225,4.0725,$ Per Bushel
2024-11-20,Corn,Minnesota,,Truck,4.2808,3.9525,4.5725,$ Per Bushel
2024-11-20,Corn,Missouri,,Truck,4.08,4.0025,4.1725,$ Per Bushel
2024-11-20,Corn,Nebraska,,Truck,4.2475,4.0225,4.4725,$ Per Bushel
2024-11-20,Corn,Ohio,,Truck,4.3225,4.2225,4.4025,$ Per Bushel
2024-11-20,Corn,South Dakota,,Truck,3.9417,3.6725,4.2325,$ Per Bushel
2024-11-20,Corn,Wisconsin,,Truck,3.9025,3.7725,4.1125,$ Per Bushel
2024-11-21,Corn,Illinois,,Truck,4.3939,4.1825,4.6325,$ Per Bushel
2024-11-21,Corn,Indiana,,Truck,4.3925,4.2325,4.6025,$ Per Bushel
2024-11-21,Corn,Iowa,,Truck,4.2508,4.1425,4.3525,$ Per Bushel
2024-11-21,Corn,Kansas,,Truck,4.5025,4.2025,4.7525,$ Per Bushel
2024-11-21,Corn,Michigan,,Truck,3.9275,3.7525,4.1025,$ Per Bushel
2024-11-21,Corn,Minnesota,,Truck,4.3182,3.9825,4.6025,$ Per Bushel
2024-11-21,Corn,Missouri,,Truck,4.0792,4.0325,4.1525,$ Per Bushel
2024-11-21,Corn,Nebraska,,Truck,4.2796,4.0525,4.5025,$ Per Bushel
2024-11-21,Corn,Ohio,,Truck,4.3475,4.2525,4.4225,$ Per Bushel
2024-11-21,Corn,South Dakota,,Truck,3.9717,3.7025,4.2625,$ Per Bushel
2024-11-21,Corn,Wisconsin,,Truck,3.9492,3.8525,4.1425,$ Per Bushel
2024-11-22,Corn,Illinois,,Truck,4.3632,4.1475,4.6275,$ Per Bushel
2024-11-22,Corn,Indiana,,Truck,4.3519,4.1975,4.5175,$ Per Bushel
2024-11-22,Corn,Iowa,,Truck,4.2804,4.1175,4.4675,$ Per Bushel
2024-11-22,Corn,Kansas,,Truck,4.4675,4.1675,4.7175,$ Per Bushel
2024-11-22,Corn,Michigan,,Truck,3.8925,3.7175,4.0675,$ Per Bushel
2024-11-22,Corn,Minnesota,,Truck,4.2832,3.9475,4.5675,$ Per Bushel
2024-11-22,Corn,Missouri,,Truck,4.075,3.9975,4.1675,$ Per Bushel
2024-11-22,Corn,Nebraska,,Truck,4.2339,4.0175,4.4675,$ Per Bushel
2024-11-22,Corn,Ohio,,Truck,4.3275,4.2675,4.4275,$ Per Bushel
2024-11-22,Corn,South Dakota,,Truck,3.939,3.6675,4.2375,$ Per Bushel
2024-11-22,Corn,Wisconsin,,Truck,3.9142,3.8175,4.1075,$ Per Bushel
2024-11-25,Corn,Illinois,,Truck,4.3279,4.075,4.555,$ Per Bushel
2024-11-25,Corn,Indiana,,Truck,4.3472,4.255,4.505,$ Per Bushel
2024-11-25,Corn,Iowa,,Truck,4.2593,4.005,4.455,$ Per Bushel
2024-11-25,Corn,Kansas,,Truck,4.455,4.155,4.705,$ Per Bushel
2024-11-25,Corn,Michigan,,Truck,3.88,3.705,4.055,$ Per Bushel
2024-11-25,Corn,Minnesota,,Truck,4.2593,3.855,4.555,$ Per Bushel
2024-11-25,Corn,Missouri,,Truck,4.0625,3.985,4.155,$ Per Bushel
2024-11-25,Corn,Nebraska,,Truck,4.2186,4.005,4.455,$ Per Bushel
2024-11-25,Corn,Ohio,,Truck,4.3233,4.255,4.415,$ Per Bushel
2024-11-25,Corn,South Dakota,,Truck,3.9258,3.685,4.145,$ Per Bushel
2024-11-25,Corn,Wisconsin,,Truck,3.9017,3.805,4.095,$ Per Bushel
2024-11-26,Corn,Illinois,,Truck,4.3218,4.0675,4.5575,$ Per Bushel
2024-11-26,Corn,Indiana,,Truck,4.3286,4.2475,4.4975,$ Per Bushel
2024-11-26,Corn,Iowa,,Truck,4.2225,3.9975,4.4475,$ Per Bushel
2024-11-26,Corn,Kansas,,Truck,4.4475,4.1475,4.6975,$ Per Bushel
2024-11-26,Corn,Michigan,,Truck,3.8725,3.6975,4.0475,$ Per Bushel
2024-11-26,Corn,Minnesota,,Truck,4.1858,3.8475,4.5475,$ Per Bushel
2024-11-26,Corn,Missouri,,Truck,4.06,3.9775,4.1475,$ Per Bushel
2024-11-26,Corn,Nebraska,,Truck,4.1754,3.9475,4.3975,$ Per Bushel
2024-11-26,Corn,Ohio,,Truck,4.3242,4.2975,4.4075,$ Per Bushel
2024-11-26,Corn,South Dakota,,Truck,3.8975,3.6775,4.1375,$ Per Bushel
2024-11-26,Corn,Wisconsin,,Truck,3.8942,3.7975,4.0875,$ Per Bushel
2024-11-27,Corn,Illinois,,Truck,4.2714,4.02,4.51,$ Per Bushel
2024-11-27,Corn,Indiana,,Truck,4.2433,4.1,4.45,$ Per Bushel
2024-11-27,Corn,Iowa,,Truck,4.1408,4.0,4.3,$ Per Bushel
2024-11-27,Corn,Kansas,,Truck,4.4,4.1,4.65,$ Per Bushel
2024-11-27,Corn,Michigan,,Truck,3.8,3.65,3.9,$ Per Bushel
2024-11-27,Corn,Minnesota,,Truck,4.1471,3.8,4.5,$ Per Bushel
2024-11-27,Corn,Missouri,,Truck,3.9925,3.85,4.1,$ Per Bushel
2024-11-27,Corn,Nebraska,,Truck,4.1071,3.9,4.3,$ Per Bushel
2024-11-27,Corn,Ohio,,Truck,4.2633,4.25,4.3,$ Per Bushel
2024-11-27,Corn,South Dakota,,Truck,3.8562,3.66,4.11,$ Per Bushel
2024-11-27,Corn,Wisconsin,,Truck,3.8433,3.69,4.04,$ Per Bushel
2024-11-29,Corn,Illinois,,Truck,4.2289,3.9775,4.4675,$ Per Bushel
2024-11-29,Corn,Indiana,,Truck,4.2092,4.0575,4.4075,$ Per Bushel
2024-11-29,Corn,Iowa,,Truck,4.1337,3.9075,4.38,$ Per Bushel
2024-11-29,Corn,Kansas,,Truck,4.3575,4.0575,4.6075,$ Per Bushel
2024-11-29,Corn,Michigan,,Truck,3.7575,3.6075,3.8575,$ Per Bushel
2024-11-29,Corn,Minnesota,,Truck,4.1193,3.7575,4.4575,$ Per Bushel
2024-11-29,Corn,Missouri,,Truck,3.9506,3.8075,4.06,$ Per Bushel
2024-11-29,Corn,Nebraska,,Truck,4.0788,3.8575,4.43,$ Per Bushel
2024-11-29,Corn,Ohio,,Truck,4.2367,4.2075,4.33,$ Per Bushel
2024-11-29,Corn,South Dakota,,Truck,3.8373,3.6575,4.0675,$ Per Bushel
2024-11-29,Corn,Wisconsin,,Truck,3.8617,3.7575,3.9975,$ Per Bushel
2024-12-02,Corn,Illinois,,Truck,4.3557,4.15,4.61,$ Per Bushel
2024-12-02,Corn,Indiana,,Truck,4.3433,4.23,4.58,$ Per Bushel
2024-12-02,Corn,Iowa,,Truck,4.2642,4.08,4.43,$ Per Bushel
2024-12-02,Corn,Kansas,,Truck,4.4633,4.23,4.68,$ Per Bushel
2024-12-02,Corn,Michigan,,Truck,3.905,3.68,4.03,$ Per Bushel
2024-12-02,Corn,Minnesota,,Truck,4.235,3.93,4.53,$ Per Bushel
2024-12-02,Corn,Missouri,,Truck,4.02,3.98,4.1,$ Per Bushel
2024-12-02,Corn,Nebraska,,Truck,4.1893,3.98,4.38,$ Per Bushel
2024-12-02,Corn,Ohio,,Truck,4.3183,4.28,4.41,$ Per Bushel
2024-12-02,Corn,South Dakota,,Truck,3.9508,3.78,4.24,$ Per Bushel
2024-12-02,Corn,Wisconsin,,Truck,3.9267,3.83,4.07,$ Per Bushel
2024-12-03,Corn,Illinois,,Truck,4.3664,4.145,4.605,$ Per Bushel
2024-12-03,Corn,Indiana,,Truck,4.3428,4.225,4.575,$ Per Bushel
2024-12-03,Corn,Iowa,,Truck,4.2774,4.075,4.445,$ Per Bushel
2024-12-03,Corn,Kansas,,Truck,4.5083,4.225,4.675,$ Per Bushel
2024-12-03,Corn,Michigan,,Truck,3.905,3.695,4.025,$ Per Bushel
2024-12-03,Corn,Minnesota,,Truck,4.2507,3.975,4.525,$ Per Bushel
2024-12-03,Corn,Missouri,,Truck,4.0725,3.995,4.155,$ Per Bushel
2024-12-03,Corn,Nebraska,,Truck,4.1986,4.025,4.325,$ Per Bushel
2024-12-03,Corn,Ohio,,Truck,4.325,4.275,4.405,$ Per Bushel
2024-12-03,Corn,South Dakota,,Truck,3.9642,3.775,4.235,$ Per Bushel
2024-12-03,Corn,Wisconsin,,Truck,3.9583,3.875,4.125,$ Per Bushel
2024-12-04,Corn,Illinois,,Truck,4.3654,4.1425,4.6025,$ Per Bushel
2024-12-04,Corn,Indiana,,Truck,4.3425,4.2225,4.5725,$ Per Bushel
2024-12-04,Corn,Iowa,,Truck,4.2706,4.0725,4.4225,$ Per Bushel
2024-12-04,Corn,Kansas,,Truck,4.5192,4.2625,4.6725,$ Per Bushel
2024-12-04,Corn,Michigan,,Truck,3.9075,3.6825,4.0225,$ Per Bushel
2024-12-04,Corn,Minnesota,,Truck,4.2539,3.9725,4.5225,$ Per Bushel
2024-12-04,Corn,Missouri,,Truck,4.065,3.9725,4.1525,$ Per Bushel
2024-12-04,Corn,Nebraska,,Truck,4.2018,4.0225,4.3225,$ Per Bushel
2024-12-04,Corn,Ohio,,Truck,4.3225,4.2725,4.4025,$ Per Bushel
2024-12-04,Corn,South Dakota,,Truck,3.971,3.8225,4.2325,$ Per Bushel
2024-12-04,Corn,Wisconsin,,Truck,3.9725,3.8725,4.1225,$ Per Bushel
2024-12-05,Corn,Illinois,,Truck,4.3457,4.14,4.58,$ Per Bushel
2024-12-05,Corn,Indiana,,Truck,4.32,4.2,4.55,$ Per Bushel
2024-12-05,Corn,Iowa,,Truck,4.2571,4.05,4.48,$ Per Bushel
2024-12-05,Corn,Kansas,,Truck,4.4967,4.24,4.65,$ Per Bushel
2024-12-05,Corn,Michigan,,Truck,3.925,3.7,4.07,$ Per Bushel
2024-12-05,Corn,Minnesota,,Truck,4.2414,3.95,4.5,$ Per Bushel
2024-12-05,Corn,Missouri,,Truck,4.0425,3.95,4.13,$ Per Bushel
2024-12-05,Corn,Nebraska,,Truck,4.1793,4.0,4.3,$ Per Bushel
2024-12-05,Corn,Ohio,,Truck,4.3,4.25,4.38,$ Per Bushel
2024-12-05,Corn,South Dakota,,Truck,3.9469,3.8,4.21,$ Per Bushel
2024-12-05,Corn,Wisconsin,,Truck,3.95,3.85,4.1,$ Per Bushel
2024-12-06,Corn,Illinois,,Truck,4.3957,4.19,4.63,$ Per Bushel
2024-12-06,Corn,Indiana,,Truck,4.3722,4.25,4.57,$ Per Bushel
2024-12-06,Corn,Iowa,,Truck,4.3105,4.1,4.53,$ Per Bushel
2024-12-06,Corn,Kansas,,Truck,4.5467,4.29,4.7,$ Per Bushel
2024-12-06,Corn,Michigan,,Truck,3.975,3.75,4.12,$ Per Bushel
2024-12-06,Corn,Minnesota,,Truck,4.2886,4.0,4.55,$ Per Bushel
2024-12-06,Corn,Missouri,,Truck,4.1075,4.0,4.2,$ Per Bushel
2024-12-06,Corn,Nebraska,,Truck,4.2257,4.05,4.35,$ Per Bushel
2024-12-06,Corn,Ohio,,Truck,4.3583,4.3,4.43,$ Per Bushel
2024-12-06,Corn,South Dakota,,Truck,3.9962,3.85,4.26,$ Per Bushel
2024-12-06,Corn,Wisconsin,,Truck,4.0067,3.92,4.15,$ Per Bushel
2024-12-09,Corn,Illinois,,Truck,4.4471,4.24,4.68,$ Per Bushel
2024-12-09,Corn,Indiana,,Truck,4.4222,4.3,4.62,$ Per Bushel
2024-12-09,Corn,Iowa,,Truck,4.3208,4.2,4.42,$ Per Bushel
2024-12-09,Corn,Kansas,,Truck,4.58,4.34,4.75,$ Per Bushel
2024-12-09,Corn,Michigan,,Truck,4.025,3.8,4.17,$ Per Bushel
2024-12-09,Corn,Minnesota,,Truck,4.3286,4.05,4.6,$ Per Bushel
2024-12-09,Corn,Missouri,,Truck,4.1575,4.05,4.25,$ Per Bushel
2024-12-09,Corn,Nebraska,,Truck,4.2757,4.1,4.4,$ Per Bushel
2024-12-09,Corn,Ohio,,Truck,4.405,4.35,4.48,$ Per Bushel
2024-12-09,Corn,South Dakota,,Truck,4.0508,3.91,4.3,$ Per Bushel
2024-12-09,Corn,Wisconsin,,Truck,4.0567,3.97,4.2,$ Per Bushel
2024-12-10,Corn,Illinois,,Truck,4.4646,4.2575,4.6975,$ Per Bushel
2024-12-10,Corn,Indiana,,Truck,4.4386,4.3175,4.6375,$ Per Bushel
2024-12-10,Corn,Iowa,,Truck,4.3233,4.2175,4.4375,$ Per Bushel
2024-12-10,Corn,Kansas,,Truck,4.6042,4.3775,4.7675,$ Per Bushel
2024-12-10,Corn,Michigan,,Truck,4.0625,3.8175,4.2675,$ Per Bushel
2024-12-10,Corn,Minnesota,,Truck,4.3389,4.0675,4.6175,$ Per Bushel
2024-12-10,Corn,Missouri,,Truck,4.15,4.0675,4.2675,$ Per Bushel
2024-12-10,Corn,Nebraska,,Truck,4.2868,4.1175,4.4175,$ Per Bushel
2024-12-10,Corn,Ohio,,Truck,4.4142,4.3175,4.4975,$ Per Bushel
2024-12-10,Corn,South Dakota,,Truck,4.0629,3.9275,4.2975,$ Per Bushel
2024-12-10,Corn,Wisconsin,,Truck,4.0842,4.0175,4.2175,$ Per Bushel
2024-12-11,Corn,Illinois,,Truck,4.5271,4.34,4.75,$ Per Bushel
2024-12-11,Corn,Indiana,,Truck,4.4978,4.39,4.71,$ Per Bushel
2024-12-11,Corn,Iowa,,Truck,4.4043,4.24,4.67,$ Per Bushel
2024-12-11,Corn,Kansas,,Truck,4.66,4.45,4.79,$ Per Bushel
2024-12-11,Corn,Michigan,,Truck,4.135,3.89,4.34,$ Per Bushel
2024-12-11,Corn,Minnesota,,Truck,4.3829,4.14,4.59,$ Per Bushel
2024-12-11,Corn,Missouri,,Truck,4.21,4.14,4.31,$ Per Bushel
2024-12-11,Corn,Nebraska,,Truck,4.3479,4.19,4.49,$ Per Bushel
2024-12-11,Corn,Ohio,,Truck,4.4867,4.39,4.57,$ Per Bushel
2024-12-11,Corn,South Dakota,,Truck,4.1146,3.96,4.34,$ Per Bushel
2024-12-11,Corn,Wisconsin,,Truck,4.1567,4.09,4.29,$ Per Bushel
2024-12-12,Corn,Illinois,,Truck,4.5011,4.3325,4.7225,$ Per Bushel
2024-12-12,Corn,Indiana,,Truck,4.4825,4.3825,4.7025,$ Per Bushel
2024-12-12,Corn,Iowa,,Truck,4.3675,4.2825,4.4625,$ Per Bushel
2024-12-12,Corn,Kansas,,Truck,4.6525,4.4425,4.7825,$ Per Bushel
2024-12-12,Corn,Michigan,,Truck,4.1275,3.8825,4.3325,$ Per Bushel
2024-12-12,Corn,Minnesota,,Truck,4.3568,4.1325,4.5825,$ Per Bushel
2024-12-12,Corn,Missouri,,Truck,4.1975,4.1325,4.2825,$ Per Bushel
2024-12-12,Corn,Nebraska,,Truck,4.3354,4.1825,4.4825,$ Per Bushel
2024-12-12,Corn,Ohio,,Truck,4.4208,4.3325,4.5125,$ Per Bushel
2024-12-12,Corn,South Dakota,,Truck,4.101,3.9325,4.2825,$ Per Bushel
2024-12-12,Corn,Wisconsin,,Truck,4.1492,4.0825,4.2825,$ Per Bushel
2024-12-13,Corn,Illinois,,Truck,4.4493,4.285,4.645,$ Per Bushel
2024-12-13,Corn,Indiana,,Truck,4.4294,4.335,4.635,$ Per Bushel
2024-12-13,Corn,Iowa,,Truck,4.3235,4.185,4.465,$ Per Bushel
2024-12-13,Corn,Kansas,,Truck,4.5917,4.355,4.735,$ Per Bushel
2024-12-13,Corn,Michigan,,Truck,4.1175,4.035,4.235,$ Per Bushel
2024-12-13,Corn,Minnesota,,Truck,4.3007,4.085,4.505,$ Per Bushel
2024-12-13,Corn,Missouri,,Truck,4.145,4.085,4.215,$ Per Bushel
2024-12-13,Corn,Nebraska,,Truck,4.2864,4.135,4.435,$ Per Bushel
2024-12-13,Corn,Ohio,,Truck,4.3733,4.285,4.465,$ Per Bushel
2024-12-13,Corn,South Dakota,,Truck,4.0465,3.895,4.235,$ Per Bushel
2024-12-13,Corn,Wisconsin,,Truck,4.1017,4.035,4.235,$ Per Bushel
2024-12-16,Corn,Illinois,,Truck,4.4329,4.27,4.63,$ Per Bushel
2024-12-16,Corn,Indiana,,Truck,4.4122,4.32,4.62,$ Per Bushel
2024-12-16,Corn,Iowa,,Truck,4.2842,4.22,4.32,$ Per Bushel
2024-12-16,Corn,Kansas,,Truck,4.5767,4.34,4.72,$ Per Bushel
2024-12-16,Corn,Michigan,,Truck,4.09,4.02,4.17,$ Per Bushel
2024-12-16,Corn,Minnesota,,Truck,4.2857,4.07,4.49,$ Per Bushel
2024-12-16,Corn,Missouri,,Truck,4.13,4.07,4.2,$ Per Bushel
2024-12-16,Corn,Nebraska,,Truck,4.2714,4.12,4.42,$ Per Bushel
2024-12-16,Corn,Ohio,,Truck,4.3583,4.27,4.45,$ Per Bushel
2024-12-16,Corn,South Dakota,,Truck,4.0315,3.88,4.22,$ Per Bushel
2024-12-16,Corn,Wisconsin,,Truck,4.0867,4.02,4.22,$ Per Bushel
2024-12-17,Corn,Illinois,,Truck,4.4614,4.3,4.63,$ Per Bushel
2024-12-17,Corn,Indiana,,Truck,4.4233,4.25,4.6,$ Per Bushel
2024-12-17,Corn,Iowa,,Truck,4.3425,4.23,4.48,$ Per Bushel
2024-12-17,Corn,Kansas,,Truck,4.6067,4.37,4.75,$ Per Bushel
2024-12-17,Corn,Michigan,,Truck,4.12,4.05,4.2,$ Per Bushel
2024-12-17,Corn,Minnesota,,Truck,4.3129,4.09,4.5,$ Per Bushel
2024-12-17,Corn,Missouri,,Truck,4.16,4.1,4.23,$ Per Bushel
2024-12-17,Corn,Nebraska,,Truck,4.3064,4.15,4.45,$ Per Bushel
2024-12-17,Corn,Ohio,,Truck,4.3883,4.3,4.48,$ Per Bushel
2024-12-17,Corn,South Dakota,,Truck,4.0577,3.9,4.27,$ Per Bushel
2024-12-17,Corn,Wisconsin,,Truck,4.1167,4.05,4.25,$ Per Bushel
2024-12-18,Corn,Illinois,,Truck,4.4421,4.285,4.615,$ Per Bushel
2024-12-18,Corn,Indiana,,Truck,4.4106,4.235,4.585,$ Per Bushel
2024-12-18,Corn,Iowa,,Truck,4.3083,4.265,4.365,$ Per Bushel
2024-12-18,Corn,Kansas,,Truck,4.5917,4.355,4.735,$ Per Bushel
2024-12-18,Corn,Michigan,,Truck,4.105,4.035,4.185,$ Per Bushel
2024-12-18,Corn,Minnesota,,Truck,4.295,4.055,4.485,$ Per Bushel
2024-12-18,Corn,Missouri,,Truck,4.16,4.085,4.235,$ Per Bushel
2024-12-18,Corn,Nebraska,,Truck,4.2881,4.135,4.435,$ Per Bushel
2024-12-18,Corn,Ohio,,Truck,4.3733,4.285,4.465,$ Per Bushel
2024-12-18,Corn,South Dakota,,Truck,4.0404,3.865,4.255,$ Per Bushel
2024-12-18,Corn,Wisconsin,,Truck,4.1017,4.035,4.235,$ Per Bushel
2024-12-19,Corn,Illinois,,Truck,4.3642,4.2225,4.5525,$ Per Bushel
2024-12-19,Corn,Indiana,,Truck,4.3436,4.1725,4.5225,$ Per Bushel
2024-12-19,Corn,Iowa,,Truck,4.2655,4.1725,4.4025,$ Per Bushel
2024-12-19,Corn,Kansas,,Truck,4.5292,4.2925,4.6725,$ Per Bushel
2024-12-19,Corn,Michigan,,Truck,4.0425,3.9725,4.1225,$ Per Bushel
2024-12-19,Corn,Minnesota,,Truck,4.2268,3.9925,4.3825,$ Per Bushel
2024-12-19,Corn,Missouri,,Truck,4.0975,4.0225,4.1725,$ Per Bushel
2024-12-19,Corn,Nebraska,,Truck,4.2225,4.0725,4.3725,$ Per Bushel
2024-12-19,Corn,Ohio,,Truck,4.3192,4.2725,4.4025,$ Per Bushel
2024-12-19,Corn,South Dakota,,Truck,3.9771,3.8025,4.1925,$ Per Bushel
2024-12-19,Corn,Wisconsin,,Truck,4.0392,3.9725,4.1725,$ Per Bushel
2024-12-20,Corn,Illinois,,Truck,4.4046,4.2575,4.5875,$ Per Bushel
2024-12-20,Corn,Indiana,,Truck,4.3753,4.2075,4.5575,$ Per Bushel
2024-12-20,Corn,Iowa,,Truck,4.303,4.2075,4.4375,$ Per Bushel
2024-12-20,Corn,Kansas,,Truck,4.5508,4.2875,4.7075,$ Per Bushel
2024-12-20,Corn,Michigan,,Truck,4.0775,4.0075,4.1575,$ Per Bushel
2024-12-20,Corn,Minnesota,,Truck,4.2589,4.0075,4.4175,$ Per Bushel
2024-12-20,Corn,Missouri,,Truck,4.1325,4.0575,4.2075,$ Per Bushel
2024-12-20,Corn,Nebraska,,Truck,4.2575,4.1075,4.4075,$ Per Bushel
2024-12-20,Corn,Ohio,,Truck,4.3542,4.3075,4.4375,$ Per Bushel
2024-12-20,Corn,South Dakota,,Truck,4.0152,3.8375,4.2275,$ Per Bushel
2024-12-20,Corn,Wisconsin,,Truck,4.0742,4.0075,4.2075,$ Per Bushel
2024-12-23,Corn,Illinois,,Truck,4.4568,4.3125,4.6425,$ Per Bushel
2024-12-23,Corn,Indiana,,Truck,4.4303,4.2625,4.6125,$ Per Bushel
2024-12-23,Corn,Iowa,,Truck,4.3383,4.2925,4.3825,$ Per Bushel
2024-12-23,Corn,Kansas,,Truck,4.5892,4.3425,4.7125,$ Per Bushel
2024-12-23,Corn,Michigan,,Truck,4.1325,4.0625,4.2125,$ Per Bushel
2024-12-23,Corn,Minnesota,,Truck,4.3182,4.0625,4.4725,$ Per Bushel
2024-12-23,Corn,Missouri,,Truck,4.1875,4.1125,4.2625,$ Per Bushel
2024-12-23,Corn,Nebraska,,Truck,4.3125,4.1625,4.4625,$ Per Bushel
2024-12-23,Corn,Ohio,,Truck,4.3925,4.3625,4.4925,$ Per Bushel
2024-12-23,Corn,South Dakota,,Truck,4.0687,3.8925,4.2825,$ Per Bushel
2024-12-23,Corn,Wisconsin,,Truck,4.1292,4.0625,4.2625,$ Per Bushel
2024-12-26,Corn,Illinois,,Truck,4.4793,4.335,4.665,$ Per Bushel
2024-12-26,Corn,Indiana,,Truck,4.455,4.285,4.635,$ Per Bushel
2024-12-26,Corn,Iowa,,Truck,4.3835,4.285,4.515,$ Per Bushel
2024-12-26,Corn,Kansas,,Truck,4.6117,4.365,4.735,$ Per Bushel
2024-12-26,Corn,Michigan,,Truck,4.155,4.085,4.235,$ Per Bushel
2024-12-26,Corn,Minnesota,,Truck,4.3336,4.035,4.495,$ Per Bushel
2024-12-26,Corn,Missouri,,Truck,4.21,4.135,4.285,$ Per Bushel
2024-12-26,Corn,Nebraska,,Truck,4.3465,4.185,4.485,$ Per Bushel
2024-12-26,Corn,Ohio,,Truck,4.415,4.385,4.515,$ Per Bushel
2024-12-26,Corn,South Dakota,,Truck,4.0912,3.915,4.305,$ Per Bushel
2024-12-26,Corn,Wisconsin,,Truck,4.1517,4.085,4.285,$ Per Bushel
2024-12-27,Corn,Illinois,,Truck,4.5318,4.3875,4.7175,$ Per Bushel
2024-12-27,Corn,Indiana,,Truck,4.5075,4.3375,4.6875,$ Per Bushel
2024-12-27,Corn,Iowa,,Truck,4.436,4.3375,4.5675,$ Per Bushel
2024-12-27,Corn,Kansas,,Truck,4.6642,4.4175,4.7875,$ Per Bushel
2024-12-27,Corn,Michigan,,Truck,4.2075,4.1375,4.2875,$ Per Bushel
2024-12-27,Corn,Minnesota,,Truck,4.3861,4.0875,4.5475,$ Per Bushel
2024-12-27,Corn,Missouri,,Truck,4.2625,4.1875,4.3375,$ Per Bushel
2024-12-27,Corn,Nebraska,,Truck,4.399,4.2375,4.5375,$ Per Bushel
2024-12-27,Corn,Ohio,,Truck,4.4675,4.4375,4.5675,$ Per Bushel
2024-12-27,Corn,South Dakota,,Truck,4.1437,3.9675,4.3575,$ Per Bushel
2024-12-27,Corn,Wisconsin,,Truck,4.2042,4.1375,4.3375,$ Per Bushel
2024-12-30,Corn,Illinois,,Truck,4.5429,4.41,4.72,$ Per Bushel
2024-12-30,Corn,Indiana,,Truck,4.5078,4.34,4.69,$ Per Bushel
2024-12-30,Corn,Iowa,,Truck,4.428,4.28,4.57,$ Per Bushel
2024-12-30,Corn,Kansas,,Truck,4.64,4.39,4.79,$ Per Bushel
2024-12-30,Corn,Michigan,,Truck,4.21,4.14,4.29,$ Per Bushel
2024-12-30,Corn,Minnesota,,Truck,4.37,4.09,4.55,$ Per Bushel
2024-12-30,Corn,Missouri,,Truck,4.265,4.19,4.34,$ Per Bushel
2024-12-30,Corn,Nebraska,,Truck,4.4057,4.24,4.54,$ Per Bushel
2024-12-30,Corn,Ohio,,Truck,4.465,4.39,4.57,$ Per Bushel
2024-12-30,Corn,South Dakota,,Truck,4.1369,3.97,4.34,$ Per Bushel
2024-12-30,Corn,Wisconsin,,Truck,4.2067,4.14,4.34,$ Per Bushel
2024-12-31,Corn,Illinois,,Truck,4.5254,4.3925,4.7025,$ Per Bushel
2024-12-31,Corn,Indiana,,Truck,4.4881,4.3225,4.6725,$ Per Bushel
2024-12-31,Corn,Iowa,,Truck,4.4115,4.3025,4.5525,$ Per Bushel
2024-12-31,Corn,Kansas,,Truck,4.6225,4.3725,4.7725,$ Per Bushel
2024-12-31,Corn,Michigan,,Truck,4.1925,4.1225,4.2725,$ Per Bushel
2024-12-31,Corn,Minnesota,,Truck,4.3454,4.0725,4.5325,$ Per Bushel
2024-12-31,Corn,Missouri,,Truck,4.26,4.2225,4.3225,$ Per Bushel
2024-12-31,Corn,Nebraska,,Truck,4.3796,4.2225,4.5225,$ Per Bushel
2024-12-31,Corn,Ohio,,Truck,4.4475,4.3725,4.5525,$ Per Bushel
2024-12-31,Corn,South Dakota,,Truck,4.1148,3.9525,4.3225,$ Per Bushel
2024-12-31,Corn,Wisconsin,,Truck,4.1958,4.1225,4.3225,$ Per Bushel
2025-01-02,Corn,Illinois,,Truck,4.5879,4.455,4.765,$ Per Bushel
2025-01-02,Corn,Indiana,,Truck,4.5583,4.455,4.735,$ Per Bushel
2025-01-02,Corn,Iowa,,Truck,4.45,4.415,4.485,$ Per Bushel
2025-01-02,Corn,Kansas,,Truck,4.685,4.435,4.835,$ Per Bushel
2025-01-02,Corn,Michigan,,Truck,4.255,4.185,4.335,$ Per Bushel
2025-01-02,Corn,Minnesota,,Truck,4.4079,4.135,4.595,$ Per Bushel
2025-01-02,Corn,Missouri,,Truck,4.3225,4.285,4.385,$ Per Bushel
2025-01-02,Corn,Nebraska,,Truck,4.4436,4.285,4.585,$ Per Bushel
2025-01-02,Corn,Ohio,,Truck,4.495,4.435,4.615,$ Per Bushel
2025-01-02,Corn,South Dakota,,Truck,4.1765,4.015,4.385,$ Per Bushel
2025-01-02,Corn,Wisconsin,,Truck,4.2683,4.185,4.385,$ Per Bushel
2025-01-03,Corn,Illinois,,Truck,4.6179,4.465,4.825,$ Per Bushel
2025-01-03,Corn,Indiana,,Truck,4.5683,4.465,4.745,$ Per Bushel
2025-01-03,Corn,Iowa,,Truck,4.476,4.355,4.575,$ Per Bushel
2025-01-03,Corn,Kansas,,Truck,4.705,4.475,4.845,$ Per Bushel
2025-01-03,Corn,Michigan,,Truck,4.265,4.195,4.345,$ Per Bushel
2025-01-03,Corn,Minnesota,,Truck,4.4164,4.145,4.615,$ Per Bushel
2025-01-03,Corn,Missouri,,Truck,4.3575,4.295,4.395,$ Per Bushel
2025-01-03,Corn,Nebraska,,Truck,4.4593,4.315,4.595,$ Per Bushel
2025-01-03,Corn,Ohio,,Truck,4.5133,4.445,4.625,$ Per Bushel
2025-01-03,Corn,South Dakota,,Truck,4.1912,4.025,4.395,$ Per Bushel
2025-01-03,Corn,Wisconsin,,Truck,4.295,4.215,4.425,$ Per Bushel
2025-01-06,Corn,Illinois,,Truck,4.5304,4.3775,4.7375,$ Per Bushel
2025-01-06,Corn,Indiana,,Truck,4.4808,4.3775,4.6575,$ Per Bushel
2025-01-06,Corn,Iowa,,Truck,4.3891,4.2675,4.4675,$ Per Bushel
2025-01-06,Corn,Kansas,,Truck,4.6175,4.3875,4.7575,$ Per Bushel
2025-01-06,Corn,Michigan,,Truck,4.1775,4.1075,4.2575,$ Per Bushel
2025-01-06,Corn,Minnesota,,Truck,4.3146,4.0575,4.5275,$ Per Bushel
2025-01-06,Corn,Missouri,,Truck,4.27,4.2075,4.3075,$ Per Bushel
2025-01-06,Corn,Nebraska,,Truck,4.3711,4.2275,4.5075,$ Per Bushel
2025-01-06,Corn,Ohio,,Truck,4.4258,4.3575,4.5375,$ Per Bushel
2025-01-06,Corn,South Dakota,,Truck,4.0983,3.9375,4.3075,$ Per Bushel
2025-01-06,Corn,Wisconsin,,Truck,4.2075,4.1275,4.3375,$ Per Bushel
2025-01-07,Corn,Illinois,,Truck,4.5889,4.4175,4.7875,$ Per Bushel
2025-01-07,Corn,Indiana,,Truck,4.5453,4.4475,4.7275,$ Per Bushel
2025-01-07,Corn,Iowa,,Truck,4.4586,4.3375,4.5375,$ Per Bushel
2025-01-07,Corn,Kansas,,Truck,4.6875,4.4575,4.8275,$ Per Bushel
2025-01-07,Corn,Michigan,,Truck,4.2475,4.1775,4.3275,$ Per Bushel
2025-01-07,Corn,Minnesota,,Truck,4.3746,4.1275,4.5275,$ Per Bushel
2025-01-07,Corn,Missouri,,Truck,4.3525,4.2775,4.3775,$ Per Bushel
2025-01-07,Corn,Nebraska,,Truck,4.4354,4.2975,4.5775,$ Per Bushel
2025-01-07,Corn,Ohio,,Truck,4.4908,4.4275,4.6075,$ Per Bushel
2025-01-07,Corn,South Dakota,,Truck,4.166,4.0075,4.3775,$ Per Bushel
2025-01-07,Corn,Wisconsin,,Truck,4.2875,4.2275,4.4075,$ Per Bushel
2025-01-08,Corn,Illinois,,Truck,4.5914,4.42,4.79,$ Per Bushel
2025-01-08,Corn,Indiana,,Truck,4.5456,4.45,4.73,$ Per Bushel
2025-01-08,Corn,Iowa,,Truck,4.4258,4.37,4.48,$ Per Bushel
2025-01-08,Corn,Kansas,,Truck,4.69,4.46,4.83,$ Per Bushel
2025-01-08,Corn,Michigan,,Truck,4.25,4.18,4.33,$ Per Bushel
2025-01-08,Corn,Minnesota,,Truck,4.3643,4.13,4.53,$ Per Bushel
2025-01-08,Corn,Missouri,,Truck,4.355,4.28,4.38,$ Per Bushel
2025-01-08,Corn,Nebraska,,Truck,4.435,4.3,4.58,$ Per Bushel
2025-01-08,Corn,Ohio,,Truck,4.4933,4.43,4.61,$ Per Bushel
2025-01-08,Corn,South Dakota,,Truck,4.1592,3.99,4.38,$ Per Bushel
2025-01-08,Corn,Wisconsin,,Truck,4.29,4.23,4.41,$ Per Bushel
2025-01-10,Corn,Illinois,,Truck,4.5571,4.4,4.77,$ Per Bushel
2025-01-10,Corn,Indiana,,Truck,4.5311,4.43,4.78,$ Per Bushel
2025-01-10,Corn,Iowa,,Truck,4.4,4.34,4.46,$ Per Bushel
2025-01-10,Corn,Kansas,,Truck,4.67,4.44,4.81,$ Per Bushel
2025-01-10,Corn,Michigan,,Truck,4.23,4.16,4.31,$ Per Bushel
2025-01-10,Corn,Minnesota,,Truck,4.3329,4.08,4.46,$ Per Bushel
2025-01-10,Corn,Missouri,,Truck,4.335,4.26,4.36,$ Per Bushel
2025-01-10,Corn,Nebraska,,Truck,4.4157,4.28,4.56,$ Per Bushel
2025-01-10,Corn,Ohio,,Truck,4.4733,4.41,4.59,$ Per Bushel
2025-01-10,Corn,South Dakota,,Truck,4.1369,3.97,4.36,$ Per Bushel
2025-01-10,Corn,Wisconsin,,Truck,4.27,4.21,4.39,$ Per Bushel
2025-01-13,Corn,Illinois,,Truck,4.6621,4.515,4.845,$ Per Bushel
2025-01-13,Corn,Indiana,,Truck,4.6539,4.555,4.875,$ Per Bushel
2025-01-13,Corn,Iowa,,Truck,4.5334,4.385,4.605,$ Per Bushel
2025-01-13,Corn,Kansas,,Truck,4.795,4.555,4.925,$ Per Bushel
2025-01-13,Corn,Michigan,,Truck,4.355,4.305,4.455,$ Per Bushel
2025-01-13,Corn,Minnesota,,Truck,4.4521,4.175,4.605,$ Per Bushel
2025-01-13,Corn,Missouri,,Truck,4.4625,4.385,4.505,$ Per Bushel
2025-01-13,Corn,Nebraska,,Truck,4.51,4.405,4.655,$ Per Bushel
2025-01-13,Corn,Ohio,,Truck,4.6017,4.505,4.735,$ Per Bushel
2025-01-13,Corn,South Dakota,,Truck,4.2381,4.055,4.465,$ Per Bushel
2025-01-13,Corn,Wisconsin,,Truck,4.3717,4.255,4.535,$ Per Bushel
2025-01-14,Corn,Illinois,,Truck,4.7036,4.545,4.865,$ Per Bushel
2025-01-14,Corn,Indiana,,Truck,4.7028,4.615,4.865,$ Per Bushel
2025-01-14,Corn,Iowa,,Truck,4.5787,4.445,4.665,$ Per Bushel
2025-01-14,Corn,Kansas,,Truck,4.8283,4.585,4.985,$ Per Bushel
2025-01-14,Corn,Michigan,,Truck,4.415,4.365,4.515,$ Per Bushel
2025-01-14,Corn,Minnesota,,Truck,4.485,4.175,4.665,$ Per Bushel
2025-01-14,Corn,Missouri,,Truck,4.4975,4.445,4.565,$ Per Bushel
2025-01-14,Corn,Nebraska,,Truck,4.5571,4.445,4.665,$ Per Bushel
2025-01-14,Corn,Ohio,,Truck,4.6583,4.565,4.795,$ Per Bushel
2025-01-14,Corn,South Dakota,,Truck,4.2773,4.115,4.515,$ Per Bushel
2025-01-14,Corn,Wisconsin,,Truck,4.4317,4.315,4.595,$ Per Bushel
2025-01-15,Corn,Illinois,,Truck,4.6807,4.525,4.845,$ Per Bushel
2025-01-15,Corn,Indiana,,Truck,4.6828,4.595,4.845,$ Per Bushel
2025-01-15,Corn,Iowa,,Truck,4.5576,4.425,4.625,$ Per Bushel
2025-01-15,Corn,Kansas,,Truck,4.8083,4.565,4.965,$ Per Bushel
2025-01-15,Corn,Michigan,,Truck,4.395,4.345,4.495,$ Per Bushel
2025-01-15,Corn,Minnesota,,Truck,4.4607,4.155,4.645,$ Per Bushel
2025-01-15,Corn,Missouri,,Truck,4.4725,4.395,4.595,$ Per Bushel
2025-01-15,Corn,Nebraska,,Truck,4.5279,4.425,4.645,$ Per Bushel
2025-01-15,Corn,Ohio,,Truck,4.6383,4.545,4.775,$ Per Bushel
2025-01-15,Corn,South Dakota,,Truck,4.2458,4.095,4.485,$ Per Bushel
2025-01-15,Corn,Wisconsin,,Truck,4.405,4.295,4.575,$ Per Bushel
2025-01-16,Corn,Illinois,,Truck,4.7175,4.5675,4.8875,$ Per Bushel
2025-01-16,Corn,Indiana,,Truck,4.7253,4.6375,4.8875,$ Per Bushel
2025-01-16,Corn,Iowa,,Truck,4.5949,4.4675,4.6675,$ Per Bushel
2025-01-16,Corn,Kansas,,Truck,4.8442,4.6075,4.9875,$ Per Bushel
2025-01-16,Corn,Michigan,,Truck,4.4375,4.3875,4.5375,$ Per Bushel
2025-01-16,Corn,Minnesota,,Truck,4.4946,4.1975,4.6875,$ Per Bushel
2025-01-16,Corn,Missouri,,Truck,4.515,4.4375,4.6375,$ Per Bushel
2025-01-16,Corn,Nebraska,,Truck,4.5696,4.4675,4.6875,$ Per Bushel
2025-01-16,Corn,Ohio,,Truck,4.6808,4.5875,4.8175,$ Per Bushel
2025-01-16,Corn,South Dakota,,Truck,4.2806,4.0875,4.5275,$ Per Bushel
2025-01-16,Corn,Wisconsin,,Truck,4.4575,4.3675,4.6175,$ Per Bushel
2025-01-17,Corn,Illinois,,Truck,4.675,4.525,4.845,$ Per Bushel
2025-01-17,Corn,Indiana,,Truck,4.6872,4.595,4.845,$ Per Bushel
2025-01-17,Corn,Iowa,,Truck,4.5275,4.435,4.595,$ Per Bushel
2025-01-17,Corn,Kansas,,Truck,4.785,4.565,4.945,$ Per Bushel
2025-01-17,Corn,Michigan,,Truck,4.395,4.345,4.495,$ Per Bushel
2025-01-17,Corn,Minnesota,,Truck,4.4521,4.155,4.645,$ Per Bushel
2025-01-17,Corn,Missouri,,Truck,4.4725,4.395,4.595,$ Per Bushel
2025-01-17,Corn,Nebraska,,Truck,4.5236,4.425,4.625,$ Per Bushel
2025-01-17,Corn,Ohio,,Truck,4.6467,4.545,4.775,$ Per Bushel
2025-01-17,Corn,South Dakota,,Truck,4.2396,4.065,4.485,$ Per Bushel
2025-01-17,Corn,Wisconsin,,Truck,4.415,4.325,4.575,$ Per Bushel
2025-01-21,Corn,Illinois,,Truck,4.7739,4.6225,4.9425,$ Per Bushel
2025-01-21,Corn,Indiana,,Truck,4.7869,4.6925,4.9425,$ Per Bushel
2025-01-21,Corn,Iowa,,Truck,4.6362,4.5025,4.7225,$ Per Bushel
2025-01-21,Corn,Kansas,,Truck,4.8825,4.6625,5.0425,$ Per Bushel
2025-01-21,Corn,Michigan,,Truck,4.4925,4.4425,4.5925,$ Per Bushel
2025-01-21,Corn,Minnesota,,Truck,4.5296,4.2925,4.6425,$ Per Bushel
2025-01-21,Corn,Missouri,,Truck,4.565,4.4825,4.6925,$ Per Bushel
2025-01-21,Corn,Nebraska,,Truck,4.6139,4.5025,4.7225,$ Per Bushel
2025-01-21,Corn,Ohio,,Truck,4.7575,4.6925,4.8725,$ Per Bushel
2025-01-21,Corn,South Dakota,,Truck,4.3302,4.1625,4.5825,$ Per Bushel
2025-01-21,Corn,Wisconsin,,Truck,4.5125,4.4225,4.6725,$ Per Bushel
2025-01-22,Corn,Illinois,,Truck,4.8257,4.68,4.98,$ Per Bushel
2025-01-22,Corn,Indiana,,Truck,4.8444,4.75,5.0,$ Per Bushel
2025-01-22,Corn,Iowa,,Truck,4.675,4.59,4.75,$ Per Bushel
2025-01-22,Corn,Kansas,,Truck,4.94,4.72,5.1,$ Per Bushel
2025-01-22,Corn,Michigan,,Truck,4.55,4.5,4.65,$ Per Bushel
2025-01-22,Corn,Minnesota,,Truck,4.5714,4.32,4.68,$ Per Bushel
2025-01-22,Corn,Missouri,,Truck,4.63,4.54,4.75,$ Per Bushel
2025-01-22,Corn,Nebraska,,Truck,4.6643,4.55,4.78,$ Per Bushel
2025-01-22,Corn,Ohio,,Truck,4.835,4.76,4.93,$ Per Bushel
2025-01-22,Corn,South Dakota,,Truck,4.3869,4.22,4.64,$ Per Bushel
2025-01-22,Corn,Wisconsin,,Truck,4.57,4.48,4.73,$ Per Bushel
2025-01-23,Corn,Illinois,,Truck,4.7654,4.6225,4.9225,$ Per Bushel
2025-01-23,Corn,Indiana,,Truck,4.7869,4.6925,4.9425,$ Per Bushel
2025-01-23,Corn,Iowa,,Truck,4.6262,4.5025,4.7225,$ Per Bushel
2025-01-23,Corn,Kansas,,Truck,4.8158,4.6625,4.9425,$ Per Bushel
2025-01-23,Corn,Michigan,,Truck,4.4925,4.4425,4.5925,$ Per Bushel
2025-01-23,Corn,Minnesota,,Truck,4.5111,4.2625,4.6225,$ Per Bushel
2025-01-23,Corn,Missouri,,Truck,4.5725,4.4825,4.6925,$ Per Bushel
2025-01-23,Corn,Nebraska,,Truck,4.6061,4.4925,4.7225,$ Per Bushel
2025-01-23,Corn,Ohio,,Truck,4.7925,4.7425,4.8925,$ Per Bushel
2025-01-23,Corn,South Dakota,,Truck,4.3117,4.1625,4.5825,$ Per Bushel
2025-01-23,Corn,Wisconsin,,Truck,4.5125,4.4225,4.6725,$ Per Bushel
2025-01-24,Corn,Illinois,,Truck,4.8146,4.6775,4.9775,$ Per Bushel
2025-01-24,Corn,Indiana,,Truck,4.8419,4.7475,4.9975,$ Per Bushel
2025-01-24,Corn,Iowa,,Truck,4.6822,4.5575,4.7775,$ Per Bushel
2025-01-24,Corn,Kansas,,Truck,4.8542,4.7175,4.9475,$ Per Bushel
2025-01-24,Corn,Michigan,,Truck,4.5475,4.4975,4.6475,$ Per Bushel
2025-01-24,Corn,Minnesota,,Truck,4.5661,4.3175,4.6775,$ Per Bushel
2025-01-24,Corn,Missouri,,Truck,4.615,4.5375,4.6975,$ Per Bushel
2025-01-24,Corn,Nebraska,,Truck,4.6575,4.5275,4.7575,$ Per Bushel
2025-01-24,Corn,Ohio,,Truck,4.8642,4.7975,4.9475,$ Per Bushel
2025-01-24,Corn,South Dakota,,Truck,4.3706,4.2175,4.6375,$ Per Bushel
2025-01-24,Corn,Wisconsin,,Truck,4.575,4.4775,4.7275,$ Per Bushel
2025-01-27,Corn,Illinois,,Truck,4.775,4.625,4.945,$ Per Bushel
2025-01-27,Corn,Indiana,,Truck,4.8183,4.715,4.965,$ Per Bushel
2025-01-27,Corn,Iowa,,Truck,4.6524,4.525,4.765,$ Per Bushel
2025-01-27,Corn,Kansas,,Truck,4.8217,4.685,4.915,$ Per Bushel
2025-01-27,Corn,Michigan,,Truck,4.535,4.465,4.615,$ Per Bushel
2025-01-27,Corn,Minnesota,,Truck,4.5336,4.285,4.645,$ Per Bushel
2025-01-27,Corn,Missouri,,Truck,4.5825,4.505,4.665,$ Per Bushel
2025-01-27,Corn,Nebraska,,Truck,4.625,4.495,4.725,$ Per Bushel
2025-01-27,Corn,Ohio,,Truck,4.8433,4.765,4.935,$ Per Bushel
2025-01-27,Corn,South Dakota,,Truck,4.3419,4.185,4.605,$ Per Bushel
2025-01-27,Corn,Wisconsin,,Truck,4.5425,4.445,4.695,$ Per Bushel
2025-01-28,Corn,Illinois,,Truck,4.7271,4.58,4.9,$ Per Bushel
2025-01-28,Corn,Indiana,,Truck,4.7711,4.67,4.92,$ Per Bushel
2025-01-28,Corn,Iowa,,Truck,4.6121,4.48,4.72,$ Per Bushel
2025-01-28,Corn,Kansas,,Truck,4.7767,4.64,4.87,$ Per Bushel
2025-01-28,Corn,Michigan,,Truck,4.5,4.42,4.57,$ Per Bushel
2025-01-28,Corn,Minnesota,,Truck,4.4957,4.24,4.6,$ Per Bushel
2025-01-28,Corn,Missouri,,Truck,4.5425,4.47,4.62,$ Per Bushel
2025-01-28,Corn,Nebraska,,Truck,4.5814,4.45,4.68,$ Per Bushel
2025-01-28,Corn,Ohio,,Truck,4.815,4.72,4.89,$ Per Bushel
2025-01-28,Corn,South Dakota,,Truck,4.3008,4.14,4.56,$ Per Bushel
2025-01-28,Corn,Wisconsin,,Truck,4.485,4.37,4.65,$ Per Bushel
2025-01-29,Corn,Illinois,,Truck,4.7596,4.6125,4.9325,$ Per Bushel
2025-01-29,Corn,Indiana,,Truck,4.8125,4.7025,4.9525,$ Per Bushel
2025-01-29,Corn,Iowa,,Truck,4.6317,4.5325,4.7025,$ Per Bushel
2025-01-29,Corn,Kansas,,Truck,4.8092,4.6725,4.9025,$ Per Bushel
2025-01-29,Corn,Michigan,,Truck,4.5325,4.4525,4.6025,$ Per Bushel
2025-01-29,Corn,Minnesota,,Truck,4.5325,4.3025,4.6325,$ Per Bushel
2025-01-29,Corn,Missouri,,Truck,4.5625,4.5025,4.6325,$ Per Bushel
2025-01-29,Corn,Nebraska,,Truck,4.6018,4.4325,4.7125,$ Per Bushel
2025-01-29,Corn,Ohio,,Truck,4.8475,4.7525,4.9225,$ Per Bushel
2025-01-29,Corn,South Dakota,,Truck,4.3271,4.1725,4.5925,$ Per Bushel
2025-01-29,Corn,Wisconsin,,Truck,4.5175,4.4025,4.6825,$ Per Bushel
2025-01-30,Corn,Illinois,,Truck,4.8771,4.73,5.05,$ Per Bushel
2025-01-30,Corn,Indiana,,Truck,4.93,4.82,5.07,$ Per Bushel
2025-01-30,Corn,Iowa,,Truck,4.7637,4.63,4.87,$ Per Bushel
2025-01-30,Corn,Kansas,,Truck,4.9267,4.79,5.02,$ Per Bushel
2025-01-30,Corn,Michigan,,Truck,4.65,4.57,4.72,$ Per Bushel
2025-01-30,Corn,Minnesota,,Truck,4.6471,4.42,4.75,$ Per Bushel
2025-01-30,Corn,Missouri,,Truck,4.6525,4.6,4.72,$ Per Bushel
2025-01-30,Corn,Nebraska,,Truck,4.7093,4.55,4.82,$ Per Bushel
2025-01-30,Corn,Ohio,,Truck,4.965,4.87,5.04,$ Per Bushel
2025-01-30,Corn,South Dakota,,Truck,4.44,4.29,4.71,$ Per Bushel
2025-01-30,Corn,Wisconsin,,Truck,4.61,4.47,4.8,$ Per Bushel
2025-01-31,Corn,Illinois,,Truck,4.8096,4.6625,4.9825,$ Per Bushel
2025-01-31,Corn,Indiana,,Truck,4.8625,4.7525,5.0025,$ Per Bushel
2025-01-31,Corn,Iowa,,Truck,4.6951,4.5625,4.8025,$ Per Bushel
2025-01-31,Corn,Kansas,,Truck,4.8592,4.7225,4.9525,$ Per Bushel
2025-01-31,Corn,Michigan,,Truck,4.5625,4.4025,4.6525,$ Per Bushel
2025-01-31,Corn,Minnesota,,Truck,4.5682,4.3525,4.6825,$ Per Bushel
2025-01-31,Corn,Missouri,,Truck,4.5825,4.5225,4.6525,$ Per Bushel
2025-01-31,Corn,Nebraska,,Truck,4.6365,4.4825,4.7525,$ Per Bushel
2025-01-31,Corn,Ohio,,Truck,4.8975,4.8025,4.9725,$ Per Bushel
2025-01-31,Corn,South Dakota,,Truck,4.3733,4.2225,4.6625,$ Per Bushel
2025-01-31,Corn,Wisconsin,,Truck,4.5425,4.4025,4.7325,$ Per Bushel
2025-02-03,Corn,Illinois,,Truck,4.7271,4.58,4.9,$ Per Bushel
2025-02-03,Corn,Indiana,,Truck,4.78,4.67,4.92,$ Per Bushel
2025-02-03,Corn,Iowa,,Truck,4.6126,4.48,4.72,$ Per Bushel
2025-02-03,Corn,Kansas,,Truck,4.7767,4.64,4.87,$ Per Bushel
2025-02-03,Corn,Michigan,,Truck,4.48,4.32,4.57,$ Per Bushel
2025-02-03,Corn,Minnesota,,Truck,4.4857,4.27,4.6,$ Per Bushel
2025-02-03,Corn,Missouri,,Truck,4.5025,4.45,4.57,$ Per Bushel
2025-02-03,Corn,Nebraska,,Truck,4.548,4.4,4.66,$ Per Bushel
2025-02-03,Corn,Ohio,,Truck,4.815,4.72,4.89,$ Per Bushel
2025-02-03,Corn,South Dakota,,Truck,4.2931,4.14,4.58,$ Per Bushel
2025-02-03,Corn,Wisconsin,,Truck,4.46,4.32,4.65,$ Per Bushel
2025-02-04,Corn,Illinois,,Truck,4.8146,4.6875,4.9575,$ Per Bushel
2025-02-04,Corn,Indiana,,Truck,4.8664,4.7675,5.0575,$ Per Bushel
2025-02-04,Corn,Iowa,,Truck,4.6828,4.5475,4.7875,$ Per Bushel
2025-02-04,Corn,Kansas,,Truck,4.8625,4.7375,4.9875,$ Per Bushel
2025-02-04,Corn,Michigan,,Truck,4.5535,4.3875,4.6375,$ Per Bushel
2025-02-04,Corn,Minnesota,,Truck,4.5561,4.3375,4.6675,$ Per Bushel
2025-02-04,Corn,Missouri,,Truck,4.575,4.5375,4.6375,$ Per Bushel
2025-02-04,Corn,Nebraska,,Truck,4.6188,4.4875,4.7275,$ Per Bushel
2025-02-04,Corn,Ohio,,Truck,4.8908,4.8375,4.9575,$ Per Bushel
2025-02-04,Corn,South Dakota,,Truck,4.3683,4.2075,4.6475,$ Per Bushel
2025-02-04,Corn,Wisconsin,,Truck,4.5325,4.3875,4.7175,$ Per Bushel
2025-02-05,Corn,Illinois,,Truck,4.8721,4.745,5.015,$ Per Bushel
2025-02-05,Corn,Indiana,,Truck,4.9217,4.825,5.115,$ Per Bushel
2025-02-05,Corn,Iowa,,Truck,4.7481,4.655,4.795,$ Per Bushel
2025-02-05,Corn,Kansas,,Truck,4.92,4.795,5.045,$ Per Bushel
2025-02-05,Corn,Michigan,,Truck,4.621,4.445,4.745,$ Per Bushel
2025-02-05,Corn,Minnesota,,Truck,4.6136,4.395,4.725,$ Per Bushel
2025-02-05,Corn,Missouri,,Truck,4.6325,4.595,4.695,$ Per Bushel
2025-02-05,Corn,Nebraska,,Truck,4.6686,4.525,4.785,$ Per Bushel
2025-02-05,Corn,Ohio,,Truck,4.9483,4.895,5.015,$ Per Bushel
2025-02-05,Corn,South Dakota,,Truck,4.4281,4.265,4.705,$ Per Bushel
2025-02-05,Corn,Wisconsin,,Truck,4.58,4.445,4.775,$ Per Bushel
2025-02-06,Corn,Illinois,,Truck,4.8596,4.7325,5.0025,$ Per Bushel
2025-02-06,Corn,Indiana,,Truck,4.9092,4.8125,5.1025,$ Per Bushel
2025-02-06,Corn,Iowa,,Truck,4.7288,4.5925,4.8325,$ Per Bushel
2025-02-06,Corn,Kansas,,Truck,4.8825,4.7825,4.9825,$ Per Bushel
2025-02-06,Corn,Michigan,,Truck,4.6085,4.4325,4.7325,$ Per Bushel
2025-02-06,Corn,Minnesota,,Truck,4.6011,4.3825,4.7125,$ Per Bushel
2025-02-06,Corn,Missouri,,Truck,4.62,4.5325,4.6825,$ Per Bushel
2025-02-06,Corn,Nebraska,,Truck,4.6638,4.5125,4.8025,$ Per Bushel
2025-02-06,Corn,Ohio,,Truck,4.9358,4.8825,5.0025,$ Per Bushel
2025-02-06,Corn,South Dakota,,Truck,4.4156,4.2525,4.6925,$ Per Bushel
2025-02-06,Corn,Wisconsin,,Truck,4.57,4.4425,4.7625,$ Per Bushel
2025-02-07,Corn,Illinois,,Truck,4.8825,4.7525,5.0225,$ Per Bushel
2025-02-07,Corn,Indiana,,Truck,4.9258,4.8325,5.1025,$ Per Bushel
2025-02-07,Corn,Iowa,,Truck,4.7499,4.6125,4.8525,$ Per Bushel
2025-02-07,Corn,Kansas,,Truck,4.9025,4.8025,5.0025,$ Per Bushel
2025-02-07,Corn,Michigan,,Truck,4.6285,4.4525,4.7525,$ Per Bushel
2025-02-07,Corn,Minnesota,,Truck,4.6211,4.4025,4.7325,$ Per Bushel
2025-02-07,Corn,Missouri,,Truck,4.635,4.5525,4.7025,$ Per Bushel
2025-02-07,Corn,Nebraska,,Truck,4.6838,4.5325,4.8225,$ Per Bushel
2025-02-07,Corn,Ohio,,Truck,4.9558,4.9025,5.0225,$ Per Bushel
2025-02-07,Corn,South Dakota,,Truck,4.4363,4.2725,4.7125,$ Per Bushel
2025-02-07,Corn,Wisconsin,,Truck,4.5785,4.4625,4.7825,$ Per Bushel
2025-02-10,Corn,Illinois,,Truck,4.8021,4.675,4.925,$ Per Bushel
2025-02-10,Corn,Indiana,,Truck,4.8428,4.755,4.975,$ Per Bushel
2025-02-10,Corn,Iowa,,Truck,4.6734,4.535,4.775,$ Per Bushel
2025-02-10,Corn,Kansas,,Truck,4.79,4.725,4.855,$ Per Bushel
2025-02-10,Corn,Michigan,,Truck,4.575,4.375,4.675,$ Per Bushel
2025-02-10,Corn,Minnesota,,Truck,4.5436,4.325,4.655,$ Per Bushel
2025-02-10,Corn,Missouri,,Truck,4.5575,4.475,4.625,$ Per Bushel
2025-02-10,Corn,Nebraska,,Truck,4.6077,4.455,4.745,$ Per Bushel
2025-02-10,Corn,Ohio,,Truck,4.8783,4.825,4.945,$ Per Bushel
2025-02-10,Corn,South Dakota,,Truck,4.3612,4.225,4.635,$ Per Bushel
2025-02-10,Corn,Wisconsin,,Truck,4.501,4.385,4.705,$ Per Bushel
2025-02-11,Corn,Illinois,,Truck,4.8393,4.715,4.965,$ Per Bushel
2025-02-11,Corn,Indiana,,Truck,4.8828,4.795,5.015,$ Per Bushel
2025-02-11,Corn,Iowa,,Truck,4.7173,4.625,4.795,$ Per Bushel
2025-02-11,Corn,Kansas,,Truck,4.83,4.765,4.895,$ Per Bushel
2025-02-11,Corn,Michigan,,Truck,4.621,4.415,4.715,$ Per Bushel
2025-02-11,Corn,Minnesota,,Truck,4.5836,4.365,4.695,$ Per Bushel
2025-02-11,Corn,Missouri,,Truck,4.5975,4.515,4.665,$ Per Bushel
2025-02-11,Corn,Nebraska,,Truck,4.6371,4.495,4.765,$ Per Bushel
2025-02-11,Corn,Ohio,,Truck,4.9283,4.865,4.985,$ Per Bushel
2025-02-11,Corn,South Dakota,,Truck,4.4027,4.265,4.675,$ Per Bushel
2025-02-11,Corn,Wisconsin,,Truck,4.545,4.425,4.765,$ Per Bushel
2025-02-12,Corn,Illinois,,Truck,4.7643,4.64,4.89,$ Per Bushel
2025-02-12,Corn,Indiana,,Truck,4.8044,4.72,4.94,$ Per Bushel
2025-02-12,Corn,Iowa,,Truck,4.6389,4.48,4.74,$ Per Bushel
2025-02-12,Corn,Kansas,,Truck,4.755,4.69,4.82,$ Per Bushel
2025-02-12,Corn,Michigan,,Truck,4.546,4.34,4.64,$ Per Bushel
2025-02-12,Corn,Minnesota,,Truck,4.5086,4.29,4.62,$ Per Bushel
2025-02-12,Corn,Missouri,,Truck,4.5225,4.44,4.59,$ Per Bushel
2025-02-12,Corn,Nebraska,,Truck,4.5629,4.42,4.69,$ Per Bushel
2025-02-12,Corn,Ohio,,Truck,4.865,4.82,4.91,$ Per Bushel
2025-02-12,Corn,South Dakota,,Truck,4.3285,4.19,4.61,$ Per Bushel
2025-02-12,Corn,Wisconsin,,Truck,4.472,4.36,4.69,$ Per Bushel
2025-02-13,Corn,Illinois,,Truck,4.8268,4.7025,4.9525,$ Per Bushel
2025-02-13,Corn,Indiana,,Truck,4.8669,4.7825,5.0025,$ Per Bushel
2025-02-13,Corn,Iowa,,Truck,4.73,4.6125,4.8125,$ Per Bushel
2025-02-13,Corn,Kansas,,Truck,4.8175,4.7525,4.8825,$ Per Bushel
2025-02-13,Corn,Michigan,,Truck,4.6085,4.4025,4.7025,$ Per Bushel
2025-02-13,Corn,Minnesota,,Truck,4.5754,4.3525,4.6825,$ Per Bushel
2025-02-13,Corn,Missouri,,Truck,4.5625,4.5025,4.6325,$ Per Bushel
2025-02-13,Corn,Nebraska,,Truck,4.6254,4.4825,4.7525,$ Per Bushel
2025-02-13,Corn,Ohio,,Truck,4.9275,4.8825,4.9725,$ Per Bushel
2025-02-13,Corn,South Dakota,,Truck,4.3963,4.2525,4.7025,$ Per Bushel
2025-02-13,Corn,Wisconsin,,Truck,4.5345,4.4225,4.7525,$ Per Bushel
2025-02-14,Corn,Illinois,,Truck,4.8593,4.735,4.985,$ Per Bushel
2025-02-14,Corn,Indiana,,Truck,4.9017,4.815,5.035,$ Per Bushel
2025-02-14,Corn,Iowa,,Truck,4.7418,4.575,4.905,$ Per Bushel
2025-02-14,Corn,Kansas,,Truck,4.85,4.785,4.915,$ Per Bushel
2025-02-14,Corn,Michigan,,Truck,4.641,4.435,4.735,$ Per Bushel
2025-02-14,Corn,Minnesota,,Truck,4.6079,4.385,4.715,$ Per Bushel
2025-02-14,Corn,Missouri,,Truck,4.585,4.535,4.635,$ Per Bushel
2025-02-14,Corn,Nebraska,,Truck,4.6686,4.515,4.835,$ Per Bushel
2025-02-14,Corn,Ohio,,Truck,4.96,4.915,5.005,$ Per Bushel
2025-02-14,Corn,South Dakota,,Truck,4.4304,4.285,4.735,$ Per Bushel
2025-02-14,Corn,Wisconsin,,Truck,4.567,4.455,4.785,$ Per Bushel
2025-02-18,Corn,Illinois,,Truck,4.8868,4.7625,5.0125,$ Per Bushel
2025-02-18,Corn,Indiana,,Truck,4.9336,4.8425,5.0625,$ Per Bushel
2025-02-18,Corn,Iowa,,Truck,4.8,4.6725,4.9225,$ Per Bushel
2025-02-18,Corn,Kansas,,Truck,4.8775,4.8125,4.9425,$ Per Bushel
2025-02-18,Corn,Michigan,,Truck,4.6785,4.4625,4.8125,$ Per Bushel
2025-02-18,Corn,Minnesota,,Truck,4.6382,4.4125,4.7425,$ Per Bushel
2025-02-18,Corn,Missouri,,Truck,4.6125,4.5625,4.6625,$ Per Bushel
2025-02-18,Corn,Nebraska,,Truck,4.7082,4.5425,4.8625,$ Per Bushel
2025-02-18,Corn,Ohio,,Truck,4.9875,4.9425,5.0325,$ Per Bushel
2025-02-18,Corn,South Dakota,,Truck,4.4579,4.3125,4.7625,$ Per Bushel
2025-02-18,Corn,Wisconsin,,Truck,4.5945,4.4825,4.8125,$ Per Bushel
2025-02-19,Corn,Illinois,,Truck,4.9671,4.86,5.07,$ Per Bushel
2025-02-19,Corn,Indiana,,Truck,4.9989,4.92,5.12,$ Per Bushel
2025-02-19,Corn,Iowa,,Truck,4.8468,4.7,4.99,$ Per Bushel
2025-02-19,Corn,Kansas,,Truck,4.935,4.87,5.0,$ Per Bushel
2025-02-19,Corn,Michigan,,Truck,4.736,4.52,4.87,$ Per Bushel
2025-02-19,Corn,Minnesota,,Truck,4.71,4.52,4.8,$ Per Bushel
2025-02-19,Corn,Missouri,,Truck,4.6967,4.62,4.77,$ Per Bushel
2025-02-19,Corn,Nebraska,,Truck,4.7707,4.6,4.97,$ Per Bushel
2025-02-19,Corn,Ohio,,Truck,5.0483,5.02,5.09,$ Per Bushel
2025-02-19,Corn,South Dakota,,Truck,4.5177,4.37,4.82,$ Per Bushel
2025-02-19,Corn,Wisconsin,,Truck,4.652,4.54,4.87,$ Per Bushel
2025-02-20,Corn,Illinois,,Truck,4.9007,4.795,5.025,$ Per Bushel
2025-02-20,Corn,Indiana,,Truck,4.9572,4.875,5.075,$ Per Bushel
2025-02-20,Corn,Iowa,,Truck,4.8082,4.655,4.945,$ Per Bushel
2025-02-20,Corn,Kansas,,Truck,4.89,4.825,4.955,$ Per Bushel
2025-02-20,Corn,Michigan,,Truck,4.691,4.475,4.825,$ Per Bushel
2025-02-20,Corn,Minnesota,,Truck,4.665,4.475,4.755,$ Per Bushel
2025-02-20,Corn,Missouri,,Truck,4.6683,4.625,4.725,$ Per Bushel
2025-02-20,Corn,Nebraska,,Truck,4.7257,4.555,4.925,$ Per Bushel
2025-02-20,Corn,Ohio,,Truck,5.0033,4.975,5.045,$ Per Bushel
2025-02-20,Corn,South Dakota,,Truck,4.4758,4.325,4.775,$ Per Bushel
2025-02-20,Corn,Wisconsin,,Truck,4.599,4.495,4.785,$ Per Bushel
2025-02-21,Corn,Illinois,,Truck,4.9057,4.8,5.03,$ Per Bushel
2025-02-21,Corn,Indiana,,Truck,4.97,4.9,5.08,$ Per Bushel
2025-02-21,Corn,Iowa,,Truck,4.8172,4.68,4.95,$ Per Bushel
2025-02-21,Corn,Kansas,,Truck,4.895,4.83,4.96,$ Per Bushel
2025-02-21,Corn,Michigan,,Truck,4.696,4.48,4.83,$ Per Bushel
2025-02-21,Corn,Minnesota,,Truck,4.67,4.48,4.76,$ Per Bushel
2025-02-21,Corn,Missouri,,Truck,4.7133,4.68,4.73,$ Per Bushel
2025-02-21,Corn,Nebraska,,Truck,4.7371,4.58,4.93,$ Per Bushel
2025-02-21,Corn,Ohio,,Truck,5.0083,4.98,5.05,$ Per Bushel
2025-02-21,Corn,South Dakota,,Truck,4.4885,4.33,4.78,$ Per Bushel
2025-02-21,Corn,Wisconsin,,Truck,4.604,4.5,4.79,$ Per Bushel
2025-02-24,Corn,Illinois,,Truck,4.8411,4.7325,4.9625,$ Per Bushel
2025-02-24,Corn,Indiana,,Truck,4.9022,4.8325,5.01,$ Per Bushel
2025-02-24,Corn,Iowa,,Truck,4.7567,4.6125,4.88,$ Per Bushel
2025-02-24,Corn,Kansas,,Truck,4.8275,4.7625,4.8925,$ Per Bushel
2025-02-24,Corn,Michigan,,Truck,4.6285,4.4125,4.7625,$ Per Bushel
2025-02-24,Corn,Minnesota,,Truck,4.6025,4.4125,4.6925,$ Per Bushel
2025-02-24,Corn,Missouri,,Truck,4.6525,4.6325,4.6625,$ Per Bushel
2025-02-24,Corn,Nebraska,,Truck,4.6739,4.5125,4.8325,$ Per Bushel
2025-02-24,Corn,Ohio,,Truck,4.9625,4.9125,5.0625,$ Per Bushel
2025-02-24,Corn,South Dakota,,Truck,4.4217,4.2625,4.7225,$ Per Bushel
2025-02-24,Corn,Wisconsin,,Truck,4.5365,4.4325,4.7225,$ Per Bushel
2025-02-25,Corn,Illinois,,Truck,4.7614,4.645,4.92,$ Per Bushel
2025-02-25,Corn,Indiana,,Truck,4.8156,4.745,4.93,$ Per Bushel
2025-02-25,Corn,Iowa,,Truck,4.6753,4.52,4.8,$ Per Bushel
2025-02-25,Corn,Kansas,,Truck,4.74,4.675,4.805,$ Per Bushel
2025-02-25,Corn,Michigan,,Truck,4.541,4.325,4.675,$ Per Bushel
2025-02-25,Corn,Minnesota,,Truck,4.55,4.325,4.65,$ Per Bushel
2025-02-25,Corn,Missouri,,Truck,4.575,4.545,4.605,$ Per Bushel
2025-02-25,Corn,Nebraska,,Truck,4.5975,4.425,4.745,$ Per Bushel
2025-02-25,Corn,Ohio,,Truck,4.875,4.825,4.975,$ Per Bushel
2025-02-25,Corn,South Dakota,,Truck,4.3365,4.175,4.645,$ Per Bushel
2025-02-25,Corn,Wisconsin,,Truck,4.455,4.345,4.635,$ Per Bushel
2025-02-26,Corn,Illinois,,Truck,4.7339,4.6175,4.8925,$ Per Bushel
2025-02-26,Corn,Indiana,,Truck,4.7936,4.7175,4.9025,$ Per Bushel
2025-02-26,Corn,Iowa,,Truck,4.6763,4.5775,4.7425,$ Per Bushel
2025-02-26,Corn,Kansas,,Truck,4.7125,4.6475,4.7775,$ Per Bushel
2025-02-26,Corn,Michigan,,Truck,4.5135,4.2975,4.6475,$ Per Bushel
2025-02-26,Corn,Minnesota,,Truck,4.5361,4.2975,4.6925,$ Per Bushel
2025-02-26,Corn,Missouri,,Truck,4.5475,4.5175,4.5775,$ Per Bushel
2025-02-26,Corn,Nebraska,,Truck,4.5848,4.4275,4.7175,$ Per Bushel
2025-02-26,Corn,Ohio,,Truck,4.8592,4.7975,4.9475,$ Per Bushel
2025-02-26,Corn,South Dakota,,Truck,4.316,4.1475,4.6175,$ Per Bushel
2025-02-26,Corn,Wisconsin,,Truck,4.4375,4.3175,4.6075,$ Per Bushel
2025-02-27,Corn,Illinois,,Truck,4.7204,4.6025,4.885,$ Per Bushel
2025-02-27,Corn,Indiana,,Truck,4.7861,4.7025,4.895,$ Per Bushel
2025-02-27,Corn,Iowa,,Truck,4.6722,4.485,4.815,$ Per Bushel
2025-02-27,Corn,Kansas,,Truck,4.7088,4.655,4.7625,$ Per Bushel
2025-02-27,Corn,Michigan,,Truck,4.519,4.2825,4.685,$ Per Bushel
2025-02-27,Corn,Minnesota,,Truck,4.535,4.2825,4.685,$ Per Bushel
2025-02-27,Corn,Missouri,,Truck,4.5325,4.5025,4.5625,$ Per Bushel
2025-02-27,Corn,Nebraska,,Truck,4.5777,4.4125,4.735,$ Per Bushel
2025-02-27,Corn,Ohio,,Truck,4.8525,4.7825,4.9325,$ Per Bushel
2025-02-27,Corn,South Dakota,,Truck,4.3048,4.1325,4.6225,$ Per Bushel
2025-02-27,Corn,Wisconsin,,Truck,4.4225,4.3025,4.5925,$ Per Bushel
2025-02-28,Corn,Illinois,,Truck,4.6004,4.4675,4.76,$ Per Bushel
2025-02-28,Corn,Indiana,,Truck,4.6683,4.5975,4.77,$ Per Bushel
2025-02-28,Corn,Iowa,,Truck,4.5475,4.3975,4.69,$ Per Bushel
2025-02-28,Corn,Kansas,,Truck,4.595,4.53,4.66,$ Per Bushel
2025-02-28,Corn,Michigan,,Truck,4.4085,4.1475,4.61,$ Per Bushel
2025-02-28,Corn,Minnesota,,Truck,4.4071,4.1475,4.58,$ Per Bushel
2025-02-28,Corn,Missouri,,Truck,4.3975,4.3675,4.4275,$ Per Bushel
2025-02-28,Corn,Nebraska,,Truck,4.4628,4.2775,4.61,$ Per Bushel
2025-02-28,Corn,Ohio,,Truck,4.7279,4.6475,4.81,$ Per Bushel
2025-02-28,Corn,South Dakota,,Truck,4.1827,3.9975,4.4975,$ Per Bushel
2025-02-28,Corn,Wisconsin,,Truck,4.2981,4.1775,4.4575,$ Per Bushel
2025-03-03,Corn,Illinois,,Truck,4.4864,4.355,4.645,$ Per Bushel
2025-03-03,Corn,Indiana,,Truck,4.5617,4.485,4.665,$ Per Bushel
2025-03-03,Corn,Iowa,,Truck,4.4455,4.285,4.575,$ Per Bushel
2025-03-03,Corn,Kansas,,Truck,4.48,4.415,4.545,$ Per Bushel
2025-03-03,Corn,Michigan,,Truck,4.317,4.035,4.495,$ Per Bushel
2025-03-03,Corn,Minnesota,,Truck,4.3007,4.035,4.465,$ Per Bushel
2025-03-03,Corn,Missouri,,Truck,4.2683,4.235,4.315,$ Per Bushel
2025-03-03,Corn,Nebraska,,Truck,4.3493,4.225,4.495,$ Per Bushel
2025-03-03,Corn,Ohio,,Truck,4.635,4.555,4.695,$ Per Bushel
2025-03-03,Corn,South Dakota,,Truck,4.0912,3.885,4.425,$ Per Bushel
2025-03-03,Corn,Wisconsin,,Truck,4.185,4.065,4.345,$ Per Bushel
2025-03-04,Corn,Illinois,,Truck,4.3825,4.1625,4.5425,$ Per Bushel
2025-03-04,Corn,Indiana,,Truck,4.4658,4.3825,4.5325,$ Per Bushel
2025-03-04,Corn,Iowa,,Truck,4.3404,4.2025,4.4625,$ Per Bushel
2025-03-04,Corn,Kansas,,Truck,4.3725,4.3325,4.4125,$ Per Bushel
2025-03-04,Corn,Michigan,,Truck,4.2875,4.2125,4.3625,$ Per Bushel
2025-03-04,Corn,Minnesota,,Truck,4.2396,4.0325,4.4425,$ Per Bushel
2025-03-04,Corn,Missouri,,Truck,4.19,4.1425,4.2525,$ Per Bushel
2025-03-04,Corn,Nebraska,,Truck,4.2558,4.1325,4.3625,$ Per Bushel
2025-03-04,Corn,Ohio,,Truck,4.5158,4.4325,4.5625,$ Per Bushel
2025-03-04,Corn,South Dakota,,Truck,4.0308,3.8325,4.3225,$ Per Bushel
2025-03-04,Corn,Wisconsin,,Truck,4.1375,4.0125,4.3225,$ Per Bushel
2025-03-05,Corn,Illinois,,Truck,4.3664,4.235,4.495,$ Per Bushel
2025-03-05,Corn,Indiana,,Truck,4.4217,4.335,4.515,$ Per Bushel
2025-03-05,Corn,Iowa,,Truck,4.305,4.225,4.395,$ Per Bushel
2025-03-05,Corn,Kansas,,Truck,4.325,4.285,4.365,$ Per Bushel
2025-03-05,Corn,Michigan,,Truck,4.24,4.165,4.315,$ Per Bushel
2025-03-05,Corn,Minnesota,,Truck,4.1993,3.985,4.395,$ Per Bushel
2025-03-05,Corn,Missouri,,Truck,4.1425,4.095,4.205,$ Per Bushel
2025-03-05,Corn,Nebraska,,Truck,4.2338,4.115,4.365,$ Per Bushel
2025-03-05,Corn,Ohio,,Truck,4.5233,4.415,4.665,$ Per Bushel
2025-03-05,Corn,South Dakota,,Truck,3.995,3.785,4.325,$ Per Bushel
2025-03-05,Corn,Wisconsin,,Truck,4.09,3.965,4.275,$ Per Bushel
2025-03-06,Corn,Illinois,,Truck,4.4175,4.2975,4.5475,$ Per Bushel
2025-03-06,Corn,Indiana,,Truck,4.4642,4.3775,4.5575,$ Per Bushel
2025-03-06,Corn,Iowa,,Truck,4.3691,4.1975,4.4775,$ Per Bushel
2025-03-06,Corn,Kansas,,Truck,4.3675,4.3275,4.4075,$ Per Bushel
2025-03-06,Corn,Michigan,,Truck,4.295,4.2075,4.4075,$ Per Bushel
2025-03-06,Corn,Minnesota,,Truck,4.2489,4.0275,4.4375,$ Per Bushel
2025-03-06,Corn,Missouri,,Truck,4.2175,4.1475,4.2575,$ Per Bushel
2025-03-06,Corn,Nebraska,,Truck,4.3046,4.1575,4.6775,$ Per Bushel
2025-03-06,Corn,Ohio,,Truck,4.5908,4.5075,4.7575,$ Per Bushel
2025-03-06,Corn,South Dakota,,Truck,4.0483,3.8275,4.3675,$ Per Bushel
2025-03-06,Corn,Wisconsin,,Truck,4.1325,4.0075,4.3175,$ Per Bushel
2025-03-07,Corn,Illinois,,Truck,4.5014,4.38,4.64,$ Per Bushel
2025-03-07,Corn,Indiana,,Truck,4.56,4.48,4.74,$ Per Bushel
2025-03-07,Corn,Iowa,,Truck,4.45,4.35,4.54,$ Per Bushel
2025-03-07,Corn,Kansas,,Truck,4.45,4.41,4.49,$ Per Bushel
2025-03-07,Corn,Michigan,,Truck,4.4275,4.34,4.64,$ Per Bushel
2025-03-07,Corn,Minnesota,,Truck,4.3486,4.11,4.52,$ Per Bushel
2025-03-07,Corn,Missouri,,Truck,4.3175,4.25,4.34,$ Per Bushel
2025-03-07,Corn,Nebraska,,Truck,4.3859,4.24,4.69,$ Per Bushel
2025-03-07,Corn,Ohio,,Truck,4.6867,4.59,4.84,$ Per Bushel
2025-03-07,Corn,South Dakota,,Truck,4.1442,3.91,4.46,$ Per Bushel
2025-03-07,Corn,Wisconsin,,Truck,4.2225,4.09,4.4,$ Per Bushel
2025-03-10,Corn,Illinois,,Truck,4.5682,4.4325,4.7425,$ Per Bushel
2025-03-10,Corn,Indiana,,Truck,4.6381,4.5325,4.7925,$ Per Bushel
2025-03-10,Corn,Iowa,,Truck,4.5241,4.3725,4.6425,$ Per Bushel
2025-03-10,Corn,Kansas,,Truck,4.5025,4.4625,4.5425,$ Per Bushel
2025-03-10,Corn,Michigan,,Truck,4.4925,4.3925,4.6925,$ Per Bushel
2025-03-10,Corn,Minnesota,,Truck,4.4096,4.1625,4.5725,$ Per Bushel
2025-03-10,Corn,Missouri,,Truck,4.3825,4.3025,4.4425,$ Per Bushel
2025-03-10,Corn,Nebraska,,Truck,4.4554,4.3125,4.8425,$ Per Bushel
2025-03-10,Corn,Ohio,,Truck,4.7475,4.6425,4.8925,$ Per Bushel
2025-03-10,Corn,South Dakota,,Truck,4.2205,4.0425,4.5325,$ Per Bushel
2025-03-10,Corn,Wisconsin,,Truck,4.2925,4.1725,4.4525,$ Per Bushel
2025-03-11,Corn,Illinois,,Truck,4.6043,4.46,4.8,$ Per Bushel
2025-03-11,Corn,Indiana,,Truck,4.6789,4.56,4.82,$ Per Bushel
2025-03-11,Corn,Iowa,,Truck,4.5553,4.4,4.68,$ Per Bushel
2025-03-11,Corn,Kansas,,Truck,4.53,4.49,4.57,$ Per Bushel
2025-03-11,Corn,Michigan,,Truck,4.52,4.42,4.72,$ Per Bushel
2025-03-11,Corn,Minnesota,,Truck,4.4371,4.19,4.6,$ Per Bushel
2025-03-11,Corn,Missouri,,Truck,4.4225,4.38,4.47,$ Per Bushel
2025-03-11,Corn,Nebraska,,Truck,4.4806,4.34,4.82,$ Per Bushel
2025-03-11,Corn,Ohio,,Truck,4.775,4.67,4.92,$ Per Bushel
2025-03-11,Corn,South Dakota,,Truck,4.26,3.99,4.57,$ Per Bushel
2025-03-11,Corn,Wisconsin,,Truck,4.32,4.2,4.48,$ Per Bushel
2025-03-12,Corn,Illinois,,Truck,4.5896,4.4625,4.7825,$ Per Bushel
2025-03-12,Corn,Indiana,,Truck,4.6625,4.5425,4.8025,$ Per Bushel
2025-03-12,Corn,Iowa,,Truck,4.5472,4.4025,4.6825,$ Per Bushel
2025-03-12,Corn,Kansas,,Truck,4.5125,4.4725,4.5525,$ Per Bushel
2025-03-12,Corn,Michigan,,Truck,4.5025,4.4025,4.7025,$ Per Bushel
2025-03-12,Corn,Minnesota,,Truck,4.4196,4.1725,4.5825,$ Per Bushel
2025-03-12,Corn,Missouri,,Truck,4.4175,4.3625,4.4525,$ Per Bushel
2025-03-12,Corn,Nebraska,,Truck,4.4731,4.3625,4.8025,$ Per Bushel
2025-03-12,Corn,Ohio,,Truck,4.7642,4.6525,4.9025,$ Per Bushel
2025-03-12,Corn,South Dakota,,Truck,4.2615,4.0825,4.5525,$ Per Bushel
2025-03-12,Corn,Wisconsin,,Truck,4.3025,4.1825,4.4625,$ Per Bushel
2025-03-13,Corn,Illinois,,Truck,4.4946,4.3675,4.6875,$ Per Bushel
2025-03-13,Corn,Indiana,,Truck,4.5697,4.4675,4.7075,$ Per Bushel
2025-03-13,Corn,Iowa,,Truck,4.4475,4.3175,4.5075,$ Per Bushel
2025-03-13,Corn,Kansas,,Truck,4.4175,4.3775,4.4575,$ Per Bushel
2025-03-13,Corn,Michigan,,Truck,4.4075,4.3075,4.6075,$ Per Bushel
2025-03-13,Corn,Minnesota,,Truck,4.3604,4.0775,4.4875,$ Per Bushel
2025-03-13,Corn,Missouri,,Truck,4.3225,4.2675,4.3575,$ Per Bushel
2025-03-13,Corn,Nebraska,,Truck,4.3806,4.2675,4.7075,$ Per Bushel
2025-03-13,Corn,Ohio,,Truck,4.6775,4.5575,4.8075,$ Per Bushel
2025-03-13,Corn,South Dakota,,Truck,4.1367,3.8775,4.4575,$ Per Bushel
2025-03-13,Corn,Wisconsin,,Truck,4.2425,4.1275,4.3675,$ Per Bushel
2025-03-14,Corn,Illinois,,Truck,4.5482,4.4325,4.7525,$ Per Bushel
2025-03-14,Corn,Indiana,,Truck,4.6247,4.5325,4.8025,$ Per Bushel
2025-03-14,Corn,Iowa,,Truck,4.5046,4.3525,4.6325,$ Per Bushel
2025-03-14,Corn,Kansas,,Truck,4.4625,4.4225,4.5025,$ Per Bushel
2025-03-14,Corn,Michigan,,Truck,4.369,4.035,4.6525,$ Per Bushel
2025-03-14,Corn,Minnesota,,Truck,4.4125,4.1225,4.5325,$ Per Bushel
2025-03-14,Corn,Missouri,,Truck,4.3675,4.3125,4.4025,$ Per Bushel
2025-03-14,Corn,Nebraska,,Truck,4.4294,4.3125,4.7525,$ Per Bushel
2025-03-14,Corn,Ohio,,Truck,4.7392,4.6525,4.8525,$ Per Bushel
2025-03-14,Corn,South Dakota,,Truck,4.1883,3.9225,4.5225,$ Per Bushel
2025-03-14,Corn,Wisconsin,,Truck,4.2875,4.1725,4.4125,$ Per Bushel
2025-03-17,Corn,Illinois,,Truck,4.4807,4.365,4.685,$ Per Bushel
2025-03-17,Corn,Indiana,,Truck,4.5683,4.465,4.735,$ Per Bushel
2025-03-17,Corn,Iowa,,Truck,4.4392,4.285,4.565,$ Per Bushel
2025-03-17,Corn,Kansas,,Truck,4.41,4.385,4.435,$ Per Bushel
2025-03-17,Corn,Michigan,,Truck,4.299,3.955,4.585,$ Per Bushel
2025-03-17,Corn,Minnesota,,Truck,4.3493,4.055,4.465,$ Per Bushel
2025-03-17,Corn,Missouri,,Truck,4.3,4.245,4.335,$ Per Bushel
2025-03-17,Corn,Nebraska,,Truck,4.3644,4.245,4.685,$ Per Bushel
2025-03-17,Corn,Ohio,,Truck,4.6717,4.585,4.785,$ Per Bushel
2025-03-17,Corn,South Dakota,,Truck,4.1233,3.855,4.455,$ Per Bushel
2025-03-17,Corn,Wisconsin,,Truck,4.22,4.105,4.345,$ Per Bushel
2025-03-18,Corn,Illinois,,Truck,4.5186,4.41,4.71,$ Per Bushel
2025-03-18,Corn,Indiana,,Truck,4.61,4.53,4.76,$ Per Bushel
2025-03-18,Corn,Iowa,,Truck,4.4679,4.31,4.59,$ Per Bushel
2025-03-18,Corn,Kansas,,Truck,4.445,4.43,4.46,$ Per Bushel
2025-03-18,Corn,Michigan,,Truck,4.41,4.31,4.61,$ Per Bushel
2025-03-18,Corn,Minnesota,,Truck,4.3743,4.08,4.49,$ Per Bushel
2025-03-18,Corn,Missouri,,Truck,4.3375,4.27,4.41,$ Per Bushel
2025-03-18,Corn,Nebraska,,Truck,4.4088,4.28,4.71,$ Per Bushel
2025-03-18,Corn,Ohio,,Truck,4.71,4.66,4.81,$ Per Bushel
2025-03-18,Corn,South Dakota,,Truck,4.1615,3.88,4.48,$ Per Bushel
2025-03-18,Corn,Wisconsin,,Truck,4.2075,3.98,4.37,$ Per Bushel
2025-03-19,Corn,Illinois,,Truck,4.4975,4.3875,4.6875,$ Per Bushel
2025-03-19,Corn,Indiana,,Truck,4.5875,4.5075,4.7375,$ Per Bushel
2025-03-19,Corn,Iowa,,Truck,4.4554,4.3075,4.5875,$ Per Bushel
2025-03-19,Corn,Kansas,,Truck,4.4225,4.4075,4.4375,$ Per Bushel
2025-03-19,Corn,Michigan,,Truck,4.4,4.2875,4.5875,$ Per Bushel
2025-03-19,Corn,Minnesota,,Truck,4.3589,4.0875,4.4675,$ Per Bushel
2025-03-19,Corn,Missouri,,Truck,4.315,4.2475,4.3875,$ Per Bushel
2025-03-19,Corn,Nebraska,,Truck,4.4031,4.2575,4.6875,$ Per Bushel
2025-03-19,Corn,Ohio,,Truck,4.7158,4.6375,4.7875,$ Per Bushel
2025-03-19,Corn,South Dakota,,Truck,4.146,3.8575,4.4575,$ Per Bushel
2025-03-19,Corn,Wisconsin,,Truck,4.185,3.9575,4.3475,$ Per Bushel
2025-03-20,Corn,Illinois,,Truck,4.53,4.42,4.72,$ Per Bushel
2025-03-20,Corn,Indiana,,Truck,4.63,4.54,4.82,$ Per Bushel
2025-03-20,Corn,Iowa,,Truck,4.49,4.33,4.55,$ Per Bushel
2025-03-20,Corn,Kansas,,Truck,4.455,4.44,4.47,$ Per Bushel
2025-03-20,Corn,Michigan,,Truck,4.37,4.12,4.62,$ Per Bushel
2025-03-20,Corn,Minnesota,,Truck,4.3943,4.12,4.5,$ Per Bushel
2025-03-20,Corn,Missouri,,Truck,4.3475,4.28,4.42,$ Per Bushel
2025-03-20,Corn,Nebraska,,Truck,4.4375,4.29,4.72,$ Per Bushel
2025-03-20,Corn,Ohio,,Truck,4.7667,4.72,4.85,$ Per Bushel
2025-03-20,Corn,South Dakota,,Truck,4.1892,3.99,4.49,$ Per Bushel
2025-03-20,Corn,Wisconsin,,Truck,4.275,4.16,4.38,$ Per Bushel
2025-03-21,Corn,Illinois,,Truck,4.6183,4.49,4.79,$ Per Bushel
2025-03-21,Corn,Indiana,,Truck,4.7078,4.61,4.89,$ Per Bushel
2025-03-21,Corn,Iowa,,Truck,4.5611,4.41,4.69,$ Per Bushel
2025-03-21,Corn,Kansas,,Truck,4.525,4.51,4.54,$ Per Bushel
2025-03-21,Corn,Michigan,,Truck,4.45,4.19,4.74,$ Per Bushel
2025-03-21,Corn,Minnesota,,Truck,4.4671,4.19,4.57,$ Per Bushel
2025-03-21,Corn,Missouri,,Truck,4.42,4.35,4.49,$ Per Bushel
2025-03-21,Corn,Nebraska,,Truck,4.5138,4.36,4.79,$ Per Bushel
2025-03-21,Corn,Ohio,,Truck,4.845,4.79,4.97,$ Per Bushel
2025-03-21,Corn,South Dakota,,Truck,4.2677,4.06,4.56,$ Per Bushel
2025-03-21,Corn,Wisconsin,,Truck,4.345,4.23,4.45,$ Per Bushel
2025-03-24,Corn,Illinois,,Truck,4.5525,4.4425,4.7425,$ Per Bushel
2025-03-24,Corn,Indiana,,Truck,4.6769,4.5625,4.8425,$ Per Bushel
2025-03-24,Corn,Iowa,,Truck,4.5188,4.3625,4.6425,$ Per Bushel
2025-03-24,Corn,Kansas,,Truck,4.4775,4.4625,4.4925,$ Per Bushel
2025-03-24,Corn,Michigan,,Truck,4.4025,4.1425,4.6925,$ Per Bushel
2025-03-24,Corn,Minnesota,,Truck,4.4296,4.1425,4.5225,$ Per Bushel
2025-03-24,Corn,Missouri,,Truck,4.3875,4.3025,4.4925,$ Per Bushel
2025-03-24,Corn,Nebraska,,Truck,4.4756,4.3125,4.7425,$ Per Bushel
2025-03-24,Corn,Ohio,,Truck,4.7975,4.7425,4.9225,$ Per Bushel
2025-03-24,Corn,South Dakota,,Truck,4.2225,4.0125,4.5125,$ Per Bushel
2025-03-24,Corn,Wisconsin,,Truck,4.3075,4.1825,4.4025,$ Per Bushel
2025-03-25,Corn,Illinois,,Truck,4.5579,4.445,4.745,$ Per Bushel
2025-03-25,Corn,Indiana,,Truck,4.6828,4.565,4.845,$ Per Bushel
2025-03-25,Corn,Iowa,,Truck,4.5258,4.355,4.615,$ Per Bushel
2025-03-25,Corn,Kansas,,Truck,4.48,4.465,4.495,$ Per Bushel
2025-03-25,Corn,Michigan,,Truck,4.415,4.145,4.695,$ Per Bushel
2025-03-25,Corn,Minnesota,,Truck,4.4407,4.145,4.545,$ Per Bushel
2025-03-25,Corn,Missouri,,Truck,4.3975,4.305,4.495,$ Per Bushel
2025-03-25,Corn,Nebraska,,Truck,4.4894,4.315,4.745,$ Per Bushel
2025-03-25,Corn,Ohio,,Truck,4.8,4.745,4.925,$ Per Bushel
2025-03-25,Corn,South Dakota,,Truck,4.2273,4.015,4.515,$ Per Bushel
2025-03-25,Corn,Wisconsin,,Truck,4.315,4.205,4.405,$ Per Bushel
2025-03-26,Corn,Illinois,,Truck,4.5018,4.3775,4.7575,$ Per Bushel
2025-03-26,Corn,Indiana,,Truck,4.6242,4.5275,4.7775,$ Per Bushel
2025-03-26,Corn,Iowa,,Truck,4.467,4.3475,4.5775,$ Per Bushel
2025-03-26,Corn,Kansas,,Truck,4.4125,4.3975,4.4275,$ Per Bushel
2025-03-26,Corn,Michigan,,Truck,4.3475,4.0775,4.6275,$ Per Bushel
2025-03-26,Corn,Minnesota,,Truck,4.3804,4.0775,4.5275,$ Per Bushel
2025-03-26,Corn,Missouri,,Truck,4.33,4.2375,4.4275,$ Per Bushel
2025-03-26,Corn,Nebraska,,Truck,4.4275,4.2775,4.6775,$ Per Bushel
2025-03-26,Corn,Ohio,,Truck,4.7325,4.6775,4.8575,$ Per Bushel
2025-03-26,Corn,South Dakota,,Truck,4.1706,3.9475,4.4475,$ Per Bushel
2025-03-26,Corn,Wisconsin,,Truck,4.2475,4.1375,4.3375,$ Per Bushel
2025-03-27,Corn,Illinois,,Truck,4.4368,4.3125,4.6925,$ Per Bushel
2025-03-27,Corn,Indiana,,Truck,4.5614,4.4625,4.7125,$ Per Bushel
2025-03-27,Corn,Iowa,,Truck,4.4025,4.2825,4.5125,$ Per Bushel
2025-03-27,Corn,Kansas,,Truck,4.3475,4.3325,4.3625,$ Per Bushel
2025-03-27,Corn,Michigan,,Truck,4.2825,4.0125,4.5625,$ Per Bushel
2025-03-27,Corn,Minnesota,,Truck,4.3154,4.0125,4.4625,$ Per Bushel
2025-03-27,Corn,Missouri,,Truck,4.2775,4.1725,4.3625,$ Per Bushel
2025-03-27,Corn,Nebraska,,Truck,4.3663,4.2125,4.6125,$ Per Bushel
2025-03-27,Corn,Ohio,,Truck,4.6675,4.6125,4.7925,$ Per Bushel
2025-03-27,Corn,South Dakota,,Truck,4.1125,3.8825,4.3825,$ Per Bushel
2025-03-27,Corn,Wisconsin,,Truck,4.1825,4.0725,4.2725,$ Per Bushel
2025-03-28,Corn,Illinois,,Truck,4.4467,4.3,4.68,$ Per Bushel
2025-03-28,Corn,Indiana,,Truck,4.5611,4.5,4.7,$ Per Bushel
2025-03-28,Corn,Iowa,,Truck,4.3885,4.21,4.48,$ Per Bushel
2025-03-28,Corn,Kansas,,Truck,4.335,4.32,4.35,$ Per Bushel
2025-03-28,Corn,Michigan,,Truck,4.27,4.0,4.55,$ Per Bushel
2025-03-28,Corn,Minnesota,,Truck,4.3086,4.0,4.45,$ Per Bushel
2025-03-28,Corn,Missouri,,Truck,4.2775,4.16,4.4,$ Per Bushel
2025-03-28,Corn,Nebraska,,Truck,4.3556,4.2,4.6,$ Per Bushel
2025-03-28,Corn,Ohio,,Truck,4.655,4.6,4.78,$ Per Bushel
2025-03-28,Corn,South Dakota,,Truck,4.1038,3.87,4.37,$ Per Bushel
2025-03-28,Corn,Wisconsin,,Truck,4.17,4.06,4.26,$ Per Bushel
2025-03-31,Corn,Illinois,,Truck,4.4625,4.3325,4.7125,$ Per Bushel
2025-03-31,Corn,Indiana,,Truck,4.5936,4.5325,4.7325,$ Per Bushel
2025-03-31,Corn,Iowa,,Truck,4.4293,4.3125,4.5325,$ Per Bushel
2025-03-31,Corn,Kansas,,Truck,4.3675,4.3525,4.3825,$ Per Bushel
2025-03-31,Corn,Michigan,,Truck,4.3025,4.0325,4.5825,$ Per Bushel
2025-03-31,Corn,Minnesota,,Truck,4.3439,4.0325,4.5025,$ Per Bushel
2025-03-31,Corn,Missouri,,Truck,4.3325,4.2325,4.4325,$ Per Bushel
2025-03-31,Corn,Nebraska,,Truck,4.3881,4.2325,4.6325,$ Per Bushel
2025-03-31,Corn,Ohio,,Truck,4.6875,4.6325,4.8125,$ Per Bushel
2025-03-31,Corn,South Dakota,,Truck,4.1425,3.9025,4.4025,$ Per Bushel
2025-03-31,Corn,Wisconsin,,Truck,4.1875,4.0925,4.2925,$ Per Bushel
2025-04-01,Corn,Illinois,,Truck,4.5054,4.3725,4.7525,$ Per Bushel
2025-04-01,Corn,Indiana,,Truck,4.6425,4.5725,4.8025,$ Per Bushel
2025-04-01,Corn,Iowa,,Truck,4.472,4.3525,4.6025,$ Per Bushel
2025-04-01,Corn,Kansas,,Truck,4.4075,4.3925,4.4225,$ Per Bushel
2025-04-01,Corn,Michigan,,Truck,4.3425,4.0725,4.6225,$ Per Bushel
2025-04-01,Corn,Minnesota,,Truck,4.3839,4.0725,4.5425,$ Per Bushel
2025-04-01,Corn,Missouri,,Truck,4.3775,4.2725,4.4725,$ Per Bushel
2025-04-01,Corn,Nebraska,,Truck,4.4419,4.3225,4.6725,$ Per Bushel
2025-04-01,Corn,Ohio,,Truck,4.7275,4.6725,4.8525,$ Per Bushel
2025-04-01,Corn,South Dakota,,Truck,4.191,3.9425,4.4425,$ Per Bushel
2025-04-01,Corn,Wisconsin,,Truck,4.2275,4.1325,4.3325,$ Per Bushel
2025-04-02,Corn,Illinois,,Truck,4.5818,4.4175,4.8175,$ Per Bushel
2025-04-02,Corn,Indiana,,Truck,4.7175,4.6175,4.8675,$ Per Bushel
2025-04-02,Corn,Iowa,,Truck,4.5225,4.3975,4.6475,$ Per Bushel
2025-04-02,Corn,Kansas,,Truck,4.5375,4.5075,4.5675,$ Per Bushel
2025-04-02,Corn,Michigan,,Truck,4.4275,4.1175,4.6675,$ Per Bushel
2025-04-02,Corn,Minnesota,,Truck,4.4289,4.1175,4.5875,$ Per Bushel
2025-04-02,Corn,Missouri,,Truck,4.4225,4.3175,4.5175,$ Per Bushel
2025-04-02,Corn,Nebraska,,Truck,4.5116,4.3175,4.8175,$ Per Bushel
2025-04-02,Corn,Ohio,,Truck,4.8025,4.7175,4.9475,$ Per Bushel
2025-04-02,Corn,South Dakota,,Truck,4.259,4.0775,4.4975,$ Per Bushel
2025-04-02,Corn,Wisconsin,,Truck,4.2875,4.2175,4.3975,$ Per Bushel
2025-04-03,Corn,Illinois,,Truck,4.5661,4.4175,4.7775,$ Per Bushel
2025-04-03,Corn,Indiana,,Truck,4.6775,4.5775,4.8275,$ Per Bushel
2025-04-03,Corn,Iowa,,Truck,4.4975,4.4275,4.5975,$ Per Bushel
2025-04-03,Corn,Kansas,,Truck,4.4975,4.4675,4.5275,$ Per Bushel
2025-04-03,Corn,Michigan,,Truck,4.3875,4.0775,4.6275,$ Per Bushel
2025-04-03,Corn,Minnesota,,Truck,4.3889,4.0775,4.5475,$ Per Bushel
2025-04-03,Corn,Missouri,,Truck,4.395,4.2775,4.4775,$ Per Bushel
2025-04-03,Corn,Nebraska,,Truck,4.4722,4.2775,4.7775,$ Per Bushel
2025-04-03,Corn,Ohio,,Truck,4.7708,4.6775,4.9075,$ Per Bushel
2025-04-03,Corn,South Dakota,,Truck,4.2237,4.0475,4.4575,$ Per Bushel
2025-04-03,Corn,Wisconsin,,Truck,4.2475,4.1775,4.3575,$ Per Bushel
2025-04-04,Corn,Illinois,,Truck,4.5721,4.415,4.775,$ Per Bushel
2025-04-04,Corn,Indiana,,Truck,4.6783,4.575,4.825,$ Per Bushel
2025-04-04,Corn,Iowa,,Truck,4.5012,4.425,4.595,$ Per Bushel
2025-04-04,Corn,Kansas,,Truck,4.495,4.465,4.525,$ Per Bushel
2025-04-04,Corn,Michigan,,Truck,4.415,4.225,4.625,$ Per Bushel
2025-04-04,Corn,Minnesota,,Truck,4.3864,4.075,4.545,$ Per Bushel
2025-04-04,Corn,Missouri,,Truck,4.4025,4.315,4.475,$ Per Bushel
2025-04-04,Corn,Nebraska,,Truck,4.4474,4.275,4.555,$ Per Bushel
2025-04-04,Corn,Ohio,,Truck,4.7683,4.675,4.905,$ Per Bushel
2025-04-04,Corn,South Dakota,,Truck,4.2212,4.045,4.455,$ Per Bushel
2025-04-04,Corn,Wisconsin,,Truck,4.245,4.175,4.355,$ Per Bushel
2025-04-07,Corn,Illinois,,Truck,4.5996,4.4425,4.8025,$ Per Bushel
2025-04-07,Corn,Indiana,,Truck,4.7136,4.6025,4.8525,$ Per Bushel
2025-04-07,Corn,Iowa,,Truck,4.5256,4.4525,4.6225,$ Per Bushel
2025-04-07,Corn,Kansas,,Truck,4.5225,4.4925,4.5525,$ Per Bushel
2025-04-07,Corn,Michigan,,Truck,4.4425,4.2525,4.6525,$ Per Bushel
2025-04-07,Corn,Minnesota,,Truck,4.4168,4.1025,4.5725,$ Per Bushel
2025-04-07,Corn,Missouri,,Truck,4.43,4.3425,4.5025,$ Per Bushel
2025-04-07,Corn,Nebraska,,Truck,4.5054,4.3525,4.8025,$ Per Bushel
2025-04-07,Corn,Ohio,,Truck,4.7958,4.7025,4.9325,$ Per Bushel
2025-04-07,Corn,South Dakota,,Truck,4.2502,4.0725,4.4825,$ Per Bushel
2025-04-07,Corn,Wisconsin,,Truck,4.2825,4.2025,4.3825,$ Per Bushel
2025-04-08,Corn,Illinois,,Truck,4.6421,4.485,4.845,$ Per Bushel
2025-04-08,Corn,Indiana,,Truck,4.755,4.645,4.895,$ Per Bushel
2025-04-08,Corn,Iowa,,Truck,4.5735,4.525,4.665,$ Per Bushel
2025-04-08,Corn,Kansas,,Truck,4.565,4.535,4.595,$ Per Bushel
2025-04-08,Corn,Michigan,,Truck,4.485,4.295,4.695,$ Per Bushel
2025-04-08,Corn,Minnesota,,Truck,4.4636,4.145,4.615,$ Per Bushel
2025-04-08,Corn,Missouri,,Truck,4.4925,4.385,4.595,$ Per Bushel
2025-04-08,Corn,Nebraska,,Truck,4.5497,4.395,4.845,$ Per Bushel
2025-04-08,Corn,Ohio,,Truck,4.85,4.745,4.995,$ Per Bushel
2025-04-08,Corn,South Dakota,,Truck,4.2965,4.115,4.525,$ Per Bushel
2025-04-08,Corn,Wisconsin,,Truck,4.33,4.265,4.425,$ Per Bushel
2025-04-09,Corn,Illinois,,Truck,4.6943,4.53,4.94,$ Per Bushel
2025-04-09,Corn,Indiana,,Truck,4.8033,4.69,4.94,$ Per Bushel
2025-04-09,Corn,Iowa,,Truck,4.6126,4.49,4.72,$ Per Bushel
2025-04-09,Corn,Kansas,,Truck,4.61,4.58,4.64,$ Per Bushel
2025-04-09,Corn,Michigan,,Truck,4.53,4.34,4.74,$ Per Bushel
2025-04-09,Corn,Minnesota,,Truck,4.5114,4.19,4.68,$ Per Bushel
2025-04-09,Corn,Missouri,,Truck,4.5425,4.45,4.64,$ Per Bushel
2025-04-09,Corn,Nebraska,,Truck,4.5971,4.44,4.89,$ Per Bushel
2025-04-09,Corn,Ohio,,Truck,4.895,4.79,5.04,$ Per Bushel
2025-04-09,Corn,South Dakota,,Truck,4.3438,4.16,4.57,$ Per Bushel
2025-04-09,Corn,Wisconsin,,Truck,4.375,4.31,4.47,$ Per Bushel
2025-04-10,Corn,Illinois,,Truck,4.7457,4.58,4.99,$ Per Bushel
2025-04-10,Corn,Indiana,,Truck,4.8533,4.74,4.99,$ Per Bushel
2025-04-10,Corn,Iowa,,Truck,4.6689,4.54,4.77,$ Per Bushel
2025-04-10,Corn,Kansas,,Truck,4.66,4.63,4.69,$ Per Bushel
2025-04-10,Corn,Michigan,,Truck,4.58,4.39,4.79,$ Per Bushel
2025-04-10,Corn,Minnesota,,Truck,4.5629,4.24,4.73,$ Per Bushel
2025-04-10,Corn,Missouri,,Truck,4.585,4.5,4.66,$ Per Bushel
2025-04-10,Corn,Nebraska,,Truck,4.65,4.49,4.94,$ Per Bushel
2025-04-10,Corn,Ohio,,Truck,4.945,4.84,5.09,$ Per Bushel
2025-04-10,Corn,South Dakota,,Truck,4.3938,4.21,4.62,$ Per Bushel
2025-04-10,Corn,Wisconsin,,Truck,4.425,4.36,4.52,$ Per Bushel
2025-04-11,Corn,Illinois,,Truck,4.8314,4.67,5.08,$ Per Bushel
2025-04-11,Corn,Indiana,,Truck,4.9411,4.83,5.08,$ Per Bushel
2025-04-11,Corn,Iowa,,Truck,4.7589,4.63,4.87,$ Per Bushel
2025-04-11,Corn,Kansas,,Truck,4.75,4.72,4.78,$ Per Bushel
2025-04-11,Corn,Michigan,,Truck,4.67,4.48,4.88,$ Per Bushel
2025-04-11,Corn,Minnesota,,Truck,4.6514,4.33,4.85,$ Per Bushel
2025-04-11,Corn,Missouri,,Truck,4.665,4.55,4.75,$ Per Bushel
2025-04-11,Corn,Nebraska,,Truck,4.7424,4.58,5.03,$ Per Bushel
2025-04-11,Corn,Ohio,,Truck,5.035,4.93,5.18,$ Per Bushel
2025-04-11,Corn,South Dakota,,Truck,4.4846,4.3,4.72,$ Per Bushel
2025-04-11,Corn,Wisconsin,,Truck,4.515,4.45,4.61,$ Per Bushel
2025-04-14,Corn,Illinois,,Truck,4.9039,4.7425,5.1525,$ Per Bushel
2025-04-14,Corn,Indiana,,Truck,5.0136,4.9025,5.1525,$ Per Bushel
2025-04-14,Corn,Iowa,,Truck,4.8317,4.7725,4.9525,$ Per Bushel
2025-04-14,Corn,Kansas,,Truck,4.8225,4.7925,4.8525,$ Per Bushel
2025-04-14,Corn,Michigan,,Truck,4.7425,4.5525,4.9525,$ Per Bushel
2025-04-14,Corn,Minnesota,,Truck,4.7254,4.4525,4.9225,$ Per Bushel
2025-04-14,Corn,Missouri,,Truck,4.7325,4.6225,4.8025,$ Per Bushel
2025-04-14,Corn,Nebraska,,Truck,4.8131,4.6525,5.1025,$ Per Bushel
2025-04-14,Corn,Ohio,,Truck,5.1075,5.0025,5.2525,$ Per Bushel
2025-04-14,Corn,South Dakota,,Truck,4.5556,4.3625,4.7925,$ Per Bushel
2025-04-14,Corn,Wisconsin,,Truck,4.5875,4.5225,4.6825,$ Per Bushel
2025-04-15,Corn,Illinois,,Truck,4.8586,4.69,5.1,$ Per Bushel
2025-04-15,Corn,Indiana,,Truck,4.9589,4.85,5.1,$ Per Bushel
2025-04-15,Corn,Iowa,,Truck,4.78,4.68,4.89,$ Per Bushel
2025-04-15,Corn,Kansas,,Truck,4.77,4.74,4.8,$ Per Bushel
2025-04-15,Corn,Michigan,,Truck,4.71,4.55,4.9,$ Per Bushel
2025-04-15,Corn,Minnesota,,Truck,4.6729,4.4,4.87,$ Per Bushel
2025-04-15,Corn,Missouri,,Truck,4.68,4.57,4.75,$ Per Bushel
2025-04-15,Corn,Nebraska,,Truck,4.7612,4.6,5.05,$ Per Bushel
2025-04-15,Corn,Ohio,,Truck,5.055,4.95,5.2,$ Per Bushel
2025-04-15,Corn,South Dakota,,Truck,4.5023,4.3,4.74,$ Per Bushel
2025-04-15,Corn,Wisconsin,,Truck,4.535,4.47,4.63,$ Per Bushel
2025-04-16,Corn,Illinois,,Truck,4.8254,4.6525,5.0625,$ Per Bushel
2025-04-16,Corn,Indiana,,Truck,4.9214,4.8125,5.0625,$ Per Bushel
2025-04-16,Corn,Iowa,,Truck,4.751,4.6925,4.8625,$ Per Bushel
2025-04-16,Corn,Kansas,,Truck,4.7325,4.7025,4.7625,$ Per Bushel
2025-04-16,Corn,Michigan,,Truck,4.6425,4.4625,4.8125,$ Per Bushel
2025-04-16,Corn,Minnesota,,Truck,4.6325,4.3625,4.8325,$ Per Bushel
2025-04-16,Corn,Missouri,,Truck,4.6425,4.5325,4.7125,$ Per Bushel
2025-04-16,Corn,Nebraska,,Truck,4.7237,4.5625,5.0125,$ Per Bushel
2025-04-16,Corn,Ohio,,Truck,5.0175,4.9125,5.1625,$ Per Bushel
2025-04-16,Corn,South Dakota,,Truck,4.4633,4.2625,4.7025,$ Per Bushel
2025-04-16,Corn,Wisconsin,,Truck,4.4975,4.4325,4.5925,$ Per Bushel
2025-04-17,Corn,Illinois,,Truck,4.8596,4.6825,5.0925,$ Per Bushel
2025-04-17,Corn,Indiana,,Truck,4.9536,4.8825,5.0925,$ Per Bushel
2025-04-17,Corn,Iowa,,Truck,4.7736,4.6725,4.8825,$ Per Bushel
2025-04-17,Corn,Kansas,,Truck,4.8058,4.7325,4.8925,$ Per Bushel
2025-04-17,Corn,Michigan,,Truck,4.6725,4.4925,4.8425,$ Per Bushel
2025-04-17,Corn,Minnesota,,Truck,4.6668,4.3925,4.8625,$ Per Bushel
2025-04-17,Corn,Missouri,,Truck,4.6725,4.5625,4.7425,$ Per Bushel
2025-04-17,Corn,Nebraska,,Truck,4.7572,4.5925,5.0425,$ Per Bushel
2025-04-17,Corn,Ohio,,Truck,5.0475,4.9425,5.1925,$ Per Bushel
2025-04-17,Corn,South Dakota,,Truck,4.4933,4.2925,4.7325,$ Per Bushel
2025-04-17,Corn,Wisconsin,,Truck,4.5375,4.4625,4.6225,$ Per Bushel
2025-04-18,Corn,Illinois,,Truck,4.8368,4.6225,5.0725,$ Per Bushel
2025-04-18,Corn,Indiana,,Truck,4.9403,4.8625,5.0725,$ Per Bushel
2025-04-18,Corn,Iowa,,Truck,4.7779,4.7025,4.8625,$ Per Bushel
2025-04-18,Corn,Kansas,,Truck,4.7725,4.6725,4.8725,$ Per Bushel
2025-04-18,Corn,Michigan,,Truck,4.6525,4.4725,4.8225,$ Per Bushel
2025-04-18,Corn,Minnesota,,Truck,4.6468,4.3725,4.8425,$ Per Bushel
2025-04-18,Corn,Missouri,,Truck,4.6525,4.5425,4.7225,$ Per Bushel
2025-04-18,Corn,Nebraska,,Truck,4.7372,4.5725,5.0225,$ Per Bushel
2025-04-18,Corn,Ohio,,Truck,5.0025,4.9225,5.0725,$ Per Bushel
2025-04-18,Corn,South Dakota,,Truck,4.4733,4.2725,4.7125,$ Per Bushel
2025-04-18,Corn,Wisconsin,,Truck,4.5175,4.4425,4.6025,$ Per Bushel
2025-04-21,Corn,Illinois,,Truck,4.8368,4.6225,5.0725,$ Per Bushel
2025-04-21,Corn,Indiana,,Truck,4.9403,4.8625,5.0725,$ Per Bushel
2025-04-21,Corn,Iowa,,Truck,4.752,4.6525,4.8625,$ Per Bushel
2025-04-21,Corn,Kansas,,Truck,4.7725,4.6725,4.8725,$ Per Bushel
2025-04-21,Corn,Michigan,,Truck,4.6525,4.4725,4.8225,$ Per Bushel
2025-04-21,Corn,Minnesota,,Truck,4.6468,4.3725,4.8425,$ Per Bushel
2025-04-21,Corn,Missouri,,Truck,4.6525,4.5425,4.7225,$ Per Bushel
2025-04-21,Corn,Nebraska,,Truck,4.7372,4.5725,5.0225,$ Per Bushel
2025-04-21,Corn,Ohio,,Truck,5.0025,4.9225,5.0725,$ Per Bushel
2025-04-21,Corn,South Dakota,,Truck,4.4733,4.2725,4.7125,$ Per Bushel
2025-04-21,Corn,Wisconsin,,Truck,4.5175,4.4425,4.6025,$ Per Bushel
2025-04-22,Corn,Illinois,,Truck,4.8204,4.6175,5.0375,$ Per Bushel
2025-04-22,Corn,Indiana,,Truck,4.9353,4.8575,5.0675,$ Per Bushel
2025-04-22,Corn,Iowa,,Truck,4.7497,4.6475,4.8575,$ Per Bushel
2025-04-22,Corn,Kansas,,Truck,4.7675,4.6675,4.8675,$ Per Bushel
2025-04-22,Corn,Michigan,,Truck,4.6475,4.4675,4.8175,$ Per Bushel
2025-04-22,Corn,Minnesota,,Truck,4.6418,4.3375,4.8375,$ Per Bushel
2025-04-22,Corn,Missouri,,Truck,4.6475,4.5375,4.7175,$ Per Bushel
2025-04-22,Corn,Nebraska,,Truck,4.7293,4.5675,4.9675,$ Per Bushel
2025-04-22,Corn,Ohio,,Truck,4.9975,4.9175,5.0675,$ Per Bushel
2025-04-22,Corn,South Dakota,,Truck,4.4717,4.2675,4.7075,$ Per Bushel
2025-04-22,Corn,Wisconsin,,Truck,4.5125,4.4375,4.5975,$ Per Bushel
2025-04-23,Corn,Illinois,,Truck,4.7942,4.5575,4.9675,$ Per Bushel
2025-04-23,Corn,Indiana,,Truck,4.8753,4.7975,5.0075,$ Per Bushel
2025-04-23,Corn,Iowa,,Truck,4.7167,4.6375,4.8075,$ Per Bushel
2025-04-23,Corn,Kansas,,Truck,4.7075,4.6075,4.8075,$ Per Bushel
2025-04-23,Corn,Michigan,,Truck,4.5875,4.4075,4.7575,$ Per Bushel
2025-04-23,Corn,Minnesota,,Truck,4.5761,4.2775,4.7775,$ Per Bushel
2025-04-23,Corn,Missouri,,Truck,4.5875,4.5275,4.6575,$ Per Bushel
2025-04-23,Corn,Nebraska,,Truck,4.6787,4.5075,4.9075,$ Per Bushel
2025-04-23,Corn,Ohio,,Truck,4.9575,4.8575,5.0075,$ Per Bushel
2025-04-23,Corn,South Dakota,,Truck,4.4117,4.2075,4.6275,$ Per Bushel
2025-04-23,Corn,Wisconsin,,Truck,4.4475,4.3575,4.5375,$ Per Bushel
2025-04-24,Corn,Illinois,,Truck,4.7504,4.52,4.9625,$ Per Bushel
2025-04-24,Corn,Indiana,,Truck,4.8422,4.77,4.97,$ Per Bushel
2025-04-24,Corn,Iowa,,Truck,4.6618,4.55,4.79,$ Per Bushel
2025-04-24,Corn,Kansas,,Truck,4.67,4.57,4.77,$ Per Bushel
2025-04-24,Corn,Michigan,,Truck,4.55,4.37,4.72,$ Per Bushel
2025-04-24,Corn,Minnesota,,Truck,4.5386,4.24,4.74,$ Per Bushel
2025-04-24,Corn,Missouri,,Truck,4.55,4.49,4.62,$ Per Bushel
2025-04-24,Corn,Nebraska,,Truck,4.6424,4.47,4.87,$ Per Bushel
2025-04-24,Corn,Ohio,,Truck,4.9333,4.82,5.0,$ Per Bushel
2025-04-24,Corn,South Dakota,,Truck,4.3758,4.17,4.59,$ Per Bushel
2025-04-24,Corn,Wisconsin,,Truck,4.41,4.32,4.5,$ Per Bushel
2025-04-25,Corn,Illinois,,Truck,4.8021,4.5725,5.01,$ Per Bushel
2025-04-25,Corn,Indiana,,Truck,4.8978,4.8225,5.02,$ Per Bushel
2025-04-25,Corn,Iowa,,Truck,4.7215,4.6525,4.7725,$ Per Bushel
2025-04-25,Corn,Kansas,,Truck,4.7058,4.6225,4.7725,$ Per Bushel
2025-04-25,Corn,Michigan,,Truck,4.6025,4.4225,4.7725,$ Per Bushel
2025-04-25,Corn,Minnesota,,Truck,4.5939,4.2925,4.7925,$ Per Bushel
2025-04-25,Corn,Missouri,,Truck,4.6025,4.5425,4.6725,$ Per Bushel
2025-04-25,Corn,Nebraska,,Truck,4.696,4.5225,4.9225,$ Per Bushel
2025-04-25,Corn,Ohio,,Truck,4.9942,4.9225,5.0525,$ Per Bushel
2025-04-25,Corn,South Dakota,,Truck,4.4292,4.2225,4.6225,$ Per Bushel
2025-04-25,Corn,Wisconsin,,Truck,4.4925,4.3725,4.5725,$ Per Bushel
2025-04-28,Corn,Illinois,,Truck,4.8229,4.5875,5.025,$ Per Bushel
2025-04-28,Corn,Indiana,,Truck,4.9161,4.8375,5.035,$ Per Bushel
2025-04-28,Corn,Iowa,,Truck,4.731,4.6175,4.855,$ Per Bushel
2025-04-28,Corn,Kansas,,Truck,4.7208,4.6375,4.7875,$ Per Bushel
2025-04-28,Corn,Michigan,,Truck,4.6175,4.4375,4.7875,$ Per Bushel
2025-04-28,Corn,Minnesota,,Truck,4.6118,4.3075,4.8075,$ Per Bushel
2025-04-28,Corn,Missouri,,Truck,4.63,4.5575,4.6875,$ Per Bushel
2025-04-28,Corn,Nebraska,,Truck,4.7141,4.535,4.9375,$ Per Bushel
2025-04-28,Corn,Ohio,,Truck,5.0092,4.9375,5.0675,$ Per Bushel
2025-04-28,Corn,South Dakota,,Truck,4.4396,4.2075,4.6175,$ Per Bushel
2025-04-28,Corn,Wisconsin,,Truck,4.5075,4.3875,4.5875,$ Per Bushel
2025-04-29,Corn,Illinois,,Truck,4.7932,4.555,5.0025,$ Per Bushel
2025-04-29,Corn,Indiana,,Truck,4.8925,4.805,5.0125,$ Per Bushel
2025-04-29,Corn,Iowa,,Truck,4.7028,4.585,4.8325,$ Per Bushel
2025-04-29,Corn,Kansas,,Truck,4.6883,4.605,4.755,$ Per Bushel
2025-04-29,Corn,Michigan,,Truck,4.585,4.405,4.755,$ Per Bushel
2025-04-29,Corn,Minnesota,,Truck,4.5721,4.275,4.775,$ Per Bushel
2025-04-29,Corn,Missouri,,Truck,4.6,4.535,4.655,$ Per Bushel
2025-04-29,Corn,Nebraska,,Truck,4.6849,4.5125,4.905,$ Per Bushel
2025-04-29,Corn,Ohio,,Truck,4.9767,4.905,5.035,$ Per Bushel
2025-04-29,Corn,South Dakota,,Truck,4.4088,4.175,4.585,$ Per Bushel
2025-04-29,Corn,Wisconsin,,Truck,4.475,4.355,4.555,$ Per Bushel
2025-04-30,Corn,Illinois,,Truck,4.6461,4.405,4.8725,$ Per Bushel
2025-04-30,Corn,Indiana,,Truck,4.7567,4.655,4.8825,$ Per Bushel
2025-04-30,Corn,Iowa,,Truck,4.5731,4.485,4.7025,$ Per Bushel
2025-04-30,Corn,Kansas,,Truck,4.5642,4.5325,4.605,$ Per Bushel
2025-04-30,Corn,Michigan,,Truck,4.4685,4.255,4.7725,$ Per Bushel
2025-04-30,Corn,Minnesota,,Truck,4.4482,4.125,4.625,$ Per Bushel
2025-04-30,Corn,Missouri,,Truck,4.4669,4.405,4.5525,$ Per Bushel
2025-04-30,Corn,Nebraska,,Truck,4.5501,4.3825,4.755,$ Per Bushel
2025-04-30,Corn,Ohio,,Truck,4.8346,4.755,4.885,$ Per Bushel
2025-04-30,Corn,South Dakota,,Truck,4.2773,4.025,4.4725,$ Per Bushel
2025-04-30,Corn,Wisconsin,,Truck,4.325,4.205,4.405,$ Per Bushel
2025-05-01,Corn,Illinois,,Truck,4.7261,4.4725,4.945,$ Per Bushel
2025-05-01,Corn,Indiana,,Truck,4.86,4.785,4.935,$ Per Bushel
2025-05-01,Corn,Iowa,,Truck,4.6348,4.575,4.705,$ Per Bushel
2025-05-01,Corn,Kansas,,Truck,4.675,4.585,4.725,$ Per Bushel
2025-05-01,Corn,Michigan,,Truck,4.659,4.405,4.825,$ Per Bushel
2025-05-01,Corn,Minnesota,,Truck,4.5193,4.255,4.705,$ Per Bushel
2025-05-01,Corn,Missouri,,Truck,4.5394,4.475,4.605,$ Per Bushel
2025-05-01,Corn,Nebraska,,Truck,4.6404,4.435,4.905,$ Per Bushel
2025-05-01,Corn,Ohio,,Truck,4.985,4.855,5.105,$ Per Bushel
2025-05-01,Corn,South Dakota,,Truck,4.365,4.115,4.555,$ Per Bushel
2025-05-01,Corn,Wisconsin,,Truck,4.399,4.305,4.4725,$ Per Bushel
2025-05-02,Corn,Illinois,,Truck,4.7096,4.4825,4.9125,$ Per Bushel
2025-05-02,Corn,Indiana,,Truck,4.8425,4.7525,4.9525,$ Per Bushel
2025-05-02,Corn,Iowa,,Truck,4.6093,4.5125,4.7225,$ Per Bushel
2025-05-02,Corn,Kansas,,Truck,4.6425,4.5525,4.6925,$ Per Bushel
2025-05-02,Corn,Michigan,,Truck,4.6265,4.3725,4.7925,$ Per Bushel
2025-05-02,Corn,Minnesota,,Truck,4.5025,4.2725,4.6725,$ Per Bushel
2025-05-02,Corn,Missouri,,Truck,4.5125,4.4425,4.5925,$ Per Bushel
2025-05-02,Corn,Nebraska,,Truck,4.6203,4.4025,4.8725,$ Per Bushel
2025-05-02,Corn,Ohio,,Truck,4.9242,4.8225,5.0025,$ Per Bushel
2025-05-02,Corn,South Dakota,,Truck,4.3475,4.0825,4.5225,$ Per Bushel
2025-05-02,Corn,Wisconsin,,Truck,4.4265,4.3025,4.5525,$ Per Bushel
2025-05-05,Corn,Illinois,,Truck,4.6775,4.4525,4.88,$ Per Bushel
2025-05-05,Corn,Indiana,,Truck,4.81,4.72,4.92,$ Per Bushel
2025-05-05,Corn,Iowa,,Truck,4.5811,4.48,4.69,$ Per Bushel
2025-05-05,Corn,Kansas,,Truck,4.61,4.52,4.66,$ Per Bushel
2025-05-05,Corn,Michigan,,Truck,4.594,4.34,4.76,$ Per Bushel
2025-05-05,Corn,Minnesota,,Truck,4.47,4.24,4.64,$ Per Bushel
2025-05-05,Corn,Missouri,,Truck,4.4806,4.41,4.56,$ Per Bushel
2025-05-05,Corn,Nebraska,,Truck,4.5844,4.37,4.84,$ Per Bushel
2025-05-05,Corn,Ohio,,Truck,4.8917,4.79,4.97,$ Per Bushel
2025-05-05,Corn,South Dakota,,Truck,4.3233,4.05,4.49,$ Per Bushel
2025-05-05,Corn,Wisconsin,,Truck,4.4005,4.27,4.52,$ Per Bushel
2025-05-06,Corn,Illinois,,Truck,4.5196,4.3025,4.7225,$ Per Bushel
2025-05-06,Corn,Indiana,,Truck,4.6669,4.5725,4.7725,$ Per Bushel
2025-05-06,Corn,Iowa,,Truck,4.4363,4.3625,4.5125,$ Per Bushel
2025-05-06,Corn,Kansas,,Truck,4.4625,4.3725,4.5125,$ Per Bushel
2025-05-06,Corn,Michigan,,Truck,4.4465,4.1925,4.6125,$ Per Bushel
2025-05-06,Corn,Minnesota,,Truck,4.3225,4.0925,4.4925,$ Per Bushel
2025-05-06,Corn,Missouri,,Truck,4.3325,4.2625,4.4125,$ Per Bushel
2025-05-06,Corn,Nebraska,,Truck,4.4336,4.2225,4.6925,$ Per Bushel
2025-05-06,Corn,Ohio,,Truck,4.6575,4.3025,4.7925,$ Per Bushel
2025-05-06,Corn,South Dakota,,Truck,4.1842,3.9025,4.3825,$ Per Bushel
2025-05-06,Corn,Wisconsin,,Truck,4.2605,4.1225,4.3725,$ Per Bushel
2025-05-07,Corn,Illinois,,Truck,4.5379,4.315,4.735,$ Per Bushel
2025-05-07,Corn,Indiana,,Truck,4.6794,4.585,4.785,$ Per Bushel
2025-05-07,Corn,Iowa,,Truck,4.4534,4.345,4.555,$ Per Bushel
2025-05-07,Corn,Kansas,,Truck,4.475,4.385,4.525,$ Per Bushel
2025-05-07,Corn,Michigan,,Truck,4.465,4.205,4.655,$ Per Bushel
2025-05-07,Corn,Minnesota,,Truck,4.3407,4.105,4.525,$ Per Bushel
2025-05-07,Corn,Missouri,,Truck,4.3775,4.325,4.425,$ Per Bushel
2025-05-07,Corn,Nebraska,,Truck,4.4433,4.235,4.705,$ Per Bushel
2025-05-07,Corn,Ohio,,Truck,4.6783,4.315,4.855,$ Per Bushel
2025-05-07,Corn,South Dakota,,Truck,4.1967,3.915,4.395,$ Per Bushel
2025-05-07,Corn,Wisconsin,,Truck,4.275,4.135,4.395,$ Per Bushel
2025-05-08,Corn,Illinois,,Truck,4.4754,4.2525,4.6725,$ Per Bushel
2025-05-08,Corn,Indiana,,Truck,4.6203,4.5225,4.7225,$ Per Bushel
2025-05-08,Corn,Iowa,,Truck,4.3987,4.3425,4.5625,$ Per Bushel
2025-05-08,Corn,Kansas,,Truck,4.4125,4.3225,4.4625,$ Per Bushel
2025-05-08,Corn,Michigan,,Truck,4.4425,4.2925,4.6425,$ Per Bushel
2025-05-08,Corn,Minnesota,,Truck,4.2811,4.0425,4.4625,$ Per Bushel
2025-05-08,Corn,Missouri,,Truck,4.315,4.2625,4.3625,$ Per Bushel
2025-05-08,Corn,Nebraska,,Truck,4.3808,4.1725,4.6425,$ Per Bushel
2025-05-08,Corn,Ohio,,Truck,4.6158,4.2525,4.7925,$ Per Bushel
2025-05-08,Corn,South Dakota,,Truck,4.1392,3.8725,4.3625,$ Per Bushel
2025-05-08,Corn,Wisconsin,,Truck,4.2225,4.0725,4.3425,$ Per Bushel
2025-05-09,Corn,Illinois,,Truck,4.4521,4.215,4.645,$ Per Bushel
2025-05-09,Corn,Indiana,,Truck,4.6061,4.525,4.705,$ Per Bushel
2025-05-09,Corn,Iowa,,Truck,4.3839,4.275,4.475,$ Per Bushel
2025-05-09,Corn,Kansas,,Truck,4.395,4.305,4.445,$ Per Bushel
2025-05-09,Corn,Michigan,,Truck,4.425,4.275,4.625,$ Per Bushel
2025-05-09,Corn,Minnesota,,Truck,4.2679,4.055,4.445,$ Per Bushel
2025-05-09,Corn,Missouri,,Truck,4.2975,4.245,4.345,$ Per Bushel
2025-05-09,Corn,Nebraska,,Truck,4.3672,4.155,4.625,$ Per Bushel
2025-05-09,Corn,Ohio,,Truck,4.5983,4.235,4.775,$ Per Bushel
2025-05-09,Corn,South Dakota,,Truck,4.1217,3.855,4.345,$ Per Bushel
2025-05-09,Corn,Wisconsin,,Truck,4.205,4.055,4.325,$ Per Bushel
2025-05-12,Corn,Illinois,,Truck,4.4775,4.2375,4.6675,$ Per Bushel
2025-05-12,Corn,Indiana,,Truck,4.6342,4.5475,4.7275,$ Per Bushel
2025-05-12,Corn,Iowa,,Truck,4.4086,4.2975,4.4975,$ Per Bushel
2025-05-12,Corn,Kansas,,Truck,4.4075,4.2975,4.4675,$ Per Bushel
2025-05-12,Corn,Michigan,,Truck,4.4475,4.2975,4.6475,$ Per Bushel
2025-05-12,Corn,Minnesota,,Truck,4.2904,4.0775,4.4675,$ Per Bushel
2025-05-12,Corn,Missouri,,Truck,4.3225,4.2675,4.3775,$ Per Bushel
2025-05-12,Corn,Nebraska,,Truck,4.3958,4.1775,4.6475,$ Per Bushel
2025-05-12,Corn,Ohio,,Truck,4.7475,4.5975,4.9475,$ Per Bushel
2025-05-12,Corn,South Dakota,,Truck,4.1442,3.8775,4.3775,$ Per Bushel
2025-05-12,Corn,Wisconsin,,Truck,4.2275,4.0775,4.3475,$ Per Bushel
2025-05-13,Corn,Illinois,,Truck,4.4557,4.22,4.65,$ Per Bushel
2025-05-13,Corn,Indiana,,Truck,4.6189,4.53,4.71,$ Per Bushel
2025-05-13,Corn,Iowa,,Truck,4.4042,4.28,4.48,$ Per Bushel
2025-05-13,Corn,Kansas,,Truck,4.39,4.28,4.45,$ Per Bushel
2025-05-13,Corn,Michigan,,Truck,4.43,4.28,4.63,$ Per Bushel
2025-05-13,Corn,Minnesota,,Truck,4.2814,4.06,4.45,$ Per Bushel
2025-05-13,Corn,Missouri,,Truck,4.305,4.25,4.36,$ Per Bushel
2025-05-13,Corn,Nebraska,,Truck,4.3735,4.16,4.58,$ Per Bushel
2025-05-13,Corn,Ohio,,Truck,4.745,4.58,4.93,$ Per Bushel
2025-05-13,Corn,South Dakota,,Truck,4.1292,3.88,4.37,$ Per Bushel
2025-05-13,Corn,Wisconsin,,Truck,4.21,4.06,4.33,$ Per Bushel
2025-05-14,Corn,Illinois,,Truck,4.4064,4.165,4.595,$ Per Bushel
2025-05-14,Corn,Indiana,,Truck,4.5639,4.475,4.655,$ Per Bushel
2025-05-14,Corn,Iowa,,Truck,4.3442,4.275,4.455,$ Per Bushel
2025-05-14,Corn,Kansas,,Truck,4.335,4.225,4.395,$ Per Bushel
2025-05-14,Corn,Michigan,,Truck,4.375,4.225,4.575,$ Per Bushel
2025-05-14,Corn,Minnesota,,Truck,4.2293,4.005,4.395,$ Per Bushel
2025-05-14,Corn,Missouri,,Truck,4.2675,4.225,4.305,$ Per Bushel
2025-05-14,Corn,Nebraska,,Truck,4.3303,4.105,4.525,$ Per Bushel
2025-05-14,Corn,Ohio,,Truck,4.69,4.525,4.875,$ Per Bushel
2025-05-14,Corn,South Dakota,,Truck,4.0758,3.825,4.335,$ Per Bushel
2025-05-14,Corn,Wisconsin,,Truck,4.155,4.005,4.275,$ Per Bushel
2025-05-15,Corn,Illinois,,Truck,4.4407,4.195,4.655,$ Per Bushel
2025-05-15,Corn,Indiana,,Truck,4.6028,4.505,4.695,$ Per Bushel
2025-05-15,Corn,Iowa,,Truck,4.3882,4.255,4.475,$ Per Bushel
2025-05-15,Corn,Kansas,,Truck,4.365,4.255,4.425,$ Per Bushel
2025-05-15,Corn,Michigan,,Truck,4.405,4.255,4.605,$ Per Bushel
2025-05-15,Corn,Minnesota,,Truck,4.2636,4.035,4.425,$ Per Bushel
2025-05-15,Corn,Missouri,,Truck,4.315,4.275,4.355,$ Per Bushel
2025-05-15,Corn,Nebraska,,Truck,4.3632,4.135,4.555,$ Per Bushel
2025-05-15,Corn,Ohio,,Truck,4.72,4.555,4.905,$ Per Bushel
2025-05-15,Corn,South Dakota,,Truck,4.1058,3.855,4.335,$ Per Bushel
2025-05-15,Corn,Wisconsin,,Truck,4.193,4.035,4.305,$ Per Bushel
2025-05-16,Corn,Illinois,,Truck,4.4707,4.225,4.685,$ Per Bushel
2025-05-16,Corn,Indiana,,Truck,4.6328,4.535,4.725,$ Per Bushel
2025-05-16,Corn,Iowa,,Truck,4.4203,4.285,4.525,$ Per Bushel
2025-05-16,Corn,Kansas,,Truck,4.395,4.285,4.455,$ Per Bushel
2025-05-16,Corn,Michigan,,Truck,4.425,4.235,4.635,$ Per Bushel
2025-05-16,Corn,Minnesota,,Truck,4.2936,4.065,4.455,$ Per Bushel
2025-05-16,Corn,Missouri,,Truck,4.345,4.305,4.385,$ Per Bushel
2025-05-16,Corn,Nebraska,,Truck,4.4026,4.165,4.585,$ Per Bushel
2025-05-16,Corn,Ohio,,Truck,4.7633,4.585,4.935,$ Per Bushel
2025-05-16,Corn,South Dakota,,Truck,4.1292,3.885,4.345,$ Per Bushel
2025-05-16,Corn,Wisconsin,,Truck,4.231,4.065,4.335,$ Per Bushel
2025-05-19,Corn,Illinois,,Truck,4.4293,4.215,4.635,$ Per Bushel
2025-05-19,Corn,Indiana,,Truck,4.555,4.265,4.685,$ Per Bushel
2025-05-19,Corn,Iowa,,Truck,4.3771,4.235,4.475,$ Per Bushel
2025-05-19,Corn,Kansas,,Truck,4.375,4.235,4.485,$ Per Bushel
2025-05-19,Corn,Michigan,,Truck,4.375,4.185,4.585,$ Per Bushel
2025-05-19,Corn,Minnesota,,Truck,4.2464,4.015,4.405,$ Per Bushel
2025-05-19,Corn,Missouri,,Truck,4.32,4.275,4.385,$ Per Bushel
2025-05-19,Corn,Nebraska,,Truck,4.3603,4.115,4.535,$ Per Bushel
2025-05-19,Corn,Ohio,,Truck,4.7217,4.585,4.885,$ Per Bushel
2025-05-19,Corn,South Dakota,,Truck,4.0808,3.835,4.295,$ Per Bushel
2025-05-19,Corn,Wisconsin,,Truck,4.181,4.015,4.285,$ Per Bushel
2025-05-20,Corn,Illinois,,Truck,4.4664,4.225,4.675,$ Per Bushel
2025-05-20,Corn,Indiana,,Truck,4.6328,4.525,4.745,$ Per Bushel
2025-05-20,Corn,Iowa,,Truck,4.4088,4.355,4.525,$ Per Bushel
2025-05-20,Corn,Kansas,,Truck,4.415,4.275,4.525,$ Per Bushel
2025-05-20,Corn,Michigan,,Truck,4.415,4.225,4.625,$ Per Bushel
2025-05-20,Corn,Minnesota,,Truck,4.2936,4.075,4.445,$ Per Bushel
2025-05-20,Corn,Missouri,,Truck,4.3825,4.325,4.425,$ Per Bushel
2025-05-20,Corn,Nebraska,,Truck,4.4021,4.155,4.575,$ Per Bushel
2025-05-20,Corn,Ohio,,Truck,4.77,4.625,4.925,$ Per Bushel
2025-05-20,Corn,South Dakota,,Truck,4.1375,3.875,4.335,$ Per Bushel
2025-05-20,Corn,Wisconsin,,Truck,4.225,4.055,4.325,$ Per Bushel
2025-05-21,Corn,Illinois,,Truck,4.5293,4.295,4.745,$ Per Bushel
2025-05-21,Corn,Indiana,,Truck,4.7183,4.645,4.845,$ Per Bushel
2025-05-21,Corn,Iowa,,Truck,4.4819,4.425,4.595,$ Per Bushel
2025-05-21,Corn,Kansas,,Truck,4.485,4.345,4.595,$ Per Bushel
2025-05-21,Corn,Michigan,,Truck,4.485,4.295,4.695,$ Per Bushel
2025-05-21,Corn,Minnesota,,Truck,4.3636,4.145,4.515,$ Per Bushel
2025-05-21,Corn,Missouri,,Truck,4.465,4.425,4.495,$ Per Bushel
2025-05-21,Corn,Nebraska,,Truck,4.4738,4.225,4.645,$ Per Bushel
2025-05-21,Corn,Ohio,,Truck,4.84,4.695,4.995,$ Per Bushel
2025-05-21,Corn,South Dakota,,Truck,4.2067,3.945,4.395,$ Per Bushel
2025-05-21,Corn,Wisconsin,,Truck,4.295,4.125,4.395,$ Per Bushel
2025-05-22,Corn,Illinois,,Truck,4.5986,4.36,4.82,$ Per Bushel
2025-05-22,Corn,Indiana,,Truck,4.7944,4.71,4.91,$ Per Bushel
2025-05-22,Corn,Iowa,,Truck,4.5469,4.49,4.66,$ Per Bushel
2025-05-22,Corn,Kansas,,Truck,4.55,4.41,4.66,$ Per Bushel
2025-05-22,Corn,Michigan,,Truck,4.55,4.36,4.76,$ Per Bushel
2025-05-22,Corn,Minnesota,,Truck,4.4314,4.21,4.6,$ Per Bushel
2025-05-22,Corn,Missouri,,Truck,4.53,4.49,4.56,$ Per Bushel
2025-05-22,Corn,Nebraska,,Truck,4.5412,4.36,4.71,$ Per Bushel
2025-05-22,Corn,Ohio,,Truck,4.905,4.76,5.06,$ Per Bushel
2025-05-22,Corn,South Dakota,,Truck,4.27,4.01,4.46,$ Per Bushel
2025-05-22,Corn,Wisconsin,,Truck,4.364,4.19,4.46,$ Per Bushel
2025-05-23,Corn,Illinois,,Truck,4.6186,4.38,4.84,$ Per Bushel
2025-05-23,Corn,Indiana,,Truck,4.8189,4.73,4.93,$ Per Bushel
2025-05-23,Corn,Iowa,,Truck,4.5916,4.46,4.7,$ Per Bushel
2025-05-23,Corn,Kansas,,Truck,4.57,4.43,4.68,$ Per Bushel
2025-05-23,Corn,Michigan,,Truck,4.58,4.38,4.78,$ Per Bushel
2025-05-23,Corn,Minnesota,,Truck,4.4514,4.23,4.62,$ Per Bushel
2025-05-23,Corn,Missouri,,Truck,4.5625,4.51,4.63,$ Per Bushel
2025-05-23,Corn,Nebraska,,Truck,4.5612,4.38,4.73,$ Per Bushel
2025-05-23,Corn,Ohio,,Truck,4.9333,4.83,5.08,$ Per Bushel
2025-05-23,Corn,South Dakota,,Truck,4.2842,4.03,4.48,$ Per Bushel
2025-05-23,Corn,Wisconsin,,Truck,4.384,4.21,4.48,$ Per Bushel
2025-05-27,Corn,Illinois,,Truck,4.5836,4.345,4.805,$ Per Bushel
2025-05-27,Corn,Indiana,,Truck,4.7906,4.695,4.935,$ Per Bushel
2025-05-27,Corn,Iowa,,Truck,4.5592,4.425,4.665,$ Per Bushel
2025-05-27,Corn,Kansas,,Truck,4.535,4.395,4.645,$ Per Bushel
2025-05-27,Corn,Michigan,,Truck,4.575,4.345,4.845,$ Per Bushel
2025-05-27,Corn,Minnesota,,Truck,4.4164,4.195,4.585,$ Per Bushel
2025-05-27,Corn,Missouri,,Truck,4.5325,4.475,4.595,$ Per Bushel
2025-05-27,Corn,Nebraska,,Truck,4.5238,4.345,4.695,$ Per Bushel
2025-05-27,Corn,Ohio,,Truck,4.915,4.795,5.095,$ Per Bushel
2025-05-27,Corn,South Dakota,,Truck,4.2492,3.995,4.445,$ Per Bushel
2025-05-27,Corn,Wisconsin,,Truck,4.351,4.175,4.445,$ Per Bushel
2025-05-28,Corn,Illinois,,Truck,4.5993,4.345,4.855,$ Per Bushel
2025-05-28,Corn,Indiana,,Truck,4.8006,4.695,4.945,$ Per Bushel
2025-05-28,Corn,Iowa,,Truck,4.5603,4.425,4.665,$ Per Bushel
2025-05-28,Corn,Kansas,,Truck,4.5183,4.345,4.645,$ Per Bushel
2025-05-28,Corn,Michigan,,Truck,4.575,4.345,4.845,$ Per Bushel
2025-05-28,Corn,Minnesota,,Truck,4.4236,4.245,4.585,$ Per Bushel
2025-05-28,Corn,Missouri,,Truck,4.5525,4.475,4.595,$ Per Bushel
2025-05-28,Corn,Nebraska,,Truck,4.525,4.345,4.695,$ Per Bushel
2025-05-28,Corn,Ohio,,Truck,4.915,4.795,5.095,$ Per Bushel
2025-05-28,Corn,South Dakota,,Truck,4.255,3.995,4.445,$ Per Bushel
2025-05-28,Corn,Wisconsin,,Truck,4.351,4.175,4.445,$ Per Bushel
2025-05-29,Corn,Illinois,,Truck,4.5171,4.26,4.77,$ Per Bushel
2025-05-29,Corn,Indiana,,Truck,4.7211,4.61,4.86,$ Per Bushel
2025-05-29,Corn,Iowa,,Truck,4.4438,4.39,4.53,$ Per Bushel
2025-05-29,Corn,Kansas,,Truck,4.45,4.26,4.61,$ Per Bushel
2025-05-29,Corn,Michigan,,Truck,4.51,4.31,4.76,$ Per Bushel
2025-05-29,Corn,Minnesota,,Truck,4.3386,4.16,4.5,$ Per Bushel
2025-05-29,Corn,Missouri,,Truck,4.4575,4.39,4.51,$ Per Bushel
2025-05-29,Corn,Nebraska,,Truck,4.4418,4.26,4.61,$ Per Bushel
2025-05-29,Corn,Ohio,,Truck,4.8383,4.71,5.01,$ Per Bushel
2025-05-29,Corn,South Dakota,,Truck,4.1658,3.91,4.34,$ Per Bushel
2025-05-29,Corn,Wisconsin,,Truck,4.266,4.09,4.36,$ Per Bushel
2025-05-30,Corn,Illinois,,Truck,4.4786,4.22,4.73,$ Per Bushel
2025-05-30,Corn,Indiana,,Truck,4.6856,4.57,4.82,$ Per Bushel
2025-05-30,Corn,Iowa,,Truck,4.4426,4.32,4.54,$ Per Bushel
2025-05-30,Corn,Kansas,,Truck,4.41,4.22,4.57,$ Per Bushel
2025-05-30,Corn,Michigan,,Truck,4.5,4.27,4.72,$ Per Bushel
2025-05-30,Corn,Minnesota,,Truck,4.2986,4.12,4.46,$ Per Bushel
2025-05-30,Corn,Missouri,,Truck,4.4175,4.35,4.47,$ Per Bushel
2025-05-30,Corn,Nebraska,,Truck,4.4012,4.22,4.57,$ Per Bushel
2025-05-30,Corn,Ohio,,Truck,4.8067,4.67,4.97,$ Per Bushel
2025-05-30,Corn,South Dakota,,Truck,4.1283,3.89,4.3,$ Per Bushel
2025-05-30,Corn,Wisconsin,,Truck,4.226,4.05,4.32,$ Per Bushel
2025-06-02,Corn,Illinois,,Truck,4.4486,4.19,4.7,$ Per Bushel
2025-06-02,Corn,Indiana,,Truck,4.6556,4.54,4.79,$ Per Bushel
2025-06-02,Corn,Iowa,,Truck,4.4126,4.29,4.51,$ Per Bushel
2025-06-02,Corn,Kansas,,Truck,4.38,4.19,4.54,$ Per Bushel
2025-06-02,Corn,Michigan,,Truck,4.47,4.24,4.69,$ Per Bushel
2025-06-02,Corn,Minnesota,,Truck,4.2686,4.09,4.43,$ Per Bushel
2025-06-02,Corn,Missouri,,Truck,4.3875,4.32,4.44,$ Per Bushel
2025-06-02,Corn,Nebraska,,Truck,4.3712,4.19,4.54,$ Per Bushel
2025-06-02,Corn,Ohio,,Truck,4.7767,4.64,4.94,$ Per Bushel
2025-06-02,Corn,South Dakota,,Truck,4.0958,3.86,4.28,$ Per Bushel
2025-06-02,Corn,Wisconsin,,Truck,4.196,4.02,4.29,$ Per Bushel
2025-06-03,Corn,Illinois,,Truck,4.4139,4.1525,4.6425,$ Per Bushel
2025-06-03,Corn,Indiana,,Truck,4.5981,4.4825,4.7325,$ Per Bushel
2025-06-03,Corn,Iowa,,Truck,4.3551,4.1825,4.4525,$ Per Bushel
2025-06-03,Corn,Kansas,,Truck,4.3492,4.1325,4.4825,$ Per Bushel
2025-06-03,Corn,Michigan,,Truck,4.4125,4.1825,4.6325,$ Per Bushel
2025-06-03,Corn,Minnesota,,Truck,4.2296,4.0825,4.3725,$ Per Bushel
2025-06-03,Corn,Missouri,,Truck,4.35,4.2625,4.4325,$ Per Bushel
2025-06-03,Corn,Nebraska,,Truck,4.326,4.1325,4.4825,$ Per Bushel
2025-06-03,Corn,Ohio,,Truck,4.7492,4.6325,4.8825,$ Per Bushel
2025-06-03,Corn,South Dakota,,Truck,4.0458,3.8025,4.2525,$ Per Bushel
2025-06-03,Corn,Wisconsin,,Truck,4.1565,3.9825,4.2925,$ Per Bushel
2025-06-04,Corn,Illinois,,Truck,4.415,4.155,4.645,$ Per Bushel
2025-06-04,Corn,Indiana,,Truck,4.6094,4.485,4.735,$ Per Bushel
2025-06-04,Corn,Iowa,,Truck,4.3258,4.285,4.375,$ Per Bushel
2025-06-04,Corn,Kansas,,Truck,4.3517,4.135,4.485,$ Per Bushel
2025-06-04,Corn,Michigan,,Truck,4.415,4.185,4.635,$ Per Bushel
2025-06-04,Corn,Minnesota,,Truck,4.2321,4.085,4.375,$ Per Bushel
2025-06-04,Corn,Missouri,,Truck,4.355,4.265,4.435,$ Per Bushel
2025-06-04,Corn,Nebraska,,Truck,4.3338,4.135,4.485,$ Per Bushel
2025-06-04,Corn,Ohio,,Truck,4.7883,4.685,4.985,$ Per Bushel
2025-06-04,Corn,South Dakota,,Truck,4.0508,3.805,4.285,$ Per Bushel
2025-06-04,Corn,Wisconsin,,Truck,4.151,3.985,4.295,$ Per Bushel
2025-06-05,Corn,Illinois,,Truck,4.4175,4.1575,4.6475,$ Per Bushel
2025-06-05,Corn,Indiana,,Truck,4.6286,4.4875,4.7875,$ Per Bushel
2025-06-05,Corn,Iowa,,Truck,4.3337,4.2875,4.3975,$ Per Bushel
2025-06-05,Corn,Kansas,,Truck,4.3542,4.1375,4.4875,$ Per Bushel
2025-06-05,Corn,Michigan,,Truck,4.4475,4.2375,4.6375,$ Per Bushel
2025-06-05,Corn,Minnesota,,Truck,4.2346,4.0875,4.3775,$ Per Bushel
2025-06-05,Corn,Missouri,,Truck,4.3575,4.2675,4.4375,$ Per Bushel
2025-06-05,Corn,Nebraska,,Truck,4.3363,4.1375,4.4875,$ Per Bushel
2025-06-05,Corn,Ohio,,Truck,4.8158,4.7375,4.9875,$ Per Bushel
2025-06-05,Corn,South Dakota,,Truck,4.0517,3.7975,4.2875,$ Per Bushel
2025-06-05,Corn,Wisconsin,,Truck,4.1495,3.9875,4.2975,$ Per Bushel
2025-06-06,Corn,Illinois,,Truck,4.4279,4.165,4.655,$ Per Bushel
2025-06-06,Corn,Indiana,,Truck,4.6417,4.545,4.795,$ Per Bushel
2025-06-06,Corn,Iowa,,Truck,4.3481,4.295,4.445,$ Per Bushel
2025-06-06,Corn,Kansas,,Truck,4.3617,4.145,4.495,$ Per Bushel
2025-06-06,Corn,Michigan,,Truck,4.455,4.245,4.645,$ Per Bushel
2025-06-06,Corn,Minnesota,,Truck,4.2421,4.095,4.385,$ Per Bushel
2025-06-06,Corn,Missouri,,Truck,4.365,4.275,4.445,$ Per Bushel
2025-06-06,Corn,Nebraska,,Truck,4.3491,4.145,4.495,$ Per Bushel
2025-06-06,Corn,Ohio,,Truck,4.835,4.745,4.995,$ Per Bushel
2025-06-06,Corn,South Dakota,,Truck,4.065,3.805,4.315,$ Per Bushel
2025-06-06,Corn,Wisconsin,,Truck,4.165,3.995,4.305,$ Per Bushel
2025-06-09,Corn,Illinois,,Truck,4.455,4.195,4.665,$ Per Bushel
2025-06-09,Corn,Indiana,,Truck,4.6817,4.575,4.825,$ Per Bushel
2025-06-09,Corn,Iowa,,Truck,4.3781,4.325,4.475,$ Per Bushel
2025-06-09,Corn,Kansas,,Truck,4.3917,4.175,4.525,$ Per Bushel
2025-06-09,Corn,Michigan,,Truck,4.495,4.325,4.675,$ Per Bushel
2025-06-09,Corn,Minnesota,,Truck,4.2721,4.125,4.415,$ Per Bushel
2025-06-09,Corn,Missouri,,Truck,4.395,4.305,4.475,$ Per Bushel
2025-06-09,Corn,Nebraska,,Truck,4.3791,4.175,4.525,$ Per Bushel
2025-06-09,Corn,Ohio,,Truck,4.8733,4.775,5.025,$ Per Bushel
2025-06-09,Corn,South Dakota,,Truck,4.095,3.835,4.345,$ Per Bushel
2025-06-09,Corn,Wisconsin,,Truck,4.195,4.025,4.335,$ Per Bushel
2025-06-10,Corn,Illinois,,Truck,4.365,4.105,4.575,$ Per Bushel
2025-06-10,Corn,Indiana,,Truck,4.5994,4.485,4.735,$ Per Bushel
2025-06-10,Corn,Iowa,,Truck,4.3234,4.185,4.405,$ Per Bushel
2025-06-10,Corn,Kansas,,Truck,4.3017,4.085,4.435,$ Per Bushel
2025-06-10,Corn,Michigan,,Truck,4.405,4.235,4.585,$ Per Bushel
2025-06-10,Corn,Minnesota,,Truck,4.185,4.035,4.325,$ Per Bushel
2025-06-10,Corn,Missouri,,Truck,4.305,4.215,4.385,$ Per Bushel
2025-06-10,Corn,Nebraska,,Truck,4.2844,4.085,4.435,$ Per Bushel
2025-06-10,Corn,Ohio,,Truck,4.7833,4.685,4.935,$ Per Bushel
2025-06-10,Corn,South Dakota,,Truck,4.0075,3.745,4.275,$ Per Bushel
2025-06-10,Corn,Wisconsin,,Truck,4.105,3.935,4.245,$ Per Bushel
2025-06-11,Corn,Illinois,,Truck,4.4189,4.1575,4.6275,$ Per Bushel
2025-06-11,Corn,Indiana,,Truck,4.6586,4.5375,4.7875,$ Per Bushel
2025-06-11,Corn,Iowa,,Truck,4.3791,4.2375,4.4575,$ Per Bushel
2025-06-11,Corn,Kansas,,Truck,4.3542,4.1375,4.4875,$ Per Bushel
2025-06-11,Corn,Michigan,,Truck,4.4675,4.2875,4.6375,$ Per Bushel
2025-06-11,Corn,Minnesota,,Truck,4.2375,4.0875,4.3775,$ Per Bushel
2025-06-11,Corn,Missouri,,Truck,4.3525,4.2675,4.3875,$ Per Bushel
2025-06-11,Corn,Nebraska,,Truck,4.3416,4.1375,4.4875,$ Per Bushel
2025-06-11,Corn,Ohio,,Truck,4.8358,4.7375,4.9875,$ Per Bushel
2025-06-11,Corn,South Dakota,,Truck,4.0575,3.8075,4.3275,$ Per Bushel
2025-06-11,Corn,Wisconsin,,Truck,4.1615,3.9875,4.2975,$ Per Bushel
2025-06-12,Corn,Illinois,,Truck,4.4014,4.14,4.61,$ Per Bushel
2025-06-12,Corn,Indiana,,Truck,4.6444,4.52,4.8,$ Per Bushel
2025-06-12,Corn,Iowa,,Truck,4.3246,4.27,4.42,$ Per Bushel
2025-06-12,Corn,Kansas,,Truck,4.3367,4.12,4.47,$ Per Bushel
2025-06-12,Corn,Michigan,,Truck,4.45,4.27,4.62,$ Per Bushel
2025-06-12,Corn,Minnesota,,Truck,4.22,4.07,4.36,$ Per Bushel
2025-06-12,Corn,Missouri,,Truck,4.335,4.25,4.37,$ Per Bushel
2025-06-12,Corn,Nebraska,,Truck,4.3229,4.12,4.47,$ Per Bushel
2025-06-12,Corn,Ohio,,Truck,4.8183,4.72,4.97,$ Per Bushel
2025-06-12,Corn,South Dakota,,Truck,4.0408,3.79,4.32,$ Per Bushel
2025-06-12,Corn,Wisconsin,,Truck,4.14,3.95,4.28,$ Per Bushel
2025-06-13,Corn,Illinois,,Truck,4.4164,4.155,4.625,$ Per Bushel
2025-06-13,Corn,Indiana,,Truck,4.6594,4.535,4.815,$ Per Bushel
2025-06-13,Corn,Iowa,,Truck,4.3755,4.235,4.465,$ Per Bushel
2025-06-13,Corn,Kansas,,Truck,4.3517,4.135,4.485,$ Per Bushel
2025-06-13,Corn,Michigan,,Truck,4.465,4.285,4.635,$ Per Bushel
2025-06-13,Corn,Minnesota,,Truck,4.235,4.085,4.375,$ Per Bushel
2025-06-13,Corn,Missouri,,Truck,4.355,4.265,4.385,$ Per Bushel
2025-06-13,Corn,Nebraska,,Truck,4.3391,4.135,4.485,$ Per Bushel
2025-06-13,Corn,Ohio,,Truck,4.8333,4.735,4.985,$ Per Bushel
2025-06-13,Corn,South Dakota,,Truck,4.0592,3.815,4.335,$ Per Bushel
2025-06-13,Corn,Wisconsin,,Truck,4.167,3.965,4.295,$ Per Bushel
2025-06-16,Corn,Illinois,,Truck,4.4821,4.215,4.685,$ Per Bushel
2025-06-16,Corn,Indiana,,Truck,4.7194,4.595,4.875,$ Per Bushel
2025-06-16,Corn,Iowa,,Truck,4.4019,4.345,4.495,$ Per Bushel
2025-06-16,Corn,Kansas,,Truck,4.4117,4.195,4.545,$ Per Bushel
2025-06-16,Corn,Michigan,,Truck,4.525,4.345,4.695,$ Per Bushel
2025-06-16,Corn,Minnesota,,Truck,4.295,4.145,4.435,$ Per Bushel
2025-06-16,Corn,Missouri,,Truck,4.415,4.325,4.445,$ Per Bushel
2025-06-16,Corn,Nebraska,,Truck,4.4079,4.245,4.545,$ Per Bushel
2025-06-16,Corn,Ohio,,Truck,4.8933,4.795,5.045,$ Per Bushel
2025-06-16,Corn,South Dakota,,Truck,4.1192,3.875,4.395,$ Per Bushel
2025-06-16,Corn,Wisconsin,,Truck,4.227,4.025,4.355,$ Per Bushel
2025-06-17,Corn,Illinois,,Truck,4.4046,4.1575,4.5875,$ Per Bushel
2025-06-17,Corn,Indiana,,Truck,4.6186,4.4975,4.7975,$ Per Bushel
2025-06-17,Corn,Iowa,,Truck,4.3322,4.1975,4.4275,$ Per Bushel
2025-06-17,Corn,Kansas,,Truck,4.2808,4.0975,4.3975,$ Per Bushel
2025-06-17,Corn,Michigan,,Truck,4.4275,4.2475,4.5975,$ Per Bushel
2025-06-17,Corn,Minnesota,,Truck,4.1918,4.0475,4.3375,$ Per Bushel
2025-06-17,Corn,Missouri,,Truck,4.3,4.1775,4.3475,$ Per Bushel
2025-06-17,Corn,Nebraska,,Truck,4.3163,4.1475,4.4475,$ Per Bushel
2025-06-17,Corn,Ohio,,Truck,4.7958,4.6975,4.9475,$ Per Bushel
2025-06-17,Corn,South Dakota,,Truck,4.0233,3.8075,4.2975,$ Per Bushel
2025-06-17,Corn,Wisconsin,,Truck,4.1355,3.8875,4.3075,$ Per Bushel
2025-06-18,Corn,Illinois,,Truck,4.365,4.125,4.555,$ Per Bushel
2025-06-18,Corn,Indiana,,Truck,4.5928,4.465,4.765,$ Per Bushel
2025-06-18,Corn,Iowa,,Truck,4.2762,4.225,4.365,$ Per Bushel
2025-06-18,Corn,Kansas,,Truck,4.2725,4.065,4.3875,$ Per Bushel
2025-06-18,Corn,Michigan,,Truck,4.395,4.215,4.565,$ Per Bushel
2025-06-18,Corn,Minnesota,,Truck,4.1639,4.015,4.305,$ Per Bushel
2025-06-18,Corn,Missouri,,Truck,4.3163,4.2175,4.3675,$ Per Bushel
2025-06-18,Corn,Nebraska,,Truck,4.2832,4.115,4.415,$ Per Bushel
2025-06-18,Corn,Ohio,,Truck,4.7733,4.665,4.915,$ Per Bushel
2025-06-18,Corn,South Dakota,,Truck,3.9902,3.775,4.2675,$ Per Bushel
2025-06-18,Corn,Wisconsin,,Truck,4.099,3.855,4.275,$ Per Bushel
2025-06-20,Corn,Illinois,,Truck,4.385,4.145,4.575,$ Per Bushel
2025-06-20,Corn,Indiana,,Truck,4.6128,4.485,4.785,$ Per Bushel
2025-06-20,Corn,Iowa,,Truck,4.3247,4.185,4.415,$ Per Bushel
2025-06-20,Corn,Kansas,,Truck,4.3033,4.085,4.44,$ Per Bushel
2025-06-20,Corn,Michigan,,Truck,4.415,4.235,4.585,$ Per Bushel
2025-06-20,Corn,Minnesota,,Truck,4.1843,3.985,4.345,$ Per Bushel
2025-06-20,Corn,Missouri,,Truck,4.325,4.24,4.385,$ Per Bushel
2025-06-20,Corn,Nebraska,,Truck,4.3024,4.135,4.435,$ Per Bushel
2025-06-20,Corn,Ohio,,Truck,4.8017,4.685,4.935,$ Per Bushel
2025-06-20,Corn,South Dakota,,Truck,4.0129,3.795,4.32,$ Per Bushel
2025-06-20,Corn,Wisconsin,,Truck,4.133,3.875,4.295,$ Per Bushel
2025-06-23,Corn,Illinois,,Truck,4.3375,4.0975,4.5275,$ Per Bushel
2025-06-23,Corn,Indiana,,Truck,4.5672,4.4375,4.735,$ Per Bushel
2025-06-23,Corn,Iowa,,Truck,4.2882,4.1375,4.3675,$ Per Bushel
2025-06-23,Corn,Kansas,,Truck,4.26,4.0375,4.405,$ Per Bushel
2025-06-23,Corn,Michigan,,Truck,4.3775,4.1875,4.5375,$ Per Bushel
2025-06-23,Corn,Minnesota,,Truck,4.1371,3.9375,4.2975,$ Per Bushel
2025-06-23,Corn,Missouri,,Truck,4.2838,4.205,4.3375,$ Per Bushel
2025-06-23,Corn,Nebraska,,Truck,4.2574,4.0875,4.3875,$ Per Bushel
2025-06-23,Corn,Ohio,,Truck,4.7592,4.6175,4.9375,$ Per Bushel
2025-06-23,Corn,South Dakota,,Truck,3.9656,3.7575,4.265,$ Per Bushel
2025-06-23,Corn,Wisconsin,,Truck,4.0855,3.8275,4.2475,$ Per Bushel
2025-06-24,Corn,Illinois,,Truck,4.2496,4.0025,4.4525,$ Per Bushel
2025-06-24,Corn,Indiana,,Truck,4.4817,4.3425,4.725,$ Per Bushel
2025-06-24,Corn,Iowa,,Truck,4.1717,4.0825,4.2425,$ Per Bushel
2025-06-24,Corn,Kansas,,Truck,4.17,3.9425,4.325,$ Per Bushel
2025-06-24,Corn,Michigan,,Truck,4.2825,4.0925,4.4425,$ Per Bushel
2025-06-24,Corn,Minnesota,,Truck,4.0429,3.8425,4.2025,$ Per Bushel
2025-06-24,Corn,Missouri,,Truck,4.1713,4.125,4.1925,$ Per Bushel
2025-06-24,Corn,Nebraska,,Truck,4.1687,4.0425,4.2925,$ Per Bushel
2025-06-24,Corn,Ohio,,Truck,4.6558,4.5225,4.8425,$ Per Bushel
2025-06-24,Corn,South Dakota,,Truck,3.8769,3.6925,4.185,$ Per Bushel
2025-06-24,Corn,Wisconsin,,Truck,3.9905,3.7325,4.1525,$ Per Bushel
2025-06-25,Corn,Illinois,,Truck,4.2154,3.9725,4.3925,$ Per Bushel
2025-06-25,Corn,Indiana,,Truck,4.4547,4.3125,4.7225,$ Per Bushel
2025-06-25,Corn,Iowa,,Truck,4.1593,4.0325,4.2225,$ Per Bushel
2025-06-25,Corn,Kansas,,Truck,4.1325,3.9125,4.2725,$ Per Bushel
2025-06-25,Corn,Michigan,,Truck,4.2525,4.0625,4.4125,$ Per Bushel
2025-06-25,Corn,Minnesota,,Truck,4.0096,3.8125,4.1725,$ Per Bushel
2025-06-25,Corn,Missouri,,Truck,4.13,4.0725,4.1625,$ Per Bushel
2025-06-25,Corn,Nebraska,,Truck,4.1396,4.0125,4.2825,$ Per Bushel
2025-06-25,Corn,Ohio,,Truck,4.6258,4.4925,4.8125,$ Per Bushel
2025-06-25,Corn,South Dakota,,Truck,3.8567,3.6625,4.1225,$ Per Bushel
2025-06-25,Corn,Wisconsin,,Truck,3.9605,3.7025,4.1225,$ Per Bushel
2025-06-26,Corn,Illinois,,Truck,4.1564,3.9125,4.3325,$ Per Bushel
2025-06-26,Corn,Indiana,,Truck,4.3933,4.2525,4.65,$ Per Bushel
2025-06-26,Corn,Iowa,,Truck,4.0917,3.9925,4.17,$ Per Bushel
2025-06-26,Corn,Kansas,,Truck,4.0508,3.8525,4.2,$ Per Bushel
2025-06-26,Corn,Michigan,,Truck,4.2125,4.0025,4.4025,$ Per Bushel
2025-06-26,Corn,Minnesota,,Truck,3.9479,3.7525,4.1125,$ Per Bushel
2025-06-26,Corn,Missouri,,Truck,4.0638,4.0,4.1025,$ Per Bushel
2025-06-26,Corn,Nebraska,,Truck,4.0757,3.94,4.2225,$ Per Bushel
2025-06-26,Corn,Ohio,,Truck,4.5658,4.4325,4.7525,$ Per Bushel
2025-06-26,Corn,South Dakota,,Truck,3.7908,3.6025,4.05,$ Per Bushel
2025-06-26,Corn,Wisconsin,,Truck,3.9005,3.6425,4.0625,$ Per Bushel
2025-06-27,Corn,Illinois,,Truck,4.1486,3.905,4.325,$ Per Bushel
2025-06-27,Corn,Indiana,,Truck,4.3839,4.245,4.64,$ Per Bushel
2025-06-27,Corn,Iowa,,Truck,4.0635,3.99,4.145,$ Per Bushel
2025-06-27,Corn,Kansas,,Truck,4.025,3.845,4.19,$ Per Bushel
2025-06-27,Corn,Michigan,,Truck,4.194,3.995,4.395,$ Per Bushel
2025-06-27,Corn,Minnesota,,Truck,3.9321,3.745,4.105,$ Per Bushel
2025-06-27,Corn,Missouri,,Truck,4.0413,3.99,4.095,$ Per Bushel
2025-06-27,Corn,Nebraska,,Truck,4.0738,3.93,4.245,$ Per Bushel
2025-06-27,Corn,Ohio,,Truck,4.5583,4.425,4.745,$ Per Bushel
2025-06-27,Corn,South Dakota,,Truck,3.785,3.625,4.04,$ Per Bushel
2025-06-27,Corn,Wisconsin,,Truck,3.859,3.515,4.055,$ Per Bushel
2025-06-30,Corn,Illinois,,Truck,4.2293,3.985,4.415,$ Per Bushel
2025-06-30,Corn,Indiana,,Truck,4.4794,4.325,4.715,$ Per Bushel
2025-06-30,Corn,Iowa,,Truck,4.1618,4.095,4.235,$ Per Bushel
2025-06-30,Corn,Kansas,,Truck,4.0983,3.915,4.265,$ Per Bushel
2025-06-30,Corn,Michigan,,Truck,4.289,4.075,4.465,$ Per Bushel
2025-06-30,Corn,Minnesota,,Truck,4.0007,3.825,4.185,$ Per Bushel
2025-06-30,Corn,Missouri,,Truck,4.115,4.055,4.175,$ Per Bushel
2025-06-30,Corn,Nebraska,,Truck,4.1444,4.005,4.295,$ Per Bushel
2025-06-30,Corn,Ohio,,Truck,4.5917,4.415,4.765,$ Per Bushel
2025-06-30,Corn,South Dakota,,Truck,3.8567,3.685,4.115,$ Per Bushel
2025-06-30,Corn,Wisconsin,,Truck,3.948,3.69,4.075,$ Per Bushel
2025-07-01,Corn,Illinois,,Truck,4.2396,4.015,4.465,$ Per Bushel
2025-07-01,Corn,Indiana,,Truck,4.465,4.355,4.6925,$ Per Bushel
2025-07-01,Corn,Iowa,,Truck,4.1356,4.0425,4.255,$ Per Bushel
2025-07-01,Corn,Kansas,,Truck,4.0592,3.8925,4.1925,$ Per Bushel
2025-07-01,Corn,Michigan,,Truck,4.275,4.105,4.4425,$ Per Bushel
2025-07-01,Corn,Minnesota,,Truck,3.9814,3.7425,4.1925,$ Per Bushel
2025-07-01,Corn,Missouri,,Truck,4.1056,4.0325,4.205,$ Per Bushel
2025-07-01,Corn,Nebraska,,Truck,4.1313,3.9825,4.275,$ Per Bushel
2025-07-01,Corn,Ohio,,Truck,4.5842,4.3925,4.8425,$ Per Bushel
2025-07-01,Corn,South Dakota,,Truck,3.8192,3.6425,4.0925,$ Per Bushel
2025-07-01,Corn,Wisconsin,,Truck,3.942,3.675,4.055,$ Per Bushel
2025-07-02,Corn,Illinois,,Truck,4.1871,3.92,4.44,$ Per Bushel
2025-07-02,Corn,Indiana,,Truck,4.4311,4.31,4.66,$ Per Bushel
2025-07-02,Corn,Iowa,,Truck,4.12,4.06,4.18,$ Per Bushel
2025-07-02,Corn,Kansas,,Truck,4.0267,3.86,4.16,$ Per Bushel
2025-07-02,Corn,Michigan,,Truck,4.248,4.1,4.41,$ Per Bushel
2025-07-02,Corn,Minnesota,,Truck,3.9614,3.7,4.16,$ Per Bushel
2025-07-02,Corn,Missouri,,Truck,4.0775,3.98,4.16,$ Per Bushel
2025-07-02,Corn,Nebraska,,Truck,4.1219,3.95,4.41,$ Per Bushel
2025-07-02,Corn,Ohio,,Truck,4.5767,4.41,4.81,$ Per Bushel
2025-07-02,Corn,South Dakota,,Truck,3.8033,3.64,4.04,$ Per Bushel
2025-07-02,Corn,Wisconsin,,Truck,3.952,3.64,4.26,$ Per Bushel
2025-07-03,Corn,Illinois,,Truck,4.3071,4.04,4.56,$ Per Bushel
2025-07-03,Corn,Indiana,,Truck,4.5511,4.43,4.78,$ Per Bushel
2025-07-03,Corn,Iowa,,Truck,4.2284,4.1,4.32,$ Per Bushel
2025-07-03,Corn,Kansas,,Truck,4.1467,3.98,4.28,$ Per Bushel
2025-07-03,Corn,Michigan,,Truck,4.38,4.28,4.53,$ Per Bushel
2025-07-03,Corn,Minnesota,,Truck,4.0614,3.82,4.28,$ Per Bushel
2025-07-03,Corn,Missouri,,Truck,4.1925,4.1,4.26,$ Per Bushel
2025-07-03,Corn,Nebraska,,Truck,4.245,4.07,4.53,$ Per Bushel
2025-07-03,Corn,Ohio,,Truck,4.6967,4.53,4.93,$ Per Bushel
2025-07-03,Corn,South Dakota,,Truck,3.9242,3.78,4.16,$ Per Bushel
2025-07-03,Corn,Wisconsin,,Truck,4.077,3.755,4.38,$ Per Bushel
2025-07-07,Corn,Illinois,,Truck,4.3382,4.0625,4.6025,$ Per Bushel
2025-07-07,Corn,Indiana,,Truck,4.5736,4.4525,4.8025,$ Per Bushel
2025-07-07,Corn,Iowa,,Truck,4.2387,4.1525,4.3625,$ Per Bushel
2025-07-07,Corn,Kansas,,Truck,4.1692,4.0025,4.3025,$ Per Bushel
2025-07-07,Corn,Michigan,,Truck,4.4025,4.3025,4.5525,$ Per Bushel
2025-07-07,Corn,Minnesota,,Truck,4.0839,3.8425,4.3025,$ Per Bushel
2025-07-07,Corn,Missouri,,Truck,4.21,4.1025,4.2825,$ Per Bushel
2025-07-07,Corn,Nebraska,,Truck,4.2675,4.0925,4.5525,$ Per Bushel
2025-07-07,Corn,Ohio,,Truck,4.7192,4.5525,4.9525,$ Per Bushel
2025-07-07,Corn,South Dakota,,Truck,3.9517,3.8025,4.1825,$ Per Bushel
2025-07-07,Corn,Wisconsin,,Truck,4.102,3.79,4.4025,$ Per Bushel
2025-07-08,Corn,Illinois,,Truck,4.1836,3.925,4.435,$ Per Bushel
2025-07-08,Corn,Indiana,,Truck,4.4128,4.285,4.635,$ Per Bushel
2025-07-08,Corn,Iowa,,Truck,4.0818,3.955,4.175,$ Per Bushel
2025-07-08,Corn,Kansas,,Truck,4.0183,3.885,4.135,$ Per Bushel
2025-07-08,Corn,Michigan,,Truck,4.235,4.135,4.385,$ Per Bushel
2025-07-08,Corn,Minnesota,,Truck,3.9007,3.675,4.135,$ Per Bushel
2025-07-08,Corn,Missouri,,Truck,4.0325,3.915,4.095,$ Per Bushel
2025-07-08,Corn,Nebraska,,Truck,4.0981,3.925,4.385,$ Per Bushel
2025-07-08,Corn,Ohio,,Truck,4.5633,4.385,4.785,$ Per Bushel
2025-07-08,Corn,South Dakota,,Truck,3.8033,3.635,4.015,$ Per Bushel
2025-07-08,Corn,Wisconsin,,Truck,3.9355,3.6275,4.235,$ Per Bushel
2025-07-09,Corn,Illinois,,Truck,4.1471,3.87,4.41,$ Per Bushel
2025-07-09,Corn,Indiana,,Truck,4.3611,4.23,4.58,$ Per Bushel
2025-07-09,Corn,Iowa,,Truck,4.0279,3.9,4.12,$ Per Bushel
2025-07-09,Corn,Kansas,,Truck,3.9633,3.83,4.08,$ Per Bushel
2025-07-09,Corn,Michigan,,Truck,4.19,4.08,4.38,$ Per Bushel
2025-07-09,Corn,Minnesota,,Truck,3.8514,3.66,4.08,$ Per Bushel
2025-07-09,Corn,Missouri,,Truck,3.975,3.85,4.04,$ Per Bushel
2025-07-09,Corn,Nebraska,,Truck,4.05,3.87,4.33,$ Per Bushel
2025-07-09,Corn,Ohio,,Truck,4.5217,4.33,4.73,$ Per Bushel
2025-07-09,Corn,South Dakota,,Truck,3.7483,3.58,3.96,$ Per Bushel
2025-07-09,Corn,Wisconsin,,Truck,3.8805,3.5625,4.18,$ Per Bushel
2025-07-10,Corn,Illinois,,Truck,4.1568,3.8825,4.4225,$ Per Bushel
2025-07-10,Corn,Indiana,,Truck,4.3981,4.2425,4.5925,$ Per Bushel
2025-07-10,Corn,Iowa,,Truck,4.0383,3.9125,4.1325,$ Per Bushel
2025-07-10,Corn,Kansas,,Truck,3.9758,3.8425,4.0925,$ Per Bushel
2025-07-10,Corn,Michigan,,Truck,4.2025,4.0925,4.3925,$ Per Bushel
2025-07-10,Corn,Minnesota,,Truck,3.8639,3.6725,4.0925,$ Per Bushel
2025-07-10,Corn,Missouri,,Truck,3.9875,3.8625,4.0525,$ Per Bushel
2025-07-10,Corn,Nebraska,,Truck,4.0644,3.8825,4.3425,$ Per Bushel
2025-07-10,Corn,Ohio,,Truck,4.5342,4.3425,4.7425,$ Per Bushel
2025-07-10,Corn,South Dakota,,Truck,3.7742,3.6225,3.9725,$ Per Bushel
2025-07-10,Corn,Wisconsin,,Truck,3.883,3.575,4.1425,$ Per Bushel
2025-07-11,Corn,Illinois,,Truck,4.1568,3.8825,4.3925,$ Per Bushel
2025-07-11,Corn,Indiana,,Truck,4.4069,4.2425,4.5925,$ Per Bushel
2025-07-11,Corn,Iowa,,Truck,4.0194,3.9425,4.0925,$ Per Bushel
2025-07-11,Corn,Kansas,,Truck,3.9825,3.8425,4.1125,$ Per Bushel
2025-07-11,Corn,Michigan,,Truck,4.2125,4.0925,4.3925,$ Per Bushel
2025-07-11,Corn,Minnesota,,Truck,3.8639,3.6725,4.0925,$ Per Bushel
2025-07-11,Corn,Missouri,,Truck,3.9925,3.8525,4.0425,$ Per Bushel
2025-07-11,Corn,Nebraska,,Truck,4.069,3.8925,4.3425,$ Per Bushel
2025-07-11,Corn,Ohio,,Truck,4.5458,4.4125,4.7425,$ Per Bushel
2025-07-11,Corn,South Dakota,,Truck,3.7775,3.6425,3.9925,$ Per Bushel
2025-07-11,Corn,Wisconsin,,Truck,3.893,3.585,4.1425,$ Per Bushel
2025-07-14,Corn,Illinois,,Truck,4.1214,3.85,4.36,$ Per Bushel
2025-07-14,Corn,Indiana,,Truck,4.3811,4.21,4.56,$ Per Bushel
2025-07-14,Corn,Iowa,,Truck,3.9854,3.91,4.06,$ Per Bushel
2025-07-14,Corn,Kansas,,Truck,3.9667,3.86,4.08,$ Per Bushel
2025-07-14,Corn,Michigan,,Truck,4.18,4.06,4.36,$ Per Bushel
2025-07-14,Corn,Minnesota,,Truck,3.8314,3.64,4.06,$ Per Bushel
2025-07-14,Corn,Missouri,,Truck,3.955,3.82,4.01,$ Per Bushel
2025-07-14,Corn,Nebraska,,Truck,4.0441,3.86,4.31,$ Per Bushel
2025-07-14,Corn,Ohio,,Truck,4.5133,4.38,4.71,$ Per Bushel
2025-07-14,Corn,South Dakota,,Truck,3.7517,3.61,3.96,$ Per Bushel
2025-07-14,Corn,Wisconsin,,Truck,3.8705,3.5425,4.11,$ Per Bushel
2025-07-15,Corn,Illinois,,Truck,4.1543,3.89,4.38,$ Per Bushel
2025-07-15,Corn,Indiana,,Truck,4.4211,4.25,4.6,$ Per Bushel
2025-07-15,Corn,Iowa,,Truck,4.0463,3.85,4.14,$ Per Bushel
2025-07-15,Corn,Kansas,,Truck,4.0067,3.9,4.12,$ Per Bushel
2025-07-15,Corn,Michigan,,Truck,4.22,4.1,4.4,$ Per Bushel
2025-07-15,Corn,Minnesota,,Truck,3.8829,3.68,4.1,$ Per Bushel
2025-07-15,Corn,Missouri,,Truck,3.9875,3.84,4.05,$ Per Bushel
2025-07-15,Corn,Nebraska,,Truck,4.0922,3.9,4.35,$ Per Bushel
2025-07-15,Corn,Ohio,,Truck,4.5617,4.42,4.8,$ Per Bushel
2025-07-15,Corn,South Dakota,,Truck,3.7867,3.65,4.0,$ Per Bushel
2025-07-15,Corn,Wisconsin,,Truck,3.914,3.6,4.15,$ Per Bushel
2025-07-16,Corn,Illinois,,Truck,4.1654,3.9025,4.3825,$ Per Bushel
2025-07-16,Corn,Indiana,,Truck,4.4336,4.2625,4.6125,$ Per Bushel
2025-07-16,Corn,Iowa,,Truck,4.0583,3.8525,4.1525,$ Per Bushel
2025-07-16,Corn,Kansas,,Truck,4.0192,3.9125,4.1325,$ Per Bushel
2025-07-16,Corn,Michigan,,Truck,4.2325,4.1125,4.4125,$ Per Bushel
2025-07-16,Corn,Minnesota,,Truck,3.8982,3.7125,4.1125,$ Per Bushel
2025-07-16,Corn,Missouri,,Truck,3.9925,3.8425,4.0625,$ Per Bushel
2025-07-16,Corn,Nebraska,,Truck,4.0969,3.9125,4.3625,$ Per Bushel
2025-07-16,Corn,Ohio,,Truck,4.5742,4.4325,4.8125,$ Per Bushel
2025-07-16,Corn,South Dakota,,Truck,3.7992,3.6625,4.0125,$ Per Bushel
2025-07-16,Corn,Wisconsin,,Truck,3.9315,3.6175,4.1625,$ Per Bushel
2025-07-17,Corn,Illinois,,Truck,4.1996,3.9825,4.3925,$ Per Bushel
2025-07-17,Corn,Indiana,,Truck,4.4703,4.3025,4.6525,$ Per Bushel
2025-07-17,Corn,Iowa,,Truck,4.0748,4.0025,4.1325,$ Per Bushel
2025-07-17,Corn,Kansas,,Truck,4.0592,3.9525,4.1725,$ Per Bushel
2025-07-17,Corn,Michigan,,Truck,4.29,4.1525,4.4525,$ Per Bushel
2025-07-17,Corn,Minnesota,,Truck,3.9339,3.7525,4.1525,$ Per Bushel
2025-07-17,Corn,Missouri,,Truck,4.02,3.8725,4.1025,$ Per Bushel
2025-07-17,Corn,Nebraska,,Truck,4.1325,3.9525,4.4025,$ Per Bushel
2025-07-17,Corn,Ohio,,Truck,4.6225,4.4725,4.8525,$ Per Bushel
2025-07-17,Corn,South Dakota,,Truck,3.8333,3.7025,4.0525,$ Per Bushel
2025-07-17,Corn,Wisconsin,,Truck,3.964,3.66,4.2025,$ Per Bushel
2025-07-18,Corn,Illinois,,Truck,4.1671,3.95,4.36,$ Per Bushel
2025-07-18,Corn,Indiana,,Truck,4.4267,4.27,4.57,$ Per Bushel
2025-07-18,Corn,Iowa,,Truck,4.0558,3.83,4.14,$ Per Bushel
2025-07-18,Corn,Kansas,,Truck,4.01,3.87,4.14,$ Per Bushel
2025-07-18,Corn,Michigan,,Truck,4.2575,4.12,4.42,$ Per Bushel
2025-07-18,Corn,Minnesota,,Truck,3.8943,3.72,4.12,$ Per Bushel
2025-07-18,Corn,Missouri,,Truck,3.985,3.83,4.07,$ Per Bushel
2025-07-18,Corn,Nebraska,,Truck,4.1,3.92,4.37,$ Per Bushel
2025-07-18,Corn,Ohio,,Truck,4.59,4.44,4.82,$ Per Bushel
2025-07-18,Corn,South Dakota,,Truck,3.7883,3.67,4.02,$ Per Bushel
2025-07-18,Corn,Wisconsin,,Truck,3.932,3.63,4.17,$ Per Bushel
2025-07-21,Corn,Illinois,,Truck,4.2236,4.015,4.425,$ Per Bushel
2025-07-21,Corn,Indiana,,Truck,4.4917,4.335,4.635,$ Per Bushel
2025-07-21,Corn,Iowa,,Truck,4.1104,4.035,4.165,$ Per Bushel
2025-07-21,Corn,Kansas,,Truck,4.0583,3.885,4.205,$ Per Bushel
2025-07-21,Corn,Michigan,,Truck,4.3225,4.185,4.485,$ Per Bushel
2025-07-21,Corn,Minnesota,,Truck,3.9521,3.785,4.185,$ Per Bushel
2025-07-21,Corn,Missouri,,Truck,4.035,3.885,4.135,$ Per Bushel
2025-07-21,Corn,Nebraska,,Truck,4.1589,3.965,4.435,$ Per Bushel
2025-07-21,Corn,Ohio,,Truck,4.655,4.505,4.885,$ Per Bushel
2025-07-21,Corn,South Dakota,,Truck,3.8508,3.735,4.085,$ Per Bushel
2025-07-21,Corn,Wisconsin,,Truck,3.9975,3.6975,4.235,$ Per Bushel
2025-07-22,Corn,Illinois,,Truck,4.1718,3.9675,4.3675,$ Per Bushel
2025-07-22,Corn,Indiana,,Truck,4.4219,4.2375,4.5875,$ Per Bushel
2025-07-22,Corn,Iowa,,Truck,4.0512,3.8175,4.1375,$ Per Bushel
2025-07-22,Corn,Kansas,,Truck,4.0108,3.8375,4.1575,$ Per Bushel
2025-07-22,Corn,Michigan,,Truck,4.2625,4.1375,4.4375,$ Per Bushel
2025-07-22,Corn,Minnesota,,Truck,3.9046,3.7375,4.1375,$ Per Bushel
2025-07-22,Corn,Missouri,,Truck,3.9825,3.8375,4.0875,$ Per Bushel
2025-07-22,Corn,Nebraska,,Truck,4.1031,3.9175,4.3875,$ Per Bushel
2025-07-22,Corn,Ohio,,Truck,4.6075,4.4575,4.8375,$ Per Bushel
2025-07-22,Corn,South Dakota,,Truck,3.8017,3.6875,4.0375,$ Per Bushel
2025-07-22,Corn,Wisconsin,,Truck,3.9485,3.6425,4.1875,$ Per Bushel
2025-07-23,Corn,Illinois,,Truck,4.1154,3.9225,4.3125,$ Per Bushel
2025-07-23,Corn,Indiana,,Truck,4.3736,4.1925,4.5425,$ Per Bushel
2025-07-23,Corn,Iowa,,Truck,4.0041,3.7725,4.0725,$ Per Bushel
2025-07-23,Corn,Kansas,,Truck,3.9658,3.7925,4.1125,$ Per Bushel
2025-07-23,Corn,Michigan,,Truck,4.2175,4.0925,4.3925,$ Per Bushel
2025-07-23,Corn,Minnesota,,Truck,3.8554,3.6925,4.0925,$ Per Bushel
2025-07-23,Corn,Missouri,,Truck,3.935,3.7825,4.0425,$ Per Bushel
2025-07-23,Corn,Nebraska,,Truck,4.0492,3.8725,4.3425,$ Per Bushel
2025-07-23,Corn,Ohio,,Truck,4.5542,4.4125,4.7425,$ Per Bushel
2025-07-23,Corn,South Dakota,,Truck,3.7567,3.6425,3.9925,$ Per Bushel
2025-07-23,Corn,Wisconsin,,Truck,3.904,3.6,4.1425,$ Per Bushel
2025-07-24,Corn,Illinois,,Truck,4.1079,3.915,4.305,$ Per Bushel
2025-07-24,Corn,Indiana,,Truck,4.3439,4.185,4.505,$ Per Bushel
2025-07-24,Corn,Iowa,,Truck,3.9855,3.765,4.065,$ Per Bushel
2025-07-24,Corn,Kansas,,Truck,3.9417,3.735,4.105,$ Per Bushel
2025-07-24,Corn,Michigan,,Truck,4.21,4.085,4.385,$ Per Bushel
2025-07-24,Corn,Minnesota,,Truck,3.8421,3.685,4.085,$ Per Bushel
2025-07-24,Corn,Missouri,,Truck,3.9025,3.755,4.035,$ Per Bushel
2025-07-24,Corn,Nebraska,,Truck,4.0383,3.865,4.335,$ Per Bushel
2025-07-24,Corn,Ohio,,Truck,4.53,4.405,4.735,$ Per Bushel
2025-07-24,Corn,South Dakota,,Truck,3.7417,3.635,3.955,$ Per Bushel
2025-07-24,Corn,Wisconsin,,Truck,3.887,3.595,4.085,$ Per Bushel
2025-07-25,Corn,Illinois,,Truck,4.1175,3.9175,4.3375,$ Per Bushel
2025-07-25,Corn,Indiana,,Truck,4.3675,4.2175,4.5375,$ Per Bushel
2025-07-25,Corn,Iowa,,Truck,4.0096,3.7975,4.0875,$ Per Bushel
2025-07-25,Corn,Kansas,,Truck,3.9742,3.7675,4.1375,$ Per Bushel
2025-07-25,Corn,Michigan,,Truck,4.2175,4.0175,4.4175,$ Per Bushel
2025-07-25,Corn,Minnesota,,Truck,3.8589,3.7175,4.0475,$ Per Bushel
2025-07-25,Corn,Missouri,,Truck,3.95,3.7675,4.1675,$ Per Bushel
2025-07-25,Corn,Nebraska,,Truck,4.0642,3.8675,4.3675,$ Per Bushel
2025-07-25,Corn,Ohio,,Truck,4.4758,4.3675,4.6175,$ Per Bushel
2025-07-25,Corn,South Dakota,,Truck,3.7683,3.6675,3.9175,$ Per Bushel
2025-07-25,Corn,Wisconsin,,Truck,3.9115,3.6275,4.1175,$ Per Bushel
2025-07-28,Corn,Illinois,,Truck,4.0893,3.895,4.275,$ Per Bushel
2025-07-28,Corn,Indiana,,Truck,4.3294,4.145,4.515,$ Per Bushel
2025-07-28,Corn,Iowa,,Truck,3.9729,3.775,4.065,$ Per Bushel
2025-07-28,Corn,Kansas,,Truck,3.9517,3.745,4.115,$ Per Bushel
2025-07-28,Corn,Michigan,,Truck,4.195,3.995,4.395,$ Per Bushel
2025-07-28,Corn,Minnesota,,Truck,3.8364,3.695,4.025,$ Per Bushel
2025-07-28,Corn,Missouri,,Truck,3.9125,3.735,4.145,$ Per Bushel
2025-07-28,Corn,Nebraska,,Truck,4.0217,3.845,4.345,$ Per Bushel
2025-07-28,Corn,Ohio,,Truck,4.4367,4.295,4.595,$ Per Bushel
2025-07-28,Corn,South Dakota,,Truck,3.7425,3.645,3.895,$ Per Bushel
2025-07-28,Corn,Wisconsin,,Truck,3.89,3.61,4.095,$ Per Bushel
2025-07-29,Corn,Illinois,,Truck,4.0061,3.8175,4.1375,$ Per Bushel
2025-07-29,Corn,Indiana,,Truck,4.2475,3.9875,4.4375,$ Per Bushel
2025-07-29,Corn,Iowa,,Truck,3.9107,3.7175,4.0075,$ Per Bushel
2025-07-29,Corn,Kansas,,Truck,3.8542,3.6875,3.9875,$ Per Bushel
2025-07-29,Corn,Michigan,,Truck,4.1375,3.9375,4.3375,$ Per Bushel
2025-07-29,Corn,Minnesota,,Truck,3.7789,3.6375,3.9675,$ Per Bushel
2025-07-29,Corn,Missouri,,Truck,3.85,3.6675,4.0875,$ Per Bushel
2025-07-29,Corn,Nebraska,,Truck,3.9597,3.7675,4.2875,$ Per Bushel
2025-07-29,Corn,Ohio,,Truck,4.3708,4.2375,4.5375,$ Per Bushel
2025-07-29,Corn,South Dakota,,Truck,3.6858,3.5875,3.8375,$ Per Bushel
2025-07-29,Corn,Wisconsin,,Truck,3.834,3.56,4.0375,$ Per Bushel
2025-07-30,Corn,Illinois,,Truck,3.9496,3.7425,4.0625,$ Per Bushel
2025-07-30,Corn,Indiana,,Truck,4.1669,3.9425,4.3725,$ Per Bushel
2025-07-30,Corn,Iowa,,Truck,3.8894,3.8325,3.9925,$ Per Bushel
2025-07-30,Corn,Kansas,,Truck,3.8092,3.6425,3.9425,$ Per Bushel
2025-07-30,Corn,Michigan,,Truck,4.0925,3.8925,4.2925,$ Per Bushel
2025-07-30,Corn,Minnesota,,Truck,3.7411,3.6225,3.9225,$ Per Bushel
2025-07-30,Corn,Missouri,,Truck,3.76,3.6125,3.8925,$ Per Bushel
2025-07-30,Corn,Nebraska,,Truck,3.9075,3.7225,4.2425,$ Per Bushel
2025-07-30,Corn,Ohio,,Truck,4.3258,4.1925,4.4925,$ Per Bushel
2025-07-30,Corn,South Dakota,,Truck,3.6392,3.5425,3.7925,$ Per Bushel
2025-07-30,Corn,Wisconsin,,Truck,3.782,3.53,3.9925,$ Per Bushel
2025-07-31,Corn,Illinois,,Truck,3.9704,3.7675,4.0975,$ Per Bushel
2025-07-31,Corn,Indiana,,Truck,4.1442,3.9675,4.3375,$ Per Bushel
2025-07-31,Corn,Iowa,,Truck,3.878,3.6975,3.9875,$ Per Bushel
2025-07-31,Corn,Kansas,,Truck,3.8342,3.6675,3.9675,$ Per Bushel
2025-07-31,Corn,Michigan,,Truck,4.1075,3.9175,4.3175,$ Per Bushel
2025-07-31,Corn,Minnesota,,Truck,3.7618,3.6475,3.9475,$ Per Bushel
2025-07-31,Corn,Missouri,,Truck,3.7825,3.6275,3.9175,$ Per Bushel
2025-07-31,Corn,Nebraska,,Truck,3.9281,3.7475,4.2675,$ Per Bushel
2025-07-31,Corn,Ohio,,Truck,4.3508,4.2175,4.5175,$ Per Bushel
2025-07-31,Corn,South Dakota,,Truck,3.6575,3.5675,3.7675,$ Per Bushel
2025-07-31,Corn,Wisconsin,,Truck,3.8045,3.5425,4.0175,$ Per Bushel
2025-08-01,Corn,Illinois,,Truck,3.99,3.78,4.12,$ Per Bushel
2025-08-01,Corn,Indiana,,Truck,4.1611,3.99,4.36,$ Per Bushel
2025-08-01,Corn,Iowa,,Truck,3.8947,3.72,3.98,$ Per Bushel
2025-08-01,Corn,Kansas,,Truck,3.8567,3.69,3.99,$ Per Bushel
2025-08-01,Corn,Michigan,,Truck,4.12,3.94,4.29,$ Per Bushel
2025-08-01,Corn,Minnesota,,Truck,3.7786,3.67,3.93,$ Per Bushel
2025-08-01,Corn,Missouri,,Truck,3.7675,3.64,3.94,$ Per Bushel
2025-08-01,Corn,Nebraska,,Truck,3.9461,3.77,4.29,$ Per Bushel
2025-08-01,Corn,Ohio,,Truck,4.32,4.24,4.44,$ Per Bushel
2025-08-01,Corn,South Dakota,,Truck,3.68,3.59,3.79,$ Per Bushel
2025-08-01,Corn,Wisconsin,,Truck,3.8255,3.5575,4.04,$ Per Bushel
2025-08-04,Corn,Illinois,,Truck,3.9564,3.745,4.105,$ Per Bushel
2025-08-04,Corn,Indiana,,Truck,4.1183,3.945,4.285,$ Per Bushel
2025-08-04,Corn,Iowa,,Truck,3.8461,3.675,3.925,$ Per Bushel
2025-08-04,Corn,Kansas,,Truck,3.7783,3.595,3.945,$ Per Bushel
2025-08-04,Corn,Michigan,,Truck,4.065,3.895,4.245,$ Per Bushel
2025-08-04,Corn,Minnesota,,Truck,3.7421,3.675,3.845,$ Per Bushel
2025-08-04,Corn,Missouri,,Truck,3.72,3.595,3.895,$ Per Bushel
2025-08-04,Corn,Nebraska,,Truck,3.8956,3.725,4.095,$ Per Bushel
2025-08-04,Corn,Ohio,,Truck,4.195,3.995,4.295,$ Per Bushel
2025-08-04,Corn,South Dakota,,Truck,3.6342,3.545,3.745,$ Per Bushel
2025-08-04,Corn,Wisconsin,,Truck,3.7935,3.5275,3.995,$ Per Bushel
2025-08-05,Corn,Illinois,,Truck,3.9329,3.72,4.09,$ Per Bushel
2025-08-05,Corn,Indiana,,Truck,4.0889,3.92,4.22,$ Per Bushel
2025-08-05,Corn,Iowa,,Truck,3.8174,3.65,3.9,$ Per Bushel
2025-08-05,Corn,Kansas,,Truck,3.7533,3.57,3.92,$ Per Bushel
2025-08-05,Corn,Michigan,,Truck,4.03,3.87,4.17,$ Per Bushel
2025-08-05,Corn,Minnesota,,Truck,3.7143,3.63,3.82,$ Per Bushel
2025-08-05,Corn,Missouri,,Truck,3.67,3.57,3.77,$ Per Bushel
2025-08-05,Corn,Nebraska,,Truck,3.8741,3.69,4.07,$ Per Bushel
2025-08-05,Corn,Ohio,,Truck,4.1617,3.97,4.27,$ Per Bushel
2025-08-05,Corn,South Dakota,,Truck,3.6042,3.5,3.72,$ Per Bushel
2025-08-05,Corn,Wisconsin,,Truck,3.766,3.49,3.97,$ Per Bushel
2025-08-06,Corn,Illinois,,Truck,3.8821,3.675,4.035,$ Per Bushel
2025-08-06,Corn,Indiana,,Truck,4.0083,3.865,4.165,$ Per Bushel
2025-08-06,Corn,Iowa,,Truck,3.7658,3.595,3.845,$ Per Bushel
2025-08-06,Corn,Kansas,,Truck,3.6983,3.515,3.865,$ Per Bushel
2025-08-06,Corn,Michigan,,Truck,3.945,3.815,4.115,$ Per Bushel
2025-08-06,Corn,Minnesota,,Truck,3.6593,3.575,3.765,$ Per Bushel
2025-08-06,Corn,Missouri,,Truck,3.615,3.515,3.715,$ Per Bushel
2025-08-06,Corn,Nebraska,,Truck,3.8165,3.62,4.015,$ Per Bushel
2025-08-06,Corn,Ohio,,Truck,3.9817,3.815,4.115,$ Per Bushel
2025-08-06,Corn,South Dakota,,Truck,3.5533,3.445,3.665,$ Per Bushel
2025-08-06,Corn,Wisconsin,,Truck,3.712,3.44,3.915,$ Per Bushel
2025-08-07,Corn,Illinois,,Truck,3.8618,3.6575,4.0175,$ Per Bushel
2025-08-07,Corn,Indiana,,Truck,3.9775,3.8475,4.1475,$ Per Bushel
2025-08-07,Corn,Iowa,,Truck,3.7706,3.7175,3.8475,$ Per Bushel
2025-08-07,Corn,Kansas,,Truck,3.6808,3.4975,3.8475,$ Per Bushel
2025-08-07,Corn,Michigan,,Truck,3.9215,3.7975,4.0675,$ Per Bushel
2025-08-07,Corn,Minnesota,,Truck,3.6418,3.5575,3.7475,$ Per Bushel
2025-08-07,Corn,Missouri,,Truck,3.585,3.4975,3.6975,$ Per Bushel
2025-08-07,Corn,Nebraska,,Truck,3.7996,3.6125,3.9975,$ Per Bushel
2025-08-07,Corn,Ohio,,Truck,3.9392,3.7475,4.0975,$ Per Bushel
2025-08-07,Corn,South Dakota,,Truck,3.5375,3.4275,3.6475,$ Per Bushel
2025-08-07,Corn,Wisconsin,,Truck,3.7025,3.4325,3.8975,$ Per Bushel
2025-08-08,Corn,Illinois,,Truck,3.9093,3.705,4.065,$ Per Bushel
2025-08-08,Corn,Indiana,,Truck,4.0228,3.895,4.195,$ Per Bushel
2025-08-08,Corn,Iowa,,Truck,3.8165,3.765,3.895,$ Per Bushel
2025-08-08,Corn,Kansas,,Truck,3.7283,3.545,3.895,$ Per Bushel
2025-08-08,Corn,Michigan,,Truck,3.959,3.845,4.065,$ Per Bushel
2025-08-08,Corn,Minnesota,,Truck,3.6864,3.605,3.795,$ Per Bushel
2025-08-08,Corn,Missouri,,Truck,3.6325,3.545,3.745,$ Per Bushel
2025-08-08,Corn,Nebraska,,Truck,3.8424,3.67,3.995,$ Per Bushel
2025-08-08,Corn,Ohio,,Truck,3.9867,3.795,4.145,$ Per Bushel
2025-08-08,Corn,South Dakota,,Truck,3.5825,3.445,3.695,$ Per Bushel
2025-08-08,Corn,Wisconsin,,Truck,3.752,3.49,3.945,$ Per Bushel
2025-08-11,Corn,Illinois,,Truck,3.8918,3.6875,4.0475,$ Per Bushel
2025-08-11,Corn,Indiana,,Truck,4.0031,3.8775,4.1775,$ Per Bushel
2025-08-11,Corn,Iowa,,Truck,3.7572,3.6075,3.8275,$ Per Bushel
2025-08-11,Corn,Kansas,,Truck,3.7108,3.5275,3.8775,$ Per Bushel
2025-08-11,Corn,Michigan,,Truck,3.9415,3.8275,4.0475,$ Per Bushel
2025-08-11,Corn,Minnesota,,Truck,3.6575,3.5875,3.7275,$ Per Bushel
2025-08-11,Corn,Missouri,,Truck,3.615,3.5275,3.7275,$ Per Bushel
2025-08-11,Corn,Nebraska,,Truck,3.8197,3.655,3.9775,$ Per Bushel
2025-08-11,Corn,Ohio,,Truck,3.9275,3.7775,4.0775,$ Per Bushel
2025-08-11,Corn,South Dakota,,Truck,3.5583,3.4275,3.6775,$ Per Bushel
2025-08-11,Corn,Wisconsin,,Truck,3.711,3.455,3.9075,$ Per Bushel
2025-08-12,Corn,Illinois,,Truck,3.9186,3.71,4.07,$ Per Bushel
2025-08-12,Corn,Indiana,,Truck,4.0144,3.9,4.15,$ Per Bushel
2025-08-12,Corn,Iowa,,Truck,3.8223,3.77,3.9,$ Per Bushel
2025-08-12,Corn,Kansas,,Truck,3.7333,3.55,3.9,$ Per Bushel
2025-08-12,Corn,Michigan,,Truck,3.994,3.85,4.1,$ Per Bushel
2025-08-12,Corn,Minnesota,,Truck,3.68,3.61,3.75,$ Per Bushel
2025-08-12,Corn,Missouri,,Truck,3.645,3.55,3.75,$ Per Bushel
2025-08-12,Corn,Nebraska,,Truck,3.8375,3.6575,4.0,$ Per Bushel
2025-08-12,Corn,Ohio,,Truck,3.9167,3.8,4.1,$ Per Bushel
2025-08-12,Corn,South Dakota,,Truck,3.5842,3.47,3.7,$ Per Bushel
2025-08-12,Corn,Wisconsin,,Truck,3.7115,3.4775,3.9,$ Per Bushel
2025-08-13,Corn,Illinois,,Truck,3.795,3.575,3.935,$ Per Bushel
2025-08-13,Corn,Indiana,,Truck,3.8761,3.765,4.015,$ Per Bushel
2025-08-13,Corn,Iowa,,Truck,3.6434,3.495,3.765,$ Per Bushel
2025-08-13,Corn,Kansas,,Truck,3.5983,3.415,3.765,$ Per Bushel
2025-08-13,Corn,Michigan,,Truck,3.859,3.715,3.965,$ Per Bushel
2025-08-13,Corn,Minnesota,,Truck,3.5421,3.455,3.615,$ Per Bushel
2025-08-13,Corn,Missouri,,Truck,3.51,3.415,3.615,$ Per Bushel
2025-08-13,Corn,Nebraska,,Truck,3.6968,3.525,3.835,$ Per Bushel
2025-08-13,Corn,Ohio,,Truck,3.7817,3.665,3.915,$ Per Bushel
2025-08-13,Corn,South Dakota,,Truck,3.4417,3.335,3.565,$ Per Bushel
2025-08-13,Corn,Wisconsin,,Truck,3.577,3.345,3.765,$ Per Bushel
2025-08-14,Corn,Illinois,,Truck,3.8214,3.6,3.97,$ Per Bushel
2025-08-14,Corn,Indiana,,Truck,3.9044,3.79,4.04,$ Per Bushel
2025-08-14,Corn,Iowa,,Truck,3.6682,3.5,3.79,$ Per Bushel
2025-08-14,Corn,Kansas,,Truck,3.6233,3.44,3.79,$ Per Bushel
2025-08-14,Corn,Michigan,,Truck,3.876,3.74,3.99,$ Per Bushel
2025-08-14,Corn,Minnesota,,Truck,3.5671,3.48,3.64,$ Per Bushel
2025-08-14,Corn,Missouri,,Truck,3.5525,3.44,3.64,$ Per Bushel
2025-08-14,Corn,Nebraska,,Truck,3.7201,3.5525,3.86,$ Per Bushel
2025-08-14,Corn,Ohio,,Truck,3.815,3.69,3.94,$ Per Bushel
2025-08-14,Corn,South Dakota,,Truck,3.4658,3.36,3.59,$ Per Bushel
2025-08-14,Corn,Wisconsin,,Truck,3.6025,3.3725,3.79,$ Per Bushel
2025-08-15,Corn,Illinois,,Truck,3.8314,3.61,3.98,$ Per Bushel
2025-08-15,Corn,Indiana,,Truck,3.9167,3.8,4.05,$ Per Bushel
2025-08-15,Corn,Iowa,,Truck,3.7069,3.67,3.75,$ Per Bushel
2025-08-15,Corn,Kansas,,Truck,3.6242,3.45,3.8,$ Per Bushel
2025-08-15,Corn,Michigan,,Truck,3.866,3.75,4.0,$ Per Bushel
2025-08-15,Corn,Minnesota,,Truck,3.58,3.49,3.65,$ Per Bushel
2025-08-15,Corn,Missouri,,Truck,3.5625,3.45,3.65,$ Per Bushel
2025-08-15,Corn,Nebraska,,Truck,3.725,3.5525,3.87,$ Per Bushel
2025-08-15,Corn,Ohio,,Truck,3.85,3.75,4.0,$ Per Bushel
2025-08-15,Corn,South Dakota,,Truck,3.4742,3.37,3.6,$ Per Bushel
2025-08-15,Corn,Wisconsin,,Truck,3.6105,3.3725,3.8,$ Per Bushel
2025-08-18,Corn,Illinois,,Truck,3.9218,3.6975,4.0675,$ Per Bushel
2025-08-18,Corn,Indiana,,Truck,4.0097,3.8875,4.1875,$ Per Bushel
2025-08-18,Corn,Iowa,,Truck,3.763,3.5975,3.8875,$ Per Bushel
2025-08-18,Corn,Kansas,,Truck,3.7092,3.5375,3.8875,$ Per Bushel
2025-08-18,Corn,Michigan,,Truck,3.9335,3.7375,4.0875,$ Per Bushel
2025-08-18,Corn,Minnesota,,Truck,3.6675,3.5775,3.7375,$ Per Bushel
2025-08-18,Corn,Missouri,,Truck,3.65,3.5375,3.7375,$ Per Bushel
2025-08-18,Corn,Nebraska,,Truck,3.8116,3.6325,3.9575,$ Per Bushel
2025-08-18,Corn,Ohio,,Truck,3.9375,3.8375,4.0875,$ Per Bushel
2025-08-18,Corn,South Dakota,,Truck,3.5608,3.4875,3.6875,$ Per Bushel
2025-08-18,Corn,Wisconsin,,Truck,3.6905,3.4525,3.8575,$ Per Bushel
2025-08-19,Corn,Illinois,,Truck,3.91,3.73,4.08,$ Per Bushel
2025-08-19,Corn,Indiana,,Truck,4.0133,3.88,4.18,$ Per Bushel
2025-08-19,Corn,Iowa,,Truck,3.7862,3.75,3.84,$ Per Bushel
2025-08-19,Corn,Kansas,,Truck,3.7083,3.53,3.88,$ Per Bushel
2025-08-19,Corn,Michigan,,Truck,3.926,3.73,4.08,$ Per Bushel
2025-08-19,Corn,Minnesota,,Truck,3.66,3.57,3.73,$ Per Bushel
2025-08-19,Corn,Missouri,,Truck,3.6425,3.53,3.73,$ Per Bushel
2025-08-19,Corn,Nebraska,,Truck,3.81,3.63,3.95,$ Per Bushel
2025-08-19,Corn,Ohio,,Truck,3.9383,3.83,4.08,$ Per Bushel
2025-08-19,Corn,South Dakota,,Truck,3.5517,3.48,3.68,$ Per Bushel
2025-08-19,Corn,Wisconsin,,Truck,3.693,3.465,3.85,$ Per Bushel
2025-08-20,Corn,Illinois,,Truck,3.875,3.695,4.045,$ Per Bushel
2025-08-20,Corn,Indiana,,Truck,3.9617,3.745,4.145,$ Per Bushel
2025-08-20,Corn,Iowa,,Truck,3.7217,3.555,3.865,$ Per Bushel
2025-08-20,Corn,Kansas,,Truck,3.6742,3.495,3.845,$ Per Bushel
2025-08-20,Corn,Michigan,,Truck,3.891,3.695,4.045,$ Per Bushel
2025-08-20,Corn,Minnesota,,Truck,3.625,3.535,3.695,$ Per Bushel
2025-08-20,Corn,Missouri,,Truck,3.5975,3.495,3.695,$ Per Bushel
2025-08-20,Corn,Nebraska,,Truck,3.7841,3.595,3.995,$ Per Bushel
2025-08-20,Corn,Ohio,,Truck,3.9033,3.795,4.045,$ Per Bushel
2025-08-20,Corn,South Dakota,,Truck,3.5167,3.445,3.645,$ Per Bushel
2025-08-20,Corn,Wisconsin,,Truck,3.6585,3.4325,3.815,$ Per Bushel
2025-08-21,Corn,Illinois,,Truck,3.8743,3.7,4.1,$ Per Bushel
2025-08-21,Corn,Indiana,,Truck,3.9667,3.75,4.15,$ Per Bushel
2025-08-21,Corn,Iowa,,Truck,3.7274,3.56,3.85,$ Per Bushel
2025-08-21,Corn,Kansas,,Truck,3.68,3.5,3.85,$ Per Bushel
2025-08-21,Corn,Michigan,,Truck,3.896,3.7,4.05,$ Per Bushel
2025-08-21,Corn,Minnesota,,Truck,3.63,3.54,3.7,$ Per Bushel
2025-08-21,Corn,Missouri,,Truck,3.6025,3.5,3.7,$ Per Bushel
2025-08-21,Corn,Nebraska,,Truck,3.7882,3.6,4.0,$ Per Bushel
2025-08-21,Corn,Ohio,,Truck,3.9083,3.8,4.05,$ Per Bushel
2025-08-21,Corn,South Dakota,,Truck,3.5217,3.45,3.65,$ Per Bushel
2025-08-21,Corn,Wisconsin,,Truck,3.664,3.44,3.82,$ Per Bushel
2025-08-22,Corn,Illinois,,Truck,3.9218,3.7725,4.0975,$ Per Bushel
2025-08-22,Corn,Indiana,,Truck,4.0425,3.8225,4.2225,$ Per Bushel
2025-08-22,Corn,Iowa,,Truck,3.797,3.6325,3.8925,$ Per Bushel
2025-08-22,Corn,Kansas,,Truck,3.7692,3.6175,3.9225,$ Per Bushel
2025-08-22,Corn,Michigan,,Truck,3.9685,3.7725,4.1225,$ Per Bushel
2025-08-22,Corn,Minnesota,,Truck,3.7025,3.6125,3.7725,$ Per Bushel
2025-08-22,Corn,Missouri,,Truck,3.67,3.5725,3.7725,$ Per Bushel
2025-08-22,Corn,Nebraska,,Truck,3.861,3.6725,4.0725,$ Per Bushel
2025-08-22,Corn,Ohio,,Truck,3.9808,3.8725,4.1225,$ Per Bushel
2025-08-22,Corn,South Dakota,,Truck,3.59,3.4925,3.7225,$ Per Bushel
2025-08-22,Corn,Wisconsin,,Truck,3.7295,3.5175,3.8725,$ Per Bushel
2025-08-25,Corn,Illinois,,Truck,3.9343,3.7825,4.095,$ Per Bushel
2025-08-25,Corn,Indiana,,Truck,4.0581,3.8325,4.2325,$ Per Bushel
2025-08-25,Corn,Iowa,,Truck,3.8032,3.6425,3.9025,$ Per Bushel
2025-08-25,Corn,Kansas,,Truck,3.7708,3.615,3.9325,$ Per Bushel
2025-08-25,Corn,Michigan,,Truck,3.9785,3.7825,4.1325,$ Per Bushel
2025-08-25,Corn,Minnesota,,Truck,3.7082,3.6225,3.7825,$ Per Bushel
2025-08-25,Corn,Missouri,,Truck,3.675,3.5825,3.7825,$ Per Bushel
2025-08-25,Corn,Nebraska,,Truck,3.8743,3.6825,4.0825,$ Per Bushel
2025-08-25,Corn,Ohio,,Truck,3.9908,3.8825,4.1325,$ Per Bushel
2025-08-25,Corn,South Dakota,,Truck,3.5983,3.4825,3.7325,$ Per Bushel
2025-08-25,Corn,Wisconsin,,Truck,3.737,3.515,3.8825,$ Per Bushel
2025-08-26,Corn,Illinois,,Truck,3.9339,3.7925,4.0725,$ Per Bushel
2025-08-26,Corn,Indiana,,Truck,4.0714,3.8425,4.2925,$ Per Bushel
2025-08-26,Corn,Iowa,,Truck,3.8093,3.6525,3.8925,$ Per Bushel
2025-08-26,Corn,Kansas,,Truck,3.7792,3.6225,3.9425,$ Per Bushel
2025-08-26,Corn,Michigan,,Truck,3.9885,3.7925,4.1425,$ Per Bushel
2025-08-26,Corn,Minnesota,,Truck,3.7182,3.6325,3.7925,$ Per Bushel
2025-08-26,Corn,Missouri,,Truck,3.685,3.5925,3.7925,$ Per Bushel
2025-08-26,Corn,Nebraska,,Truck,3.8825,3.6925,4.0925,$ Per Bushel
2025-08-26,Corn,Ohio,,Truck,4.0175,3.8925,4.1425,$ Per Bushel
2025-08-26,Corn,South Dakota,,Truck,3.6075,3.5125,3.7425,$ Per Bushel
2025-08-26,Corn,Wisconsin,,Truck,3.7465,3.5225,3.8925,$ Per Bushel
2025-08-27,Corn,Illinois,,Truck,3.9136,3.775,4.045,$ Per Bushel
2025-08-27,Corn,Indiana,,Truck,4.0506,3.825,4.285,$ Per Bushel
2025-08-27,Corn,Iowa,,Truck,3.7808,3.635,3.875,$ Per Bushel
2025-08-27,Corn,Kansas,,Truck,3.7717,3.595,3.975,$ Per Bushel
2025-08-27,Corn,Michigan,,Truck,3.971,3.775,4.125,$ Per Bushel
2025-08-27,Corn,Minnesota,,Truck,3.695,3.615,3.775,$ Per Bushel
2025-08-27,Corn,Missouri,,Truck,3.645,3.575,3.775,$ Per Bushel
2025-08-27,Corn,Nebraska,,Truck,3.8644,3.675,4.095,$ Per Bushel
2025-08-27,Corn,Ohio,,Truck,3.9833,3.875,4.125,$ Per Bushel
2025-08-27,Corn,South Dakota,,Truck,3.5858,3.445,3.725,$ Per Bushel
2025-08-27,Corn,Wisconsin,,Truck,3.719,3.495,3.875,$ Per Bushel
2025-08-28,Corn,Illinois,,Truck,3.8607,3.725,4.01,$ Per Bushel
2025-08-28,Corn,Indiana,,Truck,4.0067,3.81,4.3,$ Per Bushel
2025-08-28,Corn,Iowa,,Truck,3.7654,3.675,3.875,$ Per Bushel
2025-08-28,Corn,Kansas,,Truck,3.8725,3.56,4.06,$ Per Bushel
2025-08-28,Corn,Michigan,,Truck,3.921,3.725,4.075,$ Per Bushel
2025-08-28,Corn,Minnesota,,Truck,3.6436,3.565,3.73,$ Per Bushel
2025-08-28,Corn,Missouri,,Truck,3.595,3.525,3.725,$ Per Bushel
2025-08-28,Corn,Nebraska,,Truck,3.8224,3.625,4.06,$ Per Bushel
2025-08-28,Corn,Ohio,,Truck,3.9392,3.825,4.075,$ Per Bushel
2025-08-28,Corn,South Dakota,,Truck,3.5354,3.425,3.675,$ Per Bushel
2025-08-28,Corn,Wisconsin,,Truck,3.668,3.46,3.825,$ Per Bushel
2025-08-29,Corn,Illinois,,Truck,3.8921,3.755,4.05,$ Per Bushel
2025-08-29,Corn,Indiana,,Truck,4.045,3.85,4.34,$ Per Bushel
2025-08-29,Corn,Iowa,,Truck,3.7734,3.615,3.86,$ Per Bushel
2025-08-29,Corn,Kansas,,Truck,3.9125,3.6,4.1,$ Per Bushel
2025-08-29,Corn,Michigan,,Truck,3.951,3.755,4.105,$ Per Bushel
2025-08-29,Corn,Minnesota,,Truck,3.6764,3.595,3.77,$ Per Bushel
2025-08-29,Corn,Missouri,,Truck,3.6113,3.555,3.7,$ Per Bushel
2025-08-29,Corn,Nebraska,,Truck,3.8594,3.655,4.1,$ Per Bushel
2025-08-29,Corn,Ohio,,Truck,3.9708,3.855,4.105,$ Per Bushel
2025-08-29,Corn,South Dakota,,Truck,3.5679,3.425,3.705,$ Per Bushel
2025-08-29,Corn,Wisconsin,,Truck,3.704,3.5,3.85,$ Per Bushel
2025-09-02,Corn,Illinois,,Truck,4.0057,3.88,4.1525,$ Per Bushel
2025-09-02,Corn,Indiana,,Truck,4.1683,3.9525,4.4425,$ Per Bushel
2025-09-02,Corn,Iowa,,Truck,3.878,3.74,3.9625,$ Per Bushel
2025-09-02,Corn,Kansas,,Truck,4.015,3.7025,4.2025,$ Per Bushel
2025-09-02,Corn,Michigan,,Truck,4.0605,3.88,4.23,$ Per Bushel
2025-09-02,Corn,Minnesota,,Truck,3.7871,3.7425,3.8725,$ Per Bushel
2025-09-02,Corn,Missouri,,Truck,3.7175,3.6525,3.8025,$ Per Bushel
2025-09-02,Corn,Nebraska,,Truck,3.9618,3.7725,4.2025,$ Per Bushel
2025-09-02,Corn,Ohio,,Truck,4.0917,3.9825,4.2025,$ Per Bushel
2025-09-02,Corn,South Dakota,,Truck,3.6756,3.5525,3.83,$ Per Bushel
2025-09-02,Corn,Wisconsin,,Truck,3.816,3.6025,3.9525,$ Per Bushel
2025-09-03,Corn,Illinois,,Truck,4.0471,3.9,4.18,$ Per Bushel
2025-09-03,Corn,Indiana,,Truck,4.1544,3.98,4.43,$ Per Bushel
2025-09-03,Corn,Iowa,,Truck,3.9063,3.78,4.01,$ Per Bushel
2025-09-03,Corn,Kansas,,Truck,4.105,3.73,4.48,$ Per Bushel
2025-09-03,Corn,Michigan,,Truck,4.07,3.93,4.23,$ Per Bushel
2025-09-03,Corn,Minnesota,,Truck,3.815,3.77,3.9,$ Per Bushel
2025-09-03,Corn,Missouri,,Truck,3.745,3.68,3.83,$ Per Bushel
2025-09-03,Corn,Nebraska,,Truck,3.9882,3.8,4.18,$ Per Bushel
2025-09-03,Corn,Ohio,,Truck,4.16,4.08,4.23,$ Per Bushel
2025-09-03,Corn,South Dakota,,Truck,3.705,3.58,3.88,$ Per Bushel
2025-09-03,Corn,Wisconsin,,Truck,3.826,3.68,3.98,$ Per Bushel
2025-09-04,Corn,Illinois,,Truck,3.9986,3.85,4.13,$ Per Bushel
2025-09-04,Corn,Indiana,,Truck,4.0989,3.88,4.33,$ Per Bushel
2025-09-04,Corn,Iowa,,Truck,3.8563,3.73,3.98,$ Per Bushel
2025-09-04,Corn,Kansas,,Truck,4.055,3.68,4.43,$ Per Bushel
2025-09-04,Corn,Michigan,,Truck,4.02,3.88,4.18,$ Per Bushel
2025-09-04,Corn,Minnesota,,Truck,3.765,3.72,3.85,$ Per Bushel
2025-09-04,Corn,Missouri,,Truck,3.72,3.63,3.78,$ Per Bushel
2025-09-04,Corn,Nebraska,,Truck,3.9382,3.75,4.13,$ Per Bushel
2025-09-04,Corn,Ohio,,Truck,4.1133,4.03,4.18,$ Per Bushel
2025-09-04,Corn,South Dakota,,Truck,3.6525,3.5,3.83,$ Per Bushel
2025-09-04,Corn,Wisconsin,,Truck,3.806,3.63,3.93,$ Per Bushel
2025-09-05,Corn,Illinois,,Truck,4.0104,3.8175,4.1475,$ Per Bushel
2025-09-05,Corn,Indiana,,Truck,4.1053,3.8975,4.2475,$ Per Bushel
2025-09-05,Corn,Iowa,,Truck,3.8643,3.7475,3.9975,$ Per Bushel
2025-09-05,Corn,Kansas,,Truck,4.035,3.6975,4.2975,$ Per Bushel
2025-09-05,Corn,Michigan,,Truck,4.0375,3.8975,4.1975,$ Per Bushel
2025-09-05,Corn,Minnesota,,Truck,3.7792,3.7375,3.8675,$ Per Bushel
2025-09-05,Corn,Missouri,,Truck,3.7375,3.6475,3.7975,$ Per Bushel
2025-09-05,Corn,Nebraska,,Truck,3.9557,3.7675,4.1475,$ Per Bushel
2025-09-05,Corn,Ohio,,Truck,4.1308,4.0475,4.1975,$ Per Bushel
2025-09-05,Corn,South Dakota,,Truck,3.6492,3.5175,3.8475,$ Per Bushel
2025-09-05,Corn,Wisconsin,,Truck,3.8235,3.6475,3.9475,$ Per Bushel
2025-09-08,Corn,Illinois,,Truck,3.9929,3.8,4.13,$ Per Bushel
2025-09-08,Corn,Indiana,,Truck,4.1022,3.88,4.23,$ Per Bushel
2025-09-08,Corn,Iowa,,Truck,3.8662,3.78,3.98,$ Per Bushel
2025-09-08,Corn,Kansas,,Truck,4.0175,3.68,4.28,$ Per Bushel
2025-09-08,Corn,Michigan,,Truck,4.0,3.88,4.08,$ Per Bushel
2025-09-08,Corn,Minnesota,,Truck,3.7617,3.72,3.85,$ Per Bushel
2025-09-08,Corn,Missouri,,Truck,3.72,3.63,3.78,$ Per Bushel
2025-09-08,Corn,Nebraska,,Truck,3.9347,3.74,4.13,$ Per Bushel
2025-09-08,Corn,Ohio,,Truck,4.1133,4.03,4.18,$ Per Bushel
2025-09-08,Corn,South Dakota,,Truck,3.6317,3.5,3.83,$ Per Bushel
2025-09-08,Corn,Wisconsin,,Truck,3.776,3.63,3.93,$ Per Bushel
2025-09-09,Corn,Illinois,,Truck,4.0304,3.8375,4.1675,$ Per Bushel
2025-09-09,Corn,Indiana,,Truck,4.1197,3.9175,4.2375,$ Per Bushel
2025-09-09,Corn,Iowa,,Truck,3.899,3.8175,4.0175,$ Per Bushel
2025-09-09,Corn,Kansas,,Truck,3.955,3.7175,4.1675,$ Per Bushel
2025-09-09,Corn,Michigan,,Truck,4.0375,3.9175,4.1175,$ Per Bushel
2025-09-09,Corn,Minnesota,,Truck,3.7992,3.7475,3.8875,$ Per Bushel
2025-09-09,Corn,Missouri,,Truck,3.7675,3.6675,3.8175,$ Per Bushel
2025-09-09,Corn,Nebraska,,Truck,3.9663,3.7775,4.1175,$ Per Bushel
2025-09-09,Corn,Ohio,,Truck,4.1592,4.0675,4.2675,$ Per Bushel
2025-09-09,Corn,South Dakota,,Truck,3.6692,3.5375,3.8675,$ Per Bushel
2025-09-09,Corn,Wisconsin,,Truck,3.8295,3.6675,3.9675,$ Per Bushel
2025-09-10,Corn,Illinois,,Truck,4.0146,3.8175,4.1475,$ Per Bushel
2025-09-10,Corn,Indiana,,Truck,4.0997,3.8975,4.2175,$ Per Bushel
2025-09-10,Corn,Iowa,,Truck,3.8601,3.7475,3.9375,$ Per Bushel
2025-09-10,Corn,Kansas,,Truck,3.9725,3.7975,4.1475,$ Per Bushel
2025-09-10,Corn,Michigan,,Truck,3.9875,3.8975,4.0975,$ Per Bushel
2025-09-10,Corn,Minnesota,,Truck,3.7792,3.7275,3.8675,$ Per Bushel
2025-09-10,Corn,Missouri,,Truck,3.7475,3.6475,3.7975,$ Per Bushel
2025-09-10,Corn,Nebraska,,Truck,3.9451,3.7575,4.0775,$ Per Bushel
2025-09-10,Corn,Ohio,,Truck,4.1392,4.0475,4.2475,$ Per Bushel
2025-09-10,Corn,South Dakota,,Truck,3.6425,3.5175,3.8475,$ Per Bushel
2025-09-10,Corn,Wisconsin,,Truck,3.8095,3.6475,3.9475,$ Per Bushel
2025-09-11,Corn,Illinois,,Truck,3.9943,3.79,4.15,$ Per Bushel
2025-09-11,Corn,Indiana,,Truck,4.0611,3.87,4.19,$ Per Bushel
2025-09-11,Corn,Iowa,,Truck,3.8446,3.77,3.97,$ Per Bushel
2025-09-11,Corn,Kansas,,Truck,3.945,3.77,4.12,$ Per Bushel
2025-09-11,Corn,Michigan,,Truck,3.96,3.87,4.07,$ Per Bushel
2025-09-11,Corn,Minnesota,,Truck,3.7483,3.68,3.84,$ Per Bushel
2025-09-11,Corn,Missouri,,Truck,3.7325,3.62,3.82,$ Per Bushel
2025-09-11,Corn,Nebraska,,Truck,3.9071,3.73,4.05,$ Per Bushel
2025-09-11,Corn,Ohio,,Truck,4.1117,4.02,4.22,$ Per Bushel
2025-09-11,Corn,South Dakota,,Truck,3.6208,3.49,3.82,$ Per Bushel
2025-09-11,Corn,Wisconsin,,Truck,3.782,3.62,3.92,$ Per Bushel
2025-09-12,Corn,Illinois,,Truck,4.0175,3.8175,4.1875,$ Per Bushel
2025-09-12,Corn,Indiana,,Truck,4.0886,3.8975,4.2175,$ Per Bushel
2025-09-12,Corn,Iowa,,Truck,3.857,3.7475,3.9375,$ Per Bushel
2025-09-12,Corn,Kansas,,Truck,3.9725,3.7975,4.1475,$ Per Bushel
2025-09-12,Corn,Michigan,,Truck,3.9775,3.8975,4.0975,$ Per Bushel
2025-09-12,Corn,Minnesota,,Truck,3.7675,3.7075,3.8675,$ Per Bushel
2025-09-12,Corn,Missouri,,Truck,3.76,3.6475,3.8475,$ Per Bushel
2025-09-12,Corn,Nebraska,,Truck,3.9287,3.7575,4.0775,$ Per Bushel
2025-09-12,Corn,Ohio,,Truck,4.1392,4.0475,4.2475,$ Per Bushel
2025-09-12,Corn,South Dakota,,Truck,3.6483,3.5175,3.8475,$ Per Bushel
2025-09-12,Corn,Wisconsin,,Truck,3.8095,3.6475,3.9475,$ Per Bushel
2025-09-15,Corn,Illinois,,Truck,4.1257,3.92,4.32,$ Per Bushel
2025-09-15,Corn,Indiana,,Truck,4.1689,4.0,4.32,$ Per Bushel
2025-09-15,Corn,Iowa,,Truck,3.9553,3.85,4.04,$ Per Bushel
2025-09-15,Corn,Kansas,,Truck,4.05,3.9,4.15,$ Per Bushel
2025-09-15,Corn,Michigan,,Truck,4.08,4.0,4.2,$ Per Bushel
2025-09-15,Corn,Minnesota,,Truck,3.87,3.81,3.97,$ Per Bushel
2025-09-15,Corn,Missouri,,Truck,3.85,3.7,3.95,$ Per Bushel
2025-09-15,Corn,Nebraska,,Truck,4.0365,3.85,4.18,$ Per Bushel
2025-09-15,Corn,Ohio,,Truck,4.2583,4.15,4.4,$ Per Bushel
2025-09-15,Corn,South Dakota,,Truck,3.7467,3.62,3.95,$ Per Bushel
2025-09-15,Corn,Wisconsin,,Truck,3.912,3.75,4.05,$ Per Bushel
2025-09-16,Corn,Illinois,,Truck,4.0625,3.8525,4.2725,$ Per Bushel
2025-09-16,Corn,Indiana,,Truck,4.0814,3.9025,4.2525,$ Per Bushel
2025-09-16,Corn,Iowa,,Truck,3.8841,3.7525,3.9725,$ Per Bushel
2025-09-16,Corn,Kansas,,Truck,3.945,3.8325,4.0325,$ Per Bushel
2025-09-16,Corn,Michigan,,Truck,4.0125,3.9325,4.1325,$ Per Bushel
2025-09-16,Corn,Minnesota,,Truck,3.7942,3.7325,3.9025,$ Per Bushel
2025-09-16,Corn,Missouri,,Truck,3.77,3.6325,3.8825,$ Per Bushel
2025-09-16,Corn,Nebraska,,Truck,3.9696,3.7825,4.1125,$ Per Bushel
2025-09-16,Corn,Ohio,,Truck,4.1408,4.0825,4.2825,$ Per Bushel
2025-09-16,Corn,South Dakota,,Truck,3.6675,3.5025,3.8325,$ Per Bushel
2025-09-16,Corn,Wisconsin,,Truck,3.8445,3.6825,3.9825,$ Per Bushel
2025-09-17,Corn,Illinois,,Truck,4.1464,3.915,4.335,$ Per Bushel
2025-09-17,Corn,Indiana,,Truck,4.1361,3.965,4.245,$ Per Bushel
2025-09-17,Corn,Iowa,,Truck,3.9382,3.795,4.005,$ Per Bushel
2025-09-17,Corn,Kansas,,Truck,3.9825,3.845,4.095,$ Per Bushel
2025-09-17,Corn,Michigan,,Truck,4.075,3.995,4.195,$ Per Bushel
2025-09-17,Corn,Minnesota,,Truck,3.8533,3.795,3.965,$ Per Bushel
2025-09-17,Corn,Missouri,,Truck,3.8325,3.695,3.945,$ Per Bushel
2025-09-17,Corn,Nebraska,,Truck,4.0132,3.845,4.175,$ Per Bushel
2025-09-17,Corn,Ohio,,Truck,4.245,4.145,4.445,$ Per Bushel
2025-09-17,Corn,South Dakota,,Truck,3.73,3.565,3.895,$ Per Bushel
2025-09-17,Corn,Wisconsin,,Truck,3.901,3.745,4.045,$ Per Bushel
2025-09-18,Corn,Illinois,,Truck,4.0946,3.8875,4.3075,$ Per Bushel
2025-09-18,Corn,Indiana,,Truck,4.1219,3.9375,4.2875,$ Per Bushel
2025-09-18,Corn,Iowa,,Truck,3.9313,3.8175,4.0975,$ Per Bushel
2025-09-18,Corn,Kansas,,Truck,3.9425,3.8175,4.0675,$ Per Bushel
2025-09-18,Corn,Michigan,,Truck,4.0275,3.8675,4.1675,$ Per Bushel
2025-09-18,Corn,Minnesota,,Truck,3.8258,3.7675,3.9375,$ Per Bushel
2025-09-18,Corn,Missouri,,Truck,3.8175,3.6675,3.9175,$ Per Bushel
2025-09-18,Corn,Nebraska,,Truck,4.0051,3.8175,4.3175,$ Per Bushel
2025-09-18,Corn,Ohio,,Truck,4.1842,4.0675,4.4175,$ Per Bushel
2025-09-18,Corn,South Dakota,,Truck,3.6983,3.5375,3.8675,$ Per Bushel
2025-09-18,Corn,Wisconsin,,Truck,3.8695,3.7175,4.0175,$ Per Bushel
2025-09-19,Corn,Illinois,,Truck,4.0618,3.8575,4.2975,$ Per Bushel
2025-09-19,Corn,Indiana,,Truck,4.1064,3.9075,4.2875,$ Per Bushel
2025-09-19,Corn,Iowa,,Truck,3.8807,3.7575,3.9375,$ Per Bushel
2025-09-19,Corn,Kansas,,Truck,3.9125,3.7875,4.0375,$ Per Bushel
2025-09-19,Corn,Michigan,,Truck,3.9975,3.8375,4.1375,$ Per Bushel
2025-09-19,Corn,Minnesota,,Truck,3.7758,3.7375,3.8375,$ Per Bushel
2025-09-19,Corn,Missouri,,Truck,3.7825,3.6175,3.8875,$ Per Bushel
2025-09-19,Corn,Nebraska,,Truck,3.9722,3.7875,4.2875,$ Per Bushel
2025-09-19,Corn,Ohio,,Truck,4.1708,4.0375,4.3875,$ Per Bushel
2025-09-19,Corn,South Dakota,,Truck,3.6767,3.5075,3.8875,$ Per Bushel
2025-09-19,Corn,Wisconsin,,Truck,3.8395,3.6875,3.9875,$ Per Bushel
2025-09-22,Corn,Illinois,,Truck,4.06,3.86,4.3,$ Per Bushel
2025-09-22,Corn,Indiana,,Truck,4.12,3.91,4.34,$ Per Bushel
2025-09-22,Corn,Iowa,,Truck,3.8821,3.76,3.94,$ Per Bushel
2025-09-22,Corn,Kansas,,Truck,3.915,3.79,4.04,$ Per Bushel
2025-09-22,Corn,Michigan,,Truck,4.0,3.84,4.14,$ Per Bushel
2025-09-22,Corn,Minnesota,,Truck,3.7783,3.74,3.84,$ Per Bushel
2025-09-22,Corn,Missouri,,Truck,3.785,3.62,3.89,$ Per Bushel
2025-09-22,Corn,Nebraska,,Truck,3.9788,3.79,4.29,$ Per Bushel
2025-09-22,Corn,Ohio,,Truck,4.14,3.99,4.24,$ Per Bushel
2025-09-22,Corn,South Dakota,,Truck,3.6833,3.51,3.89,$ Per Bushel
2025-09-22,Corn,Wisconsin,,Truck,3.836,3.69,3.99,$ Per Bushel
2025-09-23,Corn,Illinois,,Truck,4.0489,3.8975,4.2775,$ Per Bushel
2025-09-23,Corn,Indiana,,Truck,4.0919,3.8875,4.3175,$ Per Bushel
2025-09-23,Corn,Iowa,,Truck,3.8675,3.7375,4.0175,$ Per Bushel
2025-09-23,Corn,Kansas,,Truck,3.88,3.7175,4.0175,$ Per Bushel
2025-09-23,Corn,Michigan,,Truck,3.9175,3.8175,4.1175,$ Per Bushel
2025-09-23,Corn,Minnesota,,Truck,3.7558,3.7175,3.8175,$ Per Bushel
2025-09-23,Corn,Missouri,,Truck,3.7625,3.5975,3.8675,$ Per Bushel
2025-09-23,Corn,Nebraska,,Truck,3.9299,3.7975,4.0975,$ Per Bushel
2025-09-23,Corn,Ohio,,Truck,4.1092,3.9675,4.2175,$ Per Bushel
2025-09-23,Corn,South Dakota,,Truck,3.6742,3.4875,3.8675,$ Per Bushel
2025-09-23,Corn,Wisconsin,,Truck,3.8195,3.6675,3.9675,$ Per Bushel
2025-09-24,Corn,Illinois,,Truck,4.0868,3.9425,4.3225,$ Per Bushel
2025-09-24,Corn,Indiana,,Truck,4.1492,3.9325,4.4425,$ Per Bushel
2025-09-24,Corn,Iowa,,Truck,3.9083,3.7825,4.0625,$ Per Bushel
2025-09-24,Corn,Kansas,,Truck,3.9125,3.7625,4.0125,$ Per Bushel
2025-09-24,Corn,Michigan,,Truck,3.9625,3.8625,4.1625,$ Per Bushel
2025-09-24,Corn,Minnesota,,Truck,3.8042,3.7625,3.8625,$ Per Bushel
2025-09-24,Corn,Missouri,,Truck,3.8075,3.6425,3.9125,$ Per Bushel
2025-09-24,Corn,Nebraska,,Truck,3.9784,3.8625,4.1825,$ Per Bushel
2025-09-24,Corn,Ohio,,Truck,4.1458,4.0125,4.2625,$ Per Bushel
2025-09-24,Corn,South Dakota,,Truck,3.7192,3.5325,3.9125,$ Per Bushel
2025-09-24,Corn,Wisconsin,,Truck,3.8645,3.7125,4.0125,$ Per Bushel
2025-09-25,Corn,Illinois,,Truck,4.0711,3.9225,4.3025,$ Per Bushel
2025-09-25,Corn,Indiana,,Truck,4.1314,3.9125,4.4425,$ Per Bushel
2025-09-25,Corn,Iowa,,Truck,3.8883,3.7625,4.0425,$ Per Bushel
2025-09-25,Corn,Kansas,,Truck,3.8925,3.7425,3.9925,$ Per Bushel
2025-09-25,Corn,Michigan,,Truck,3.9425,3.8425,4.1425,$ Per Bushel
2025-09-25,Corn,Minnesota,,Truck,3.7958,3.7225,3.8925,$ Per Bushel
2025-09-25,Corn,Missouri,,Truck,3.805,3.6425,3.8925,$ Per Bushel
2025-09-25,Corn,Nebraska,,Truck,3.9601,3.8425,4.1625,$ Per Bushel
2025-09-25,Corn,Ohio,,Truck,4.1258,3.9925,4.2425,$ Per Bushel
2025-09-25,Corn,South Dakota,,Truck,3.6908,3.5125,3.8925,$ Per Bushel
2025-09-25,Corn,Wisconsin,,Truck,3.8625,3.6925,3.9925,$ Per Bushel
2025-09-26,Corn,Illinois,,Truck,4.0875,3.9375,4.3175,$ Per Bushel
2025-09-26,Corn,Indiana,,Truck,4.1486,3.9275,4.5075,$ Per Bushel
2025-09-26,Corn,Iowa,,Truck,3.926,3.8375,4.0075,$ Per Bushel
2025-09-26,Corn,Kansas,,Truck,3.9075,3.7575,4.0075,$ Per Bushel
2025-09-26,Corn,Michigan,,Truck,4.0075,3.8575,4.1575,$ Per Bushel
2025-09-26,Corn,Minnesota,,Truck,3.8192,3.7375,3.9075,$ Per Bushel
2025-09-26,Corn,Missouri,,Truck,3.8075,3.6575,3.9075,$ Per Bushel
2025-09-26,Corn,Nebraska,,Truck,3.9722,3.8275,4.1575,$ Per Bushel
2025-09-26,Corn,Ohio,,Truck,4.1125,4.0075,4.1575,$ Per Bushel
2025-09-26,Corn,South Dakota,,Truck,3.6975,3.5275,3.9075,$ Per Bushel
2025-09-26,Corn,Wisconsin,,Truck,3.8715,3.7075,4.0075,$ Per Bushel
2025-09-29,Corn,Illinois,,Truck,4.0557,3.92,4.28,$ Per Bushel
2025-09-29,Corn,Indiana,,Truck,4.1078,3.89,4.47,$ Per Bushel
2025-09-29,Corn,Iowa,,Truck,3.8915,3.82,3.97,$ Per Bushel
2025-09-29,Corn,Kansas,,Truck,3.87,3.72,3.97,$ Per Bushel
2025-09-29,Corn,Michigan,,Truck,3.97,3.82,4.12,$ Per Bushel
2025-09-29,Corn,Minnesota,,Truck,3.795,3.7,3.9,$ Per Bushel
2025-09-29,Corn,Missouri,,Truck,3.77,3.62,3.87,$ Per Bushel
2025-09-29,Corn,Nebraska,,Truck,3.9329,3.79,4.12,$ Per Bushel
2025-09-29,Corn,Ohio,,Truck,4.075,3.97,4.12,$ Per Bushel
2025-09-29,Corn,South Dakota,,Truck,3.6617,3.52,3.87,$ Per Bushel
2025-09-29,Corn,Wisconsin,,Truck,3.84,3.67,3.97,$ Per Bushel
2025-09-30,Corn,Illinois,,Truck,4.0607,3.915,4.335,$ Per Bushel
2025-09-30,Corn,Indiana,,Truck,4.1006,3.885,4.465,$ Per Bushel
2025-09-30,Corn,Iowa,,Truck,3.8545,3.735,3.915,$ Per Bushel
2025-09-30,Corn,Kansas,,Truck,3.865,3.715,3.965,$ Per Bushel
2025-09-30,Corn,Michigan,,Truck,3.965,3.815,4.115,$ Per Bushel
2025-09-30,Corn,Minnesota,,Truck,3.7983,3.695,3.895,$ Per Bushel
2025-09-30,Corn,Missouri,,Truck,3.7725,3.615,3.915,$ Per Bushel
2025-09-30,Corn,Nebraska,,Truck,3.9338,3.785,4.115,$ Per Bushel
2025-09-30,Corn,Ohio,,Truck,4.0283,3.965,4.115,$ Per Bushel
2025-09-30,Corn,South Dakota,,Truck,3.65,3.485,3.815,$ Per Bushel
2025-09-30,Corn,Wisconsin,,Truck,3.835,3.665,3.965,$ Per Bushel
2025-10-01,Corn,Illinois,,Truck,4.0293,3.855,4.305,$ Per Bushel
2025-10-01,Corn,Indiana,,Truck,4.0461,3.825,4.405,$ Per Bushel
2025-10-01,Corn,Iowa,,Truck,3.8381,3.785,3.955,$ Per Bushel
2025-10-01,Corn,Kansas,,Truck,3.805,3.655,3.905,$ Per Bushel
2025-10-01,Corn,Michigan,,Truck,3.905,3.755,4.055,$ Per Bushel
2025-10-01,Corn,Minnesota,,Truck,3.7333,3.635,3.805,$ Per Bushel
2025-10-01,Corn,Missouri,,Truck,3.7125,3.555,3.855,$ Per Bushel
2025-10-01,Corn,Nebraska,,Truck,3.8709,3.725,4.055,$ Per Bushel
2025-10-01,Corn,Ohio,,Truck,3.9683,3.905,4.055,$ Per Bushel
2025-10-01,Corn,South Dakota,,Truck,3.59,3.425,3.755,$ Per Bushel
2025-10-01,Corn,Wisconsin,,Truck,3.775,3.605,3.905,$ Per Bushel
2025-10-02,Corn,Illinois,,Truck,4.055,3.865,4.315,$ Per Bushel
2025-10-02,Corn,Indiana,,Truck,4.045,3.835,4.415,$ Per Bushel
2025-10-02,Corn,Iowa,,Truck,3.8171,3.685,3.965,$ Per Bushel
2025-10-02,Corn,Kansas,,Truck,3.815,3.665,3.915,$ Per Bushel
2025-10-02,Corn,Michigan,,Truck,3.975,3.765,4.065,$ Per Bushel
2025-10-02,Corn,Minnesota,,Truck,3.7267,3.645,3.815,$ Per Bushel
2025-10-02,Corn,Missouri,,Truck,3.7275,3.565,3.865,$ Per Bushel
2025-10-02,Corn,Nebraska,,Truck,3.9111,3.735,4.215,$ Per Bushel
2025-10-02,Corn,Ohio,,Truck,3.9733,3.915,4.065,$ Per Bushel
2025-10-02,Corn,South Dakota,,Truck,3.5958,3.435,3.765,$ Per Bushel
2025-10-02,Corn,Wisconsin,,Truck,3.775,3.615,3.915,$ Per Bushel
2025-10-03,Corn,Illinois,,Truck,4.1204,3.9675,4.3675,$ Per Bushel
2025-10-03,Corn,Indiana,,Truck,4.1042,3.8875,4.4675,$ Per Bushel
2025-10-03,Corn,Iowa,,Truck,3.8528,3.7375,3.9675,$ Per Bushel
2025-10-03,Corn,Kansas,,Truck,3.8675,3.7175,3.9675,$ Per Bushel
2025-10-03,Corn,Michigan,,Truck,4.0275,3.8175,4.1175,$ Per Bushel
2025-10-03,Corn,Minnesota,,Truck,3.7875,3.6975,3.8675,$ Per Bushel
2025-10-03,Corn,Missouri,,Truck,3.78,3.6175,3.9175,$ Per Bushel
2025-10-03,Corn,Nebraska,,Truck,3.9636,3.7875,4.2675,$ Per Bushel
2025-10-03,Corn,Ohio,,Truck,4.0258,3.9675,4.1175,$ Per Bushel
2025-10-03,Corn,South Dakota,,Truck,3.6433,3.4875,3.8175,$ Per Bushel
2025-10-03,Corn,Wisconsin,,Truck,3.8275,3.6675,3.9675,$ Per Bushel
2025-10-06,Corn,Illinois,,Truck,4.1029,3.94,4.39,$ Per Bushel
2025-10-06,Corn,Indiana,,Truck,4.0933,3.86,4.44,$ Per Bushel
2025-10-06,Corn,Iowa,,Truck,3.8237,3.71,3.91,$ Per Bushel
2025-10-06,Corn,Kansas,,Truck,3.8025,3.69,3.89,$ Per Bushel
2025-10-06,Corn,Michigan,,Truck,3.98,3.79,4.09,$ Per Bushel
2025-10-06,Corn,Minnesota,,Truck,3.755,3.67,3.81,$ Per Bushel
2025-10-06,Corn,Missouri,,Truck,3.7525,3.59,3.89,$ Per Bushel
2025-10-06,Corn,Nebraska,,Truck,3.935,3.76,4.24,$ Per Bushel
2025-10-06,Corn,Ohio,,Truck,3.9983,3.94,4.09,$ Per Bushel
2025-10-06,Corn,South Dakota,,Truck,3.6192,3.46,3.79,$ Per Bushel
2025-10-06,Corn,Wisconsin,,Truck,3.8,3.64,3.94,$ Per Bushel
2025-10-07,Corn,Illinois,,Truck,4.1146,3.9175,4.4175,$ Per Bushel
2025-10-07,Corn,Indiana,,Truck,4.0919,3.8875,4.4675,$ Per Bushel
2025-10-07,Corn,Iowa,,Truck,3.8486,3.7675,3.9175,$ Per Bushel
2025-10-07,Corn,Kansas,,Truck,3.8175,3.7175,3.9175,$ Per Bushel
2025-10-07,Corn,Michigan,,Truck,4.0075,3.8175,4.1175,$ Per Bushel
2025-10-07,Corn,Minnesota,,Truck,3.7858,3.7175,3.8375,$ Per Bushel
2025-10-07,Corn,Missouri,,Truck,3.8175,3.6675,3.9175,$ Per Bushel
2025-10-07,Corn,Nebraska,,Truck,3.9458,3.7875,4.2675,$ Per Bushel
2025-10-07,Corn,Ohio,,Truck,4.0092,3.9675,4.1175,$ Per Bushel
2025-10-07,Corn,South Dakota,,Truck,3.6325,3.4875,3.7675,$ Per Bushel
2025-10-07,Corn,Wisconsin,,Truck,3.8135,3.6675,3.9675,$ Per Bushel
2025-10-08,Corn,Illinois,,Truck,4.1175,3.9475,4.3975,$ Per Bushel
2025-10-08,Corn,Indiana,,Truck,4.0586,3.8675,4.4475,$ Per Bushel
2025-10-08,Corn,Iowa,,Truck,3.8783,3.8175,3.9975,$ Per Bushel
2025-10-08,Corn,Kansas,,Truck,3.7975,3.6975,3.8975,$ Per Bushel
2025-10-08,Corn,Michigan,,Truck,3.9875,3.7975,4.0975,$ Per Bushel
2025-10-08,Corn,Minnesota,,Truck,3.7625,3.6975,3.8175,$ Per Bushel
2025-10-08,Corn,Missouri,,Truck,3.7975,3.6475,3.8975,$ Per Bushel
2025-10-08,Corn,Nebraska,,Truck,3.9619,3.7475,4.3475,$ Per Bushel
2025-10-08,Corn,Ohio,,Truck,3.9975,3.9475,4.0975,$ Per Bushel
2025-10-08,Corn,South Dakota,,Truck,3.6125,3.4675,3.7475,$ Per Bushel
2025-10-08,Corn,Wisconsin,,Truck,3.8135,3.6475,3.9475,$ Per Bushel
2025-10-09,Corn,Illinois,,Truck,4.1557,3.97,4.45,$ Per Bushel
2025-10-09,Corn,Indiana,,Truck,4.0756,3.89,4.47,$ Per Bushel
2025-10-09,Corn,Iowa,,Truck,3.8521,3.77,3.92,$ Per Bushel
2025-10-09,Corn,Kansas,,Truck,3.8325,3.72,3.92,$ Per Bushel
2025-10-09,Corn,Michigan,,Truck,3.97,3.77,4.12,$ Per Bushel
2025-10-09,Corn,Minnesota,,Truck,3.785,3.72,3.84,$ Per Bushel
2025-10-09,Corn,Missouri,,Truck,3.8325,3.72,3.97,$ Per Bushel
2025-10-09,Corn,Nebraska,,Truck,3.9689,3.77,4.27,$ Per Bushel
2025-10-09,Corn,Ohio,,Truck,4.02,3.97,4.12,$ Per Bushel
2025-10-09,Corn,South Dakota,,Truck,3.6267,3.49,3.77,$ Per Bushel
2025-10-09,Corn,Wisconsin,,Truck,3.836,3.67,3.97,$ Per Bushel
2025-10-10,Corn,Illinois,,Truck,4.1311,3.9325,4.4125,$ Per Bushel
2025-10-10,Corn,Indiana,,Truck,4.0269,3.8325,4.4325,$ Per Bushel
2025-10-10,Corn,Iowa,,Truck,3.8183,3.7325,3.8825,$ Per Bushel
2025-10-10,Corn,Kansas,,Truck,3.795,3.6825,3.8825,$ Per Bushel
2025-10-10,Corn,Michigan,,Truck,3.9325,3.7325,4.0825,$ Per Bushel
2025-10-10,Corn,Minnesota,,Truck,3.7292,3.6825,3.8025,$ Per Bushel
2025-10-10,Corn,Missouri,,Truck,3.8075,3.6825,3.9325,$ Per Bushel
2025-10-10,Corn,Nebraska,,Truck,3.9147,3.7325,4.2325,$ Per Bushel
2025-10-10,Corn,Ohio,,Truck,3.9825,3.9325,4.0825,$ Per Bushel
2025-10-10,Corn,South Dakota,,Truck,3.5858,3.4825,3.7325,$ Per Bushel
2025-10-10,Corn,Wisconsin,,Truck,3.7985,3.6325,3.9325,$ Per Bushel
2025-10-14,Corn,Illinois,,Truck,4.0561,3.8575,4.3575,$ Per Bushel
2025-10-14,Corn,Indiana,,Truck,3.9297,3.7575,4.4075,$ Per Bushel
2025-10-14,Corn,Iowa,,Truck,3.7438,3.6575,3.8075,$ Per Bushel
2025-10-14,Corn,Kansas,,Truck,3.72,3.6075,3.8075,$ Per Bushel
2025-10-14,Corn,Michigan,,Truck,3.8375,3.6575,4.0075,$ Per Bushel
2025-10-14,Corn,Minnesota,,Truck,3.6475,3.6075,3.7075,$ Per Bushel
2025-10-14,Corn,Missouri,,Truck,3.7325,3.6075,3.8575,$ Per Bushel
2025-10-14,Corn,Nebraska,,Truck,3.8292,3.6575,4.1575,$ Per Bushel
2025-10-14,Corn,Ohio,,Truck,3.9075,3.8575,3.9575,$ Per Bushel
2025-10-14,Corn,South Dakota,,Truck,3.5,3.4075,3.6575,$ Per Bushel
2025-10-14,Corn,Wisconsin,,Truck,3.7175,3.5575,3.8575,$ Per Bushel
2025-10-15,Corn,Illinois,,Truck,4.0757,3.88,4.38,$ Per Bushel
2025-10-15,Corn,Indiana,,Truck,3.9578,3.78,4.48,$ Per Bushel
2025-10-15,Corn,Iowa,,Truck,3.8223,3.76,3.93,$ Per Bushel
2025-10-15,Corn,Kansas,,Truck,3.7425,3.63,3.83,$ Per Bushel
2025-10-15,Corn,Michigan,,Truck,3.86,3.68,4.03,$ Per Bushel
2025-10-15,Corn,Minnesota,,Truck,3.675,3.63,3.73,$ Per Bushel
2025-10-15,Corn,Missouri,,Truck,3.78,3.63,3.93,$ Per Bushel
2025-10-15,Corn,Nebraska,,Truck,3.8339,3.68,4.03,$ Per Bushel
2025-10-15,Corn,Ohio,,Truck,3.93,3.88,3.98,$ Per Bushel
2025-10-15,Corn,South Dakota,,Truck,3.5233,3.43,3.69,$ Per Bushel
2025-10-15,Corn,Wisconsin,,Truck,3.74,3.58,3.88,$ Per Bushel
2025-10-16,Corn,Illinois,,Truck,4.1132,3.9175,4.4175,$ Per Bushel
2025-10-16,Corn,Indiana,,Truck,4.0042,3.8175,4.5175,$ Per Bushel
2025-10-16,Corn,Iowa,,Truck,3.8049,3.7175,3.8675,$ Per Bushel
2025-10-16,Corn,Kansas,,Truck,3.83,3.6675,3.9175,$ Per Bushel
2025-10-16,Corn,Michigan,,Truck,3.8775,3.7675,3.9675,$ Per Bushel
2025-10-16,Corn,Minnesota,,Truck,3.7058,3.6675,3.7275,$ Per Bushel
2025-10-16,Corn,Missouri,,Truck,3.83,3.7175,3.9675,$ Per Bushel
2025-10-16,Corn,Nebraska,,Truck,3.8736,3.7175,4.0675,$ Per Bushel
2025-10-16,Corn,Ohio,,Truck,3.9592,3.9175,4.0175,$ Per Bushel
2025-10-16,Corn,South Dakota,,Truck,3.5625,3.4675,3.7375,$ Per Bushel
2025-10-16,Corn,Wisconsin,,Truck,3.7775,3.6175,3.9175,$ Per Bushel
2025-10-17,Corn,Illinois,,Truck,4.1475,3.9675,4.4175,$ Per Bushel
2025-10-17,Corn,Indiana,,Truck,4.0564,3.8675,4.5675,$ Per Bushel
2025-10-17,Corn,Iowa,,Truck,3.906,3.8475,3.9975,$ Per Bushel
2025-10-17,Corn,Kansas,,Truck,3.88,3.7175,3.9675,$ Per Bushel
2025-10-17,Corn,Michigan,,Truck,3.9275,3.8175,4.0175,$ Per Bushel
2025-10-17,Corn,Minnesota,,Truck,3.7558,3.7175,3.7775,$ Per Bushel
2025-10-17,Corn,Missouri,,Truck,3.88,3.7675,4.0175,$ Per Bushel
2025-10-17,Corn,Nebraska,,Truck,3.9236,3.7675,4.1175,$ Per Bushel
2025-10-17,Corn,Ohio,,Truck,4.0092,3.9675,4.0675,$ Per Bushel
2025-10-17,Corn,South Dakota,,Truck,3.6092,3.5175,3.7875,$ Per Bushel
2025-10-17,Corn,Wisconsin,,Truck,3.8335,3.6675,3.9975,$ Per Bushel
2025-10-20,Corn,Illinois,,Truck,4.155,3.975,4.425,$ Per Bushel
2025-10-20,Corn,Indiana,,Truck,4.0617,3.875,4.575,$ Per Bushel
2025-10-20,Corn,Iowa,,Truck,3.8671,3.775,3.925,$ Per Bushel
2025-10-20,Corn,Kansas,,Truck,3.8875,3.725,3.975,$ Per Bushel
2025-10-20,Corn,Michigan,,Truck,3.925,3.825,4.025,$ Per Bushel
2025-10-20,Corn,Minnesota,,Truck,3.7533,3.725,3.785,$ Per Bushel
2025-10-20,Corn,Missouri,,Truck,3.895,3.775,4.025,$ Per Bushel
2025-10-20,Corn,Nebraska,,Truck,3.9233,3.775,4.125,$ Per Bushel
2025-10-20,Corn,Ohio,,Truck,4.0167,3.975,4.075,$ Per Bushel
2025-10-20,Corn,South Dakota,,Truck,3.6183,3.525,3.795,$ Per Bushel
2025-10-20,Corn,Wisconsin,,Truck,3.835,3.675,3.975,$ Per Bushel
2025-10-21,Corn,Illinois,,Truck,4.1639,3.9825,4.4325,$ Per Bushel
2025-10-21,Corn,Indiana,,Truck,4.0692,3.8825,4.5825,$ Per Bushel
2025-10-21,Corn,Iowa,,Truck,3.8725,3.7825,3.9725,$ Per Bushel
2025-10-21,Corn,Kansas,,Truck,3.895,3.7325,3.9825,$ Per Bushel
2025-10-21,Corn,Michigan,,Truck,3.9325,3.8825,4.0325,$ Per Bushel
2025-10-21,Corn,Minnesota,,Truck,3.7642,3.7325,3.7925,$ Per Bushel
2025-10-21,Corn,Missouri,,Truck,3.9025,3.7825,4.0325,$ Per Bushel
2025-10-21,Corn,Nebraska,,Truck,3.9147,3.7825,4.1325,$ Per Bushel
2025-10-21,Corn,Ohio,,Truck,4.0408,3.9825,4.0825,$ Per Bushel
2025-10-21,Corn,South Dakota,,Truck,3.6283,3.5325,3.8025,$ Per Bushel
2025-10-21,Corn,Wisconsin,,Truck,3.8425,3.6825,3.9825,$ Per Bushel
2025-10-22,Corn,Illinois,,Truck,4.1246,3.9475,4.3975,$ Per Bushel
2025-10-22,Corn,Indiana,,Truck,4.0197,3.8475,4.5475,$ Per Bushel
2025-10-22,Corn,Iowa,,Truck,3.8449,3.7475,3.9375,$ Per Bushel
2025-10-22,Corn,Kansas,,Truck,3.86,3.6975,3.9475,$ Per Bushel
2025-10-22,Corn,Michigan,,Truck,3.8875,3.8475,3.9975,$ Per Bushel
2025-10-22,Corn,Minnesota,,Truck,3.7292,3.6675,3.7675,$ Per Bushel
2025-10-22,Corn,Missouri,,Truck,3.89,3.7975,3.9975,$ Per Bushel
2025-10-22,Corn,Nebraska,,Truck,3.8758,3.7175,4.0975,$ Per Bushel
2025-10-22,Corn,Ohio,,Truck,4.0225,3.9975,4.0475,$ Per Bushel
2025-10-22,Corn,South Dakota,,Truck,3.5858,3.4775,3.7675,$ Per Bushel
2025-10-22,Corn,Wisconsin,,Truck,3.7935,3.6475,3.9475,$ Per Bushel
2025-10-23,Corn,Illinois,,Truck,4.18,3.98,4.48,$ Per Bushel
2025-10-23,Corn,Indiana,,Truck,4.0756,3.88,4.58,$ Per Bushel
2025-10-23,Corn,Iowa,,Truck,3.8711,3.78,3.97,$ Per Bushel
2025-10-23,Corn,Kansas,,Truck,3.8925,3.73,3.98,$ Per Bushel
2025-10-23,Corn,Michigan,,Truck,3.92,3.88,4.03,$ Per Bushel
2025-10-23,Corn,Minnesota,,Truck,3.755,3.7,3.82,$ Per Bushel
2025-10-23,Corn,Missouri,,Truck,3.9275,3.85,4.03,$ Per Bushel
2025-10-23,Corn,Nebraska,,Truck,3.8989,3.75,4.13,$ Per Bushel
2025-10-23,Corn,Ohio,,Truck,4.0717,4.03,4.13,$ Per Bushel
2025-10-23,Corn,South Dakota,,Truck,3.6125,3.51,3.8,$ Per Bushel
2025-10-23,Corn,Wisconsin,,Truck,3.84,3.68,3.98,$ Per Bushel
2025-10-24,Corn,Illinois,,Truck,4.2286,4.03,4.53,$ Per Bushel
2025-10-24,Corn,Indiana,,Truck,4.1311,3.93,4.68,$ Per Bushel
2025-10-24,Corn,Iowa,,Truck,3.9915,3.95,4.08,$ Per Bushel
2025-10-24,Corn,Kansas,,Truck,3.9425,3.78,4.03,$ Per Bushel
2025-10-24,Corn,Michigan,,Truck,3.97,3.93,4.08,$ Per Bushel
2025-10-24,Corn,Minnesota,,Truck,3.8017,3.75,3.85,$ Per Bushel
2025-10-24,Corn,Missouri,,Truck,3.99,3.9,4.08,$ Per Bushel
2025-10-24,Corn,Nebraska,,Truck,3.9406,3.78,4.18,$ Per Bushel
2025-10-24,Corn,Ohio,,Truck,4.155,4.08,4.23,$ Per Bushel
2025-10-24,Corn,South Dakota,,Truck,3.6575,3.56,3.85,$ Per Bushel
2025-10-24,Corn,Wisconsin,,Truck,3.89,3.73,4.03,$ Per Bushel
2025-10-27,Corn,Illinois,,Truck,4.1868,3.9825,4.4825,$ Per Bushel
2025-10-27,Corn,Indiana,,Truck,4.0814,3.8825,4.6325,$ Per Bushel
2025-10-27,Corn,Iowa,,Truck,3.872,3.7825,3.9725,$ Per Bushel
2025-10-27,Corn,Kansas,,Truck,3.895,3.7325,3.9825,$ Per Bushel
2025-10-27,Corn,Michigan,,Truck,3.9225,3.8825,4.0325,$ Per Bushel
2025-10-27,Corn,Minnesota,,Truck,3.7508,3.6925,3.8125,$ Per Bushel
2025-10-27,Corn,Missouri,,Truck,3.9425,3.8525,4.0325,$ Per Bushel
2025-10-27,Corn,Nebraska,,Truck,3.8908,3.7325,4.1325,$ Per Bushel
2025-10-27,Corn,Ohio,,Truck,4.1158,4.0325,4.1825,$ Per Bushel
2025-10-27,Corn,South Dakota,,Truck,3.6067,3.5125,3.8025,$ Per Bushel
2025-10-27,Corn,Wisconsin,,Truck,3.8425,3.6825,3.9825,$ Per Bushel
2025-10-28,Corn,Illinois,,Truck,4.2418,4.0375,4.5375,$ Per Bushel
2025-10-28,Corn,Indiana,,Truck,4.1353,3.9375,4.6875,$ Per Bushel
2025-10-28,Corn,Iowa,,Truck,4.0075,3.9375,4.1175,$ Per Bushel
2025-10-28,Corn,Kansas,,Truck,3.95,3.7875,4.0375,$ Per Bushel
2025-10-28,Corn,Michigan,,Truck,3.9775,3.9375,4.0875,$ Per Bushel
2025-10-28,Corn,Minnesota,,Truck,3.8025,3.7475,3.8675,$ Per Bushel
2025-10-28,Corn,Missouri,,Truck,4.0125,3.9275,4.0875,$ Per Bushel
2025-10-28,Corn,Nebraska,,Truck,3.9308,3.6875,4.1875,$ Per Bushel
2025-10-28,Corn,Ohio,,Truck,4.1875,4.0875,4.2375,$ Per Bushel
2025-10-28,Corn,South Dakota,,Truck,3.6558,3.5575,3.8575,$ Per Bushel
2025-10-28,Corn,Wisconsin,,Truck,3.8975,3.7375,4.0375,$ Per Bushel
2025-10-29,Corn,Illinois,,Truck,4.2757,4.07,4.57,$ Per Bushel
2025-10-29,Corn,Indiana,,Truck,4.1678,3.97,4.77,$ Per Bushel
2025-10-29,Corn,Iowa,,Truck,3.9816,3.84,4.17,$ Per Bushel
2025-10-29,Corn,Kansas,,Truck,3.9825,3.82,4.07,$ Per Bushel
2025-10-29,Corn,Michigan,,Truck,4.03,3.97,4.12,$ Per Bushel
2025-10-29,Corn,Minnesota,,Truck,3.835,3.78,3.9,$ Per Bushel
2025-10-29,Corn,Missouri,,Truck,4.0725,3.97,4.22,$ Per Bushel
2025-10-29,Corn,Nebraska,,Truck,3.9578,3.72,4.22,$ Per Bushel
2025-10-29,Corn,Ohio,,Truck,4.245,4.17,4.32,$ Per Bushel
2025-10-29,Corn,South Dakota,,Truck,3.6808,3.59,3.89,$ Per Bushel
2025-10-29,Corn,Wisconsin,,Truck,3.92,3.77,4.07,$ Per Bushel
2025-10-30,Corn,Illinois,,Truck,4.2957,4.09,4.59,$ Per Bushel
2025-10-30,Corn,Indiana,,Truck,4.2044,3.99,4.79,$ Per Bushel
2025-10-30,Corn,Iowa,,Truck,4.0084,3.86,4.19,$ Per Bushel
2025-10-30,Corn,Kansas,,Truck,4.0025,3.84,4.09,$ Per Bushel
2025-10-30,Corn,Michigan,,Truck,4.06,3.99,4.14,$ Per Bushel
2025-10-30,Corn,Minnesota,,Truck,3.855,3.77,3.92,$ Per Bushel
2025-10-30,Corn,Missouri,,Truck,4.1175,4.0,4.29,$ Per Bushel
2025-10-30,Corn,Nebraska,,Truck,3.9728,3.74,4.24,$ Per Bushel
2025-10-30,Corn,Ohio,,Truck,4.265,4.19,4.34,$ Per Bushel
2025-10-30,Corn,South Dakota,,Truck,3.695,3.59,3.91,$ Per Bushel
2025-10-30,Corn,Wisconsin,,Truck,3.944,3.79,4.09,$ Per Bushel
2025-10-31,Corn,Illinois,,Truck,4.2611,4.0525,4.5525,$ Per Bushel
2025-10-31,Corn,Indiana,,Truck,4.1669,3.9525,4.7525,$ Per Bushel
2025-10-31,Corn,Iowa,,Truck,3.9736,3.8225,4.1525,$ Per Bushel
2025-10-31,Corn,Kansas,,Truck,3.965,3.8025,4.0525,$ Per Bushel
2025-10-31,Corn,Michigan,,Truck,4.0225,3.9525,4.1025,$ Per Bushel
2025-10-31,Corn,Minnesota,,Truck,3.8175,3.7325,3.8825,$ Per Bushel
2025-10-31,Corn,Missouri,,Truck,4.1025,4.0025,4.2525,$ Per Bushel
2025-10-31,Corn,Nebraska,,Truck,3.9364,3.7025,4.2025,$ Per Bushel
2025-10-31,Corn,Ohio,,Truck,4.2275,4.1525,4.3025,$ Per Bushel
2025-10-31,Corn,South Dakota,,Truck,3.6533,3.5525,3.8725,$ Per Bushel
2025-10-31,Corn,Wisconsin,,Truck,3.9065,3.7525,4.0525,$ Per Bushel
2025-11-03,Corn,Illinois,,Truck,4.2893,4.115,4.565,$ Per Bushel
2025-11-03,Corn,Indiana,,Truck,4.1817,3.965,4.765,$ Per Bushel
2025-11-03,Corn,Iowa,,Truck,3.9945,3.835,4.165,$ Per Bushel
2025-11-03,Corn,Kansas,,Truck,3.9775,3.815,4.065,$ Per Bushel
2025-11-03,Corn,Michigan,,Truck,4.035,3.965,4.115,$ Per Bushel
2025-11-03,Corn,Minnesota,,Truck,3.84,3.765,3.905,$ Per Bushel
2025-11-03,Corn,Missouri,,Truck,4.1125,4.005,4.265,$ Per Bushel
2025-11-03,Corn,Nebraska,,Truck,3.9309,3.635,4.065,$ Per Bushel
2025-11-03,Corn,Ohio,,Truck,4.265,4.215,4.315,$ Per Bushel
2025-11-03,Corn,South Dakota,,Truck,3.6525,3.565,3.885,$ Per Bushel
2025-11-03,Corn,Wisconsin,,Truck,3.911,3.765,4.065,$ Per Bushel
2025-11-04,Corn,Illinois,,Truck,4.3411,4.1925,4.6225,$ Per Bushel
2025-11-04,Corn,Indiana,,Truck,4.2514,3.9925,4.6925,$ Per Bushel
2025-11-04,Corn,Iowa,,Truck,4.0462,3.8625,4.1925,$ Per Bushel
2025-11-04,Corn,Kansas,,Truck,4.025,3.9225,4.0925,$ Per Bushel
2025-11-04,Corn,Michigan,,Truck,4.0725,3.9925,4.1425,$ Per Bushel
2025-11-04,Corn,Minnesota,,Truck,3.8992,3.7925,3.9925,$ Per Bushel
2025-11-04,Corn,Missouri,,Truck,4.14,4.0325,4.2925,$ Per Bushel
2025-11-04,Corn,Nebraska,,Truck,3.9654,3.6625,4.1425,$ Per Bushel
2025-11-04,Corn,Ohio,,Truck,4.3425,4.2925,4.3925,$ Per Bushel
2025-11-04,Corn,South Dakota,,Truck,3.6783,3.5925,3.9625,$ Per Bushel
2025-11-04,Corn,Wisconsin,,Truck,3.9385,3.7925,4.0925,$ Per Bushel
2025-11-05,Corn,Illinois,,Truck,4.3136,4.165,4.595,$ Per Bushel
2025-11-05,Corn,Indiana,,Truck,4.2383,4.065,4.665,$ Per Bushel
2025-11-05,Corn,Iowa,,Truck,4.0245,3.865,4.165,$ Per Bushel
2025-11-05,Corn,Kansas,,Truck,3.9975,3.895,4.065,$ Per Bushel
2025-11-05,Corn,Michigan,,Truck,4.055,3.965,4.115,$ Per Bushel
2025-11-05,Corn,Minnesota,,Truck,3.8717,3.765,3.965,$ Per Bushel
2025-11-05,Corn,Missouri,,Truck,4.1125,4.005,4.265,$ Per Bushel
2025-11-05,Corn,Nebraska,,Truck,3.9403,3.635,4.065,$ Per Bushel
2025-11-05,Corn,Ohio,,Truck,4.3233,4.265,4.365,$ Per Bushel
2025-11-05,Corn,South Dakota,,Truck,3.6458,3.565,3.935,$ Per Bushel
2025-11-05,Corn,Wisconsin,,Truck,3.901,3.715,4.065,$ Per Bushel
2025-11-06,Corn,Illinois,,Truck,4.3525,4.2025,4.6325,$ Per Bushel
2025-11-06,Corn,Indiana,,Truck,4.2825,4.1025,4.7025,$ Per Bushel
2025-11-06,Corn,Iowa,,Truck,4.0871,4.0325,4.1525,$ Per Bushel
2025-11-06,Corn,Kansas,,Truck,4.035,3.9325,4.1025,$ Per Bushel
2025-11-06,Corn,Michigan,,Truck,4.0925,4.0025,4.1525,$ Per Bushel
2025-11-06,Corn,Minnesota,,Truck,3.9092,3.8025,4.0025,$ Per Bushel
2025-11-06,Corn,Missouri,,Truck,4.15,4.0425,4.3025,$ Per Bushel
2025-11-06,Corn,Nebraska,,Truck,3.9696,3.6025,4.1025,$ Per Bushel
2025-11-06,Corn,Ohio,,Truck,4.3775,4.3025,4.4025,$ Per Bushel
2025-11-06,Corn,South Dakota,,Truck,3.6833,3.6025,3.9725,$ Per Bushel
2025-11-06,Corn,Wisconsin,,Truck,3.9285,3.7025,4.1025,$ Per Bushel
2025-11-07,Corn,Illinois,,Truck,4.2846,4.1375,4.5675,$ Per Bushel
2025-11-07,Corn,Indiana,,Truck,4.2364,4.0875,4.6375,$ Per Bushel
2025-11-07,Corn,Iowa,,Truck,4.0001,3.8375,4.1675,$ Per Bushel
2025-11-07,Corn,Kansas,,Truck,3.97,3.8675,4.0375,$ Per Bushel
2025-11-07,Corn,Michigan,,Truck,4.0275,3.9375,4.0875,$ Per Bushel
2025-11-07,Corn,Minnesota,,Truck,3.8492,3.7375,3.9375,$ Per Bushel
2025-11-07,Corn,Missouri,,Truck,4.085,3.9775,4.2375,$ Per Bushel
2025-11-07,Corn,Nebraska,,Truck,3.9016,3.5375,4.0375,$ Per Bushel
2025-11-07,Corn,Ohio,,Truck,4.3208,4.2375,4.3875,$ Per Bushel
2025-11-07,Corn,South Dakota,,Truck,3.62,3.5375,3.9075,$ Per Bushel
2025-11-07,Corn,Wisconsin,,Truck,3.8635,3.6375,4.0375,$ Per Bushel
2025-11-10,Corn,Illinois,,Truck,4.2639,4.1225,4.5525,$ Per Bushel
2025-11-10,Corn,Indiana,,Truck,4.2336,4.0725,4.6225,$ Per Bushel
2025-11-10,Corn,Iowa,,Truck,3.9872,3.8225,4.1525,$ Per Bushel
2025-11-10,Corn,Kansas,,Truck,3.955,3.8525,4.0225,$ Per Bushel
2025-11-10,Corn,Michigan,,Truck,4.0325,3.9725,4.0725,$ Per Bushel
2025-11-10,Corn,Minnesota,,Truck,3.8425,3.7225,3.9225,$ Per Bushel
2025-11-10,Corn,Missouri,,Truck,4.07,3.9625,4.2225,$ Per Bushel
2025-11-10,Corn,Nebraska,,Truck,3.8866,3.5225,4.0225,$ Per Bushel
2025-11-10,Corn,Ohio,,Truck,4.3058,4.2225,4.3725,$ Per Bushel
2025-11-10,Corn,South Dakota,,Truck,3.6058,3.5225,3.8525,$ Per Bushel
2025-11-10,Corn,Wisconsin,,Truck,3.8485,3.6225,4.0225,$ Per Bushel
2025-11-12,Corn,Illinois,,Truck,4.3214,4.17,4.6,$ Per Bushel
2025-11-12,Corn,Indiana,,Truck,4.2956,4.12,4.67,$ Per Bushel
2025-11-12,Corn,Iowa,,Truck,4.0426,3.87,4.22,$ Per Bushel
2025-11-12,Corn,Kansas,,Truck,4.0275,3.9,4.17,$ Per Bushel
2025-11-12,Corn,Michigan,,Truck,4.08,4.02,4.12,$ Per Bushel
2025-11-12,Corn,Minnesota,,Truck,3.89,3.77,3.97,$ Per Bushel
2025-11-12,Corn,Missouri,,Truck,4.1325,4.0,4.37,$ Per Bushel
2025-11-12,Corn,Nebraska,,Truck,3.95,3.57,4.12,$ Per Bushel
2025-11-12,Corn,Ohio,,Truck,4.3617,4.32,4.42,$ Per Bushel
2025-11-12,Corn,South Dakota,,Truck,3.6558,3.57,3.9,$ Per Bushel
2025-11-12,Corn,Wisconsin,,Truck,3.896,3.67,4.07,$ Per Bushel
2025-11-13,Corn,Illinois,,Truck,4.3682,4.2525,4.6325,$ Per Bushel
2025-11-13,Corn,Indiana,,Truck,4.3803,4.2025,4.7025,$ Per Bushel
2025-11-13,Corn,Iowa,,Truck,4.0883,3.9025,4.2725,$ Per Bushel
2025-11-13,Corn,Kansas,,Truck,4.0725,3.9325,4.2525,$ Per Bushel
2025-11-13,Corn,Michigan,,Truck,4.1225,4.0525,4.1525,$ Per Bushel
2025-11-13,Corn,Minnesota,,Truck,3.9392,3.8025,4.0225,$ Per Bushel
2025-11-13,Corn,Missouri,,Truck,4.165,4.0325,4.4025,$ Per Bushel
2025-11-13,Corn,Nebraska,,Truck,4.0043,3.6025,4.1525,$ Per Bushel
2025-11-13,Corn,Ohio,,Truck,4.4525,4.4025,4.5525,$ Per Bushel
2025-11-13,Corn,South Dakota,,Truck,3.6967,3.6025,3.9325,$ Per Bushel
2025-11-13,Corn,Wisconsin,,Truck,3.9245,3.7025,4.1025,$ Per Bushel
2025-11-14,Corn,Illinois,,Truck,4.4479,4.315,4.695,$ Per Bushel
2025-11-14,Corn,Indiana,,Truck,4.4683,4.315,4.765,$ Per Bushel
2025-11-14,Corn,Iowa,,Truck,4.1576,3.985,4.335,$ Per Bushel
2025-11-14,Corn,Kansas,,Truck,4.135,3.995,4.315,$ Per Bushel
2025-11-14,Corn,Michigan,,Truck,4.205,4.115,4.315,$ Per Bushel
2025-11-14,Corn,Minnesota,,Truck,4.0183,3.935,4.115,$ Per Bushel
2025-11-14,Corn,Missouri,,Truck,4.235,4.095,4.465,$ Per Bushel
2025-11-14,Corn,Nebraska,,Truck,4.0668,3.665,4.215,$ Per Bushel
2025-11-14,Corn,Ohio,,Truck,4.515,4.465,4.615,$ Per Bushel
2025-11-14,Corn,South Dakota,,Truck,3.7642,3.665,3.995,$ Per Bushel
2025-11-14,Corn,Wisconsin,,Truck,3.963,3.765,4.165,$ Per Bushel
2025-11-17,Corn,Illinois,,Truck,4.3396,4.2025,4.5825,$ Per Bushel
2025-11-17,Corn,Indiana,,Truck,4.3603,4.2025,4.6525,$ Per Bushel
2025-11-17,Corn,Iowa,,Truck,4.1148,4.0025,4.2525,$ Per Bushel
2025-11-17,Corn,Kansas,,Truck,4.0225,3.8825,4.2025,$ Per Bushel
2025-11-17,Corn,Michigan,,Truck,4.1025,4.0025,4.2025,$ Per Bushel
2025-11-17,Corn,Minnesota,,Truck,3.9175,3.8225,4.0025,$ Per Bushel
2025-11-17,Corn,Missouri,,Truck,4.135,3.9825,4.3525,$ Per Bushel
2025-11-17,Corn,Nebraska,,Truck,3.9825,3.5525,4.1525,$ Per Bushel
2025-11-17,Corn,Ohio,,Truck,4.4025,4.3525,4.5025,$ Per Bushel
2025-11-17,Corn,South Dakota,,Truck,3.6558,3.5525,3.8825,$ Per Bushel
2025-11-17,Corn,Wisconsin,,Truck,3.8645,3.6525,4.1225,$ Per Bushel
2025-11-18,Corn,Illinois,,Truck,4.3875,4.2475,4.6275,$ Per Bushel
2025-11-18,Corn,Indiana,,Truck,4.4008,4.2475,4.6975,$ Per Bushel
2025-11-18,Corn,Iowa,,Truck,4.1683,4.0475,4.2975,$ Per Bushel
2025-11-18,Corn,Kansas,,Truck,4.0675,3.9275,4.2475,$ Per Bushel
2025-11-18,Corn,Michigan,,Truck,4.1575,4.0475,4.2475,$ Per Bushel
2025-11-18,Corn,Minnesota,,Truck,3.9658,3.8675,4.0675,$ Per Bushel
2025-11-18,Corn,Missouri,,Truck,4.18,4.0275,4.3975,$ Per Bushel
2025-11-18,Corn,Nebraska,,Truck,4.0304,3.5975,4.1975,$ Per Bushel
2025-11-18,Corn,Ohio,,Truck,4.4558,4.3975,4.5475,$ Per Bushel
2025-11-18,Corn,South Dakota,,Truck,3.7008,3.5975,3.9275,$ Per Bushel
2025-11-18,Corn,Wisconsin,,Truck,3.8955,3.6975,4.0975,$ Per Bushel
2025-11-19,Corn,Illinois,,Truck,4.4004,4.2675,4.5975,$ Per Bushel
2025-11-19,Corn,Indiana,,Truck,4.4208,4.2675,4.7175,$ Per Bushel
2025-11-19,Corn,Iowa,,Truck,4.1354,3.9375,4.3175,$ Per Bushel
2025-11-19,Corn,Kansas,,Truck,4.0875,3.9475,4.2675,$ Per Bushel
2025-11-19,Corn,Michigan,,Truck,4.1775,4.0675,4.2675,$ Per Bushel
2025-11-19,Corn,Minnesota,,Truck,4.0142,3.8875,4.0875,$ Per Bushel
2025-11-19,Corn,Missouri,,Truck,4.2,4.0475,4.4175,$ Per Bushel
2025-11-19,Corn,Nebraska,,Truck,4.0487,3.6175,4.2375,$ Per Bushel
2025-11-19,Corn,Ohio,,Truck,4.4842,4.4175,4.5675,$ Per Bushel
2025-11-19,Corn,South Dakota,,Truck,3.7208,3.6175,3.9475,$ Per Bushel
2025-11-19,Corn,Wisconsin,,Truck,3.9155,3.7175,4.1175,$ Per Bushel
2025-11-20,Corn,Illinois,,Truck,4.3289,4.1975,4.5275,$ Per Bushel
2025-11-20,Corn,Indiana,,Truck,4.3708,4.1975,4.6475,$ Per Bushel
2025-11-20,Corn,Iowa,,Truck,4.1375,3.9975,4.2475,$ Per Bushel
2025-11-20,Corn,Kansas,,Truck,4.0175,3.8775,4.1975,$ Per Bushel
2025-11-20,Corn,Michigan,,Truck,4.1075,3.9975,4.1975,$ Per Bushel
2025-11-20,Corn,Minnesota,,Truck,3.9542,3.8775,4.0175,$ Per Bushel
2025-11-20,Corn,Missouri,,Truck,4.135,3.9775,4.3475,$ Per Bushel
2025-11-20,Corn,Nebraska,,Truck,3.981,3.5475,4.1675,$ Per Bushel
2025-11-20,Corn,Ohio,,Truck,4.4225,4.3475,4.4975,$ Per Bushel
2025-11-20,Corn,South Dakota,,Truck,3.6517,3.5475,3.8775,$ Per Bushel
2025-11-20,Corn,Wisconsin,,Truck,3.8755,3.7475,4.0475,$ Per Bushel
2025-11-21,Corn,Illinois,,Truck,4.295,4.165,4.495,$ Per Bushel
2025-11-21,Corn,Indiana,,Truck,4.3406,4.165,4.615,$ Per Bushel
2025-11-21,Corn,Iowa,,Truck,4.0392,3.865,4.215,$ Per Bushel
2025-11-21,Corn,Kansas,,Truck,3.99,3.865,4.165,$ Per Bushel
2025-11-21,Corn,Michigan,,Truck,4.095,4.065,4.165,$ Per Bushel
2025-11-21,Corn,Minnesota,,Truck,3.9217,3.845,3.985,$ Per Bushel
2025-11-21,Corn,Missouri,,Truck,4.1075,3.965,4.315,$ Per Bushel
2025-11-21,Corn,Nebraska,,Truck,3.9544,3.515,4.185,$ Per Bushel
2025-11-21,Corn,Ohio,,Truck,4.3983,4.315,4.465,$ Per Bushel
2025-11-21,Corn,South Dakota,,Truck,3.6292,3.515,3.845,$ Per Bushel
2025-11-21,Corn,Wisconsin,,Truck,3.843,3.715,4.015,$ Per Bushel
2025-11-24,Corn,Illinois,,Truck,4.2836,4.155,4.475,$ Per Bushel
2025-11-24,Corn,Indiana,,Truck,4.3294,4.155,4.595,$ Per Bushel
2025-11-24,Corn,Iowa,,Truck,4.0361,3.855,4.205,$ Per Bushel
2025-11-24,Corn,Kansas,,Truck,3.98,3.855,4.155,$ Per Bushel
2025-11-24,Corn,Michigan,,Truck,4.085,4.055,4.155,$ Per Bushel
2025-11-24,Corn,Minnesota,,Truck,3.9233,3.835,4.005,$ Per Bushel
2025-11-24,Corn,Missouri,,Truck,4.0975,3.955,4.305,$ Per Bushel
2025-11-24,Corn,Nebraska,,Truck,3.9556,3.505,4.205,$ Per Bushel
2025-11-24,Corn,Ohio,,Truck,4.3883,4.305,4.455,$ Per Bushel
2025-11-24,Corn,South Dakota,,Truck,3.6217,3.505,3.835,$ Per Bushel
2025-11-24,Corn,Wisconsin,,Truck,3.841,3.705,4.005,$ Per Bushel
2025-11-25,Corn,Illinois,,Truck,4.2804,4.1675,4.4675,$ Per Bushel
2025-11-25,Corn,Indiana,,Truck,4.3475,4.2375,4.5875,$ Per Bushel
2025-11-25,Corn,Iowa,,Truck,4.047,3.8575,4.2175,$ Per Bushel
2025-11-25,Corn,Kansas,,Truck,3.9625,3.8375,4.1375,$ Per Bushel
2025-11-25,Corn,Michigan,,Truck,4.0635,3.8875,4.2175,$ Per Bushel
2025-11-25,Corn,Minnesota,,Truck,3.9342,3.8375,4.0075,$ Per Bushel
2025-11-25,Corn,Missouri,,Truck,4.08,3.9375,4.2875,$ Per Bushel
2025-11-25,Corn,Nebraska,,Truck,3.9528,3.4875,4.1875,$ Per Bushel
2025-11-25,Corn,Ohio,,Truck,4.3842,4.2875,4.5175,$ Per Bushel
2025-11-25,Corn,South Dakota,,Truck,3.62,3.4875,3.8475,$ Per Bushel
2025-11-25,Corn,Wisconsin,,Truck,3.8135,3.6875,3.9375,$ Per Bushel
2025-11-26,Corn,Illinois,,Truck,4.2857,4.175,4.4825,$ Per Bushel
2025-11-26,Corn,Indiana,,Truck,4.3869,4.235,4.6025,$ Per Bushel
2025-11-26,Corn,Iowa,,Truck,4.1377,3.985,4.235,$ Per Bushel
2025-11-26,Corn,Kansas,,Truck,3.9719,3.835,4.135,$ Per Bushel
2025-11-26,Corn,Michigan,,Truck,4.0645,3.885,4.2325,$ Per Bushel
2025-11-26,Corn,Minnesota,,Truck,3.9446,3.835,4.035,$ Per Bushel
2025-11-26,Corn,Missouri,,Truck,4.0825,3.955,4.285,$ Per Bushel
2025-11-26,Corn,Nebraska,,Truck,3.9618,3.485,4.185,$ Per Bushel
2025-11-26,Corn,Ohio,,Truck,4.3846,4.285,4.5325,$ Per Bushel
2025-11-26,Corn,South Dakota,,Truck,3.6298,3.485,3.875,$ Per Bushel
2025-11-26,Corn,Wisconsin,,Truck,3.811,3.685,3.935,$ Per Bushel
2025-12-01,Corn,Illinois,,Truck,4.3989,4.2775,4.5775,$ Per Bushel
2025-12-01,Corn,Indiana,,Truck,4.5069,4.3775,4.6975,$ Per Bushel
2025-12-01,Corn,Iowa,,Truck,4.1767,3.975,4.3275,$ Per Bushel
2025-12-01,Corn,Kansas,,Truck,4.0969,3.9775,4.2775,$ Per Bushel
2025-12-01,Corn,Michigan,,Truck,4.2169,4.005,4.3275,$ Per Bushel
2025-12-01,Corn,Minnesota,,Truck,4.0554,3.9575,4.1575,$ Per Bushel
2025-12-01,Corn,Missouri,,Truck,4.2419,4.1775,4.3775,$ Per Bushel
2025-12-01,Corn,Nebraska,,Truck,4.1364,3.7875,4.3075,$ Per Bushel
2025-12-01,Corn,Ohio,,Truck,4.5221,4.455,4.6275,$ Per Bushel
2025-12-01,Corn,South Dakota,,Truck,3.8035,3.6775,4.0075,$ Per Bushel
2025-12-01,Corn,Wisconsin,,Truck,3.9625,3.905,4.0775,$ Per Bushel
2025-12-02,Corn,Illinois,,Truck,4.3971,4.25,4.61,$ Per Bushel
2025-12-02,Corn,Indiana,,Truck,4.4833,4.33,4.7,$ Per Bushel
2025-12-02,Corn,Iowa,,Truck,4.1651,3.97,4.33,$ Per Bushel
2025-12-02,Corn,Kansas,,Truck,4.1069,4.0275,4.25,$ Per Bushel
2025-12-02,Corn,Michigan,,Truck,4.1894,3.9775,4.3,$ Per Bushel
2025-12-02,Corn,Minnesota,,Truck,4.0733,3.93,4.17,$ Per Bushel
2025-12-02,Corn,Missouri,,Truck,4.245,4.15,4.35,$ Per Bushel
2025-12-02,Corn,Nebraska,,Truck,4.1571,3.91,4.33,$ Per Bushel
2025-12-02,Corn,Ohio,,Truck,4.5067,4.45,4.6,$ Per Bushel
2025-12-02,Corn,South Dakota,,Truck,3.7992,3.7,4.0,$ Per Bushel
2025-12-02,Corn,Wisconsin,,Truck,3.988,3.89,4.13,$ Per Bushel
2025-12-03,Corn,Illinois,,Truck,4.4743,4.3,4.7,$ Per Bushel
2025-12-03,Corn,Indiana,,Truck,4.5256,4.38,4.75,$ Per Bushel
2025-12-03,Corn,Iowa,,Truck,4.2211,4.02,4.38,$ Per Bushel
2025-12-03,Corn,Kansas,,Truck,4.1575,4.08,4.3,$ Per Bushel
2025-12-03,Corn,Michigan,,Truck,4.245,4.03,4.35,$ Per Bushel
2025-12-03,Corn,Minnesota,,Truck,4.1267,3.98,4.24,$ Per Bushel
2025-12-03,Corn,Missouri,,Truck,4.3125,4.25,4.4,$ Per Bushel
2025-12-03,Corn,Nebraska,,Truck,4.2129,3.96,4.38,$ Per Bushel
2025-12-03,Corn,Ohio,,Truck,4.5833,4.5,4.7,$ Per Bushel
2025-12-03,Corn,South Dakota,,Truck,3.8508,3.75,4.05,$ Per Bushel
2025-12-03,Corn,Wisconsin,,Truck,4.038,3.94,4.18,$ Per Bushel
2025-12-04,Corn,Illinois,,Truck,4.415,4.275,4.635,$ Per Bushel
2025-12-04,Corn,Indiana,,Truck,4.4606,4.315,4.685,$ Per Bushel
2025-12-04,Corn,Iowa,,Truck,4.1618,3.965,4.315,$ Per Bushel
2025-12-04,Corn,Kansas,,Truck,4.1475,4.035,4.235,$ Per Bushel
2025-12-04,Corn,Michigan,,Truck,4.2225,4.085,4.335,$ Per Bushel
2025-12-04,Corn,Minnesota,,Truck,4.0617,3.915,4.175,$ Per Bushel
2025-12-04,Corn,Missouri,,Truck,4.245,4.185,4.335,$ Per Bushel
2025-12-04,Corn,Nebraska,,Truck,4.1521,3.895,4.315,$ Per Bushel
2025-12-04,Corn,Ohio,,Truck,4.5267,4.435,4.635,$ Per Bushel
2025-12-04,Corn,South Dakota,,Truck,3.7867,3.685,3.995,$ Per Bushel
2025-12-04,Corn,Wisconsin,,Truck,3.977,3.875,4.135,$ Per Bushel
2025-12-05,Corn,Illinois,,Truck,4.4568,4.3125,4.6725,$ Per Bushel
2025-12-05,Corn,Indiana,,Truck,4.4981,4.3525,4.7225,$ Per Bushel
2025-12-05,Corn,Iowa,,Truck,4.321,4.2225,4.4725,$ Per Bushel
2025-12-05,Corn,Kansas,,Truck,4.185,4.0725,4.2725,$ Per Bushel
2025-12-05,Corn,Michigan,,Truck,4.26,4.1225,4.3725,$ Per Bushel
2025-12-05,Corn,Minnesota,,Truck,4.0992,3.9525,4.2125,$ Per Bushel
2025-12-05,Corn,Missouri,,Truck,4.28,4.2225,4.3725,$ Per Bushel
2025-12-05,Corn,Nebraska,,Truck,4.1925,3.9325,4.3525,$ Per Bushel
2025-12-05,Corn,Ohio,,Truck,4.5725,4.4725,4.6725,$ Per Bushel
2025-12-05,Corn,South Dakota,,Truck,3.8258,3.7225,4.0325,$ Per Bushel
2025-12-05,Corn,Wisconsin,,Truck,4.0245,3.9125,4.1725,$ Per Bushel
2025-12-08,Corn,Illinois,,Truck,4.4446,4.2875,4.6775,$ Per Bushel
2025-12-08,Corn,Indiana,,Truck,4.4842,4.3275,4.6975,$ Per Bushel
2025-12-08,Corn,Iowa,,Truck,4.3044,4.2475,4.4475,$ Per Bushel
2025-12-08,Corn,Kansas,,Truck,4.16,4.0475,4.2475,$ Per Bushel
2025-12-08,Corn,Michigan,,Truck,4.235,4.0975,4.3475,$ Per Bushel
2025-12-08,Corn,Minnesota,,Truck,4.0825,3.9275,4.1875,$ Per Bushel
2025-12-08,Corn,Missouri,,Truck,4.255,4.1975,4.3475,$ Per Bushel
2025-12-08,Corn,Nebraska,,Truck,4.1675,3.9075,4.3275,$ Per Bushel
2025-12-08,Corn,Ohio,,Truck,4.5675,4.4975,4.6475,$ Per Bushel
2025-12-08,Corn,South Dakota,,Truck,3.8017,3.6975,4.0075,$ Per Bushel
2025-12-08,Corn,Wisconsin,,Truck,3.9995,3.8875,4.1475,$ Per Bushel
2025-12-09,Corn,Illinois,,Truck,4.4389,4.2775,4.6875,$ Per Bushel
2025-12-09,Corn,Indiana,,Truck,4.4975,4.3575,4.6875,$ Per Bushel
2025-12-09,Corn,Iowa,,Truck,4.1701,3.9675,4.2975,$ Per Bushel
2025-12-09,Corn,Kansas,,Truck,4.1625,4.0375,4.2875,$ Per Bushel
2025-12-09,Corn,Michigan,,Truck,4.25,4.0875,4.4375,$ Per Bushel
2025-12-09,Corn,Minnesota,,Truck,4.0758,3.9175,4.1775,$ Per Bushel
2025-12-09,Corn,Missouri,,Truck,4.245,4.1875,4.3375,$ Per Bushel
2025-12-09,Corn,Nebraska,,Truck,4.1616,3.8975,4.3375,$ Per Bushel
2025-12-09,Corn,Ohio,,Truck,4.5575,4.4875,4.6375,$ Per Bushel
2025-12-09,Corn,South Dakota,,Truck,3.7983,3.6875,3.9975,$ Per Bushel
2025-12-09,Corn,Wisconsin,,Truck,4.0015,3.8775,4.1375,$ Per Bushel
2025-12-10,Corn,Illinois,,Truck,4.4829,4.32,4.73,$ Per Bushel
2025-12-10,Corn,Indiana,,Truck,4.54,4.4,4.73,$ Per Bushel
2025-12-10,Corn,Iowa,,Truck,4.3431,4.28,4.48,$ Per Bushel
2025-12-10,Corn,Kansas,,Truck,4.205,4.08,4.33,$ Per Bushel
2025-12-10,Corn,Michigan,,Truck,4.2925,4.13,4.48,$ Per Bushel
2025-12-10,Corn,Minnesota,,Truck,4.125,3.96,4.26,$ Per Bushel
2025-12-10,Corn,Missouri,,Truck,4.2875,4.23,4.38,$ Per Bushel
2025-12-10,Corn,Nebraska,,Truck,4.2,3.94,4.38,$ Per Bushel
2025-12-10,Corn,Ohio,,Truck,4.6,4.53,4.68,$ Per Bushel
2025-12-10,Corn,South Dakota,,Truck,3.8642,3.73,4.08,$ Per Bushel
2025-12-10,Corn,Wisconsin,,Truck,4.066,3.98,4.18,$ Per Bushel
2025-12-11,Corn,Illinois,,Truck,4.4411,4.2825,4.6925,$ Per Bushel
2025-12-11,Corn,Indiana,,Truck,4.5025,4.3625,4.6925,$ Per Bushel
2025-12-11,Corn,Iowa,,Truck,4.1857,3.9725,4.3225,$ Per Bushel
2025-12-11,Corn,Kansas,,Truck,4.1675,4.0425,4.2925,$ Per Bushel
2025-12-11,Corn,Michigan,,Truck,4.255,4.0925,4.4425,$ Per Bushel
2025-12-11,Corn,Minnesota,,Truck,4.1025,3.9225,4.2225,$ Per Bushel
2025-12-11,Corn,Missouri,,Truck,4.2375,4.1725,4.3425,$ Per Bushel
2025-12-11,Corn,Nebraska,,Truck,4.1584,3.9025,4.3425,$ Per Bushel
2025-12-11,Corn,Ohio,,Truck,4.5675,4.4925,4.6425,$ Per Bushel
2025-12-11,Corn,South Dakota,,Truck,3.8358,3.6925,4.0425,$ Per Bushel
2025-12-11,Corn,Wisconsin,,Truck,4.0385,3.9925,4.1425,$ Per Bushel
2025-12-12,Corn,Illinois,,Truck,4.4607,4.305,4.715,$ Per Bushel
2025-12-12,Corn,Indiana,,Truck,4.525,4.385,4.715,$ Per Bushel
2025-12-12,Corn,Iowa,,Truck,4.2108,3.995,4.365,$ Per Bushel
2025-12-12,Corn,Kansas,,Truck,4.19,4.065,4.315,$ Per Bushel
2025-12-12,Corn,Michigan,,Truck,4.2625,4.115,4.465,$ Per Bushel
2025-12-12,Corn,Minnesota,,Truck,4.125,3.945,4.245,$ Per Bushel
2025-12-12,Corn,Missouri,,Truck,4.26,4.195,4.365,$ Per Bushel
2025-12-12,Corn,Nebraska,,Truck,4.1768,3.925,4.365,$ Per Bushel
2025-12-12,Corn,Ohio,,Truck,4.59,4.515,4.665,$ Per Bushel
2025-12-12,Corn,South Dakota,,Truck,3.8583,3.715,4.065,$ Per Bushel
2025-12-12,Corn,Wisconsin,,Truck,4.061,4.015,4.165,$ Per Bushel
2025-12-15,Corn,Illinois,,Truck,4.3946,4.2475,4.6075,$ Per Bushel
2025-12-15,Corn,Indiana,,Truck,4.4664,4.3275,4.6575,$ Per Bushel
2025-12-15,Corn,Iowa,,Truck,4.158,3.9375,4.3075,$ Per Bushel
2025-12-15,Corn,Kansas,,Truck,4.1325,4.0075,4.2575,$ Per Bushel
2025-12-15,Corn,Michigan,,Truck,4.219,4.0575,4.4075,$ Per Bushel
2025-12-15,Corn,Minnesota,,Truck,4.0792,3.8875,4.2075,$ Per Bushel
2025-12-15,Corn,Missouri,,Truck,4.1975,4.1375,4.3075,$ Per Bushel
2025-12-15,Corn,Nebraska,,Truck,4.1257,3.8675,4.3375,$ Per Bushel
2025-12-15,Corn,Ohio,,Truck,4.5375,4.4575,4.6075,$ Per Bushel
2025-12-15,Corn,South Dakota,,Truck,3.8025,3.6575,4.0075,$ Per Bushel
2025-12-15,Corn,Wisconsin,,Truck,4.0035,3.9575,4.1075,$ Per Bushel
2025-12-16,Corn,Illinois,,Truck,4.3832,4.2375,4.5975,$ Per Bushel
2025-12-16,Corn,Indiana,,Truck,4.4631,4.3475,4.6475,$ Per Bushel
2025-12-16,Corn,Iowa,,Truck,4.1501,3.9275,4.2975,$ Per Bushel
2025-12-16,Corn,Kansas,,Truck,4.1225,3.9975,4.2475,$ Per Bushel
2025-12-16,Corn,Michigan,,Truck,4.2275,4.0475,4.3975,$ Per Bushel
2025-12-16,Corn,Minnesota,,Truck,4.0692,3.8775,4.1975,$ Per Bushel
2025-12-16,Corn,Missouri,,Truck,4.1875,4.1275,4.2975,$ Per Bushel
2025-12-16,Corn,Nebraska,,Truck,4.1175,3.9375,4.3275,$ Per Bushel
2025-12-16,Corn,Ohio,,Truck,4.5475,4.4475,4.5975,$ Per Bushel
2025-12-16,Corn,South Dakota,,Truck,3.7933,3.6475,3.9975,$ Per Bushel
2025-12-16,Corn,Wisconsin,,Truck,3.9935,3.9475,4.0975,$ Per Bushel
2025-12-17,Corn,Illinois,,Truck,4.3521,4.205,4.565,$ Per Bushel
2025-12-17,Corn,Indiana,,Truck,4.4306,4.315,4.615,$ Per Bushel
2025-12-17,Corn,Iowa,,Truck,4.2404,4.165,4.345,$ Per Bushel
2025-12-17,Corn,Kansas,,Truck,4.09,3.965,4.215,$ Per Bushel
2025-12-17,Corn,Michigan,,Truck,4.205,4.015,4.365,$ Per Bushel
2025-12-17,Corn,Minnesota,,Truck,4.03,3.845,4.165,$ Per Bushel
2025-12-17,Corn,Missouri,,Truck,4.135,4.065,4.265,$ Per Bushel
2025-12-17,Corn,Nebraska,,Truck,4.0897,3.905,4.295,$ Per Bushel
2025-12-17,Corn,Ohio,,Truck,4.515,4.415,4.565,$ Per Bushel
2025-12-17,Corn,South Dakota,,Truck,3.7658,3.665,3.965,$ Per Bushel
2025-12-17,Corn,Wisconsin,,Truck,3.975,3.915,4.115,$ Per Bushel
2025-12-18,Corn,Illinois,,Truck,4.3721,4.255,4.525,$ Per Bushel
2025-12-18,Corn,Indiana,,Truck,4.465,4.355,4.605,$ Per Bushel
2025-12-18,Corn,Iowa,,Truck,4.1576,3.935,4.305,$ Per Bushel
2025-12-18,Corn,Kansas,,Truck,4.1425,4.005,4.255,$ Per Bushel
2025-12-18,Corn,Michigan,,Truck,4.245,4.055,4.405,$ Per Bushel
2025-12-18,Corn,Minnesota,,Truck,4.065,3.885,4.205,$ Per Bushel
2025-12-18,Corn,Missouri,,Truck,4.175,4.105,4.305,$ Per Bushel
2025-12-18,Corn,Nebraska,,Truck,4.1181,3.945,4.335,$ Per Bushel
2025-12-18,Corn,Ohio,,Truck,4.5633,4.455,4.655,$ Per Bushel
2025-12-18,Corn,South Dakota,,Truck,3.8025,3.695,4.025,$ Per Bushel
2025-12-18,Corn,Wisconsin,,Truck,4.015,3.955,4.155,$ Per Bushel
2025-12-19,Corn,Illinois,,Truck,4.4121,4.295,4.565,$ Per Bushel
2025-12-19,Corn,Indiana,,Truck,4.505,4.395,4.645,$ Per Bushel
2025-12-19,Corn,Iowa,,Truck,4.1934,3.975,4.325,$ Per Bushel
2025-12-19,Corn,Kansas,,Truck,4.1825,4.045,4.295,$ Per Bushel
2025-12-19,Corn,Michigan,,Truck,4.285,4.095,4.445,$ Per Bushel
2025-12-19,Corn,Minnesota,,Truck,4.1017,3.925,4.245,$ Per Bushel
2025-12-19,Corn,Missouri,,Truck,4.215,4.145,4.345,$ Per Bushel
2025-12-19,Corn,Nebraska,,Truck,4.155,3.985,4.375,$ Per Bushel
2025-12-19,Corn,Ohio,,Truck,4.6033,4.495,4.695,$ Per Bushel
2025-12-19,Corn,South Dakota,,Truck,3.8425,3.735,4.065,$ Per Bushel
2025-12-19,Corn,Wisconsin,,Truck,4.055,3.995,4.195,$ Per Bushel
2025-12-22,Corn,Illinois,,Truck,4.4161,4.2875,4.6375,$ Per Bushel
2025-12-22,Corn,Indiana,,Truck,4.4975,4.3875,4.6375,$ Per Bushel
2025-12-22,Corn,Iowa,,Truck,4.1859,4.0375,4.3075,$ Per Bushel
2025-12-22,Corn,Kansas,,Truck,4.175,4.0375,4.2875,$ Per Bushel
2025-12-22,Corn,Michigan,,Truck,4.2775,4.0875,4.4375,$ Per Bushel
2025-12-22,Corn,Minnesota,,Truck,4.0942,3.9175,4.2375,$ Per Bushel
2025-12-22,Corn,Missouri,,Truck,4.2075,4.1375,4.3375,$ Per Bushel
2025-12-22,Corn,Nebraska,,Truck,4.155,3.9875,4.3675,$ Per Bushel
2025-12-22,Corn,Ohio,,Truck,4.5908,4.5375,4.6875,$ Per Bushel
2025-12-22,Corn,South Dakota,,Truck,3.8375,3.7275,4.0375,$ Per Bushel
2025-12-22,Corn,Wisconsin,,Truck,4.0475,3.9875,4.1875,$ Per Bushel
2025-12-23,Corn,Illinois,,Truck,4.4614,4.32,4.67,$ Per Bushel
2025-12-23,Corn,Indiana,,Truck,4.5267,4.42,4.67,$ Per Bushel
2025-12-23,Corn,Iowa,,Truck,4.2184,4.07,4.34,$ Per Bushel
2025-12-23,Corn,Kansas,,Truck,4.22,4.07,4.37,$ Per Bushel
2025-12-23,Corn,Michigan,,Truck,4.31,4.12,4.47,$ Per Bushel
2025-12-23,Corn,Minnesota,,Truck,4.1267,3.95,4.27,$ Per Bushel
2025-12-23,Corn,Missouri,,Truck,4.24,4.17,4.37,$ Per Bushel
2025-12-23,Corn,Nebraska,,Truck,4.1881,4.02,4.37,$ Per Bushel
2025-12-23,Corn,Ohio,,Truck,4.61,4.57,4.67,$ Per Bushel
2025-12-23,Corn,South Dakota,,Truck,3.8692,3.76,4.07,$ Per Bushel
2025-12-23,Corn,Wisconsin,,Truck,4.1,4.02,4.22,$ Per Bushel
2025-12-29,Corn,Illinois,,Truck,4.5014,4.37,4.7,$ Per Bushel
2025-12-29,Corn,Indiana,,Truck,4.5511,4.4,4.7,$ Per Bushel
2025-12-29,Corn,Iowa,,Truck,4.3392,4.3,4.4,$ Per Bushel
2025-12-29,Corn,Kansas,,Truck,4.25,4.1,4.4,$ Per Bushel
2025-12-29,Corn,Michigan,,Truck,4.35,4.15,4.5,$ Per Bushel
2025-12-29,Corn,Minnesota,,Truck,4.1483,4.01,4.3,$ Per Bushel
2025-12-29,Corn,Missouri,,Truck,4.275,4.2,4.4,$ Per Bushel
2025-12-29,Corn,Nebraska,,Truck,4.2053,4.05,4.42,$ Per Bushel
2025-12-29,Corn,Ohio,,Truck,4.615,4.55,4.67,$ Per Bushel
2025-12-29,Corn,South Dakota,,Truck,3.9025,3.8,4.08,$ Per Bushel
2025-12-29,Corn,Wisconsin,,Truck,4.126,4.03,4.25,$ Per Bushel
2025-12-30,Corn,Illinois,,Truck,4.4225,4.2925,4.6225,$ Per Bushel
2025-12-30,Corn,Indiana,,Truck,4.4714,4.3225,4.6225,$ Per Bushel
2025-12-30,Corn,Iowa,,Truck,4.1736,4.0225,4.2925,$ Per Bushel
2025-12-30,Corn,Kansas,,Truck,4.1725,4.0225,4.3225,$ Per Bushel
2025-12-30,Corn,Michigan,,Truck,4.2725,4.0725,4.4225,$ Per Bushel
2025-12-30,Corn,Minnesota,,Truck,4.0708,3.9325,4.2225,$ Per Bushel
2025-12-30,Corn,Missouri,,Truck,4.1975,4.1225,4.3225,$ Per Bushel
2025-12-30,Corn,Nebraska,,Truck,4.1331,3.9725,4.3525,$ Per Bushel
2025-12-30,Corn,Ohio,,Truck,4.5375,4.4725,4.5925,$ Per Bushel
2025-12-30,Corn,South Dakota,,Truck,3.825,3.7225,4.0025,$ Per Bushel
2025-12-30,Corn,Wisconsin,,Truck,4.0485,3.9525,4.1725,$ Per Bushel
2025-12-31,Corn,Illinois,,Truck,4.4221,4.275,4.625,$ Per Bushel
2025-12-31,Corn,Indiana,,Truck,4.4539,4.305,4.605,$ Per Bushel
2025-12-31,Corn,Iowa,,Truck,4.155,4.005,4.275,$ Per Bushel
2025-12-31,Corn,Kansas,,Truck,4.1675,4.005,4.355,$ Per Bushel
2025-12-31,Corn,Michigan,,Truck,4.255,4.055,4.405,$ Per Bushel
2025-12-31,Corn,Minnesota,,Truck,4.05,3.915,4.185,$ Per Bushel
2025-12-31,Corn,Missouri,,Truck,4.19,4.145,4.305,$ Per Bushel
2025-12-31,Corn,Nebraska,,Truck,4.1169,3.955,4.335,$ Per Bushel
2025-12-31,Corn,Ohio,,Truck,4.52,4.455,4.575,$ Per Bushel
2025-12-31,Corn,South Dakota,,Truck,3.8117,3.705,3.985,$ Per Bushel
2025-12-31,Corn,Wisconsin,,Truck,4.031,3.935,4.155,$ Per Bushel
2026-01-05,Corn,Illinois,,Truck,4.4036,4.245,4.625,$ Per Bushel
2026-01-05,Corn,Indiana,,Truck,4.4261,4.305,4.615,$ Per Bushel
2026-01-05,Corn,Iowa,,Truck,4.135,3.975,4.255,$ Per Bushel
2026-01-05,Corn,Kansas,,Truck,4.175,3.975,4.325,$ Per Bushel
2026-01-05,Corn,Michigan,,Truck,4.245,4.025,4.375,$ Per Bushel
2026-01-05,Corn,Minnesota,,Truck,4.035,3.905,4.155,$ Per Bushel
2026-01-05,Corn,Missouri,,Truck,4.1625,4.125,4.275,$ Per Bushel
2026-01-05,Corn,Nebraska,,Truck,4.1044,3.955,4.275,$ Per Bushel
2026-01-05,Corn,Ohio,,Truck,4.49,4.425,4.545,$ Per Bushel
2026-01-05,Corn,South Dakota,,Truck,3.8133,3.725,3.975,$ Per Bushel
2026-01-05,Corn,Wisconsin,,Truck,4.033,3.935,4.155,$ Per Bushel
2026-01-06,Corn,Illinois,,Truck,4.475,4.315,4.695,$ Per Bushel
2026-01-06,Corn,Indiana,,Truck,4.4994,4.375,4.685,$ Per Bushel
2026-01-06,Corn,Iowa,,Truck,4.2061,4.045,4.325,$ Per Bushel
2026-01-06,Corn,Kansas,,Truck,4.245,4.045,4.395,$ Per Bushel
2026-01-06,Corn,Michigan,,Truck,4.315,4.095,4.445,$ Per Bushel
2026-01-06,Corn,Minnesota,,Truck,4.105,3.975,4.225,$ Per Bushel
2026-01-06,Corn,Missouri,,Truck,4.2325,4.195,4.345,$ Per Bushel
2026-01-06,Corn,Nebraska,,Truck,4.1763,4.025,4.345,$ Per Bushel
2026-01-06,Corn,Ohio,,Truck,4.5633,4.515,4.615,$ Per Bushel
2026-01-06,Corn,South Dakota,,Truck,3.8817,3.795,4.045,$ Per Bushel
2026-01-06,Corn,Wisconsin,,Truck,4.087,4.005,4.225,$ Per Bushel
2026-01-07,Corn,Illinois,,Truck,4.4671,4.31,4.69,$ Per Bushel
2026-01-07,Corn,Indiana,,Truck,4.4944,4.37,4.68,$ Per Bushel
2026-01-07,Corn,Iowa,,Truck,4.2854,4.24,4.35,$ Per Bushel
2026-01-07,Corn,Kansas,,Truck,4.24,4.04,4.39,$ Per Bushel
2026-01-07,Corn,Michigan,,Truck,4.31,4.09,4.44,$ Per Bushel
2026-01-07,Corn,Minnesota,,Truck,4.105,3.97,4.22,$ Per Bushel
2026-01-07,Corn,Missouri,,Truck,4.2275,4.19,4.34,$ Per Bushel
2026-01-07,Corn,Nebraska,,Truck,4.1706,4.02,4.34,$ Per Bushel
2026-01-07,Corn,Ohio,,Truck,4.5583,4.51,4.61,$ Per Bushel
2026-01-07,Corn,South Dakota,,Truck,3.8742,3.79,4.04,$ Per Bushel
2026-01-07,Corn,Wisconsin,,Truck,4.082,4.0,4.22,$ Per Bushel
2026-01-08,Corn,Illinois,,Truck,4.4904,4.3375,4.7175,$ Per Bushel
2026-01-08,Corn,Indiana,,Truck,4.5219,4.3975,4.7075,$ Per Bushel
2026-01-08,Corn,Iowa,,Truck,4.2312,4.0675,4.3475,$ Per Bushel
2026-01-08,Corn,Kansas,,Truck,4.2675,4.0675,4.4175,$ Per Bushel
2026-01-08,Corn,Michigan,,Truck,4.3375,4.1175,4.4675,$ Per Bushel
2026-01-08,Corn,Minnesota,,Truck,4.1242,3.9975,4.2475,$ Per Bushel
2026-01-08,Corn,Missouri,,Truck,4.255,4.2175,4.3675,$ Per Bushel
2026-01-08,Corn,Nebraska,,Truck,4.1956,4.0475,4.3675,$ Per Bushel
2026-01-08,Corn,Ohio,,Truck,4.5908,4.5675,4.6375,$ Per Bushel
2026-01-08,Corn,South Dakota,,Truck,3.8967,3.8175,4.0675,$ Per Bushel
2026-01-08,Corn,Wisconsin,,Truck,4.1095,4.0275,4.2475,$ Per Bushel
2026-01-09,Corn,Illinois,,Truck,4.4829,4.33,4.71,$ Per Bushel
2026-01-09,Corn,Indiana,,Truck,4.5122,4.39,4.7,$ Per Bushel
2026-01-09,Corn,Iowa,,Truck,4.2253,4.06,4.34,$ Per Bushel
2026-01-09,Corn,Kansas,,Truck,4.2725,4.06,4.41,$ Per Bushel
2026-01-09,Corn,Michigan,,Truck,4.36,4.26,4.46,$ Per Bushel
2026-01-09,Corn,Minnesota,,Truck,4.1167,3.99,4.24,$ Per Bushel
2026-01-09,Corn,Missouri,,Truck,4.2475,4.21,4.36,$ Per Bushel
2026-01-09,Corn,Nebraska,,Truck,4.1869,4.04,4.36,$ Per Bushel
2026-01-09,Corn,Ohio,,Truck,4.5833,4.56,4.63,$ Per Bushel
2026-01-09,Corn,South Dakota,,Truck,3.8833,3.8,4.06,$ Per Bushel
2026-01-09,Corn,Wisconsin,,Truck,4.108,4.02,4.24,$ Per Bushel
2026-01-12,Corn,Illinois,,Truck,4.4846,4.3275,4.7075,$ Per Bushel
2026-01-12,Corn,Indiana,,Truck,4.5086,4.3875,4.6975,$ Per Bushel
2026-01-12,Corn,Iowa,,Truck,4.2212,4.0875,4.3375,$ Per Bushel
2026-01-12,Corn,Kansas,,Truck,4.27,4.0575,4.4075,$ Per Bushel
2026-01-12,Corn,Michigan,,Truck,4.3535,4.2575,4.4575,$ Per Bushel
2026-01-12,Corn,Minnesota,,Truck,4.1142,3.9875,4.2375,$ Per Bushel
2026-01-12,Corn,Missouri,,Truck,4.2575,4.2075,4.4075,$ Per Bushel
2026-01-12,Corn,Nebraska,,Truck,4.1831,4.0375,4.3575,$ Per Bushel
2026-01-12,Corn,Ohio,,Truck,4.5808,4.5575,4.6275,$ Per Bushel
2026-01-12,Corn,South Dakota,,Truck,3.8825,3.7875,4.0375,$ Per Bushel
2026-01-12,Corn,Wisconsin,,Truck,4.1055,4.0175,4.2375,$ Per Bushel
2026-01-13,Corn,Illinois,,Truck,4.2393,4.085,4.465,$ Per Bushel
2026-01-13,Corn,Indiana,,Truck,4.2628,4.145,4.455,$ Per Bushel
2026-01-13,Corn,Iowa,,Truck,3.9861,3.845,4.135,$ Per Bushel
2026-01-13,Corn,Kansas,,Truck,4.0275,3.815,4.165,$ Per Bushel
2026-01-13,Corn,Michigan,,Truck,4.111,4.015,4.215,$ Per Bushel
2026-01-13,Corn,Minnesota,,Truck,3.8667,3.745,3.995,$ Per Bushel
2026-01-13,Corn,Missouri,,Truck,4.025,3.965,4.165,$ Per Bushel
2026-01-13,Corn,Nebraska,,Truck,3.9406,3.795,4.115,$ Per Bushel
2026-01-13,Corn,Ohio,,Truck,4.3433,4.315,4.415,$ Per Bushel
2026-01-13,Corn,South Dakota,,Truck,3.6367,3.545,3.795,$ Per Bushel
2026-01-13,Corn,Wisconsin,,Truck,3.863,3.775,3.995,$ Per Bushel
2026-01-14,Corn,Illinois,,Truck,4.2232,4.0675,4.4475,$ Per Bushel
2026-01-14,Corn,Indiana,,Truck,4.2531,4.1275,4.4375,$ Per Bushel
2026-01-14,Corn,Iowa,,Truck,3.9728,3.8275,4.1175,$ Per Bushel
2026-01-14,Corn,Kansas,,Truck,4.01,3.7975,4.1475,$ Per Bushel
2026-01-14,Corn,Michigan,,Truck,4.1035,3.9975,4.1975,$ Per Bushel
2026-01-14,Corn,Minnesota,,Truck,3.8558,3.7275,3.9775,$ Per Bushel
2026-01-14,Corn,Missouri,,Truck,4.02,3.9475,4.1475,$ Per Bushel
2026-01-14,Corn,Nebraska,,Truck,3.9231,3.7775,4.0975,$ Per Bushel
2026-01-14,Corn,Ohio,,Truck,4.3358,4.2975,4.3975,$ Per Bushel
2026-01-14,Corn,South Dakota,,Truck,3.6225,3.5275,3.7975,$ Per Bushel
2026-01-14,Corn,Wisconsin,,Truck,3.8455,3.7575,3.9775,$ Per Bushel
2026-01-15,Corn,Illinois,,Truck,4.25,4.09,4.47,$ Per Bushel
2026-01-15,Corn,Indiana,,Truck,4.2767,4.15,4.47,$ Per Bushel
2026-01-15,Corn,Iowa,,Truck,4.0631,3.98,4.16,$ Per Bushel
2026-01-15,Corn,Kansas,,Truck,4.0325,3.82,4.17,$ Per Bushel
2026-01-15,Corn,Michigan,,Truck,4.126,4.02,4.22,$ Per Bushel
2026-01-15,Corn,Minnesota,,Truck,3.8783,3.75,4.0,$ Per Bushel
2026-01-15,Corn,Missouri,,Truck,4.0425,3.97,4.17,$ Per Bushel
2026-01-15,Corn,Nebraska,,Truck,3.9488,3.8,4.12,$ Per Bushel
2026-01-15,Corn,Ohio,,Truck,4.365,4.32,4.44,$ Per Bushel
2026-01-15,Corn,South Dakota,,Truck,3.6475,3.56,3.82,$ Per Bushel
2026-01-15,Corn,Wisconsin,,Truck,3.878,3.78,4.0,$ Per Bushel
2026-01-16,Corn,Illinois,,Truck,4.2396,4.0725,4.4625,$ Per Bushel
2026-01-16,Corn,Indiana,,Truck,4.2658,4.1325,4.4525,$ Per Bushel
2026-01-16,Corn,Iowa,,Truck,3.9809,3.8325,4.1225,$ Per Bushel
2026-01-16,Corn,Kansas,,Truck,4.015,3.8025,4.1525,$ Per Bushel
2026-01-16,Corn,Michigan,,Truck,4.1085,4.0025,4.2025,$ Per Bushel
2026-01-16,Corn,Minnesota,,Truck,3.8642,3.7325,3.9825,$ Per Bushel
2026-01-16,Corn,Missouri,,Truck,4.0375,3.9525,4.1525,$ Per Bushel
2026-01-16,Corn,Nebraska,,Truck,3.9313,3.7825,4.1025,$ Per Bushel
2026-01-16,Corn,Ohio,,Truck,4.3558,4.3025,4.4225,$ Per Bushel
2026-01-16,Corn,South Dakota,,Truck,3.63,3.5425,3.8025,$ Per Bushel
2026-01-16,Corn,Wisconsin,,Truck,3.8685,3.8025,3.9825,$ Per Bushel
2026-01-20,Corn,Illinois,,Truck,4.2918,4.1375,4.5175,$ Per Bushel
2026-01-20,Corn,Indiana,,Truck,4.3131,4.1975,4.4975,$ Per Bushel
2026-01-20,Corn,Iowa,,Truck,4.0259,3.8775,4.1875,$ Per Bushel
2026-01-20,Corn,Kansas,,Truck,4.0725,3.8475,4.1975,$ Per Bushel
2026-01-20,Corn,Michigan,,Truck,4.1635,4.0475,4.2475,$ Per Bushel
2026-01-20,Corn,Minnesota,,Truck,3.9075,3.7475,4.0275,$ Per Bushel
2026-01-20,Corn,Missouri,,Truck,4.0825,3.9975,4.1975,$ Per Bushel
2026-01-20,Corn,Nebraska,,Truck,3.9806,3.8275,4.1775,$ Per Bushel
2026-01-20,Corn,Ohio,,Truck,4.4242,4.3475,4.4975,$ Per Bushel
2026-01-20,Corn,South Dakota,,Truck,3.6783,3.5975,3.8475,$ Per Bushel
2026-01-20,Corn,Wisconsin,,Truck,3.9175,3.8475,4.0275,$ Per Bushel
2026-01-21,Corn,Illinois,,Truck,4.2789,4.1275,4.5375,$ Per Bushel
2026-01-21,Corn,Indiana,,Truck,4.3175,4.1875,4.4875,$ Per Bushel
2026-01-21,Corn,Iowa,,Truck,4.0164,3.8675,4.1775,$ Per Bushel
2026-01-21,Corn,Kansas,,Truck,4.0625,3.8375,4.1875,$ Per Bushel
2026-01-21,Corn,Michigan,,Truck,4.1535,4.0375,4.2375,$ Per Bushel
2026-01-21,Corn,Minnesota,,Truck,3.8975,3.7375,4.0175,$ Per Bushel
2026-01-21,Corn,Missouri,,Truck,4.0875,3.9875,4.1875,$ Per Bushel
2026-01-21,Corn,Nebraska,,Truck,3.9731,3.8175,4.1675,$ Per Bushel
2026-01-21,Corn,Ohio,,Truck,4.4208,4.3375,4.4875,$ Per Bushel
2026-01-21,Corn,South Dakota,,Truck,3.6717,3.5875,3.8575,$ Per Bushel
2026-01-21,Corn,Wisconsin,,Truck,3.9075,3.8375,4.0175,$ Per Bushel
2026-01-22,Corn,Illinois,,Truck,4.2518,4.1075,4.5175,$ Per Bushel
2026-01-22,Corn,Indiana,,Truck,4.2997,4.1675,4.4675,$ Per Bushel
2026-01-22,Corn,Iowa,,Truck,4.0022,3.8675,4.1575,$ Per Bushel
2026-01-22,Corn,Kansas,,Truck,4.055,3.8175,4.1675,$ Per Bushel
2026-01-22,Corn,Michigan,,Truck,4.1335,4.0175,4.2175,$ Per Bushel
2026-01-22,Corn,Minnesota,,Truck,3.8808,3.7175,4.0175,$ Per Bushel
2026-01-22,Corn,Missouri,,Truck,4.0675,3.9675,4.1675,$ Per Bushel
2026-01-22,Corn,Nebraska,,Truck,3.955,3.7975,4.1475,$ Per Bushel
2026-01-22,Corn,Ohio,,Truck,4.4208,4.3175,4.4675,$ Per Bushel
2026-01-22,Corn,South Dakota,,Truck,3.6492,3.5675,3.8375,$ Per Bushel
2026-01-22,Corn,Wisconsin,,Truck,3.8875,3.8175,3.9975,$ Per Bushel
2026-01-23,Corn,Illinois,,Truck,4.2743,4.14,4.54,$ Per Bushel
2026-01-23,Corn,Indiana,,Truck,4.3389,4.19,4.54,$ Per Bushel
2026-01-23,Corn,Iowa,,Truck,4.0232,3.89,4.18,$ Per Bushel
2026-01-23,Corn,Kansas,,Truck,4.0775,3.84,4.19,$ Per Bushel
2026-01-23,Corn,Michigan,,Truck,4.156,4.04,4.24,$ Per Bushel
2026-01-23,Corn,Minnesota,,Truck,3.9033,3.74,4.04,$ Per Bushel
2026-01-23,Corn,Missouri,,Truck,4.09,3.99,4.19,$ Per Bushel
2026-01-23,Corn,Nebraska,,Truck,3.9775,3.82,4.17,$ Per Bushel
2026-01-23,Corn,Ohio,,Truck,4.4683,4.34,4.54,$ Per Bushel
2026-01-23,Corn,South Dakota,,Truck,3.6717,3.59,3.86,$ Per Bushel
2026-01-23,Corn,Wisconsin,,Truck,3.91,3.84,4.02,$ Per Bushel
2026-01-26,Corn,Illinois,,Truck,4.3421,4.205,4.605,$ Per Bushel
2026-01-26,Corn,Indiana,,Truck,4.4061,4.255,4.605,$ Per Bushel
2026-01-26,Corn,Iowa,,Truck,4.1812,4.125,4.255,$ Per Bushel
2026-01-26,Corn,Kansas,,Truck,4.155,3.905,4.305,$ Per Bushel
2026-01-26,Corn,Michigan,,Truck,4.221,4.105,4.305,$ Per Bushel
2026-01-26,Corn,Minnesota,,Truck,3.9767,3.805,4.105,$ Per Bushel
2026-01-26,Corn,Missouri,,Truck,4.1425,4.055,4.255,$ Per Bushel
2026-01-26,Corn,Nebraska,,Truck,4.045,3.885,4.235,$ Per Bushel
2026-01-26,Corn,Ohio,,Truck,4.5333,4.405,4.605,$ Per Bushel
2026-01-26,Corn,South Dakota,,Truck,3.7425,3.655,3.925,$ Per Bushel
2026-01-26,Corn,Wisconsin,,Truck,3.975,3.905,4.085,$ Per Bushel
2026-01-27,Corn,Illinois,,Truck,4.3239,4.1825,4.5825,$ Per Bushel
2026-01-27,Corn,Indiana,,Truck,4.3858,4.2325,4.5825,$ Per Bushel
2026-01-27,Corn,Iowa,,Truck,4.1463,4.1025,4.2325,$ Per Bushel
2026-01-27,Corn,Kansas,,Truck,4.1325,3.8825,4.2825,$ Per Bushel
2026-01-27,Corn,Michigan,,Truck,4.1985,4.0825,4.2825,$ Per Bushel
2026-01-27,Corn,Minnesota,,Truck,3.9542,3.7825,4.0825,$ Per Bushel
2026-01-27,Corn,Missouri,,Truck,4.12,4.0325,4.2325,$ Per Bushel
2026-01-27,Corn,Nebraska,,Truck,4.0263,3.8625,4.2125,$ Per Bushel
2026-01-27,Corn,Ohio,,Truck,4.5275,4.4825,4.5825,$ Per Bushel
2026-01-27,Corn,South Dakota,,Truck,3.7233,3.6325,3.9025,$ Per Bushel
2026-01-27,Corn,Wisconsin,,Truck,3.9625,3.9025,4.0625,$ Per Bushel
2026-01-28,Corn,Illinois,,Truck,4.3121,4.165,4.585,$ Per Bushel
2026-01-28,Corn,Indiana,,Truck,4.3706,4.215,4.565,$ Per Bushel
2026-01-28,Corn,Iowa,,Truck,4.0534,3.915,4.185,$ Per Bushel
2026-01-28,Corn,Kansas,,Truck,4.115,3.865,4.265,$ Per Bushel
2026-01-28,Corn,Michigan,,Truck,4.193,4.065,4.325,$ Per Bushel
2026-01-28,Corn,Minnesota,,Truck,3.9367,3.765,4.065,$ Per Bushel
2026-01-28,Corn,Missouri,,Truck,4.1225,4.015,4.265,$ Per Bushel
2026-01-28,Corn,Nebraska,,Truck,4.01,3.845,4.195,$ Per Bushel
2026-01-28,Corn,Ohio,,Truck,4.5017,4.465,4.565,$ Per Bushel
2026-01-28,Corn,South Dakota,,Truck,3.7058,3.615,3.885,$ Per Bushel
2026-01-28,Corn,Wisconsin,,Truck,3.945,3.885,4.045,$ Per Bushel
2026-01-29,Corn,Illinois,,Truck,4.35,4.2,4.62,$ Per Bushel
2026-01-29,Corn,Indiana,,Truck,4.4056,4.25,4.6,$ Per Bushel
2026-01-29,Corn,Iowa,,Truck,4.1638,4.12,4.25,$ Per Bushel
2026-01-29,Corn,Kansas,,Truck,4.15,3.9,4.3,$ Per Bushel
2026-01-29,Corn,Michigan,,Truck,4.228,4.1,4.36,$ Per Bushel
2026-01-29,Corn,Minnesota,,Truck,3.9767,3.8,4.1,$ Per Bushel
2026-01-29,Corn,Missouri,,Truck,4.1625,4.05,4.3,$ Per Bushel
2026-01-29,Corn,Nebraska,,Truck,4.0481,3.94,4.23,$ Per Bushel
2026-01-29,Corn,Ohio,,Truck,4.5367,4.5,4.6,$ Per Bushel
2026-01-29,Corn,South Dakota,,Truck,3.7392,3.65,3.92,$ Per Bushel
2026-01-29,Corn,Wisconsin,,Truck,3.98,3.92,4.08,$ Per Bushel
2026-01-30,Corn,Illinois,,Truck,4.3532,4.2075,4.6275,$ Per Bushel
2026-01-30,Corn,Indiana,,Truck,4.4197,4.2575,4.6075,$ Per Bushel
2026-01-30,Corn,Iowa,,Truck,4.0938,3.9575,4.2275,$ Per Bushel
2026-01-30,Corn,Kansas,,Truck,4.1575,3.9075,4.3075,$ Per Bushel
2026-01-30,Corn,Michigan,,Truck,4.2395,4.1075,4.3875,$ Per Bushel
2026-01-30,Corn,Minnesota,,Truck,3.9808,3.8075,4.1075,$ Per Bushel
2026-01-30,Corn,Missouri,,Truck,4.17,4.0575,4.3075,$ Per Bushel
2026-01-30,Corn,Nebraska,,Truck,4.055,3.9475,4.2075,$ Per Bushel
2026-01-30,Corn,Ohio,,Truck,4.5442,4.5075,4.6075,$ Per Bushel
2026-01-30,Corn,South Dakota,,Truck,3.745,3.6575,3.9275,$ Per Bushel
2026-01-30,Corn,Wisconsin,,Truck,3.9875,3.9275,4.0875,$ Per Bushel
2026-02-02,Corn,Illinois,,Truck,4.3496,4.1925,4.6225,$ Per Bushel
2026-02-02,Corn,Indiana,,Truck,4.4014,4.2325,4.6025,$ Per Bushel
2026-02-02,Corn,Iowa,,Truck,4.072,3.9325,4.2225,$ Per Bushel
2026-02-02,Corn,Kansas,,Truck,4.145,3.8825,4.3325,$ Per Bushel
2026-02-02,Corn,Michigan,,Truck,4.23,4.0825,4.3625,$ Per Bushel
2026-02-02,Corn,Minnesota,,Truck,3.9592,3.8025,4.0825,$ Per Bushel
2026-02-02,Corn,Missouri,,Truck,4.145,4.0325,4.2825,$ Per Bushel
2026-02-02,Corn,Nebraska,,Truck,4.0319,3.9125,4.1825,$ Per Bushel
2026-02-02,Corn,Ohio,,Truck,4.5108,4.4825,4.5825,$ Per Bushel
2026-02-02,Corn,South Dakota,,Truck,3.7375,3.6325,3.9225,$ Per Bushel
2026-02-02,Corn,Wisconsin,,Truck,3.9705,3.9025,4.1025,$ Per Bushel
2026-02-03,Corn,Illinois,,Truck,4.3246,4.1675,4.5975,$ Per Bushel
2026-02-03,Corn,Indiana,,Truck,4.3786,4.2075,4.5775,$ Per Bushel
2026-02-03,Corn,Iowa,,Truck,4.0517,3.9075,4.1975,$ Per Bushel
2026-02-03,Corn,Kansas,,Truck,4.12,3.8575,4.3075,$ Per Bushel
2026-02-03,Corn,Michigan,,Truck,4.205,4.0575,4.3375,$ Per Bushel
2026-02-03,Corn,Minnesota,,Truck,3.9342,3.7775,4.0575,$ Per Bushel
2026-02-03,Corn,Missouri,,Truck,4.1325,4.0075,4.2575,$ Per Bushel
2026-02-03,Corn,Nebraska,,Truck,4.01,3.8875,4.1575,$ Per Bushel
2026-02-03,Corn,Ohio,,Truck,4.4775,4.4075,4.5575,$ Per Bushel
2026-02-03,Corn,South Dakota,,Truck,3.71,3.6075,3.8975,$ Per Bushel
2026-02-03,Corn,Wisconsin,,Truck,3.9455,3.8775,4.0775,$ Per Bushel
2026-02-04,Corn,Illinois,,Truck,4.3521,4.195,4.625,$ Per Bushel
2026-02-04,Corn,Indiana,,Truck,4.4061,4.235,4.605,$ Per Bushel
2026-02-04,Corn,Iowa,,Truck,4.0755,3.935,4.205,$ Per Bushel
2026-02-04,Corn,Kansas,,Truck,4.1875,3.885,4.385,$ Per Bushel
2026-02-04,Corn,Michigan,,Truck,4.243,4.085,4.365,$ Per Bushel
2026-02-04,Corn,Minnesota,,Truck,3.9667,3.805,4.085,$ Per Bushel
2026-02-04,Corn,Missouri,,Truck,4.1525,4.035,4.285,$ Per Bushel
2026-02-04,Corn,Nebraska,,Truck,4.0363,3.915,4.185,$ Per Bushel
2026-02-04,Corn,Ohio,,Truck,4.505,4.435,4.585,$ Per Bushel
2026-02-04,Corn,South Dakota,,Truck,3.7358,3.635,3.925,$ Per Bushel
2026-02-04,Corn,Wisconsin,,Truck,3.971,3.905,4.095,$ Per Bushel
2026-02-05,Corn,Illinois,,Truck,4.3564,4.205,4.615,$ Per Bushel
2026-02-05,Corn,Indiana,,Truck,4.4139,4.245,4.615,$ Per Bushel
2026-02-05,Corn,Iowa,,Truck,4.1627,4.145,4.215,$ Per Bushel
2026-02-05,Corn,Kansas,,Truck,4.1975,3.895,4.395,$ Per Bushel
2026-02-05,Corn,Michigan,,Truck,4.253,4.095,4.375,$ Per Bushel
2026-02-05,Corn,Minnesota,,Truck,3.9767,3.815,4.095,$ Per Bushel
2026-02-05,Corn,Missouri,,Truck,4.1625,4.045,4.295,$ Per Bushel
2026-02-05,Corn,Nebraska,,Truck,4.045,3.925,4.175,$ Per Bushel
2026-02-05,Corn,Ohio,,Truck,4.515,4.445,4.595,$ Per Bushel
2026-02-05,Corn,South Dakota,,Truck,3.7458,3.645,3.935,$ Per Bushel
2026-02-05,Corn,Wisconsin,,Truck,3.981,3.915,4.105,$ Per Bushel
2026-02-06,Corn,Illinois,,Truck,4.4,4.26,4.63,$ Per Bushel
2026-02-06,Corn,Indiana,,Truck,4.4689,4.3,4.67,$ Per Bushel
2026-02-06,Corn,Iowa,,Truck,4.1405,4.0,4.27,$ Per Bushel
2026-02-06,Corn,Kansas,,Truck,4.2525,3.95,4.45,$ Per Bushel
2026-02-06,Corn,Michigan,,Truck,4.308,4.15,4.43,$ Per Bushel
2026-02-06,Corn,Minnesota,,Truck,4.0283,3.87,4.15,$ Per Bushel
2026-02-06,Corn,Missouri,,Truck,4.2075,4.13,4.35,$ Per Bushel
2026-02-06,Corn,Nebraska,,Truck,4.0938,3.96,4.23,$ Per Bushel
2026-02-06,Corn,Ohio,,Truck,4.57,4.5,4.65,$ Per Bushel
2026-02-06,Corn,South Dakota,,Truck,3.8025,3.7,3.99,$ Per Bushel
2026-02-06,Corn,Wisconsin,,Truck,4.036,3.97,4.16,$ Per Bushel
2026-02-09,Corn,Illinois,,Truck,4.3496,4.2125,4.5825,$ Per Bushel
2026-02-09,Corn,Indiana,,Truck,4.4214,4.2525,4.6225,$ Per Bushel
2026-02-09,Corn,Iowa,,Truck,4.0893,3.9525,4.2025,$ Per Bushel
2026-02-09,Corn,Kansas,,Truck,4.205,3.9025,4.4025,$ Per Bushel
2026-02-09,Corn,Michigan,,Truck,4.2605,4.1025,4.3825,$ Per Bushel
2026-02-09,Corn,Minnesota,,Truck,3.9675,3.8225,4.0825,$ Per Bushel
2026-02-09,Corn,Missouri,,Truck,4.16,4.0825,4.3025,$ Per Bushel
2026-02-09,Corn,Nebraska,,Truck,4.0406,3.9025,4.1825,$ Per Bushel
2026-02-09,Corn,Ohio,,Truck,4.5225,4.4525,4.6025,$ Per Bushel
2026-02-09,Corn,South Dakota,,Truck,3.7483,3.6525,3.9225,$ Per Bushel
2026-02-09,Corn,Wisconsin,,Truck,3.9745,3.9225,4.0625,$ Per Bushel
2026-02-10,Corn,Illinois,,Truck,4.3346,4.1975,4.5675,$ Per Bushel
2026-02-10,Corn,Indiana,,Truck,4.4064,4.2375,4.6075,$ Per Bushel
2026-02-10,Corn,Iowa,,Truck,4.0743,3.9375,4.1875,$ Per Bushel
2026-02-10,Corn,Kansas,,Truck,4.19,3.8875,4.3875,$ Per Bushel
2026-02-10,Corn,Michigan,,Truck,4.2455,4.0875,4.3675,$ Per Bushel
2026-02-10,Corn,Minnesota,,Truck,3.9492,3.8075,4.0675,$ Per Bushel
2026-02-10,Corn,Missouri,,Truck,4.145,4.0675,4.2875,$ Per Bushel
2026-02-10,Corn,Nebraska,,Truck,4.0256,3.8875,4.1675,$ Per Bushel
2026-02-10,Corn,Ohio,,Truck,4.5075,4.4375,4.5875,$ Per Bushel
2026-02-10,Corn,South Dakota,,Truck,3.7317,3.6375,3.9075,$ Per Bushel
2026-02-10,Corn,Wisconsin,,Truck,3.9595,3.9075,4.0475,$ Per Bushel
2026-02-11,Corn,Illinois,,Truck,4.3346,4.1975,4.5675,$ Per Bushel
2026-02-11,Corn,Indiana,,Truck,4.4042,4.2375,4.5875,$ Per Bushel
2026-02-11,Corn,Iowa,,Truck,4.1475,4.1175,4.1875,$ Per Bushel
2026-02-11,Corn,Kansas,,Truck,4.19,3.8875,4.3875,$ Per Bushel
2026-02-11,Corn,Michigan,,Truck,4.2435,4.0875,4.3675,$ Per Bushel
2026-02-11,Corn,Minnesota,,Truck,3.9475,3.8075,4.0675,$ Per Bushel
2026-02-11,Corn,Missouri,,Truck,4.145,4.0675,4.2875,$ Per Bushel
2026-02-11,Corn,Nebraska,,Truck,4.0256,3.8875,4.1675,$ Per Bushel
2026-02-11,Corn,Ohio,,Truck,4.5192,4.4375,4.5875,$ Per Bushel
2026-02-11,Corn,South Dakota,,Truck,3.73,3.6375,3.9075,$ Per Bushel
2026-02-11,Corn,Wisconsin,,Truck,3.9595,3.9075,4.0475,$ Per Bushel
2026-02-12,Corn,Illinois,,Truck,4.3236,4.185,4.555,$ Per Bushel
2026-02-12,Corn,Indiana,,Truck,4.3883,4.225,4.575,$ Per Bushel
2026-02-12,Corn,Iowa,,Truck,4.0624,3.925,4.175,$ Per Bushel
2026-02-12,Corn,Kansas,,Truck,4.1775,3.875,4.375,$ Per Bushel
2026-02-12,Corn,Michigan,,Truck,4.233,4.075,4.355,$ Per Bushel
2026-02-12,Corn,Minnesota,,Truck,3.935,3.795,4.055,$ Per Bushel
2026-02-12,Corn,Missouri,,Truck,4.1325,4.055,4.275,$ Per Bushel
2026-02-12,Corn,Nebraska,,Truck,4.0131,3.875,4.155,$ Per Bushel
2026-02-12,Corn,Ohio,,Truck,4.5067,4.425,4.575,$ Per Bushel
2026-02-12,Corn,South Dakota,,Truck,3.7175,3.625,3.895,$ Per Bushel
2026-02-12,Corn,Wisconsin,,Truck,3.947,3.895,4.035,$ Per Bushel
2026-02-13,Corn,Illinois,,Truck,4.3582,4.2225,4.5925,$ Per Bushel
2026-02-13,Corn,Indiana,,Truck,4.4236,4.2625,4.6125,$ Per Bushel
2026-02-13,Corn,Iowa,,Truck,4.1671,4.1425,4.2125,$ Per Bushel
2026-02-13,Corn,Kansas,,Truck,4.215,3.9125,4.4125,$ Per Bushel
2026-02-13,Corn,Michigan,,Truck,4.2605,4.1125,4.3925,$ Per Bushel
2026-02-13,Corn,Minnesota,,Truck,3.9725,3.8525,4.0925,$ Per Bushel
2026-02-13,Corn,Missouri,,Truck,4.1625,4.0925,4.3125,$ Per Bushel
2026-02-13,Corn,Nebraska,,Truck,4.0494,3.9125,4.1925,$ Per Bushel
2026-02-13,Corn,Ohio,,Truck,4.5525,4.4625,4.6625,$ Per Bushel
2026-02-13,Corn,South Dakota,,Truck,3.755,3.6625,3.9325,$ Per Bushel
2026-02-13,Corn,Wisconsin,,Truck,3.9785,3.9125,4.0725,$ Per Bushel
2026-02-17,Corn,Illinois,,Truck,4.3618,4.2275,4.5775,$ Per Bushel
2026-02-17,Corn,Indiana,,Truck,4.4419,4.2675,4.6175,$ Per Bushel
2026-02-17,Corn,Iowa,,Truck,4.108,3.9675,4.2175,$ Per Bushel
2026-02-17,Corn,Kansas,,Truck,4.22,3.9175,4.4175,$ Per Bushel
2026-02-17,Corn,Michigan,,Truck,4.2635,4.1175,4.3975,$ Per Bushel
2026-02-17,Corn,Minnesota,,Truck,3.9775,3.8575,4.0975,$ Per Bushel
2026-02-17,Corn,Missouri,,Truck,4.1625,4.0975,4.2975,$ Per Bushel
2026-02-17,Corn,Nebraska,,Truck,4.0588,3.9175,4.2475,$ Per Bushel
2026-02-17,Corn,Ohio,,Truck,4.5575,4.4675,4.6675,$ Per Bushel
2026-02-17,Corn,South Dakota,,Truck,3.7558,3.6675,3.9375,$ Per Bushel
2026-02-17,Corn,Wisconsin,,Truck,3.9915,3.9175,4.1175,$ Per Bushel
2026-02-18,Corn,Illinois,,Truck,4.3096,4.1825,4.5225,$ Per Bushel
2026-02-18,Corn,Indiana,,Truck,4.3825,4.2625,4.4725,$ Per Bushel
2026-02-18,Corn,Iowa,,Truck,4.0541,3.9125,4.1625,$ Per Bushel
2026-02-18,Corn,Kansas,,Truck,4.16,3.8625,4.3425,$ Per Bushel
2026-02-18,Corn,Michigan,,Truck,4.2085,4.0625,4.3425,$ Per Bushel
2026-02-18,Corn,Minnesota,,Truck,3.9225,3.8025,4.0425,$ Per Bushel
2026-02-18,Corn,Missouri,,Truck,4.1025,4.0225,4.2425,$ Per Bushel
2026-02-18,Corn,Nebraska,,Truck,4.0019,3.8825,4.1425,$ Per Bushel
2026-02-18,Corn,Ohio,,Truck,4.5025,4.4125,4.6125,$ Per Bushel
2026-02-18,Corn,South Dakota,,Truck,3.7025,3.6125,3.8825,$ Per Bushel
2026-02-18,Corn,Wisconsin,,Truck,3.9405,3.8625,4.0625,$ Per Bushel
2026-02-19,Corn,Illinois,,Truck,4.3014,4.19,4.49,$ Per Bushel
2026-02-19,Corn,Indiana,,Truck,4.3878,4.27,4.48,$ Per Bushel
2026-02-19,Corn,Iowa,,Truck,4.06,3.92,4.17,$ Per Bushel
2026-02-19,Corn,Kansas,,Truck,4.1725,3.87,4.35,$ Per Bushel
2026-02-19,Corn,Michigan,,Truck,4.216,4.07,4.35,$ Per Bushel
2026-02-19,Corn,Minnesota,,Truck,3.93,3.81,4.05,$ Per Bushel
2026-02-19,Corn,Missouri,,Truck,4.105,4.03,4.25,$ Per Bushel
2026-02-19,Corn,Nebraska,,Truck,4.0131,3.89,4.15,$ Per Bushel
2026-02-19,Corn,Ohio,,Truck,4.5017,4.42,4.57,$ Per Bushel
2026-02-19,Corn,South Dakota,,Truck,3.7217,3.65,3.9,$ Per Bushel
2026-02-19,Corn,Wisconsin,,Truck,3.946,3.86,4.07,$ Per Bushel
2026-02-20,Corn,Illinois,,Truck,4.3011,4.1575,4.5125,$ Per Bushel
2026-02-20,Corn,Indiana,,Truck,4.3869,4.2575,4.5425,$ Per Bushel
2026-02-20,Corn,Iowa,,Truck,4.0462,3.9075,4.1575,$ Per Bushel
2026-02-20,Corn,Kansas,,Truck,4.16,3.8575,4.3375,$ Per Bushel
2026-02-20,Corn,Michigan,,Truck,4.2235,4.1075,4.3375,$ Per Bushel
2026-02-20,Corn,Minnesota,,Truck,3.9175,3.7975,4.0375,$ Per Bushel
2026-02-20,Corn,Missouri,,Truck,4.0925,4.0175,4.2375,$ Per Bushel
2026-02-20,Corn,Nebraska,,Truck,4.0044,3.8775,4.1575,$ Per Bushel
2026-02-20,Corn,Ohio,,Truck,4.4975,4.4575,4.5575,$ Per Bushel
2026-02-20,Corn,South Dakota,,Truck,3.715,3.6375,3.9075,$ Per Bushel
2026-02-20,Corn,Wisconsin,,Truck,3.9315,3.8375,4.0575,$ Per Bushel
2026-02-23,Corn,Illinois,,Truck,4.3211,4.175,4.5475,$ Per Bushel
2026-02-23,Corn,Indiana,,Truck,4.4042,4.255,4.5775,$ Per Bushel
2026-02-23,Corn,Iowa,,Truck,4.0658,3.945,4.175,$ Per Bushel
2026-02-23,Corn,Kansas,,Truck,4.1775,3.875,4.355,$ Per Bushel
2026-02-23,Corn,Michigan,,Truck,4.241,4.125,4.355,$ Per Bushel
2026-02-23,Corn,Minnesota,,Truck,3.935,3.815,4.055,$ Per Bushel
2026-02-23,Corn,Missouri,,Truck,4.11,4.035,4.255,$ Per Bushel
2026-02-23,Corn,Nebraska,,Truck,4.0219,3.895,4.175,$ Per Bushel
2026-02-23,Corn,Ohio,,Truck,4.515,4.475,4.575,$ Per Bushel
2026-02-23,Corn,South Dakota,,Truck,3.7342,3.655,3.925,$ Per Bushel
2026-02-23,Corn,Wisconsin,,Truck,3.953,3.855,4.075,$ Per Bushel
2026-02-24,Corn,Illinois,,Truck,4.3218,4.175,4.5525,$ Per Bushel
2026-02-24,Corn,Indiana,,Truck,4.4,4.255,4.5825,$ Per Bushel
2026-02-24,Corn,Iowa,,Truck,4.0724,3.945,4.195,$ Per Bushel
2026-02-24,Corn,Kansas,,Truck,4.1775,3.875,4.355,$ Per Bushel
2026-02-24,Corn,Michigan,,Truck,4.235,4.125,4.325,$ Per Bushel
2026-02-24,Corn,Minnesota,,Truck,3.945,3.815,4.055,$ Per Bushel
2026-02-24,Corn,Missouri,,Truck,4.11,4.035,4.255,$ Per Bushel
2026-02-24,Corn,Nebraska,,Truck,4.0294,3.895,4.225,$ Per Bushel
2026-02-24,Corn,Ohio,,Truck,4.5317,4.475,4.575,$ Per Bushel
2026-02-24,Corn,South Dakota,,Truck,3.7425,3.675,3.955,$ Per Bushel
2026-02-24,Corn,Wisconsin,,Truck,3.953,3.855,4.075,$ Per Bushel
2026-02-25,Corn,Illinois,,Truck,4.3282,4.1775,4.5575,$ Per Bushel
2026-02-25,Corn,Indiana,,Truck,4.4003,4.2775,4.565,$ Per Bushel
2026-02-25,Corn,Iowa,,Truck,4.1506,4.0675,4.2175,$ Per Bushel
2026-02-25,Corn,Kansas,,Truck,4.18,3.8775,4.3575,$ Per Bushel
2026-02-25,Corn,Michigan,,Truck,4.2375,4.1275,4.3275,$ Per Bushel
2026-02-25,Corn,Minnesota,,Truck,3.9475,3.8175,4.0575,$ Per Bushel
2026-02-25,Corn,Missouri,,Truck,4.1175,4.0375,4.2575,$ Per Bushel
2026-02-25,Corn,Nebraska,,Truck,4.0283,3.8975,4.2275,$ Per Bushel
2026-02-25,Corn,Ohio,,Truck,4.5342,4.4775,4.5775,$ Per Bushel
2026-02-25,Corn,South Dakota,,Truck,3.7565,3.6775,3.9775,$ Per Bushel
2026-02-25,Corn,Wisconsin,,Truck,3.9555,3.8575,4.0775,$ Per Bushel
2026-02-26,Corn,Illinois,,Truck,4.3607,4.205,4.605,$ Per Bushel
2026-02-26,Corn,Indiana,,Truck,4.4333,4.305,4.6,$ Per Bushel
2026-02-26,Corn,Iowa,,Truck,4.1066,3.97,4.22,$ Per Bushel
2026-02-26,Corn,Kansas,,Truck,4.2113,3.905,4.385,$ Per Bushel
2026-02-26,Corn,Michigan,,Truck,4.265,4.155,4.355,$ Per Bushel
2026-02-26,Corn,Minnesota,,Truck,3.9708,3.86,4.045,$ Per Bushel
2026-02-26,Corn,Missouri,,Truck,4.165,4.115,4.285,$ Per Bushel
2026-02-26,Corn,Nebraska,,Truck,4.0594,3.92,4.255,$ Per Bushel
2026-02-26,Corn,Ohio,,Truck,4.57,4.505,4.655,$ Per Bushel
2026-02-26,Corn,South Dakota,,Truck,3.7804,3.705,4.005,$ Per Bushel
2026-02-26,Corn,Wisconsin,,Truck,3.986,3.885,4.105,$ Per Bushel
2026-02-27,Corn,Illinois,,Truck,4.3793,4.2325,4.585,$ Per Bushel
2026-02-27,Corn,Indiana,,Truck,4.4633,4.3325,4.615,$ Per Bushel
2026-02-27,Corn,Iowa,,Truck,4.1268,3.985,4.235,$ Per Bushel
2026-02-27,Corn,Kansas,,Truck,4.2488,3.985,4.4125,$ Per Bushel
2026-02-27,Corn,Michigan,,Truck,4.3035,4.2325,4.385,$ Per Bushel
2026-02-27,Corn,Minnesota,,Truck,3.9925,3.875,4.075,$ Per Bushel
2026-02-27,Corn,Missouri,,Truck,4.2063,4.1525,4.335,$ Per Bushel
2026-02-27,Corn,Nebraska,,Truck,4.0866,3.935,4.2825,$ Per Bushel
2026-02-27,Corn,Ohio,,Truck,4.6067,4.5325,4.6825,$ Per Bushel
2026-02-27,Corn,South Dakota,,Truck,3.819,3.735,4.0325,$ Per Bushel
2026-02-27,Corn,Wisconsin,,Truck,4.0115,3.9125,4.135,$ Per Bushel
2026-03-02,Corn,Illinois,,Truck,4.4321,4.2875,4.6375,$ Per Bushel
2026-03-02,Corn,Indiana,,Truck,4.5144,4.3875,4.665,$ Per Bushel
2026-03-02,Corn,Iowa,,Truck,4.1784,4.035,4.285,$ Per Bushel
2026-03-02,Corn,Kansas,,Truck,4.3013,4.035,4.4675,$ Per Bushel
2026-03-02,Corn,Michigan,,Truck,4.3565,4.285,4.435,$ Per Bushel
2026-03-02,Corn,Minnesota,,Truck,4.0442,3.925,4.125,$ Per Bushel
2026-03-02,Corn,Missouri,,Truck,4.2588,4.205,4.385,$ Per Bushel
2026-03-02,Corn,Nebraska,,Truck,4.1384,3.985,4.3375,$ Per Bushel
2026-03-02,Corn,Ohio,,Truck,4.66,4.5875,4.7375,$ Per Bushel
2026-03-02,Corn,South Dakota,,Truck,3.871,3.785,4.0875,$ Per Bushel
2026-03-02,Corn,Wisconsin,,Truck,4.0645,3.9675,4.185,$ Per Bushel
2026-03-03,Corn,Illinois,,Truck,4.4475,4.3175,4.6975,$ Per Bushel
2026-03-03,Corn,Indiana,,Truck,4.4919,4.3475,4.6575,$ Per Bushel
2026-03-03,Corn,Iowa,,Truck,4.1541,4.0025,4.2375,$ Per Bushel
2026-03-03,Corn,Kansas,,Truck,4.29,4.0075,4.4575,$ Per Bushel
2026-03-03,Corn,Michigan,,Truck,4.3235,4.2325,4.4075,$ Per Bushel
2026-03-03,Corn,Minnesota,,Truck,4.0142,3.9175,4.0975,$ Per Bushel
2026-03-03,Corn,Missouri,,Truck,4.21,4.1575,4.3275,$ Per Bushel
2026-03-03,Corn,Nebraska,,Truck,4.1075,3.9575,4.2675,$ Per Bushel
2026-03-03,Corn,Ohio,,Truck,4.6175,4.5075,4.7075,$ Per Bushel
2026-03-03,Corn,South Dakota,,Truck,3.8667,3.7575,4.0475,$ Per Bushel
2026-03-03,Corn,Wisconsin,,Truck,4.0775,3.9975,4.1875,$ Per Bushel
2026-03-04,Corn,Illinois,,Truck,4.4521,4.325,4.705,$ Per Bushel
2026-03-04,Corn,Indiana,,Truck,4.5028,4.355,4.665,$ Per Bushel
2026-03-04,Corn,Iowa,,Truck,4.1666,4.045,4.265,$ Per Bushel
2026-03-04,Corn,Kansas,,Truck,4.2975,4.015,4.465,$ Per Bushel
2026-03-04,Corn,Michigan,,Truck,4.332,4.2425,4.415,$ Per Bushel
2026-03-04,Corn,Minnesota,,Truck,4.0,3.875,4.125,$ Per Bushel
2026-03-04,Corn,Missouri,,Truck,4.225,4.165,4.335,$ Per Bushel
2026-03-04,Corn,Nebraska,,Truck,4.1144,3.965,4.275,$ Per Bushel
2026-03-04,Corn,Ohio,,Truck,4.625,4.515,4.715,$ Per Bushel
2026-03-04,Corn,South Dakota,,Truck,3.8692,3.765,4.055,$ Per Bushel
2026-03-04,Corn,Wisconsin,,Truck,4.081,4.005,4.195,$ Per Bushel
2026-03-05,Corn,Illinois,,Truck,4.4246,4.2975,4.6775,$ Per Bushel
2026-03-05,Corn,Indiana,,Truck,4.4753,4.3275,4.6375,$ Per Bushel
2026-03-05,Corn,Iowa,,Truck,4.209,4.1375,4.2875,$ Per Bushel
2026-03-05,Corn,Kansas,,Truck,4.27,3.9875,4.4375,$ Per Bushel
2026-03-05,Corn,Michigan,,Truck,4.3055,4.2175,4.3875,$ Per Bushel
2026-03-05,Corn,Minnesota,,Truck,3.9725,3.8475,4.0975,$ Per Bushel
2026-03-05,Corn,Missouri,,Truck,4.1975,4.1375,4.3075,$ Per Bushel
2026-03-05,Corn,Nebraska,,Truck,4.0869,3.9375,4.2475,$ Per Bushel
2026-03-05,Corn,Ohio,,Truck,4.5975,4.4875,4.6875,$ Per Bushel
2026-03-05,Corn,South Dakota,,Truck,3.8417,3.7375,4.0275,$ Per Bushel
2026-03-05,Corn,Wisconsin,,Truck,4.0535,3.9775,4.1675,$ Per Bushel
2026-03-06,Corn,Illinois,,Truck,4.5179,4.395,4.735,$ Per Bushel
2026-03-06,Corn,Indiana,,Truck,4.5717,4.435,4.735,$ Per Bushel
2026-03-06,Corn,Iowa,,Truck,4.305,4.235,4.405,$ Per Bushel
2026-03-06,Corn,Kansas,,Truck,4.365,4.085,4.505,$ Per Bushel
2026-03-06,Corn,Michigan,,Truck,4.431,4.335,4.535,$ Per Bushel
2026-03-06,Corn,Minnesota,,Truck,4.065,3.945,4.195,$ Per Bushel
2026-03-06,Corn,Missouri,,Truck,4.315,4.285,4.405,$ Per Bushel
2026-03-06,Corn,Nebraska,,Truck,4.1863,4.035,4.345,$ Per Bushel
2026-03-06,Corn,Ohio,,Truck,4.7033,4.635,4.785,$ Per Bushel
2026-03-06,Corn,South Dakota,,Truck,3.9432,3.855,4.145,$ Per Bushel
2026-03-06,Corn,Wisconsin,,Truck,4.147,4.065,4.265,$ Per Bushel
2026-03-09,Corn,Illinois,,Truck,4.5679,4.465,4.785,$ Per Bushel
2026-03-09,Corn,Indiana,,Truck,4.6417,4.495,4.805,$ Per Bushel
2026-03-09,Corn,Iowa,,Truck,4.285,4.185,4.375,$ Per Bushel
2026-03-09,Corn,Kansas,,Truck,4.4275,4.155,4.575,$ Per Bushel
2026-03-09,Corn,Michigan,,Truck,4.501,4.405,4.605,$ Per Bushel
2026-03-09,Corn,Minnesota,,Truck,4.1317,3.995,4.265,$ Per Bushel
2026-03-09,Corn,Missouri,,Truck,4.355,4.325,4.405,$ Per Bushel
2026-03-09,Corn,Nebraska,,Truck,4.2475,4.085,4.415,$ Per Bushel
2026-03-09,Corn,Ohio,,Truck,4.7733,4.705,4.855,$ Per Bushel
2026-03-09,Corn,South Dakota,,Truck,4.005,3.925,4.195,$ Per Bushel
2026-03-09,Corn,Wisconsin,,Truck,4.217,4.135,4.335,$ Per Bushel
2026-03-10,Corn,Illinois,,Truck,4.4832,4.3775,4.6875,$ Per Bushel
2026-03-10,Corn,Indiana,,Truck,4.5631,4.4275,4.7175,$ Per Bushel
2026-03-10,Corn,Iowa,,Truck,4.289,4.2375,4.4075,$ Per Bushel
2026-03-10,Corn,Kansas,,Truck,4.36,4.0875,4.5075,$ Per Bushel
2026-03-10,Corn,Michigan,,Truck,4.4235,4.3375,4.4875,$ Per Bushel
2026-03-10,Corn,Minnesota,,Truck,4.0608,3.9275,4.1775,$ Per Bushel
2026-03-10,Corn,Missouri,,Truck,4.2875,4.2575,4.3375,$ Per Bushel
2026-03-10,Corn,Nebraska,,Truck,4.1663,4.0175,4.3275,$ Per Bushel
2026-03-10,Corn,Ohio,,Truck,4.6892,4.5875,4.7875,$ Per Bushel
2026-03-10,Corn,South Dakota,,Truck,3.9342,3.8375,4.1175,$ Per Bushel
2026-03-10,Corn,Wisconsin,,Truck,4.1455,4.0475,4.2675,$ Per Bushel
2026-03-11,Corn,Illinois,,Truck,4.4711,4.3425,4.6725,$ Per Bushel
2026-03-11,Corn,Indiana,,Truck,4.5436,4.4125,4.7025,$ Per Bushel
2026-03-11,Corn,Iowa,,Truck,4.2054,4.0725,4.3025,$ Per Bushel
2026-03-11,Corn,Kansas,,Truck,4.3475,4.0725,4.4925,$ Per Bushel
2026-03-11,Corn,Michigan,,Truck,4.4085,4.3225,4.4725,$ Per Bushel
2026-03-11,Corn,Minnesota,,Truck,4.0508,3.9125,4.1625,$ Per Bushel
2026-03-11,Corn,Missouri,,Truck,4.2675,4.2425,4.3225,$ Per Bushel
2026-03-11,Corn,Nebraska,,Truck,4.1456,4.0025,4.3125,$ Per Bushel
2026-03-11,Corn,Ohio,,Truck,4.6692,4.5725,4.7725,$ Per Bushel
2026-03-11,Corn,South Dakota,,Truck,3.92,3.8225,4.1025,$ Per Bushel
2026-03-11,Corn,Wisconsin,,Truck,4.1265,4.0225,4.2325,$ Per Bushel
2026-03-12,Corn,Illinois,,Truck,4.5539,4.4225,4.7525,$ Per Bushel
2026-03-12,Corn,Indiana,,Truck,4.6203,4.4925,4.7825,$ Per Bushel
2026-03-12,Corn,Iowa,,Truck,4.2854,4.1525,4.4025,$ Per Bushel
2026-03-12,Corn,Kansas,,Truck,4.4275,4.1525,4.5725,$ Per Bushel
2026-03-12,Corn,Michigan,,Truck,4.4885,4.4025,4.5525,$ Per Bushel
2026-03-12,Corn,Minnesota,,Truck,4.1242,3.9925,4.2425,$ Per Bushel
2026-03-12,Corn,Missouri,,Truck,4.34,4.3025,4.4025,$ Per Bushel
2026-03-12,Corn,Nebraska,,Truck,4.2313,4.1225,4.3925,$ Per Bushel
2026-03-12,Corn,Ohio,,Truck,4.7408,4.6525,4.8025,$ Per Bushel
2026-03-12,Corn,South Dakota,,Truck,4.0008,3.9025,4.1825,$ Per Bushel
2026-03-12,Corn,Wisconsin,,Truck,4.2065,4.1025,4.3125,$ Per Bushel
2026-03-13,Corn,Illinois,,Truck,4.5736,4.445,4.785,$ Per Bushel
2026-03-13,Corn,Indiana,,Truck,4.6361,4.515,4.805,$ Per Bushel
2026-03-13,Corn,Iowa,,Truck,4.3742,4.325,4.485,$ Per Bushel
2026-03-13,Corn,Kansas,,Truck,4.45,4.175,4.595,$ Per Bushel
2026-03-13,Corn,Michigan,,Truck,4.497,4.425,4.575,$ Per Bushel
2026-03-13,Corn,Minnesota,,Truck,4.1383,3.995,4.265,$ Per Bushel
2026-03-13,Corn,Missouri,,Truck,4.37,4.325,4.425,$ Per Bushel
2026-03-13,Corn,Nebraska,,Truck,4.2513,4.145,4.425,$ Per Bushel
2026-03-13,Corn,Ohio,,Truck,4.7633,4.675,4.825,$ Per Bushel
2026-03-13,Corn,South Dakota,,Truck,4.0183,3.925,4.175,$ Per Bushel
2026-03-13,Corn,Wisconsin,,Truck,4.227,4.115,4.335,$ Per Bushel
2026-03-16,Corn,Illinois,,Truck,4.6254,4.4925,4.8325,$ Per Bushel
2026-03-16,Corn,Indiana,,Truck,4.6947,4.5725,4.8525,$ Per Bushel
2026-03-16,Corn,Iowa,,Truck,4.349,4.2225,4.4525,$ Per Bushel
2026-03-16,Corn,Kansas,,Truck,4.4975,4.2225,4.6425,$ Per Bushel
2026-03-16,Corn,Michigan,,Truck,4.5445,4.4725,4.6225,$ Per Bushel
2026-03-16,Corn,Minnesota,,Truck,4.1858,4.0425,4.3125,$ Per Bushel
2026-03-16,Corn,Missouri,,Truck,4.4175,4.3725,4.4725,$ Per Bushel
2026-03-16,Corn,Nebraska,,Truck,4.2994,4.1825,4.4725,$ Per Bushel
2026-03-16,Corn,Ohio,,Truck,4.8108,4.7225,4.8725,$ Per Bushel
2026-03-16,Corn,South Dakota,,Truck,4.065,3.9725,4.2225,$ Per Bushel
2026-03-16,Corn,Wisconsin,,Truck,4.2785,4.1625,4.3825,$ Per Bushel
2026-03-17,Corn,Illinois,,Truck,4.49,4.36,4.7,$ Per Bushel
2026-03-17,Corn,Indiana,,Truck,4.5622,4.44,4.72,$ Per Bushel
2026-03-17,Corn,Iowa,,Truck,4.2877,4.24,4.41,$ Per Bushel
2026-03-17,Corn,Kansas,,Truck,4.365,4.09,4.51,$ Per Bushel
2026-03-17,Corn,Michigan,,Truck,4.412,4.34,4.49,$ Per Bushel
2026-03-17,Corn,Minnesota,,Truck,4.0533,3.91,4.18,$ Per Bushel
2026-03-17,Corn,Missouri,,Truck,4.305,4.24,4.35,$ Per Bushel
2026-03-17,Corn,Nebraska,,Truck,4.1669,4.05,4.34,$ Per Bushel
2026-03-17,Corn,Ohio,,Truck,4.6833,4.59,4.74,$ Per Bushel
2026-03-17,Corn,South Dakota,,Truck,3.9358,3.86,4.09,$ Per Bushel
2026-03-17,Corn,Wisconsin,,Truck,4.146,4.03,4.25,$ Per Bushel
2026-03-18,Corn,Illinois,,Truck,4.4943,4.36,4.7,$ Per Bushel
2026-03-18,Corn,Indiana,,Truck,4.5589,4.44,4.69,$ Per Bushel
2026-03-18,Corn,Iowa,,Truck,4.2324,4.09,4.36,$ Per Bushel
2026-03-18,Corn,Kansas,,Truck,4.365,4.09,4.51,$ Per Bushel
2026-03-18,Corn,Michigan,,Truck,4.412,4.34,4.49,$ Per Bushel
2026-03-18,Corn,Minnesota,,Truck,4.06,3.96,4.18,$ Per Bushel
2026-03-18,Corn,Missouri,,Truck,4.32,4.21,4.38,$ Per Bushel
2026-03-18,Corn,Nebraska,,Truck,4.1681,4.05,4.34,$ Per Bushel
2026-03-18,Corn,Ohio,,Truck,4.6833,4.59,4.74,$ Per Bushel
2026-03-18,Corn,South Dakota,,Truck,3.9367,3.86,4.09,$ Per Bushel
2026-03-18,Corn,Wisconsin,,Truck,4.146,4.03,4.25,$ Per Bushel
2026-03-19,Corn,Illinois,,Truck,4.5896,4.4525,4.7925,$ Per Bushel
2026-03-19,Corn,Indiana,,Truck,4.6514,4.5325,4.7825,$ Per Bushel
2026-03-19,Corn,Iowa,,Truck,4.3249,4.1825,4.4525,$ Per Bushel
2026-03-19,Corn,Kansas,,Truck,4.4575,4.1825,4.6025,$ Per Bushel
2026-03-19,Corn,Michigan,,Truck,4.5045,4.4325,4.5825,$ Per Bushel
2026-03-19,Corn,Minnesota,,Truck,4.1575,4.0525,4.2725,$ Per Bushel
2026-03-19,Corn,Missouri,,Truck,4.4025,4.3025,4.4525,$ Per Bushel
2026-03-19,Corn,Nebraska,,Truck,4.2594,4.1325,4.4325,$ Per Bushel
2026-03-19,Corn,Ohio,,Truck,4.7775,4.6825,4.8325,$ Per Bushel
2026-03-19,Corn,South Dakota,,Truck,4.0367,3.9725,4.1925,$ Per Bushel
2026-03-19,Corn,Wisconsin,,Truck,4.2505,4.1225,4.4025,$ Per Bushel
2026-03-20,Corn,Illinois,,Truck,4.6575,4.5175,4.8775,$ Per Bushel
2026-03-20,Corn,Indiana,,Truck,4.7142,4.5775,4.8475,$ Per Bushel
2026-03-20,Corn,Iowa,,Truck,4.3922,4.2475,4.5175,$ Per Bushel
2026-03-20,Corn,Kansas,,Truck,4.5225,4.2475,4.6675,$ Per Bushel
2026-03-20,Corn,Michigan,,Truck,4.5695,4.4975,4.6475,$ Per Bushel
2026-03-20,Corn,Minnesota,,Truck,4.2242,4.1175,4.3775,$ Per Bushel
2026-03-20,Corn,Missouri,,Truck,4.455,4.3375,4.4975,$ Per Bushel
2026-03-20,Corn,Nebraska,,Truck,4.3188,4.1875,4.4975,$ Per Bushel
2026-03-20,Corn,Ohio,,Truck,4.8508,4.7475,4.9475,$ Per Bushel
2026-03-20,Corn,South Dakota,,Truck,4.1,4.0375,4.2475,$ Per Bushel
2026-03-20,Corn,Wisconsin,,Truck,4.3295,4.1875,4.4675,$ Per Bushel
2026-03-23,Corn,Illinois,,Truck,4.6179,4.495,4.835,$ Per Bushel
2026-03-23,Corn,Indiana,,Truck,4.6717,4.535,4.805,$ Per Bushel
2026-03-23,Corn,Iowa,,Truck,4.3497,4.205,4.475,$ Per Bushel
2026-03-23,Corn,Kansas,,Truck,4.4675,4.205,4.625,$ Per Bushel
2026-03-23,Corn,Michigan,,Truck,4.507,4.355,4.605,$ Per Bushel
2026-03-23,Corn,Minnesota,,Truck,4.1817,4.075,4.335,$ Per Bushel
2026-03-23,Corn,Missouri,,Truck,4.4125,4.295,4.455,$ Per Bushel
2026-03-23,Corn,Nebraska,,Truck,4.2775,4.145,4.475,$ Per Bushel
2026-03-23,Corn,Ohio,,Truck,4.8083,4.705,4.905,$ Per Bushel
2026-03-23,Corn,South Dakota,,Truck,4.0575,3.995,4.205,$ Per Bushel
2026-03-23,Corn,Wisconsin,,Truck,4.281,4.145,4.395,$ Per Bushel
2026-03-24,Corn,Illinois,,Truck,4.5607,4.435,4.795,$ Per Bushel
2026-03-24,Corn,Indiana,,Truck,4.6117,4.475,4.745,$ Per Bushel
2026-03-24,Corn,Iowa,,Truck,4.3612,4.295,4.495,$ Per Bushel
2026-03-24,Corn,Kansas,,Truck,4.4075,4.145,4.565,$ Per Bushel
2026-03-24,Corn,Michigan,,Truck,4.447,4.295,4.545,$ Per Bushel
2026-03-24,Corn,Minnesota,,Truck,4.1217,4.015,4.275,$ Per Bushel
2026-03-24,Corn,Missouri,,Truck,4.3525,4.235,4.395,$ Per Bushel
2026-03-24,Corn,Nebraska,,Truck,4.2175,4.085,4.415,$ Per Bushel
2026-03-24,Corn,Ohio,,Truck,4.7483,4.645,4.845,$ Per Bushel
2026-03-24,Corn,South Dakota,,Truck,3.9983,3.935,4.145,$ Per Bushel
2026-03-24,Corn,Wisconsin,,Truck,4.221,4.085,4.335,$ Per Bushel
2026-03-25,Corn,Illinois,,Truck,4.6021,4.475,4.865,$ Per Bushel
2026-03-25,Corn,Indiana,,Truck,4.6417,4.505,4.775,$ Per Bushel
2026-03-25,Corn,Iowa,,Truck,4.3221,4.175,4.465,$ Per Bushel
2026-03-25,Corn,Kansas,,Truck,4.4375,4.175,4.595,$ Per Bushel
2026-03-25,Corn,Michigan,,Truck,4.477,4.325,4.575,$ Per Bushel
2026-03-25,Corn,Minnesota,,Truck,4.145,4.005,4.305,$ Per Bushel
2026-03-25,Corn,Missouri,,Truck,4.3825,4.265,4.425,$ Per Bushel
2026-03-25,Corn,Nebraska,,Truck,4.2525,4.115,4.445,$ Per Bushel
2026-03-25,Corn,Ohio,,Truck,4.7783,4.675,4.875,$ Per Bushel
2026-03-25,Corn,South Dakota,,Truck,4.0233,3.925,4.175,$ Per Bushel
2026-03-25,Corn,Wisconsin,,Truck,4.251,4.115,4.365,$ Per Bushel
2026-03-26,Corn,Illinois,,Truck,4.6582,4.5225,4.9125,$ Per Bushel
2026-03-26,Corn,Indiana,,Truck,4.6914,4.5525,4.8425,$ Per Bushel
2026-03-26,Corn,Iowa,,Truck,4.4379,4.3725,4.5725,$ Per Bushel
2026-03-26,Corn,Kansas,,Truck,4.485,4.2225,4.6425,$ Per Bushel
2026-03-26,Corn,Michigan,,Truck,4.5245,4.3725,4.6225,$ Per Bushel
2026-03-26,Corn,Minnesota,,Truck,4.1958,4.0525,4.3525,$ Per Bushel
2026-03-26,Corn,Missouri,,Truck,4.4275,4.3025,4.4725,$ Per Bushel
2026-03-26,Corn,Nebraska,,Truck,4.3013,4.1625,4.4525,$ Per Bushel
2026-03-26,Corn,Ohio,,Truck,4.8258,4.7225,4.9225,$ Per Bushel
2026-03-26,Corn,South Dakota,,Truck,4.0742,3.9725,4.2225,$ Per Bushel
2026-03-26,Corn,Wisconsin,,Truck,4.2925,4.1625,4.4025,$ Per Bushel
2026-03-27,Corn,Illinois,,Truck,4.6643,4.52,4.93,$ Per Bushel
2026-03-27,Corn,Indiana,,Truck,4.7089,4.55,4.92,$ Per Bushel
2026-03-27,Corn,Iowa,,Truck,4.3641,4.22,4.5,$ Per Bushel
2026-03-27,Corn,Kansas,,Truck,4.4825,4.22,4.64,$ Per Bushel
2026-03-27,Corn,Michigan,,Truck,4.542,4.47,4.62,$ Per Bushel
2026-03-27,Corn,Minnesota,,Truck,4.1967,4.05,4.35,$ Per Bushel
2026-03-27,Corn,Missouri,,Truck,4.425,4.3,4.47,$ Per Bushel
2026-03-27,Corn,Nebraska,,Truck,4.3025,4.16,4.45,$ Per Bushel
2026-03-27,Corn,Ohio,,Truck,4.8233,4.72,4.92,$ Per Bushel
2026-03-27,Corn,South Dakota,,Truck,4.0642,3.89,4.22,$ Per Bushel
2026-03-27,Corn,Wisconsin,,Truck,4.29,4.16,4.4,$ Per Bushel
2026-03-30,Corn,Illinois,,Truck,4.6186,4.47,4.9,$ Per Bushel
2026-03-30,Corn,Indiana,,Truck,4.6756,4.5,4.94,$ Per Bushel
2026-03-30,Corn,Iowa,,Truck,4.3171,4.17,4.45,$ Per Bushel
2026-03-30,Corn,Kansas,,Truck,4.4325,4.17,4.59,$ Per Bushel
2026-03-30,Corn,Michigan,,Truck,4.496,4.42,4.6,$ Per Bushel
2026-03-30,Corn,Minnesota,,Truck,4.1467,4.0,4.3,$ Per Bushel
2026-03-30,Corn,Missouri,,Truck,4.375,4.25,4.42,$ Per Bushel
2026-03-30,Corn,Nebraska,,Truck,4.2594,4.11,4.4,$ Per Bushel
2026-03-30,Corn,Ohio,,Truck,4.7817,4.67,4.87,$ Per Bushel
2026-03-30,Corn,South Dakota,,Truck,4.0142,3.84,4.17,$ Per Bushel
2026-03-30,Corn,Wisconsin,,Truck,4.24,4.11,4.35,$ Per Bushel
2026-03-31,Corn,Illinois,,Truck,4.5646,4.4375,4.8375,$ Per Bushel
2026-03-31,Corn,Indiana,,Truck,4.6219,4.4375,4.8775,$ Per Bushel
2026-03-31,Corn,Iowa,,Truck,4.2616,4.1075,4.3875,$ Per Bushel
2026-03-31,Corn,Kansas,,Truck,4.37,4.1075,4.5275,$ Per Bushel
2026-03-31,Corn,Michigan,,Truck,4.4335,4.3575,4.5375,$ Per Bushel
2026-03-31,Corn,Minnesota,,Truck,4.0842,3.9375,4.2375,$ Per Bushel
2026-03-31,Corn,Missouri,,Truck,4.3125,4.1875,4.3575,$ Per Bushel
2026-03-31,Corn,Nebraska,,Truck,4.2031,4.0475,4.3375,$ Per Bushel
2026-03-31,Corn,Ohio,,Truck,4.7192,4.6075,4.8075,$ Per Bushel
2026-03-31,Corn,South Dakota,,Truck,3.9533,3.7775,4.1075,$ Per Bushel
2026-03-31,Corn,Wisconsin,,Truck,4.1775,4.0475,4.2875,$ Per Bushel
2026-04-01,Corn,Illinois,,Truck,4.5846,4.4575,4.8575,$ Per Bushel
2026-04-01,Corn,Indiana,,Truck,4.6386,4.4575,4.8975,$ Per Bushel
2026-04-01,Corn,Iowa,,Truck,4.2828,4.1275,4.4075,$ Per Bushel
2026-04-01,Corn,Kansas,,Truck,4.39,4.1275,4.5475,$ Per Bushel
2026-04-01,Corn,Michigan,,Truck,4.4535,4.3775,4.5575,$ Per Bushel
2026-04-01,Corn,Minnesota,,Truck,4.1042,3.9575,4.2575,$ Per Bushel
2026-04-01,Corn,Missouri,,Truck,4.3175,4.1875,4.3775,$ Per Bushel
2026-04-01,Corn,Nebraska,,Truck,4.2306,4.0675,4.3575,$ Per Bushel
2026-04-01,Corn,Ohio,,Truck,4.7392,4.6275,4.8275,$ Per Bushel
2026-04-01,Corn,South Dakota,,Truck,3.9817,3.8775,4.1275,$ Per Bushel
2026-04-01,Corn,Wisconsin,,Truck,4.2135,4.0675,4.3075,$ Per Bushel
2026-04-02,Corn,Illinois,,Truck,4.5596,4.4225,4.8225,$ Per Bushel
2026-04-02,Corn,Indiana,,Truck,4.6147,4.4925,4.8425,$ Per Bushel
2026-04-02,Corn,Iowa,,Truck,4.2619,4.0925,4.3925,$ Per Bushel
2026-04-02,Corn,Kansas,,Truck,4.395,4.0925,4.5325,$ Per Bushel
2026-04-02,Corn,Michigan,,Truck,4.4345,4.3425,4.5225,$ Per Bushel
2026-04-02,Corn,Minnesota,,Truck,4.0808,3.9625,4.2225,$ Per Bushel
2026-04-02,Corn,Missouri,,Truck,4.295,4.1525,4.3925,$ Per Bushel
2026-04-02,Corn,Nebraska,,Truck,4.2275,4.0925,4.3625,$ Per Bushel
2026-04-02,Corn,Ohio,,Truck,4.7075,4.5925,4.7925,$ Per Bushel
2026-04-02,Corn,South Dakota,,Truck,3.965,3.8425,4.0925,$ Per Bushel
2026-04-02,Corn,Wisconsin,,Truck,4.1865,4.0725,4.2725,$ Per Bushel
2026-04-03,Corn,Illinois,,Truck,4.5354,4.4025,4.8025,$ Per Bushel
2026-04-03,Corn,Indiana,,Truck,4.6114,4.4725,4.8225,$ Per Bushel
2026-04-03,Corn,Iowa,,Truck,4.2501,4.0725,4.4025,$ Per Bushel
2026-04-03,Corn,Kansas,,Truck,4.3625,4.0725,4.5225,$ Per Bushel
2026-04-03,Corn,Michigan,,Truck,4.4145,4.3225,4.5025,$ Per Bushel
2026-04-03,Corn,Minnesota,,Truck,4.0642,3.9425,4.2025,$ Per Bushel
2026-04-03,Corn,Missouri,,Truck,4.275,4.1325,4.3725,$ Per Bushel
2026-04-03,Corn,Nebraska,,Truck,4.2144,4.0725,4.3425,$ Per Bushel
2026-04-03,Corn,Ohio,,Truck,4.6875,4.5725,4.7725,$ Per Bushel
2026-04-03,Corn,South Dakota,,Truck,3.9483,3.8225,4.0725,$ Per Bushel
2026-04-03,Corn,Wisconsin,,Truck,4.1745,4.0525,4.2725,$ Per Bushel
2026-04-06,Corn,Illinois,,Truck,4.5382,4.4025,4.8025,$ Per Bushel
2026-04-06,Corn,Indiana,,Truck,4.6114,4.4725,4.8225,$ Per Bushel
2026-04-06,Corn,Iowa,,Truck,4.3087,4.2125,4.4425,$ Per Bushel
2026-04-06,Corn,Kansas,,Truck,4.3425,4.0725,4.5125,$ Per Bushel
2026-04-06,Corn,Michigan,,Truck,4.4045,4.2725,4.5025,$ Per Bushel
2026-04-06,Corn,Minnesota,,Truck,4.0642,3.9425,4.2025,$ Per Bushel
2026-04-06,Corn,Missouri,,Truck,4.275,4.1325,4.3725,$ Per Bushel
2026-04-06,Corn,Nebraska,,Truck,4.2143,4.0725,4.3425,$ Per Bushel
2026-04-06,Corn,Ohio,,Truck,4.6958,4.6225,4.7725,$ Per Bushel
2026-04-06,Corn,South Dakota,,Truck,3.9533,3.8725,4.0925,$ Per Bushel
2026-04-06,Corn,Wisconsin,,Truck,4.1745,4.0525,4.2725,$ Per Bushel
2026-04-07,Corn,Illinois,,Truck,4.5514,4.42,4.82,$ Per Bushel
2026-04-07,Corn,Indiana,,Truck,4.6289,4.49,4.84,$ Per Bushel
2026-04-07,Corn,Iowa,,Truck,4.3354,4.23,4.46,$ Per Bushel
2026-04-07,Corn,Kansas,,Truck,4.36,4.09,4.53,$ Per Bushel
2026-04-07,Corn,Michigan,,Truck,4.432,4.29,4.52,$ Per Bushel
2026-04-07,Corn,Minnesota,,Truck,4.085,3.96,4.22,$ Per Bushel
2026-04-07,Corn,Missouri,,Truck,4.325,4.19,4.39,$ Per Bushel
2026-04-07,Corn,Nebraska,,Truck,4.2376,4.09,4.36,$ Per Bushel
2026-04-07,Corn,Ohio,,Truck,4.7217,4.64,4.84,$ Per Bushel
2026-04-07,Corn,South Dakota,,Truck,3.9742,3.89,4.13,$ Per Bushel
2026-04-07,Corn,Wisconsin,,Truck,4.192,4.07,4.29,$ Per Bushel
2026-04-08,Corn,Illinois,,Truck,4.5114,4.37,4.77,$ Per Bushel
2026-04-08,Corn,Indiana,,Truck,4.5844,4.44,4.84,$ Per Bushel
2026-04-08,Corn,Iowa,,Truck,4.2388,4.09,4.39,$ Per Bushel
2026-04-08,Corn,Kansas,,Truck,4.31,4.04,4.48,$ Per Bushel
2026-04-08,Corn,Michigan,,Truck,4.382,4.24,4.47,$ Per Bushel
2026-04-08,Corn,Minnesota,,Truck,4.04,3.91,4.17,$ Per Bushel
2026-04-08,Corn,Missouri,,Truck,4.29,4.2,4.34,$ Per Bushel
2026-04-08,Corn,Nebraska,,Truck,4.1912,4.04,4.3,$ Per Bushel
2026-04-08,Corn,Ohio,,Truck,4.6717,4.59,4.79,$ Per Bushel
2026-04-08,Corn,South Dakota,,Truck,3.935,3.85,4.08,$ Per Bushel
2026-04-08,Corn,Wisconsin,,Truck,4.142,4.02,4.24,$ Per Bushel
2026-04-09,Corn,Illinois,,Truck,4.5025,4.3525,4.7525,$ Per Bushel
2026-04-09,Corn,Indiana,,Truck,4.5725,4.4225,4.8225,$ Per Bushel
2026-04-09,Corn,Iowa,,Truck,4.274,4.1625,4.3925,$ Per Bushel
2026-04-09,Corn,Kansas,,Truck,4.2925,4.0225,4.4625,$ Per Bushel
2026-04-09,Corn,Michigan,,Truck,4.3645,4.2225,4.4525,$ Per Bushel
2026-04-09,Corn,Minnesota,,Truck,4.0342,3.8925,4.1525,$ Per Bushel
2026-04-09,Corn,Missouri,,Truck,4.3025,4.2625,4.3225,$ Per Bushel
2026-04-09,Corn,Nebraska,,Truck,4.1737,4.0225,4.2825,$ Per Bushel
2026-04-09,Corn,Ohio,,Truck,4.6708,4.5725,4.7725,$ Per Bushel
2026-04-09,Corn,South Dakota,,Truck,3.925,3.8525,4.0825,$ Per Bushel
2026-04-09,Corn,Wisconsin,,Truck,4.1265,4.0025,4.2325,$ Per Bushel
2026-04-10,Corn,Illinois,,Truck,4.4743,4.32,4.74,$ Per Bushel
2026-04-10,Corn,Indiana,,Truck,4.5467,4.39,4.82,$ Per Bushel
2026-04-10,Corn,Iowa,,Truck,4.1994,4.04,4.36,$ Per Bushel
2026-04-10,Corn,Kansas,,Truck,4.28,3.99,4.43,$ Per Bushel
2026-04-10,Corn,Michigan,,Truck,4.352,4.29,4.42,$ Per Bushel
2026-04-10,Corn,Minnesota,,Truck,4.0067,3.86,4.12,$ Per Bushel
2026-04-10,Corn,Missouri,,Truck,4.275,4.23,4.31,$ Per Bushel
2026-04-10,Corn,Nebraska,,Truck,4.1476,3.99,4.25,$ Per Bushel
2026-04-10,Corn,Ohio,,Truck,4.6467,4.58,4.74,$ Per Bushel
2026-04-10,Corn,South Dakota,,Truck,3.8992,3.82,4.07,$ Per Bushel
2026-04-10,Corn,Wisconsin,,Truck,4.098,3.97,4.2,$ Per Bushel
2026-04-13,Corn,Illinois,,Truck,4.45,4.29,4.76,$ Per Bushel
2026-04-13,Corn,Indiana,,Truck,4.5167,4.36,4.79,$ Per Bushel
2026-04-13,Corn,Iowa,,Truck,4.1753,4.01,4.33,$ Per Bushel
2026-04-13,Corn,Kansas,,Truck,4.25,3.96,4.4,$ Per Bushel
2026-04-13,Corn,Michigan,,Truck,4.322,4.26,4.39,$ Per Bushel
2026-04-13,Corn,Minnesota,,Truck,3.98,3.83,4.09,$ Per Bushel
2026-04-13,Corn,Missouri,,Truck,4.2325,4.19,4.28,$ Per Bushel
2026-04-13,Corn,Nebraska,,Truck,4.1259,3.99,4.29,$ Per Bushel
2026-04-13,Corn,Ohio,,Truck,4.6167,4.55,4.71,$ Per Bushel
2026-04-13,Corn,South Dakota,,Truck,3.8742,3.81,4.06,$ Per Bushel
2026-04-13,Corn,Wisconsin,,Truck,4.072,3.94,4.17,$ Per Bushel
2026-04-14,Corn,Illinois,,Truck,4.4439,4.2625,4.7525,$ Per Bushel
2026-04-14,Corn,Indiana,,Truck,4.5125,4.3525,4.7825,$ Per Bushel
2026-04-14,Corn,Iowa,,Truck,4.1701,4.0025,4.3425,$ Per Bushel
2026-04-14,Corn,Kansas,,Truck,4.2425,3.9525,4.3925,$ Per Bushel
2026-04-14,Corn,Michigan,,Truck,4.3145,4.2525,4.3825,$ Per Bushel
2026-04-14,Corn,Minnesota,,Truck,3.9758,3.8225,4.1025,$ Per Bushel
2026-04-14,Corn,Missouri,,Truck,4.245,4.1825,4.3025,$ Per Bushel
2026-04-14,Corn,Nebraska,,Truck,4.1249,3.9825,4.2825,$ Per Bushel
2026-04-14,Corn,Ohio,,Truck,4.6225,4.5525,4.7025,$ Per Bushel
2026-04-14,Corn,South Dakota,,Truck,3.8708,3.8025,4.0525,$ Per Bushel
2026-04-14,Corn,Wisconsin,,Truck,4.0645,3.9325,4.1625,$ Per Bushel
2026-04-15,Corn,Illinois,,Truck,4.4743,4.31,4.78,$ Per Bushel
2026-04-15,Corn,Indiana,,Truck,4.5556,4.43,4.81,$ Per Bushel
2026-04-15,Corn,Iowa,,Truck,4.2018,4.03,4.37,$ Per Bushel
2026-04-15,Corn,Kansas,,Truck,4.275,3.98,4.44,$ Per Bushel
2026-04-15,Corn,Michigan,,Truck,4.342,4.28,4.41,$ Per Bushel
2026-04-15,Corn,Minnesota,,Truck,4.0117,3.88,4.13,$ Per Bushel
2026-04-15,Corn,Missouri,,Truck,4.285,4.21,4.38,$ Per Bushel
2026-04-15,Corn,Nebraska,,Truck,4.1653,4.01,4.31,$ Per Bushel
2026-04-15,Corn,Ohio,,Truck,4.6583,4.58,4.78,$ Per Bushel
2026-04-15,Corn,South Dakota,,Truck,3.9008,3.83,4.1,$ Per Bushel
2026-04-15,Corn,Wisconsin,,Truck,4.092,3.96,4.19,$ Per Bushel
2026-04-16,Corn,Illinois,,Truck,4.5639,4.3925,4.8625,$ Per Bushel
2026-04-16,Corn,Indiana,,Truck,4.6414,4.5125,4.8925,$ Per Bushel
2026-04-16,Corn,Iowa,,Truck,4.3317,4.2325,4.4525,$ Per Bushel
2026-04-16,Corn,Kansas,,Truck,4.3575,4.0625,4.5225,$ Per Bushel
2026-04-16,Corn,Michigan,,Truck,4.4245,4.3625,4.4925,$ Per Bushel
2026-04-16,Corn,Minnesota,,Truck,4.0942,3.9625,4.2125,$ Per Bushel
2026-04-16,Corn,Missouri,,Truck,4.365,4.2925,4.4625,$ Per Bushel
2026-04-16,Corn,Nebraska,,Truck,4.2519,4.0925,4.4125,$ Per Bushel
2026-04-16,Corn,Ohio,,Truck,4.7408,4.6625,4.8625,$ Per Bushel
2026-04-16,Corn,South Dakota,,Truck,3.9858,3.9125,4.1825,$ Per Bushel
2026-04-16,Corn,Wisconsin,,Truck,4.1705,4.0425,4.2725,$ Per Bushel
2026-04-17,Corn,Illinois,,Truck,4.5393,4.365,4.835,$ Per Bushel
2026-04-17,Corn,Indiana,,Truck,4.625,4.485,4.865,$ Per Bushel
2026-04-17,Corn,Iowa,,Truck,4.2632,4.085,4.425,$ Per Bushel
2026-04-17,Corn,Kansas,,Truck,4.33,4.035,4.495,$ Per Bushel
2026-04-17,Corn,Michigan,,Truck,4.397,4.335,4.465,$ Per Bushel
2026-04-17,Corn,Minnesota,,Truck,4.0733,3.975,4.185,$ Per Bushel
2026-04-17,Corn,Missouri,,Truck,4.3375,4.265,4.435,$ Per Bushel
2026-04-17,Corn,Nebraska,,Truck,4.2285,4.035,4.385,$ Per Bushel
2026-04-17,Corn,Ohio,,Truck,4.7133,4.635,4.835,$ Per Bushel
2026-04-17,Corn,South Dakota,,Truck,3.9567,3.865,4.155,$ Per Bushel
2026-04-17,Corn,Wisconsin,,Truck,4.143,4.015,4.245,$ Per Bushel
2026-04-20,Corn,Illinois,,Truck,4.5518,4.3675,4.8575,$ Per Bushel
2026-04-20,Corn,Indiana,,Truck,4.6331,4.4875,4.8675,$ Per Bushel
2026-04-20,Corn,Iowa,,Truck,4.2581,4.0875,4.3675,$ Per Bushel
2026-04-20,Corn,Kansas,,Truck,4.3325,4.0375,4.4975,$ Per Bushel
2026-04-20,Corn,Michigan,,Truck,4.4135,4.3375,4.5375,$ Per Bushel
2026-04-20,Corn,Minnesota,,Truck,4.0792,3.9775,4.1875,$ Per Bushel
2026-04-20,Corn,Missouri,,Truck,4.34,4.2675,4.4375,$ Per Bushel
2026-04-20,Corn,Nebraska,,Truck,4.2316,4.0375,4.3975,$ Per Bushel
2026-04-20,Corn,Ohio,,Truck,4.7158,4.6375,4.8375,$ Per Bushel
2026-04-20,Corn,South Dakota,,Truck,3.9633,3.8675,4.1575,$ Per Bushel
2026-04-20,Corn,Wisconsin,,Truck,4.1455,4.0175,4.2475,$ Per Bushel
2026-04-21,Corn,Illinois,,Truck,4.5829,4.4,4.89,$ Per Bushel
2026-04-21,Corn,Indiana,,Truck,4.6856,4.52,4.9,$ Per Bushel
2026-04-21,Corn,Iowa,,Truck,4.2971,4.12,4.42,$ Per Bushel
2026-04-21,Corn,Kansas,,Truck,4.365,4.07,4.53,$ Per Bushel
2026-04-21,Corn,Michigan,,Truck,4.466,4.42,4.57,$ Per Bushel
2026-04-21,Corn,Minnesota,,Truck,4.1117,4.01,4.22,$ Per Bushel
2026-04-21,Corn,Missouri,,Truck,4.3725,4.3,4.47,$ Per Bushel
2026-04-21,Corn,Nebraska,,Truck,4.2676,4.07,4.42,$ Per Bushel
2026-04-21,Corn,Ohio,,Truck,4.7567,4.67,4.87,$ Per Bushel
2026-04-21,Corn,South Dakota,,Truck,3.9975,3.89,4.19,$ Per Bushel
2026-04-21,Corn,Wisconsin,,Truck,4.178,4.05,4.28,$ Per Bushel
2026-04-22,Corn,Illinois,,Truck,4.6104,4.4375,4.9175,$ Per Bushel
2026-04-22,Corn,Indiana,,Truck,4.7108,4.5575,4.9175,$ Per Bushel
2026-04-22,Corn,Iowa,,Truck,4.3187,4.1375,4.4375,$ Per Bushel
2026-04-22,Corn,Kansas,,Truck,4.3825,4.0875,4.5475,$ Per Bushel
2026-04-22,Corn,Michigan,,Truck,4.4835,4.4375,4.5875,$ Per Bushel
2026-04-22,Corn,Minnesota,,Truck,4.1292,4.0275,4.2375,$ Per Bushel
2026-04-22,Corn,Missouri,,Truck,4.41,4.3675,4.4875,$ Per Bushel
2026-04-22,Corn,Nebraska,,Truck,4.2899,4.0875,4.4375,$ Per Bushel
2026-04-22,Corn,Ohio,,Truck,4.7958,4.6875,4.8875,$ Per Bushel
2026-04-22,Corn,South Dakota,,Truck,4.0142,3.9175,4.1675,$ Per Bushel
2026-04-22,Corn,Wisconsin,,Truck,4.1955,4.0675,4.2975,$ Per Bushel
2026-04-23,Corn,Illinois,,Truck,4.6054,4.4425,4.9325,$ Per Bushel
2026-04-23,Corn,Indiana,,Truck,4.7103,4.5625,4.8725,$ Per Bushel
2026-04-23,Corn,Iowa,,Truck,4.3307,4.1425,4.4925,$ Per Bushel
2026-04-23,Corn,Kansas,,Truck,4.3875,4.0925,4.5525,$ Per Bushel
2026-04-23,Corn,Michigan,,Truck,4.4885,4.4425,4.5925,$ Per Bushel
2026-04-23,Corn,Minnesota,,Truck,4.1258,4.0325,4.2425,$ Per Bushel
2026-04-23,Corn,Missouri,,Truck,4.425,4.3725,4.4925,$ Per Bushel
2026-04-23,Corn,Nebraska,,Truck,4.2949,4.0925,4.4425,$ Per Bushel
2026-04-23,Corn,Ohio,,Truck,4.8175,4.6925,4.9425,$ Per Bushel
2026-04-23,Corn,South Dakota,,Truck,4.0217,3.9325,4.1725,$ Per Bushel
2026-04-23,Corn,Wisconsin,,Truck,4.2125,4.0725,4.3625,$ Per Bushel
2026-04-24,Corn,Illinois,,Truck,4.6221,4.455,4.955,$ Per Bushel
2026-04-24,Corn,Indiana,,Truck,4.7228,4.575,4.885,$ Per Bushel
2026-04-24,Corn,Iowa,,Truck,4.3858,4.275,4.505,$ Per Bushel
2026-04-24,Corn,Kansas,,Truck,4.4,4.105,4.565,$ Per Bushel
2026-04-24,Corn,Michigan,,Truck,4.511,4.455,4.605,$ Per Bushel
2026-04-24,Corn,Minnesota,,Truck,4.1383,4.045,4.255,$ Per Bushel
2026-04-24,Corn,Missouri,,Truck,4.4375,4.385,4.505,$ Per Bushel
2026-04-24,Corn,Nebraska,,Truck,4.3097,4.105,4.455,$ Per Bushel
2026-04-24,Corn,Ohio,,Truck,4.835,4.705,4.955,$ Per Bushel
2026-04-24,Corn,South Dakota,,Truck,4.0342,3.945,4.185,$ Per Bushel
2026-04-24,Corn,Wisconsin,,Truck,4.233,4.085,4.415,$ Per Bushel
2026-04-27,Corn,Illinois,,Truck,4.62,4.45,4.95,$ Per Bushel
2026-04-27,Corn,Indiana,,Truck,4.7178,4.57,4.88,$ Per Bushel
2026-04-27,Corn,Iowa,,Truck,4.3715,4.27,4.5,$ Per Bushel
2026-04-27,Corn,Kansas,,Truck,4.4867,4.45,4.56,$ Per Bushel
2026-04-27,Corn,Michigan,,Truck,4.506,4.45,4.6,$ Per Bushel
2026-04-27,Corn,Minnesota,,Truck,4.1333,4.04,4.25,$ Per Bushel
2026-04-27,Corn,Missouri,,Truck,4.4325,4.38,4.5,$ Per Bushel
2026-04-27,Corn,Nebraska,,Truck,4.3053,4.1,4.45,$ Per Bushel
2026-04-27,Corn,Ohio,,Truck,4.7383,4.2,4.95,$ Per Bushel
2026-04-27,Corn,South Dakota,,Truck,4.03,3.94,4.18,$ Per Bushel
2026-04-27,Corn,Wisconsin,,Truck,4.228,4.08,4.41,$ Per Bushel
2026-04-28,Corn,Illinois,,Truck,4.6732,4.5075,4.9775,$ Per Bushel
2026-04-28,Corn,Indiana,,Truck,4.7842,4.6275,4.9575,$ Per Bushel
2026-04-28,Corn,Iowa,,Truck,4.3634,4.2075,4.5575,$ Per Bushel
2026-04-28,Corn,Kansas,,Truck,4.5442,4.5075,4.6175,$ Per Bushel
2026-04-28,Corn,Michigan,,Truck,4.5635,4.5075,4.6575,$ Per Bushel
2026-04-28,Corn,Minnesota,,Truck,4.1708,4.0975,4.2475,$ Per Bushel
2026-04-28,Corn,Missouri,,Truck,4.5038,4.4425,4.5575,$ Per Bushel
2026-04-28,Corn,Nebraska,,Truck,4.3504,4.0475,4.5075,$ Per Bushel
2026-04-28,Corn,Ohio,,Truck,4.7992,4.2575,5.0075,$ Per Bushel
2026-04-28,Corn,South Dakota,,Truck,4.0867,3.9975,4.2475,$ Per Bushel
2026-04-28,Corn,Wisconsin,,Truck,4.2855,4.1375,4.4675,$ Per Bushel
2026-04-29,Corn,Illinois,,Truck,4.7111,4.5525,5.0225,$ Per Bushel
2026-04-29,Corn,Indiana,,Truck,4.8214,4.6725,5.0025,$ Per Bushel
2026-04-29,Corn,Iowa,,Truck,4.4425,4.3225,4.6025,$ Per Bushel
2026-04-29,Corn,Kansas,,Truck,4.5892,4.5525,4.6625,$ Per Bushel
2026-04-29,Corn,Michigan,,Truck,4.6085,4.5525,4.7025,$ Per Bushel
2026-04-29,Corn,Minnesota,,Truck,4.2125,4.1425,4.2925,$ Per Bushel
2026-04-29,Corn,Missouri,,Truck,4.5531,4.5025,4.6025,$ Per Bushel
2026-04-29,Corn,Nebraska,,Truck,4.39,4.0925,4.5525,$ Per Bushel
2026-04-29,Corn,Ohio,,Truck,4.8442,4.3025,5.0025,$ Per Bushel
2026-04-29,Corn,South Dakota,,Truck,4.1167,4.0325,4.3125,$ Per Bushel
2026-04-29,Corn,Wisconsin,,Truck,4.3085,4.1025,4.5025,$ Per Bushel
2026-04-30,Corn,Illinois,,Truck,4.7036,4.445,5.015,$ Per Bushel
2026-04-30,Corn,Indiana,,Truck,4.8061,4.665,4.965,$ Per Bushel
2026-04-30,Corn,Iowa,,Truck,4.3715,4.215,4.565,$ Per Bushel
2026-04-30,Corn,Kansas,,Truck,4.505,4.215,4.675,$ Per Bushel
2026-04-30,Corn,Michigan,,Truck,4.623,4.565,4.725,$ Per Bushel
2026-04-30,Corn,Minnesota,,Truck,4.1833,4.045,4.305,$ Per Bushel
2026-04-30,Corn,Missouri,,Truck,4.5406,4.505,4.615,$ Per Bushel
2026-04-30,Corn,Nebraska,,Truck,4.3837,4.105,4.535,$ Per Bushel
2026-04-30,Corn,Ohio,,Truck,4.8317,4.315,5.015,$ Per Bushel
2026-04-30,Corn,South Dakota,,Truck,4.1142,4.015,4.325,$ Per Bushel
2026-04-30,Corn,Wisconsin,,Truck,4.305,4.115,4.435,$ Per Bushel
2026-05-01,Corn,Illinois,,Truck,4.7718,4.5275,5.0275,$ Per Bushel
2026-05-01,Corn,Indiana,,Truck,4.8553,4.7175,5.0475,$ Per Bushel
2026-05-01,Corn,Iowa,,Truck,4.4334,4.2975,4.5575,$ Per Bushel
2026-05-01,Corn,Kansas,,Truck,4.6508,4.5475,4.7075,$ Per Bushel
2026-05-01,Corn,Michigan,,Truck,4.6842,4.5975,4.8075,$ Per Bushel
2026-05-01,Corn,Minnesota,,Truck,4.2258,4.1275,4.3275,$ Per Bushel
2026-05-01,Corn,Missouri,,Truck,4.5325,4.4775,4.5975,$ Per Bushel
2026-05-01,Corn,Nebraska,,Truck,4.4275,4.1875,4.5675,$ Per Bushel
2026-05-01,Corn,Ohio,,Truck,4.9675,4.8475,5.0675,$ Per Bushel
2026-05-01,Corn,South Dakota,,Truck,4.1242,3.9975,4.3075,$ Per Bushel
2026-05-01,Corn,Wisconsin,,Truck,4.3475,4.1975,4.5275,$ Per Bushel
2026-05-04,Corn,Illinois,,Truck,4.8125,4.5825,5.0825,$ Per Bushel
2026-05-04,Corn,Indiana,,Truck,4.9114,4.7825,5.1025,$ Per Bushel
2026-05-04,Corn,Iowa,,Truck,4.4849,4.3525,4.6125,$ Per Bushel
2026-05-04,Corn,Kansas,,Truck,4.6125,4.3525,4.7625,$ Per Bushel
2026-05-04,Corn,Michigan,,Truck,4.7005,4.5825,4.8625,$ Per Bushel
2026-05-04,Corn,Minnesota,,Truck,4.2758,4.1525,4.3825,$ Per Bushel
2026-05-04,Corn,Missouri,,Truck,4.5775,4.5325,4.6225,$ Per Bushel
2026-05-04,Corn,Nebraska,,Truck,4.476,4.2425,4.6225,$ Per Bushel
2026-05-04,Corn,Ohio,,Truck,5.0192,4.9025,5.1025,$ Per Bushel
2026-05-04,Corn,South Dakota,,Truck,4.1725,4.0725,4.3425,$ Per Bushel
2026-05-04,Corn,Wisconsin,,Truck,4.3985,4.2425,4.5825,$ Per Bushel
2026-05-05,Corn,Illinois,,Truck,4.8675,4.6375,5.1375,$ Per Bushel
2026-05-05,Corn,Indiana,,Truck,4.9653,4.8375,5.1575,$ Per Bushel
2026-05-05,Corn,Iowa,,Truck,4.541,4.4075,4.6675,$ Per Bushel
2026-05-05,Corn,Kansas,,Truck,4.685,4.4075,4.8175,$ Per Bushel
2026-05-05,Corn,Michigan,,Truck,4.7595,4.6575,4.9175,$ Per Bushel
2026-05-05,Corn,Minnesota,,Truck,4.3308,4.2075,4.4375,$ Per Bushel
2026-05-05,Corn,Missouri,,Truck,4.6325,4.5875,4.6775,$ Per Bushel
2026-05-05,Corn,Nebraska,,Truck,4.5263,4.2975,4.6775,$ Per Bushel
2026-05-05,Corn,Ohio,,Truck,5.0742,4.9575,5.1575,$ Per Bushel
2026-05-05,Corn,South Dakota,,Truck,4.2275,4.1275,4.3975,$ Per Bushel
2026-05-05,Corn,Wisconsin,,Truck,4.4535,4.2975,4.6375,$ Per Bushel
2026-05-06,Corn,Illinois,,Truck,4.8043,4.58,5.06,$ Per Bushel
2026-05-06,Corn,Indiana,,Truck,4.9078,4.78,5.1,$ Per Bushel
2026-05-06,Corn,Iowa,,Truck,4.5415,4.45,4.69,$ Per Bushel
2026-05-06,Corn,Kansas,,Truck,4.72,4.65,4.76,$ Per Bushel
2026-05-06,Corn,Michigan,,Truck,4.702,4.6,4.86,$ Per Bushel
2026-05-06,Corn,Minnesota,,Truck,4.2683,4.15,4.38,$ Per Bushel
2026-05-06,Corn,Missouri,,Truck,4.58,4.53,4.62,$ Per Bushel
2026-05-06,Corn,Nebraska,,Truck,4.4724,4.24,4.62,$ Per Bushel
2026-05-06,Corn,Ohio,,Truck,5.0167,4.9,5.1,$ Per Bushel
2026-05-06,Corn,South Dakota,,Truck,4.1675,4.07,4.34,$ Per Bushel
2026-05-06,Corn,Wisconsin,,Truck,4.394,4.24,4.57,$ Per Bushel
2026-05-07,Corn,Illinois,,Truck,4.6836,4.465,4.925,$ Per Bushel
2026-05-07,Corn,Indiana,,Truck,4.795,4.665,4.985,$ Per Bushel
2026-05-07,Corn,Iowa,,Truck,4.3691,4.235,4.515,$ Per Bushel
2026-05-07,Corn,Kansas,,Truck,4.6217,4.535,4.685,$ Per Bushel
2026-05-07,Corn,Michigan,,Truck,4.587,4.485,4.745,$ Per Bushel
2026-05-07,Corn,Minnesota,,Truck,4.1467,4.035,4.265,$ Per Bushel
2026-05-07,Corn,Missouri,,Truck,4.465,4.415,4.505,$ Per Bushel
2026-05-07,Corn,Nebraska,,Truck,4.3568,4.125,4.495,$ Per Bushel
2026-05-07,Corn,Ohio,,Truck,4.9017,4.785,4.985,$ Per Bushel
2026-05-07,Corn,South Dakota,,Truck,4.055,3.955,4.255,$ Per Bushel
2026-05-07,Corn,Wisconsin,,Truck,4.279,4.125,4.455,$ Per Bushel
2026-05-08,Corn,Illinois,,Truck,4.6764,4.455,4.915,$ Per Bushel
2026-05-08,Corn,Indiana,,Truck,4.785,4.655,4.975,$ Per Bushel
2026-05-08,Corn,Iowa,,Truck,4.3626,4.225,4.525,$ Per Bushel
2026-05-08,Corn,Kansas,,Truck,4.6117,4.525,4.675,$ Per Bushel
2026-05-08,Corn,Michigan,,Truck,4.577,4.475,4.735,$ Per Bushel
2026-05-08,Corn,Minnesota,,Truck,4.1367,4.025,4.255,$ Per Bushel
2026-05-08,Corn,Missouri,,Truck,4.45,4.405,4.495,$ Per Bushel
2026-05-08,Corn,Nebraska,,Truck,4.3468,4.115,4.485,$ Per Bushel
2026-05-08,Corn,Ohio,,Truck,4.8917,4.775,4.975,$ Per Bushel
2026-05-08,Corn,South Dakota,,Truck,4.0492,3.945,4.275,$ Per Bushel
2026-05-08,Corn,Wisconsin,,Truck,4.269,4.115,4.445,$ Per Bushel
2026-05-11,Corn,Illinois,,Truck,4.7082,4.4925,4.9325,$ Per Bushel
2026-05-11,Corn,Indiana,,Truck,4.8225,4.6925,5.0125,$ Per Bushel
2026-05-11,Corn,Iowa,,Truck,4.4025,4.2625,4.5625,$ Per Bushel
2026-05-11,Corn,Kansas,,Truck,4.6492,4.5625,4.7125,$ Per Bushel
2026-05-11,Corn,Michigan,,Truck,4.6145,4.5125,4.7725,$ Per Bushel
2026-05-11,Corn,Minnesota,,Truck,4.1742,4.0625,4.2925,$ Per Bushel
2026-05-11,Corn,Missouri,,Truck,4.4875,4.4425,4.5325,$ Per Bushel
2026-05-11,Corn,Nebraska,,Truck,4.3854,4.1525,4.5225,$ Per Bushel
2026-05-11,Corn,Ohio,,Truck,4.9292,4.8125,5.0125,$ Per Bushel
2026-05-11,Corn,South Dakota,,Truck,4.0892,4.0125,4.3125,$ Per Bushel
2026-05-11,Corn,Wisconsin,,Truck,4.3065,4.1525,4.4825,$ Per Bushel
2026-05-12,Corn,Illinois,,Truck,4.7468,4.5325,4.9625,$ Per Bushel
2026-05-12,Corn,Indiana,,Truck,4.8647,4.7325,5.0525,$ Per Bushel
2026-05-12,Corn,Iowa,,Truck,4.446,4.3025,4.6025,$ Per Bushel
2026-05-12,Corn,Kansas,,Truck,4.6892,4.6025,4.7525,$ Per Bushel
2026-05-12,Corn,Michigan,,Truck,4.6545,4.5525,4.8125,$ Per Bushel
2026-05-12,Corn,Minnesota,,Truck,4.2225,4.1025,4.3525,$ Per Bushel
2026-05-12,Corn,Missouri,,Truck,4.5275,4.4825,4.5725,$ Per Bushel
2026-05-12,Corn,Nebraska,,Truck,4.4254,4.1925,4.5625,$ Per Bushel
2026-05-12,Corn,Ohio,,Truck,4.9692,4.8525,5.0525,$ Per Bushel
2026-05-12,Corn,South Dakota,,Truck,4.13,4.0525,4.3625,$ Per Bushel
2026-05-12,Corn,Wisconsin,,Truck,4.3465,4.1925,4.5225,$ Per Bushel
2026-05-13,Corn,Illinois,,Truck,4.7957,4.58,5.02,$ Per Bushel
2026-05-13,Corn,Indiana,,Truck,4.9144,4.78,5.12,$ Per Bushel
2026-05-13,Corn,Iowa,,Truck,4.4965,4.35,4.65,$ Per Bushel
2026-05-13,Corn,Kansas,,Truck,4.7367,4.65,4.8,$ Per Bushel
2026-05-13,Corn,Michigan,,Truck,4.702,4.6,4.86,$ Per Bushel
2026-05-13,Corn,Minnesota,,Truck,4.27,4.15,4.4,$ Per Bushel
2026-05-13,Corn,Missouri,,Truck,4.575,4.53,4.62,$ Per Bushel
2026-05-13,Corn,Nebraska,,Truck,4.4753,4.24,4.63,$ Per Bushel
2026-05-13,Corn,Ohio,,Truck,5.0167,4.9,5.1,$ Per Bushel
2026-05-13,Corn,South Dakota,,Truck,4.1775,4.1,4.41,$ Per Bushel
2026-05-13,Corn,Wisconsin,,Truck,4.394,4.24,4.57,$ Per Bushel
2026-05-14,Corn,Illinois,,Truck,4.8061,4.5875,5.0275,$ Per Bushel
2026-05-14,Corn,Indiana,,Truck,4.9219,4.7875,5.1275,$ Per Bushel
2026-05-14,Corn,Iowa,,Truck,4.5637,4.4775,4.6875,$ Per Bushel
2026-05-14,Corn,Kansas,,Truck,4.7442,4.6575,4.8075,$ Per Bushel
2026-05-14,Corn,Michigan,,Truck,4.7235,4.6075,4.9075,$ Per Bushel
2026-05-14,Corn,Minnesota,,Truck,4.2775,4.1575,4.4075,$ Per Bushel
2026-05-14,Corn,Missouri,,Truck,4.5825,4.5375,4.6275,$ Per Bushel
2026-05-14,Corn,Nebraska,,Truck,4.4828,4.2475,4.6375,$ Per Bushel
2026-05-14,Corn,Ohio,,Truck,5.0325,4.9075,5.1075,$ Per Bushel
2026-05-14,Corn,South Dakota,,Truck,4.1833,4.1075,4.4375,$ Per Bushel
2026-05-14,Corn,Wisconsin,,Truck,4.4015,4.2475,4.5775,$ Per Bushel
2026-05-15,Corn,Illinois,,Truck,4.6707,4.455,4.875,$ Per Bushel
2026-05-15,Corn,Indiana,,Truck,4.8061,4.655,5.025,$ Per Bushel
2026-05-15,Corn,Iowa,,Truck,4.4273,4.345,4.545,$ Per Bushel
2026-05-15,Corn,Kansas,,Truck,4.6117,4.525,4.675,$ Per Bushel
2026-05-15,Corn,Michigan,,Truck,4.591,4.475,4.775,$ Per Bushel
2026-05-15,Corn,Minnesota,,Truck,4.15,4.015,4.275,$ Per Bushel
2026-05-15,Corn,Missouri,,Truck,4.4575,4.405,4.505,$ Per Bushel
2026-05-15,Corn,Nebraska,,Truck,4.3556,4.115,4.505,$ Per Bushel
2026-05-15,Corn,Ohio,,Truck,4.9,4.775,4.975,$ Per Bushel
2026-05-15,Corn,South Dakota,,Truck,4.0592,3.975,4.325,$ Per Bushel
2026-05-15,Corn,Wisconsin,,Truck,4.273,4.125,4.445,$ Per Bushel
2026-05-18,Corn,Illinois,,Truck,4.5546,4.3375,4.7575,$ Per Bushel
2026-05-18,Corn,Indiana,,Truck,4.6908,4.5375,4.9075,$ Per Bushel
2026-05-18,Corn,Iowa,,Truck,4.2675,4.1075,4.4175,$ Per Bushel
2026-05-18,Corn,Kansas,,Truck,4.5175,4.4075,4.6075,$ Per Bushel
2026-05-18,Corn,Michigan,,Truck,4.4835,4.4075,4.6575,$ Per Bushel
2026-05-18,Corn,Minnesota,,Truck,4.0325,3.8975,4.1575,$ Per Bushel
2026-05-18,Corn,Missouri,,Truck,4.34,4.2875,4.3875,$ Per Bushel
2026-05-18,Corn,Nebraska,,Truck,4.241,3.9975,4.3875,$ Per Bushel
2026-05-18,Corn,Ohio,,Truck,4.7825,4.6575,4.8575,$ Per Bushel
2026-05-18,Corn,South Dakota,,Truck,3.9467,3.8575,4.2075,$ Per Bushel
2026-05-18,Corn,Wisconsin,,Truck,4.1555,4.0075,4.3275,$ Per Bushel
2026-05-19,Corn,Illinois,,Truck,4.7671,4.55,4.97,$ Per Bushel
2026-05-19,Corn,Indiana,,Truck,4.9033,4.75,5.12,$ Per Bushel
2026-05-19,Corn,Iowa,,Truck,4.5254,4.44,4.65,$ Per Bushel
2026-05-19,Corn,Kansas,,Truck,4.7233,4.62,4.82,$ Per Bushel
2026-05-19,Corn,Michigan,,Truck,4.696,4.62,4.87,$ Per Bushel
2026-05-19,Corn,Minnesota,,Truck,4.245,4.11,4.37,$ Per Bushel
2026-05-19,Corn,Missouri,,Truck,4.5525,4.5,4.6,$ Per Bushel
2026-05-19,Corn,Nebraska,,Truck,4.4529,4.21,4.6,$ Per Bushel
2026-05-19,Corn,Ohio,,Truck,5.0033,4.87,5.12,$ Per Bushel
2026-05-19,Corn,South Dakota,,Truck,4.1558,4.07,4.41,$ Per Bushel
2026-05-19,Corn,Wisconsin,,Truck,4.364,4.2,4.54,$ Per Bushel
2026-05-20,Corn,Illinois,,Truck,4.7511,4.5325,4.9625,$ Per Bushel
2026-05-20,Corn,Indiana,,Truck,4.8892,4.7325,5.1025,$ Per Bushel
2026-05-20,Corn,Iowa,,Truck,4.4631,4.3025,4.6125,$ Per Bushel
2026-05-20,Corn,Kansas,,Truck,4.7058,4.6025,4.8025,$ Per Bushel
2026-05-20,Corn,Michigan,,Truck,4.6785,4.6025,4.8525,$ Per Bushel
2026-05-20,Corn,Minnesota,,Truck,4.2275,4.0925,4.3525,$ Per Bushel
2026-05-20,Corn,Missouri,,Truck,4.535,4.4825,4.5825,$ Per Bushel
2026-05-20,Corn,Nebraska,,Truck,4.4366,4.1925,4.5825,$ Per Bushel
2026-05-20,Corn,Ohio,,Truck,4.9858,4.8525,5.1025,$ Per Bushel
2026-05-20,Corn,South Dakota,,Truck,4.1383,4.0525,4.3925,$ Per Bushel
2026-05-20,Corn,Wisconsin,,Truck,4.3525,4.1825,4.5225,$ Per Bushel
2026-05-21,Corn,Illinois,,Truck,4.6561,4.4375,4.8675,$ Per Bushel
2026-05-21,Corn,Indiana,,Truck,4.7975,4.6375,5.0075,$ Per Bushel
2026-05-21,Corn,Iowa,,Truck,4.3699,4.2075,4.5175,$ Per Bushel
2026-05-21,Corn,Kansas,,Truck,4.6108,4.5075,4.7075,$ Per Bushel
2026-05-21,Corn,Michigan,,Truck,4.5835,4.5075,4.7575,$ Per Bushel
2026-05-21,Corn,Minnesota,,Truck,4.1308,3.9875,4.2575,$ Per Bushel
2026-05-21,Corn,Missouri,,Truck,4.4625,4.3875,4.5375,$ Per Bushel
2026-05-21,Corn,Nebraska,,Truck,4.3446,4.0975,4.5075,$ Per Bushel
2026-05-21,Corn,Ohio,,Truck,4.8908,4.7575,5.0075,$ Per Bushel
2026-05-21,Corn,South Dakota,,Truck,4.0433,3.9575,4.2975,$ Per Bushel
2026-05-21,Corn,Wisconsin,,Truck,4.2575,4.0875,4.4275,$ Per Bushel
2026-05-22,Corn,Illinois,,Truck,4.6225,4.4025,4.8225,$ Per Bushel
2026-05-22,Corn,Indiana,,Truck,4.7625,4.6025,4.9725,$ Per Bushel
2026-05-22,Corn,Iowa,,Truck,4.3378,4.1725,4.4825,$ Per Bushel
2026-05-22,Corn,Kansas,,Truck,4.5758,4.4725,4.6725,$ Per Bushel
2026-05-22,Corn,Michigan,,Truck,4.5485,4.4725,4.7225,$ Per Bushel
2026-05-22,Corn,Minnesota,,Truck,4.1025,3.9525,4.2225,$ Per Bushel
2026-05-22,Corn,Missouri,,Truck,4.4275,4.3525,4.5025,$ Per Bushel
2026-05-22,Corn,Nebraska,,Truck,4.3113,4.0625,4.4725,$ Per Bushel
2026-05-22,Corn,Ohio,,Truck,4.8558,4.7225,4.9725,$ Per Bushel
2026-05-22,Corn,South Dakota,,Truck,4.0092,3.9225,4.2725,$ Per Bushel
2026-05-22,Corn,Wisconsin,,Truck,4.2225,4.0525,4.3925,$ Per Bushel
2026-05-26,Corn,Illinois,,Truck,4.6311,4.4125,4.8425,$ Per Bushel
2026-05-26,Corn,Indiana,,Truck,4.7725,4.6125,4.9825,$ Per Bushel
2026-05-26,Corn,Iowa,,Truck,4.3472,4.1825,4.4925,$ Per Bushel
2026-05-26,Corn,Kansas,,Truck,4.5858,4.4825,4.6825,$ Per Bushel
2026-05-26,Corn,Michigan,,Truck,4.5585,4.4825,4.7325,$ Per Bushel
2026-05-26,Corn,Minnesota,,Truck,4.1125,3.9625,4.2325,$ Per Bushel
2026-05-26,Corn,Missouri,,Truck,4.4375,4.3625,4.5125,$ Per Bushel
2026-05-26,Corn,Nebraska,,Truck,4.3184,4.0725,4.4825,$ Per Bushel
2026-05-26,Corn,Ohio,,Truck,4.8658,4.7325,4.9825,$ Per Bushel
2026-05-26,Corn,South Dakota,,Truck,4.0192,3.9325,4.2825,$ Per Bushel
2026-05-26,Corn,Wisconsin,,Truck,4.2325,4.0625,4.4025,$ Per Bushel
2026-05-27,Corn,Illinois,,Truck,4.5721,4.355,4.775,$ Per Bushel
2026-05-27,Corn,Indiana,,Truck,4.7183,4.585,4.925,$ Per Bushel
2026-05-27,Corn,Iowa,,Truck,4.3358,4.245,4.455,$ Per Bushel
2026-05-27,Corn,Kansas,,Truck,4.5283,4.425,4.625,$ Per Bushel
2026-05-27,Corn,Michigan,,Truck,4.501,4.425,4.675,$ Per Bushel
2026-05-27,Corn,Minnesota,,Truck,4.055,3.905,4.175,$ Per Bushel
2026-05-27,Corn,Missouri,,Truck,4.3975,4.305,4.525,$ Per Bushel
2026-05-27,Corn,Nebraska,,Truck,4.2674,4.015,4.435,$ Per Bushel
2026-05-27,Corn,Ohio,,Truck,4.8167,4.675,4.925,$ Per Bushel
2026-05-27,Corn,South Dakota,,Truck,3.9667,3.875,4.235,$ Per Bushel
2026-05-27,Corn,Wisconsin,,Truck,4.175,4.005,4.345,$ Per Bushel
2026-05-28,Corn,Illinois,,Truck,4.5221,4.305,4.725,$ Per Bushel
2026-05-28,Corn,Indiana,,Truck,4.6739,4.565,4.875,$ Per Bushel
2026-05-28,Corn,Iowa,,Truck,4.2432,4.075,4.385,$ Per Bushel
2026-05-28,Corn,Kansas,,Truck,4.525,4.475,4.575,$ Per Bushel
2026-05-28,Corn,Michigan,,Truck,4.451,4.375,4.625,$ Per Bushel
2026-05-28,Corn,Minnesota,,Truck,4.005,3.855,4.125,$ Per Bushel
2026-05-28,Corn,Missouri,,Truck,4.3575,4.275,4.475,$ Per Bushel
2026-05-28,Corn,Nebraska,,Truck,4.2215,3.965,4.385,$ Per Bushel
2026-05-28,Corn,Ohio,,Truck,4.775,4.625,4.875,$ Per Bushel
2026-05-28,Corn,South Dakota,,Truck,3.9208,3.825,4.185,$ Per Bushel
2026-05-28,Corn,Wisconsin,,Truck,4.125,3.955,4.295,$ Per Bushel
2026-05-29,Corn,Illinois,,Truck,4.5546,4.3375,4.7575,$ Per Bushel
2026-05-29,Corn,Indiana,,Truck,4.7097,4.5975,4.9075,$ Per Bushel
2026-05-29,Corn,Iowa,,Truck,4.2834,4.1075,4.4175,$ Per Bushel
2026-05-29,Corn,Kansas,,Truck,4.5575,4.5075,4.6075,$ Per Bushel
2026-05-29,Corn,Michigan,,Truck,4.4935,4.4075,4.7075,$ Per Bushel
2026-05-29,Corn,Minnesota,,Truck,4.0375,3.8875,4.1575,$ Per Bushel
2026-05-29,Corn,Missouri,,Truck,4.39,4.3075,4.5075,$ Per Bushel
2026-05-29,Corn,Nebraska,,Truck,4.2616,3.9975,4.4375,$ Per Bushel
2026-05-29,Corn,Ohio,,Truck,4.8075,4.6575,4.9075,$ Per Bushel
2026-05-29,Corn,South Dakota,,Truck,3.9542,3.8575,4.2275,$ Per Bushel
2026-05-29,Corn,Wisconsin,,Truck,4.1595,3.9875,4.3375,$ Per Bushel
2026-06-01,Corn,Illinois,,Truck,4.4775,4.2475,4.6975,$ Per Bushel
2026-06-01,Corn,Indiana,,Truck,4.6231,4.5075,4.8175,$ Per Bushel
2026-06-01,Corn,Iowa,,Truck,4.2051,4.0675,4.3275,$ Per Bushel
2026-06-01,Corn,Kansas,,Truck,4.4808,4.4175,4.5175,$ Per Bushel
2026-06-01,Corn,Michigan,,Truck,4.4535,4.3175,4.6175,$ Per Bushel
2026-06-01,Corn,Minnesota,,Truck,3.9625,3.7975,4.0875,$ Per Bushel
2026-06-01,Corn,Missouri,,Truck,4.3075,4.2175,4.4175,$ Per Bushel
2026-06-01,Corn,Nebraska,,Truck,4.201,3.9875,4.3475,$ Per Bushel
2026-06-01,Corn,Ohio,,Truck,4.7425,4.6175,4.8175,$ Per Bushel
2026-06-01,Corn,South Dakota,,Truck,3.8717,3.7875,4.1375,$ Per Bushel
2026-06-01,Corn,Wisconsin,,Truck,4.0715,3.9175,4.2575,$ Per Bushel
2026-06-02,Corn,Illinois,,Truck,4.4757,4.32,4.68,$ Per Bushel
2026-06-02,Corn,Indiana,,Truck,4.6056,4.49,4.79,$ Per Bushel
2026-06-02,Corn,Iowa,,Truck,4.2438,4.11,4.34,$ Per Bushel
2026-06-02,Corn,Kansas,,Truck,4.47,4.44,4.49,$ Per Bushel
2026-06-02,Corn,Michigan,,Truck,4.426,4.29,4.59,$ Per Bushel
2026-06-02,Corn,Minnesota,,Truck,3.935,3.77,4.06,$ Per Bushel
2026-06-02,Corn,Missouri,,Truck,4.2825,4.19,4.39,$ Per Bushel
2026-06-02,Corn,Nebraska,,Truck,4.1829,3.96,4.35,$ Per Bushel
2026-06-02,Corn,Ohio,,Truck,4.7233,4.59,4.79,$ Per Bushel
2026-06-02,Corn,South Dakota,,Truck,3.8517,3.76,4.13,$ Per Bushel
2026-06-02,Corn,Wisconsin,,Truck,4.054,3.89,4.23,$ Per Bushel
2026-06-03,Corn,Illinois,,Truck,4.4364,4.285,4.645,$ Per Bushel
2026-06-03,Corn,Indiana,,Truck,4.5761,4.455,4.755,$ Per Bushel
2026-06-03,Corn,Iowa,,Truck,4.1574,4.005,4.265,$ Per Bushel
2026-06-03,Corn,Kansas,,Truck,4.435,4.405,4.455,$ Per Bushel
2026-06-03,Corn,Michigan,,Truck,4.391,4.255,4.555,$ Per Bushel
2026-06-03,Corn,Minnesota,,Truck,3.945,3.735,4.025,$ Per Bushel
2026-06-03,Corn,Missouri,,Truck,4.2575,4.195,4.355,$ Per Bushel
2026-06-03,Corn,Nebraska,,Truck,4.1526,3.925,4.315,$ Per Bushel
2026-06-03,Corn,Ohio,,Truck,4.7017,4.555,4.805,$ Per Bushel
2026-06-03,Corn,South Dakota,,Truck,3.8233,3.725,4.095,$ Per Bushel
2026-06-03,Corn,Wisconsin,,Truck,4.019,3.855,4.195,$ Per Bushel
2026-06-04,Corn,Illinois,,Truck,4.3507,4.195,4.555,$ Per Bushel
2026-06-04,Corn,Indiana,,Truck,4.4917,4.365,4.665,$ Per Bushel
2026-06-04,Corn,Iowa,,Truck,4.125,3.985,4.225,$ Per Bushel
2026-06-04,Corn,Kansas,,Truck,4.345,4.315,4.365,$ Per Bushel
2026-06-04,Corn,Michigan,,Truck,4.301,4.165,4.465,$ Per Bushel
2026-06-04,Corn,Minnesota,,Truck,3.865,3.645,3.935,$ Per Bushel
2026-06-04,Corn,Missouri,,Truck,4.17,4.105,4.265,$ Per Bushel
2026-06-04,Corn,Nebraska,,Truck,4.0668,3.855,4.225,$ Per Bushel
2026-06-04,Corn,Ohio,,Truck,4.62,4.465,4.765,$ Per Bushel
2026-06-04,Corn,South Dakota,,Truck,3.7383,3.655,4.005,$ Per Bushel
2026-06-04,Corn,Wisconsin,,Truck,3.929,3.765,4.105,$ Per Bushel
2026-06-05,Corn,Illinois,,Truck,4.2807,4.125,4.485,$ Per Bushel
2026-06-05,Corn,Indiana,,Truck,4.425,4.295,4.595,$ Per Bushel
2026-06-05,Corn,Iowa,,Truck,4.0209,3.895,4.135,$ Per Bushel
2026-06-05,Corn,Kansas,,Truck,4.2783,4.245,4.295,$ Per Bushel
2026-06-05,Corn,Michigan,,Truck,4.231,4.095,4.395,$ Per Bushel
2026-06-05,Corn,Minnesota,,Truck,3.8067,3.595,3.875,$ Per Bushel
2026-06-05,Corn,Missouri,,Truck,4.105,4.035,4.195,$ Per Bushel
2026-06-05,Corn,Nebraska,,Truck,4.0068,3.785,4.155,$ Per Bushel
2026-06-05,Corn,Ohio,,Truck,4.5583,4.395,4.695,$ Per Bushel
2026-06-05,Corn,South Dakota,,Truck,3.6725,3.555,3.935,$ Per Bushel
2026-06-05,Corn,Wisconsin,,Truck,3.867,3.695,4.055,$ Per Bushel
2026-06-08,Corn,Illinois,,Truck,4.2107,4.055,4.415,$ Per Bushel
2026-06-08,Corn,Indiana,,Truck,4.3639,4.225,4.525,$ Per Bushel
2026-06-08,Corn,Iowa,,Truck,3.9574,3.825,4.065,$ Per Bushel
2026-06-08,Corn,Kansas,,Truck,4.225,4.175,4.275,$ Per Bushel
2026-06-08,Corn,Michigan,,Truck,4.161,4.025,4.325,$ Per Bushel
2026-06-08,Corn,Minnesota,,Truck,3.7367,3.525,3.805,$ Per Bushel
2026-06-08,Corn,Missouri,,Truck,4.0375,3.965,4.125,$ Per Bushel
2026-06-08,Corn,Nebraska,,Truck,3.9538,3.755,4.105,$ Per Bushel
2026-06-08,Corn,Ohio,,Truck,4.4917,4.325,4.625,$ Per Bushel
2026-06-08,Corn,South Dakota,,Truck,3.6042,3.485,3.885,$ Per Bushel
2026-06-08,Corn,Wisconsin,,Truck,3.797,3.625,3.985,$ Per Bushel
2026-06-09,Corn,Illinois,,Truck,4.2161,4.0675,4.3875,$ Per Bushel
2026-06-09,Corn,Indiana,,Truck,4.4097,4.2375,4.5875,$ Per Bushel
2026-06-09,Corn,Iowa,,Truck,3.9822,3.8375,4.1175,$ Per Bushel
2026-06-09,Corn,Kansas,,Truck,4.2642,4.2375,4.2875,$ Per Bushel
2026-06-09,Corn,Michigan,,Truck,4.2035,4.0675,4.3375,$ Per Bushel
2026-06-09,Corn,Minnesota,,Truck,3.7558,3.5375,3.8375,$ Per Bushel
2026-06-09,Corn,Missouri,,Truck,4.0675,3.9775,4.1875,$ Per Bushel
2026-06-09,Corn,Nebraska,,Truck,3.9704,3.7675,4.1175,$ Per Bushel
2026-06-09,Corn,Ohio,,Truck,4.5542,4.3375,4.7375,$ Per Bushel
2026-06-09,Corn,South Dakota,,Truck,3.6283,3.5075,3.9075,$ Per Bushel
2026-06-09,Corn,Wisconsin,,Truck,3.8095,3.6375,3.9975,$ Per Bushel
2026-06-10,Corn,Illinois,,Truck,4.225,4.075,4.395,$ Per Bushel
2026-06-10,Corn,Indiana,,Truck,4.4172,4.245,4.595,$ Per Bushel
2026-06-10,Corn,Iowa,,Truck,3.9997,3.845,4.145,$ Per Bushel
2026-06-10,Corn,Kansas,,Truck,4.2717,4.245,4.295,$ Per Bushel
2026-06-10,Corn,Michigan,,Truck,4.211,4.075,4.345,$ Per Bushel
2026-06-10,Corn,Minnesota,,Truck,3.7767,3.545,3.845,$ Per Bushel
2026-06-10,Corn,Missouri,,Truck,4.075,3.985,4.195,$ Per Bushel
2026-06-10,Corn,Nebraska,,Truck,3.9832,3.775,4.175,$ Per Bushel
2026-06-10,Corn,Ohio,,Truck,4.5617,4.345,4.745,$ Per Bushel
2026-06-10,Corn,South Dakota,,Truck,3.6408,3.515,3.935,$ Per Bushel
2026-06-10,Corn,Wisconsin,,Truck,3.817,3.645,4.005,$ Per Bushel
2026-06-11,Corn,Illinois,,Truck,4.2214,4.07,4.4,$ Per Bushel
2026-06-11,Corn,Indiana,,Truck,4.4311,4.34,4.59,$ Per Bushel
2026-06-11,Corn,Iowa,,Truck,4.0385,3.91,4.14,$ Per Bushel
2026-06-11,Corn,Kansas,,Truck,4.2667,4.24,4.29,$ Per Bushel
2026-06-11,Corn,Michigan,,Truck,4.206,4.07,4.34,$ Per Bushel
2026-06-11,Corn,Minnesota,,Truck,3.785,3.57,3.89,$ Per Bushel
2026-06-11,Corn,Missouri,,Truck,4.09,4.01,4.19,$ Per Bushel
2026-06-11,Corn,Nebraska,,Truck,3.98,3.77,4.2,$ Per Bushel
2026-06-11,Corn,Ohio,,Truck,4.5567,4.34,4.74,$ Per Bushel
2026-06-11,Corn,South Dakota,,Truck,3.6417,3.51,3.95,$ Per Bushel
2026-06-11,Corn,Wisconsin,,Truck,3.818,3.67,4.0,$ Per Bushel
2026-06-12,Corn,Illinois,,Truck,4.1546,3.9975,4.3475,$ Per Bushel
2026-06-12,Corn,Indiana,,Truck,4.3719,4.2675,4.5175,$ Per Bushel
2026-06-12,Corn,Iowa,,Truck,3.9475,3.7675,4.1075,$ Per Bushel
2026-06-12,Corn,Kansas,,Truck,4.2275,4.1675,4.3175,$ Per Bushel
2026-06-12,Corn,Michigan,,Truck,4.1575,3.9975,4.3175,$ Per Bushel
2026-06-12,Corn,Minnesota,,Truck,3.7225,3.4975,3.8175,$ Per Bushel
2026-06-12,Corn,Missouri,,Truck,4.0425,3.9375,4.2175,$ Per Bushel
2026-06-12,Corn,Nebraska,,Truck,3.924,3.6975,4.1475,$ Per Bushel
2026-06-12,Corn,Ohio,,Truck,4.4842,4.2675,4.6675,$ Per Bushel
2026-06-12,Corn,South Dakota,,Truck,3.5767,3.4375,3.8775,$ Per Bushel
2026-06-12,Corn,Wisconsin,,Truck,3.7455,3.5975,3.9275,$ Per Bushel
2026-06-15,Corn,Illinois,,Truck,4.1718,4.0075,4.3675,$ Per Bushel
2026-06-15,Corn,Indiana,,Truck,4.3853,4.2775,4.5275,$ Per Bushel
2026-06-15,Corn,Iowa,,Truck,3.9806,3.8475,4.0775,$ Per Bushel
2026-06-15,Corn,Kansas,,Truck,4.2375,4.1775,4.3275,$ Per Bushel
2026-06-15,Corn,Michigan,,Truck,4.1675,4.0075,4.3275,$ Per Bushel
2026-06-15,Corn,Minnesota,,Truck,3.7325,3.5075,3.8275,$ Per Bushel
2026-06-15,Corn,Missouri,,Truck,4.0525,3.9475,4.2275,$ Per Bushel
2026-06-15,Corn,Nebraska,,Truck,3.941,3.7275,4.1575,$ Per Bushel
2026-06-15,Corn,Ohio,,Truck,4.4775,4.2775,4.6775,$ Per Bushel
2026-06-15,Corn,South Dakota,,Truck,3.6017,3.4775,3.8875,$ Per Bushel
2026-06-15,Corn,Wisconsin,,Truck,3.7555,3.6075,3.9375,$ Per Bushel
2026-06-16,Corn,Illinois,,Truck,4.2007,4.035,4.405,$ Per Bushel
2026-06-16,Corn,Indiana,,Truck,4.4128,4.305,4.555,$ Per Bushel
2026-06-16,Corn,Iowa,,Truck,4.0015,3.805,4.145,$ Per Bushel
2026-06-16,Corn,Kansas,,Truck,4.2717,4.225,4.355,$ Per Bushel
2026-06-16,Corn,Michigan,,Truck,4.205,4.035,4.405,$ Per Bushel
2026-06-16,Corn,Minnesota,,Truck,3.76,3.535,3.855,$ Per Bushel
2026-06-16,Corn,Missouri,,Truck,4.08,3.975,4.255,$ Per Bushel
2026-06-16,Corn,Nebraska,,Truck,3.9697,3.785,4.185,$ Per Bushel
2026-06-16,Corn,Ohio,,Truck,4.53,4.305,4.705,$ Per Bushel
2026-06-16,Corn,South Dakota,,Truck,3.6325,3.505,3.915,$ Per Bushel
2026-06-16,Corn,Wisconsin,,Truck,3.787,3.635,3.985,$ Per Bushel
2026-06-17,Corn,Illinois,,Truck,4.1904,4.0375,4.3875,$ Per Bushel
2026-06-17,Corn,Indiana,,Truck,4.4042,4.2875,4.5375,$ Per Bushel
2026-06-17,Corn,Iowa,,Truck,3.9922,3.7875,4.1275,$ Per Bushel
2026-06-17,Corn,Kansas,,Truck,4.2542,4.2075,4.3375,$ Per Bushel
2026-06-17,Corn,Michigan,,Truck,4.1875,4.0175,4.3875,$ Per Bushel
2026-06-17,Corn,Minnesota,,Truck,3.7425,3.5175,3.8375,$ Per Bushel
2026-06-17,Corn,Missouri,,Truck,4.06,3.9475,4.2375,$ Per Bushel
2026-06-17,Corn,Nebraska,,Truck,3.9593,3.7775,4.1675,$ Per Bushel
2026-06-17,Corn,Ohio,,Truck,4.5125,4.2875,4.6875,$ Per Bushel
2026-06-17,Corn,South Dakota,,Truck,3.625,3.4875,3.8975,$ Per Bushel
2026-06-17,Corn,Wisconsin,,Truck,3.7695,3.6175,3.9675,$ Per Bushel
2026-06-18,Corn,Illinois,,Truck,4.2571,4.11,4.45,$ Per Bushel
2026-06-18,Corn,Indiana,,Truck,4.4767,4.36,4.61,$ Per Bushel
2026-06-18,Corn,Iowa,,Truck,4.0729,3.86,4.22,$ Per Bushel
2026-06-18,Corn,Kansas,,Truck,4.36,4.28,4.51,$ Per Bushel
2026-06-18,Corn,Michigan,,Truck,4.26,4.09,4.46,$ Per Bushel
2026-06-18,Corn,Minnesota,,Truck,3.82,3.59,3.91,$ Per Bushel
2026-06-18,Corn,Missouri,,Truck,4.1325,4.0,4.31,$ Per Bushel
2026-06-18,Corn,Nebraska,,Truck,4.0441,3.85,4.24,$ Per Bushel
2026-06-18,Corn,Ohio,,Truck,4.585,4.36,4.76,$ Per Bushel
2026-06-18,Corn,South Dakota,,Truck,3.6975,3.56,3.97,$ Per Bushel
2026-06-18,Corn,Wisconsin,,Truck,3.854,3.73,4.04,$ Per Bushel
2026-06-22,Corn,Illinois,,Truck,4.2207,4.075,4.415,$ Per Bushel
2026-06-22,Corn,Indiana,,Truck,4.4417,4.325,4.575,$ Per Bushel
2026-06-22,Corn,Iowa,,Truck,4.0344,3.825,4.185,$ Per Bushel
2026-06-22,Corn,Kansas,,Truck,4.335,4.255,4.475,$ Per Bushel
2026-06-22,Corn,Michigan,,Truck,4.225,4.055,4.425,$ Per Bushel
2026-06-22,Corn,Minnesota,,Truck,3.785,3.555,3.875,$ Per Bushel
2026-06-22,Corn,Missouri,,Truck,4.0975,3.965,4.275,$ Per Bushel
2026-06-22,Corn,Nebraska,,Truck,4.0221,3.815,4.235,$ Per Bushel
2026-06-22,Corn,Ohio,,Truck,4.55,4.325,4.725,$ Per Bushel
2026-06-22,Corn,South Dakota,,Truck,3.6667,3.525,3.935,$ Per Bushel
2026-06-22,Corn,Wisconsin,,Truck,3.819,3.695,4.005,$ Per Bushel
2026-06-23,Corn,Illinois,,Truck,4.1664,4.015,4.385,$ Per Bushel
2026-06-23,Corn,Indiana,,Truck,4.3817,4.265,4.515,$ Per Bushel
2026-06-23,Corn,Iowa,,Truck,3.9797,3.765,4.125,$ Per Bushel
2026-06-23,Corn,Kansas,,Truck,4.275,4.195,4.415,$ Per Bushel
2026-06-23,Corn,Michigan,,Truck,4.165,3.995,4.365,$ Per Bushel
2026-06-23,Corn,Minnesota,,Truck,3.735,3.495,3.815,$ Per Bushel
2026-06-23,Corn,Missouri,,Truck,4.045,3.915,4.215,$ Per Bushel
2026-06-23,Corn,Nebraska,,Truck,3.9691,3.775,4.175,$ Per Bushel
2026-06-23,Corn,Ohio,,Truck,4.5017,4.315,4.665,$ Per Bushel
2026-06-23,Corn,South Dakota,,Truck,3.6142,3.465,3.905,$ Per Bushel
2026-06-23,Corn,Wisconsin,,Truck,3.759,3.635,3.945,$ Per Bushel
2026-06-24,Corn,Illinois,,Truck,4.1589,3.9975,4.3675,$ Per Bushel
2026-06-24,Corn,Indiana,,Truck,4.3553,4.2475,4.4975,$ Per Bushel
2026-06-24,Corn,Iowa,,Truck,3.9681,3.7475,4.1075,$ Per Bushel
2026-06-24,Corn,Kansas,,Truck,4.2742,4.1775,4.3475,$ Per Bushel
2026-06-24,Corn,Michigan,,Truck,4.1475,3.9775,4.3475,$ Per Bushel
2026-06-24,Corn,Minnesota,,Truck,3.7175,3.4775,3.7975,$ Per Bushel
2026-06-24,Corn,Missouri,,Truck,4.0275,3.8975,4.1975,$ Per Bushel
2026-06-24,Corn,Nebraska,,Truck,3.964,3.7575,4.1575,$ Per Bushel
2026-06-24,Corn,Ohio,,Truck,4.4758,4.2975,4.6475,$ Per Bushel
2026-06-24,Corn,South Dakota,,Truck,3.6033,3.4475,3.9075,$ Per Bushel
2026-06-24,Corn,Wisconsin,,Truck,3.7555,3.6175,3.9475,$ Per Bushel
2026-06-25,Corn,Illinois,,Truck,4.1329,3.97,4.36,$ Per Bushel
2026-06-25,Corn,Indiana,,Truck,4.3389,4.27,4.52,$ Per Bushel
2026-06-25,Corn,Iowa,,Truck,3.9513,3.85,4.05,$ Per Bushel
2026-06-25,Corn,Kansas,,Truck,4.2467,4.15,4.32,$ Per Bushel
2026-06-25,Corn,Michigan,,Truck,4.1355,3.99,4.32,$ Per Bushel
2026-06-25,Corn,Minnesota,,Truck,3.7,3.49,3.77,$ Per Bushel
2026-06-25,Corn,Missouri,,Truck,4.0,3.87,4.17,$ Per Bushel
2026-06-25,Corn,Nebraska,,Truck,3.9441,3.77,4.13,$ Per Bushel
2026-06-25,Corn,Ohio,,Truck,4.4483,4.27,4.62,$ Per Bushel
2026-06-25,Corn,South Dakota,,Truck,3.5792,3.42,3.88,$ Per Bushel
2026-06-25,Corn,Wisconsin,,Truck,3.736,3.59,3.92,$ Per Bushel
2026-06-26,Corn,Illinois,,Truck,4.2225,4.0475,4.4475,$ Per Bushel
2026-06-26,Corn,Indiana,,Truck,4.4325,4.3475,4.5975,$ Per Bushel
2026-06-26,Corn,Iowa,,Truck,4.0366,3.8425,4.1575,$ Per Bushel
2026-06-26,Corn,Kansas,,Truck,4.3242,4.2275,4.3975,$ Per Bushel
2026-06-26,Corn,Michigan,,Truck,4.2145,4.0675,4.3975,$ Per Bushel
2026-06-26,Corn,Minnesota,,Truck,3.7825,3.5675,3.8475,$ Per Bushel
2026-06-26,Corn,Missouri,,Truck,4.0725,3.9475,4.2475,$ Per Bushel
2026-06-26,Corn,Nebraska,,Truck,4.044,3.8475,4.2425,$ Per Bushel
2026-06-26,Corn,Ohio,,Truck,4.5258,4.3475,4.6975,$ Per Bushel
2026-06-26,Corn,South Dakota,,Truck,3.6567,3.4975,3.9575,$ Per Bushel
2026-06-26,Corn,Wisconsin,,Truck,3.8135,3.6675,3.9975,$ Per Bushel
2026-06-29,Corn,Illinois,,Truck,4.2089,4.0275,4.4475,$ Per Bushel
2026-06-29,Corn,Indiana,,Truck,4.4197,4.3275,4.5775,$ Per Bushel
2026-06-29,Corn,Iowa,,Truck,4.0187,3.8175,4.1175,$ Per Bushel
2026-06-29,Corn,Kansas,,Truck,4.3442,4.2075,4.4975,$ Per Bushel
2026-06-29,Corn,Michigan,,Truck,4.2015,4.0475,4.4175,$ Per Bushel
2026-06-29,Corn,Minnesota,,Truck,3.7642,3.5475,3.8375,$ Per Bushel
2026-06-29,Corn,Missouri,,Truck,4.045,3.9275,4.2275,$ Per Bushel
2026-06-29,Corn,Nebraska,,Truck,4.0293,3.8275,4.2175,$ Per Bushel
2026-06-29,Corn,Ohio,,Truck,4.5075,4.3275,4.6775,$ Per Bushel
2026-06-29,Corn,South Dakota,,Truck,3.6508,3.4775,3.9375,$ Per Bushel
2026-06-29,Corn,Wisconsin,,Truck,3.7935,3.6475,3.9775,$ Per Bushel
2026-06-30,Corn,Illinois,,Truck,4.1068,3.92,4.38,$ Per Bushel
2026-06-30,Corn,Indiana,,Truck,4.3108,4.22,4.47,$ Per Bushel
2026-06-30,Corn,Iowa,,Truck,3.9119,3.7025,4.0325,$ Per Bushel
2026-06-30,Corn,Kansas,,Truck,4.245,4.1125,4.4025,$ Per Bushel
2026-06-30,Corn,Michigan,,Truck,4.0895,3.94,4.3025,$ Per Bushel
2026-06-30,Corn,Minnesota,,Truck,3.6646,3.44,3.7225,$ Per Bushel
2026-06-30,Corn,Missouri,,Truck,3.9331,3.82,4.1025,$ Per Bushel
2026-06-30,Corn,Nebraska,,Truck,3.9497,3.7225,4.1525,$ Per Bushel
2026-06-30,Corn,Ohio,,Truck,4.4058,4.22,4.57,$ Per Bushel
2026-06-30,Corn,South Dakota,,Truck,3.5652,3.37,3.83,$ Per Bushel
2026-06-30,Corn,Wisconsin,,Truck,3.7135,3.5625,3.8625,$ Per Bushel
2026-07-01,Corn,Illinois,,Truck,4.2061,4.0375,4.5275,$ Per Bushel
2026-07-01,Corn,Indiana,,Truck,4.4008,4.3075,4.5675,$ Per Bushel
2026-07-01,Corn,Iowa,,Truck,3.9929,3.8575,4.1075,$ Per Bushel
2026-07-01,Corn,Kansas,,Truck,4.3542,4.1775,4.4675,$ Per Bushel
2026-07-01,Corn,Michigan,,Truck,4.1715,4.0475,4.3675,$ Per Bushel
2026-07-01,Corn,Minnesota,,Truck,3.7408,3.5475,3.7875,$ Per Bushel
2026-07-01,Corn,Missouri,,Truck,4.0425,3.9275,4.2175,$ Per Bushel
2026-07-01,Corn,Nebraska,,Truck,4.0122,3.7875,4.2175,$ Per Bushel
2026-07-01,Corn,Ohio,,Truck,4.5108,4.3275,4.7175,$ Per Bushel
2026-07-01,Corn,South Dakota,,Truck,3.6475,3.4675,3.9075,$ Per Bushel
2026-07-01,Corn,Wisconsin,,Truck,3.7915,3.6275,3.9775,$ Per Bushel
2026-07-02,Corn,Illinois,,Truck,4.2993,4.0975,4.5975,$ Per Bushel
2026-07-02,Corn,Indiana,,Truck,4.4667,4.3675,4.6275,$ Per Bushel
2026-07-02,Corn,Iowa,,Truck,4.0522,3.9175,4.1275,$ Per Bushel
2026-07-02,Corn,Kansas,,Truck,4.4142,4.2375,4.5275,$ Per Bushel
2026-07-02,Corn,Michigan,,Truck,4.206,3.8775,4.4275,$ Per Bushel
2026-07-02,Corn,Minnesota,,Truck,3.8092,3.6275,3.8775,$ Per Bushel
2026-07-02,Corn,Missouri,,Truck,4.1025,3.9875,4.2775,$ Per Bushel
2026-07-02,Corn,Nebraska,,Truck,4.0704,3.8475,4.2775,$ Per Bushel
2026-07-02,Corn,Ohio,,Truck,4.5942,4.4275,4.7775,$ Per Bushel
2026-07-02,Corn,South Dakota,,Truck,3.7158,3.5275,3.9675,$ Per Bushel
2026-07-02,Corn,Wisconsin,,Truck,3.8475,3.6275,4.0575,$ Per Bushel
2026-07-06,Corn,Illinois,,Truck,4.3086,4.1,4.63,$ Per Bushel
2026-07-06,Corn,Indiana,,Truck,4.4767,4.37,4.68,$ Per Bushel
2026-07-06,Corn,Iowa,,Truck,4.0623,3.96,4.2,$ Per Bushel
2026-07-06,Corn,Kansas,,Truck,4.41,4.22,4.53,$ Per Bushel
2026-07-06,Corn,Michigan,,Truck,4.3075,4.18,4.48,$ Per Bushel
2026-07-06,Corn,Minnesota,,Truck,3.8117,3.63,3.88,$ Per Bushel
2026-07-06,Corn,Missouri,,Truck,4.11,3.99,4.28,$ Per Bushel
2026-07-06,Corn,Nebraska,,Truck,4.08,3.85,4.28,$ Per Bushel
2026-07-06,Corn,Ohio,,Truck,4.5967,4.43,4.78,$ Per Bushel
2026-07-06,Corn,South Dakota,,Truck,3.71,3.53,3.93,$ Per Bushel
2026-07-06,Corn,Wisconsin,,Truck,3.85,3.63,4.06,$ Per Bushel
2026-07-07,Corn,Illinois,,Truck,4.4782,4.2525,4.8025,$ Per Bushel
2026-07-07,Corn,Indiana,,Truck,4.6292,4.5225,4.8325,$ Per Bushel
2026-07-07,Corn,Iowa,,Truck,4.1966,4.0725,4.3025,$ Per Bushel
2026-07-07,Corn,Kansas,,Truck,4.5625,4.3725,4.6825,$ Per Bushel
2026-07-07,Corn,Michigan,,Truck,4.46,4.3325,4.6325,$ Per Bushel
2026-07-07,Corn,Minnesota,,Truck,3.9608,3.7825,4.0325,$ Per Bushel
2026-07-07,Corn,Missouri,,Truck,4.2525,4.1425,4.4325,$ Per Bushel
2026-07-07,Corn,Nebraska,,Truck,4.2284,4.0025,4.4325,$ Per Bushel
2026-07-07,Corn,Ohio,,Truck,4.7625,4.5825,4.9325,$ Per Bushel
2026-07-07,Corn,South Dakota,,Truck,3.8517,3.6825,4.0425,$ Per Bushel
2026-07-07,Corn,Wisconsin,,Truck,4.0025,3.7825,4.2125,$ Per Bushel
2026-07-08,Corn,Illinois,,Truck,4.5332,4.3075,4.8575,$ Per Bushel
2026-07-08,Corn,Indiana,,Truck,4.6842,4.5775,4.8875,$ Per Bushel
2026-07-08,Corn,Iowa,,Truck,4.2475,4.0875,4.3575,$ Per Bushel
2026-07-08,Corn,Kansas,,Truck,4.6042,4.3875,4.7375,$ Per Bushel
2026-07-08,Corn,Michigan,,Truck,4.5,4.3875,4.6875,$ Per Bushel
2026-07-08,Corn,Minnesota,,Truck,4.0125,3.8375,4.0875,$ Per Bushel
2026-07-08,Corn,Missouri,,Truck,4.3225,4.1975,4.5175,$ Per Bushel
2026-07-08,Corn,Nebraska,,Truck,4.2787,4.0975,4.4875,$ Per Bushel
2026-07-08,Corn,Ohio,,Truck,4.8092,4.5875,4.9875,$ Per Bushel
2026-07-08,Corn,South Dakota,,Truck,3.9033,3.7375,4.0975,$ Per Bushel
2026-07-08,Corn,Wisconsin,,Truck,4.0615,3.8375,4.2675,$ Per Bushel
2026-07-09,Corn,Illinois,,Truck,4.4457,4.22,4.77,$ Per Bushel
2026-07-09,Corn,Indiana,,Truck,4.5967,4.49,4.8,$ Per Bushel
2026-07-09,Corn,Iowa,,Truck,4.16,4.0,4.27,$ Per Bushel
2026-07-09,Corn,Kansas,,Truck,4.5167,4.3,4.65,$ Per Bushel
2026-07-09,Corn,Michigan,,Truck,4.4125,4.3,4.6,$ Per Bushel
2026-07-09,Corn,Minnesota,,Truck,3.925,3.75,4.0,$ Per Bushel
2026-07-09,Corn,Missouri,,Truck,4.235,4.11,4.43,$ Per Bushel
2026-07-09,Corn,Nebraska,,Truck,4.1912,4.01,4.4,$ Per Bushel
2026-07-09,Corn,Ohio,,Truck,4.7217,4.5,4.9,$ Per Bushel
2026-07-09,Corn,South Dakota,,Truck,3.8158,3.65,4.01,$ Per Bushel
2026-07-09,Corn,Wisconsin,,Truck,3.974,3.75,4.18,$ Per Bushel
2026-07-10,Corn,Illinois,,Truck,4.4193,4.185,4.725,$ Per Bushel
2026-07-10,Corn,Indiana,,Truck,4.5583,4.465,4.715,$ Per Bushel
2026-07-10,Corn,Iowa,,Truck,4.125,3.965,4.235,$ Per Bushel
2026-07-10,Corn,Kansas,,Truck,4.475,4.245,4.615,$ Per Bushel
2026-07-10,Corn,Michigan,,Truck,4.355,4.265,4.565,$ Per Bushel
2026-07-10,Corn,Minnesota,,Truck,3.89,3.715,3.965,$ Per Bushel
2026-07-10,Corn,Missouri,,Truck,4.2,4.075,4.395,$ Per Bushel
2026-07-10,Corn,Nebraska,,Truck,4.1574,3.965,4.365,$ Per Bushel
2026-07-10,Corn,Ohio,,Truck,4.6867,4.465,4.865,$ Per Bushel
2026-07-10,Corn,South Dakota,,Truck,3.7825,3.615,3.995,$ Per Bushel
2026-07-10,Corn,Wisconsin,,Truck,3.939,3.715,4.145,$ Per Bushel
2026-07-13,Corn,Illinois,,Truck,4.4993,4.265,4.795,$ Per Bushel
2026-07-13,Corn,Indiana,,Truck,4.6383,4.545,4.795,$ Per Bushel
2026-07-13,Corn,Iowa,,Truck,4.2056,4.045,4.315,$ Per Bushel
2026-07-13,Corn,Kansas,,Truck,4.555,4.325,4.695,$ Per Bushel
2026-07-13,Corn,Michigan,,Truck,4.435,4.345,4.645,$ Per Bushel
2026-07-13,Corn,Minnesota,,Truck,3.97,3.795,4.045,$ Per Bushel
2026-07-13,Corn,Missouri,,Truck,4.28,4.155,4.475,$ Per Bushel
2026-07-13,Corn,Nebraska,,Truck,4.2403,4.045,4.495,$ Per Bushel
2026-07-13,Corn,Ohio,,Truck,4.7667,4.545,4.945,$ Per Bushel
2026-07-13,Corn,South Dakota,,Truck,3.8625,3.695,4.095,$ Per Bushel
2026-07-13,Corn,Wisconsin,,Truck,4.019,3.795,4.225,$ Per Bushel
2026-07-14,Corn,Illinois,,Truck,4.5157,4.28,4.81,$ Per Bushel
2026-07-14,Corn,Indiana,,Truck,4.6622,4.56,4.86,$ Per Bushel
2026-07-14,Corn,Iowa,,Truck,4.2147,4.01,4.33,$ Per Bushel
2026-07-14,Corn,Kansas,,Truck,4.6033,4.34,4.81,$ Per Bushel
2026-07-14,Corn,Michigan,,Truck,4.45,4.36,4.66,$ Per Bushel
2026-07-14,Corn,Minnesota,,Truck,3.9783,3.79,4.06,$ Per Bushel
2026-07-14,Corn,Missouri,,Truck,4.2875,4.17,4.44,$ Per Bushel
2026-07-14,Corn,Nebraska,,Truck,4.2518,4.06,4.51,$ Per Bushel
2026-07-14,Corn,Ohio,,Truck,4.7817,4.56,4.96,$ Per Bushel
2026-07-14,Corn,South Dakota,,Truck,3.8725,3.71,4.13,$ Per Bushel
2026-07-14,Corn,Wisconsin,,Truck,4.034,3.81,4.24,$ Per Bushel
2026-07-15,Corn,Illinois,,Truck,4.5007,4.275,4.805,$ Per Bushel
2026-07-15,Corn,Indiana,,Truck,4.6372,4.535,4.835,$ Per Bushel
2026-07-15,Corn,Iowa,,Truck,4.2081,4.115,4.335,$ Per Bushel
2026-07-15,Corn,Kansas,,Truck,4.5783,4.315,4.785,$ Per Bushel
2026-07-15,Corn,Michigan,,Truck,4.415,4.335,4.585,$ Per Bushel
2026-07-15,Corn,Minnesota,,Truck,3.9533,3.765,4.035,$ Per Bushel
2026-07-15,Corn,Missouri,,Truck,4.2625,4.145,4.415,$ Per Bushel
2026-07-15,Corn,Nebraska,,Truck,4.2256,4.035,4.485,$ Per Bushel
2026-07-15,Corn,Ohio,,Truck,4.7567,4.535,4.935,$ Per Bushel
2026-07-15,Corn,South Dakota,,Truck,3.85,3.685,4.115,$ Per Bushel
2026-07-15,Corn,Wisconsin,,Truck,3.993,3.785,4.135,$ Per Bushel
2026-07-16,Corn,Illinois,,Truck,4.5807,4.385,4.855,$ Per Bushel
2026-07-16,Corn,Indiana,,Truck,4.7328,4.625,4.925,$ Per Bushel
2026-07-16,Corn,Iowa,,Truck,4.2774,4.075,4.395,$ Per Bushel
2026-07-16,Corn,Kansas,,Truck,4.6517,4.355,4.875,$ Per Bushel
2026-07-16,Corn,Michigan,,Truck,4.515,4.425,4.675,$ Per Bushel
2026-07-16,Corn,Minnesota,,Truck,4.0383,3.825,4.125,$ Per Bushel
2026-07-16,Corn,Missouri,,Truck,4.3525,4.235,4.505,$ Per Bushel
2026-07-16,Corn,Nebraska,,Truck,4.305,4.115,4.575,$ Per Bushel
2026-07-16,Corn,Ohio,,Truck,4.825,4.625,4.925,$ Per Bushel
2026-07-16,Corn,South Dakota,,Truck,3.9383,3.775,4.205,$ Per Bushel
2026-07-16,Corn,Wisconsin,,Truck,4.067,3.875,4.175,$ Per Bushel
2026-07-17,Corn,Illinois,,Truck,4.5221,4.325,4.795,$ Per Bushel
2026-07-17,Corn,Indiana,,Truck,4.6694,4.565,4.865,$ Per Bushel
2026-07-17,Corn,Iowa,,Truck,4.215,4.015,4.315,$ Per Bushel
2026-07-17,Corn,Kansas,,Truck,4.5917,4.295,4.815,$ Per Bushel
2026-07-17,Corn,Michigan,,Truck,4.445,4.365,4.615,$ Per Bushel
2026-07-17,Corn,Minnesota,,Truck,3.9667,3.745,4.065,$ Per Bushel
2026-07-17,Corn,Missouri,,Truck,4.285,4.175,4.415,$ Per Bushel
2026-07-17,Corn,Nebraska,,Truck,4.2421,4.055,4.515,$ Per Bushel
2026-07-17,Corn,Ohio,,Truck,4.765,4.565,4.865,$ Per Bushel
2026-07-17,Corn,South Dakota,,Truck,3.8783,3.715,4.145,$ Per Bushel
2026-07-17,Corn,Wisconsin,,Truck,4.027,3.815,4.165,$ Per Bushel
2026-07-20,Corn,Illinois,,Truck,4.5546,4.3575,4.8275,$ Per Bushel
2026-07-20,Corn,Indiana,,Truck,4.6853,4.5975,4.8475,$ Per Bushel
2026-07-20,Corn,Iowa,,Truck,4.2487,4.0475,4.3475,$ Per Bushel
2026-07-20,Corn,Kansas,,Truck,4.6142,4.2975,4.8475,$ Per Bushel
2026-07-20,Corn,Michigan,,Truck,4.4775,4.3975,4.6475,$ Per Bushel
2026-07-20,Corn,Minnesota,,Truck,3.9992,3.7775,4.0975,$ Per Bushel
2026-07-20,Corn,Missouri,,Truck,4.315,4.2075,4.4475,$ Per Bushel
2026-07-20,Corn,Nebraska,,Truck,4.2699,4.0475,4.4975,$ Per Bushel
2026-07-20,Corn,Ohio,,Truck,4.7892,4.5975,4.8975,$ Per Bushel
2026-07-20,Corn,South Dakota,,Truck,3.9183,3.7475,4.1775,$ Per Bushel
2026-07-20,Corn,Wisconsin,,Truck,4.0695,3.8475,4.2475,$ Per Bushel
2026-07-21,Corn,Illinois,,Truck,4.605,4.405,4.895,$ Per Bushel
2026-07-21,Corn,Indiana,,Truck,4.7328,4.645,4.895,$ Per Bushel
2026-07-21,Corn,Iowa,,Truck,4.2956,4.095,4.395,$ Per Bushel
2026-07-21,Corn,Kansas,,Truck,4.6617,4.345,4.895,$ Per Bushel
2026-07-21,Corn,Michigan,,Truck,4.525,4.445,4.695,$ Per Bushel
2026-07-21,Corn,Minnesota,,Truck,4.0467,3.825,4.145,$ Per Bushel
2026-07-21,Corn,Missouri,,Truck,4.3625,4.255,4.495,$ Per Bushel
2026-07-21,Corn,Nebraska,,Truck,4.3174,4.095,4.545,$ Per Bushel
2026-07-21,Corn,Ohio,,Truck,4.8283,4.645,4.945,$ Per Bushel
2026-07-21,Corn,South Dakota,,Truck,3.9667,3.795,4.235,$ Per Bushel
2026-07-21,Corn,Wisconsin,,Truck,4.117,3.895,4.295,$ Per Bushel
2026-07-22,Corn,Illinois,,Truck,4.6332,4.4375,4.9175,$ Per Bushel
2026-07-22,Corn,Indiana,,Truck,4.7653,4.6775,4.9275,$ Per Bushel
2026-07-22,Corn,Iowa,,Truck,4.3263,4.1275,4.4275,$ Per Bushel
2026-07-22,Corn,Kansas,,Truck,4.6942,4.3775,4.9275,$ Per Bushel
2026-07-22,Corn,Michigan,,Truck,4.5575,4.4775,4.7275,$ Per Bushel
2026-07-22,Corn,Minnesota,,Truck,4.0742,3.8275,4.1775,$ Per Bushel
2026-07-22,Corn,Missouri,,Truck,4.385,4.2875,4.5275,$ Per Bushel
2026-07-22,Corn,Nebraska,,Truck,4.3463,4.1275,4.5775,$ Per Bushel
2026-07-22,Corn,Ohio,,Truck,4.8608,4.6775,4.9775,$ Per Bushel
2026-07-22,Corn,South Dakota,,Truck,4.0075,3.8775,4.2875,$ Per Bushel
2026-07-22,Corn,Wisconsin,,Truck,4.1495,3.9275,4.3275,$ Per Bushel
2026-07-23,Corn,Illinois,,Truck,4.6986,4.5,4.95,$ Per Bushel
2026-07-23,Corn,Indiana,,Truck,4.8578,4.77,5.02,$ Per Bushel
2026-07-23,Corn,Iowa,,Truck,4.4185,4.29,4.5,$ Per Bushel
2026-07-23,Corn,Kansas,,Truck,4.7733,4.45,5.0,$ Per Bushel
2026-07-23,Corn,Michigan,,Truck,4.65,4.57,4.82,$ Per Bushel
2026-07-23,Corn,Minnesota,,Truck,4.1633,3.92,4.27,$ Per Bushel
2026-07-23,Corn,Missouri,,Truck,4.47,4.37,4.62,$ Per Bushel
2026-07-23,Corn,Nebraska,,Truck,4.4376,4.22,4.67,$ Per Bushel
2026-07-23,Corn,Ohio,,Truck,4.9117,4.77,4.97,$ Per Bushel
2026-07-23,Corn,South Dakota,,Truck,4.1008,3.95,4.38,$ Per Bushel
2026-07-23,Corn,Wisconsin,,Truck,4.234,4.02,4.42,$ Per Bushel
2026-07-24,Corn,Illinois,,Truck,4.7129,4.52,4.97,$ Per Bushel
2026-07-24,Corn,Indiana,,Truck,4.8722,4.78,5.04,$ Per Bushel
2026-07-24,Corn,Iowa,,Truck,4.4315,4.31,4.51,$ Per Bushel
2026-07-24,Corn,Kansas,,Truck,4.705,4.44,5.02,$ Per Bushel
2026-07-24,Corn,Michigan,,Truck,4.66,4.59,4.84,$ Per Bushel
2026-07-24,Corn,Minnesota,,Truck,4.18,3.94,4.29,$ Per Bushel
2026-07-24,Corn,Missouri,,Truck,4.4725,4.34,4.64,$ Per Bushel
2026-07-24,Corn,Nebraska,,Truck,4.4565,4.24,4.69,$ Per Bushel
2026-07-24,Corn,Ohio,,Truck,4.895,4.79,4.94,$ Per Bushel
2026-07-24,Corn,South Dakota,,Truck,4.1208,3.95,4.41,$ Per Bushel
2026-07-24,Corn,Wisconsin,,Truck,4.24,4.04,4.44,$ Per Bushel
2026-07-27,Corn,Illinois,,Truck,4.7096,4.5125,4.9725,$ Per Bushel
2026-07-27,Corn,Indiana,,Truck,4.8669,4.7825,5.0425,$ Per Bushel
2026-07-27,Corn,Iowa,,Truck,4.4254,4.1925,4.5225,$ Per Bushel
2026-07-27,Corn,Kansas,,Truck,4.7075,4.4425,5.0225,$ Per Bushel
2026-07-27,Corn,Michigan,,Truck,4.6625,4.5925,4.8425,$ Per Bushel
2026-07-27,Corn,Minnesota,,Truck,4.1825,3.9425,4.2925,$ Per Bushel
2026-07-27,Corn,Missouri,,Truck,4.475,4.3425,4.6425,$ Per Bushel
2026-07-27,Corn,Nebraska,,Truck,4.4631,4.2425,4.6925,$ Per Bushel
2026-07-27,Corn,Ohio,,Truck,4.8975,4.7925,4.9425,$ Per Bushel
2026-07-27,Corn,South Dakota,,Truck,4.125,3.9725,4.4125,$ Per Bushel
2026-07-27,Corn,Wisconsin,,Truck,4.2525,4.0425,4.4425,$ Per Bushel
2026-07-28,Corn,Illinois,,Truck,4.5846,4.3875,4.8475,$ Per Bushel
2026-07-28,Corn,Indiana,,Truck,4.7397,4.6375,4.9175,$ Per Bushel
2026-07-28,Corn,Iowa,,Truck,4.3013,4.1875,4.3875,$ Per Bushel
2026-07-28,Corn,Kansas,,Truck,4.5825,4.3175,4.8975,$ Per Bushel
2026-07-28,Corn,Michigan,,Truck,4.5375,4.4675,4.7175,$ Per Bushel
2026-07-28,Corn,Minnesota,,Truck,4.0575,3.8175,4.1675,$ Per Bushel
2026-07-28,Corn,Missouri,,Truck,4.3425,4.2175,4.4675,$ Per Bushel
2026-07-28,Corn,Nebraska,,Truck,4.3363,4.1175,4.5675,$ Per Bushel
2026-07-28,Corn,Ohio,,Truck,4.7725,4.6675,4.8175,$ Per Bushel
2026-07-28,Corn,South Dakota,,Truck,4.0042,3.8475,4.3175,$ Per Bushel
2026-07-28,Corn,Wisconsin,,Truck,4.1175,3.9175,4.3175,$ Per Bushel
2026-07-29,Corn,Illinois,,Truck,4.6493,4.435,4.915,$ Per Bushel
2026-07-29,Corn,Indiana,,Truck,4.8094,4.705,4.985,$ Per Bushel
2026-07-29,Corn,Iowa,,Truck,4.3732,4.135,4.505,$ Per Bushel
2026-07-29,Corn,Kansas,,Truck,4.65,4.385,4.965,$ Per Bushel
2026-07-29,Corn,Michigan,,Truck,4.595,4.535,4.735,$ Per Bushel
2026-07-29,Corn,Minnesota,,Truck,4.125,3.885,4.235,$ Per Bushel
2026-07-29,Corn,Missouri,,Truck,4.4175,4.285,4.535,$ Per Bushel
2026-07-29,Corn,Nebraska,,Truck,4.4074,4.185,4.635,$ Per Bushel
2026-07-29,Corn,Ohio,,Truck,4.8267,4.735,4.885,$ Per Bushel
2026-07-29,Corn,South Dakota,,Truck,4.0775,3.925,4.385,$ Per Bushel
2026-07-29,Corn,Wisconsin,,Truck,4.185,3.985,4.385,$ Per Bushel
2026-07-30,Corn,Illinois,,Truck,4.5571,4.34,4.82,$ Per Bushel
2026-07-30,Corn,Indiana,,Truck,4.7178,4.61,4.89,$ Per Bushel
2026-07-30,Corn,Iowa,,Truck,4.2788,4.04,4.41,$ Per Bushel
2026-07-30,Corn,Kansas,,Truck,4.555,4.29,4.87,$ Per Bushel
2026-07-30,Corn,Michigan,,Truck,4.5,4.44,4.64,$ Per Bushel
2026-07-30,Corn,Minnesota,,Truck,4.0367,3.79,4.14,$ Per Bushel
2026-07-30,Corn,Missouri,,Truck,4.3225,4.19,4.44,$ Per Bushel
2026-07-30,Corn,Nebraska,,Truck,4.3124,4.09,4.54,$ Per Bushel
2026-07-30,Corn,Ohio,,Truck,4.7233,4.64,4.79,$ Per Bushel
2026-07-30,Corn,South Dakota,,Truck,3.9842,3.84,4.29,$ Per Bushel
2026-07-30,Corn,Wisconsin,,Truck,4.09,3.89,4.29,$ Per Bushel
2026-07-31,Corn,Illinois,,Truck,4.5161,4.2975,4.7875,$ Per Bushel
2026-07-31,Corn,Indiana,,Truck,4.6931,4.5775,4.8575,$ Per Bushel
2026-07-31,Corn,Iowa,,Truck,4.2406,4.1275,4.2875,$ Per Bushel
2026-07-31,Corn,Kansas,,Truck,4.5225,4.2575,4.8375,$ Per Bushel
2026-07-31,Corn,Michigan,,Truck,4.47,4.4075,4.6075,$ Per Bushel
2026-07-31,Corn,Minnesota,,Truck,4.0092,3.8075,4.1075,$ Per Bushel
2026-07-31,Corn,Missouri,,Truck,4.2875,4.1475,4.4075,$ Per Bushel
2026-07-31,Corn,Nebraska,,Truck,4.2834,4.0675,4.5075,$ Per Bushel
2026-07-31,Corn,Ohio,,Truck,4.6825,4.6075,4.7575,$ Per Bushel
2026-07-31,Corn,South Dakota,,Truck,3.9608,3.8075,4.2575,$ Per Bushel
2026-07-31,Corn,Wisconsin,,Truck,4.0575,3.8575,4.2575,$ Per Bushel
2026-08-03,Corn,Illinois,,Truck,4.4632,4.2475,4.6875,$ Per Bushel
2026-08-03,Corn,Indiana,,Truck,4.6453,4.5275,4.7575,$ Per Bushel
2026-08-03,Corn,Iowa,,Truck,4.2146,4.0075,4.3275,$ Per Bushel
2026-08-03,Corn,Kansas,,Truck,4.4775,4.2075,4.8075,$ Per Bushel
2026-08-03,Corn,Michigan,,Truck,4.4625,4.3575,4.5775,$ Per Bushel
2026-08-03,Corn,Minnesota,,Truck,4.0095,3.9875,4.0575,$ Per Bushel
2026-08-03,Corn,Missouri,,Truck,4.255,4.0975,4.4275,$ Per Bushel
2026-08-03,Corn,Nebraska,,Truck,4.2551,4.0175,4.5575,$ Per Bushel
2026-08-03,Corn,Ohio,,Truck,4.6558,4.5575,4.7575,$ Per Bushel
2026-08-03,Corn,South Dakota,,Truck,3.9208,3.7575,4.2275,$ Per Bushel
2026-08-03,Corn,Wisconsin,,Truck,4.0495,3.9075,4.2675,$ Per Bushel
2026-08-04,Corn,Illinois,,Truck,4.5511,4.3325,4.7725,$ Per Bushel
2026-08-04,Corn,Indiana,,Truck,4.7303,4.6125,4.8425,$ Per Bushel
2026-08-04,Corn,Iowa,,Truck,4.2979,4.1925,4.3925,$ Per Bushel
2026-08-04,Corn,Kansas,,Truck,4.495,4.0525,4.8925,$ Per Bushel
2026-08-04,Corn,Michigan,,Truck,4.5475,4.4425,4.6625,$ Per Bushel
2026-08-04,Corn,Minnesota,,Truck,4.0945,4.0725,4.1425,$ Per Bushel
2026-08-04,Corn,Missouri,,Truck,4.34,4.1825,4.5125,$ Per Bushel
2026-08-04,Corn,Nebraska,,Truck,4.3437,4.1025,4.6425,$ Per Bushel
2026-08-04,Corn,Ohio,,Truck,4.7575,4.6425,4.8425,$ Per Bushel
2026-08-04,Corn,South Dakota,,Truck,4.0058,3.8425,4.3125,$ Per Bushel
2026-08-04,Corn,Wisconsin,,Truck,4.1345,3.9725,4.3525,$ Per Bushel
2026-08-05,Corn,Illinois,,Truck,4.4754,4.2625,4.7025,$ Per Bushel
2026-08-05,Corn,Indiana,,Truck,4.6581,4.5225,4.7725,$ Per Bushel
2026-08-05,Corn,Iowa,,Truck,4.236,4.0225,4.3425,$ Per Bushel
2026-08-05,Corn,Kansas,,Truck,4.425,3.9825,4.8225,$ Per Bushel
2026-08-05,Corn,Michigan,,Truck,4.4775,4.3725,4.5925,$ Per Bushel
2026-08-05,Corn,Minnesota,,Truck,4.0205,4.0025,4.0725,$ Per Bushel
2026-08-05,Corn,Missouri,,Truck,4.27,4.1125,4.4425,$ Per Bushel
2026-08-05,Corn,Nebraska,,Truck,4.2749,4.0325,4.5725,$ Per Bushel
2026-08-05,Corn,Ohio,,Truck,4.6875,4.5725,4.7725,$ Per Bushel
2026-08-05,Corn,South Dakota,,Truck,3.9392,3.7725,4.2425,$ Per Bushel
2026-08-05,Corn,Wisconsin,,Truck,4.0645,3.9025,4.2825,$ Per Bushel
2026-08-06,Corn,Illinois,,Truck,4.4018,4.1575,4.6175,$ Per Bushel
2026-08-06,Corn,Indiana,,Truck,4.5953,4.4675,4.7175,$ Per Bushel
2026-08-06,Corn,Iowa,,Truck,4.1828,3.9675,4.2875,$ Per Bushel
2026-08-06,Corn,Kansas,,Truck,4.37,3.9275,4.7675,$ Per Bushel
2026-08-06,Corn,Michigan,,Truck,4.4115,4.3175,4.5375,$ Per Bushel
2026-08-06,Corn,Minnesota,,Truck,3.9655,3.9475,4.0175,$ Per Bushel
2026-08-06,Corn,Missouri,,Truck,4.21,4.0575,4.3675,$ Per Bushel
2026-08-06,Corn,Nebraska,,Truck,4.2199,3.9775,4.5175,$ Per Bushel
2026-08-06,Corn,Ohio,,Truck,4.6375,4.5175,4.7175,$ Per Bushel
2026-08-06,Corn,South Dakota,,Truck,3.8967,3.7175,4.1875,$ Per Bushel
2026-08-06,Corn,Wisconsin,,Truck,4.0095,3.8475,4.2275,$ Per Bushel
2026-08-07,Corn,Illinois,,Truck,4.42,4.18,4.64,$ Per Bushel
2026-08-07,Corn,Indiana,,Truck,4.6278,4.49,4.77,$ Per Bushel
2026-08-07,Corn,Iowa,,Truck,4.2135,3.99,4.31,$ Per Bushel
2026-08-07,Corn,Kansas,,Truck,4.3925,3.95,4.79,$ Per Bushel
2026-08-07,Corn,Michigan,,Truck,4.454,4.39,4.56,$ Per Bushel
2026-08-07,Corn,Minnesota,,Truck,3.996,3.97,4.04,$ Per Bushel
2026-08-07,Corn,Missouri,,Truck,4.23,4.07,4.39,$ Per Bushel
2026-08-07,Corn,Nebraska,,Truck,4.2424,4.0,4.54,$ Per Bushel
2026-08-07,Corn,Ohio,,Truck,4.66,4.54,4.74,$ Per Bushel
2026-08-07,Corn,South Dakota,,Truck,3.9283,3.74,4.21,$ Per Bushel
2026-08-07,Corn,Wisconsin,,Truck,4.032,3.87,4.25,$ Per Bushel
2026-08-10,Corn,Illinois,,Truck,4.4271,4.18,4.64,$ Per Bushel
2026-08-10,Corn,Indiana,,Truck,4.6244,4.49,4.77,$ Per Bushel
2026-08-10,Corn,Iowa,,Truck,4.2171,3.99,4.31,$ Per Bushel
2026-08-10,Corn,Kansas,,Truck,4.3825,3.91,4.79,$ Per Bushel
2026-08-10,Corn,Michigan,,Truck,4.434,4.29,4.56,$ Per Bushel
2026-08-10,Corn,Minnesota,,Truck,3.996,3.97,4.04,$ Per Bushel
2026-08-10,Corn,Missouri,,Truck,4.2225,4.07,4.39,$ Per Bushel
2026-08-10,Corn,Nebraska,,Truck,4.2424,4.0,4.54,$ Per Bushel
2026-08-10,Corn,Ohio,,Truck,4.66,4.54,4.74,$ Per Bushel
2026-08-10,Corn,South Dakota,,Truck,3.9283,3.74,4.21,$ Per Bushel
2026-08-10,Corn,Wisconsin,,Truck,4.032,3.87,4.25,$ Per Bushel
2026-08-11,Corn,Illinois,,Truck,4.4096,4.1725,4.5625,$ Per Bushel
2026-08-11,Corn,Indiana,,Truck,4.6069,4.4625,4.7625,$ Per Bushel
2026-08-11,Corn,Iowa,,Truck,4.1933,4.0825,4.2825,$ Per Bushel
2026-08-11,Corn,Kansas,,Truck,4.2392,3.9025,4.6325,$ Per Bushel
2026-08-11,Corn,Michigan,,Truck,4.4265,4.2825,4.5525,$ Per Bushel
2026-08-11,Corn,Minnesota,,Truck,3.9885,3.9625,4.0325,$ Per Bushel
2026-08-11,Corn,Missouri,,Truck,4.215,4.0625,4.3825,$ Per Bushel
2026-08-11,Corn,Nebraska,,Truck,4.2319,3.9925,4.5325,$ Per Bushel
2026-08-11,Corn,Ohio,,Truck,4.6525,4.5325,4.7325,$ Per Bushel
2026-08-11,Corn,South Dakota,,Truck,3.9242,3.7325,4.2225,$ Per Bushel
2026-08-11,Corn,Wisconsin,,Truck,4.0245,3.8625,4.2425,$ Per Bushel
2026-08-12,Corn,Illinois,,Truck,4.3989,4.1575,4.5675,$ Per Bushel
2026-08-12,Corn,Indiana,,Truck,4.5919,4.4475,4.7475,$ Per Bushel
2026-08-12,Corn,Iowa,,Truck,4.1916,3.9675,4.3175,$ Per Bushel
2026-08-12,Corn,Kansas,,Truck,4.1908,3.8875,4.5175,$ Per Bushel
2026-08-12,Corn,Michigan,,Truck,4.4115,4.2675,4.5375,$ Per Bushel
2026-08-12,Corn,Minnesota,,Truck,3.9735,3.9475,4.0175,$ Per Bushel
2026-08-12,Corn,Missouri,,Truck,4.195,4.0475,4.3675,$ Per Bushel
2026-08-12,Corn,Nebraska,,Truck,4.2169,3.9775,4.5175,$ Per Bushel
2026-08-12,Corn,Ohio,,Truck,4.6375,4.5175,4.7175,$ Per Bushel
2026-08-12,Corn,South Dakota,,Truck,3.9117,3.7175,4.2075,$ Per Bushel
2026-08-12,Corn,Wisconsin,,Truck,4.0095,3.8475,4.2275,$ Per Bushel
2026-08-13,Corn,Illinois,,Truck,4.6014,4.36,4.77,$ Per Bushel
2026-08-13,Corn,Indiana,,Truck,4.7967,4.65,4.95,$ Per Bushel
2026-08-13,Corn,Iowa,,Truck,4.3869,4.25,4.47,$ Per Bushel
2026-08-13,Corn,Kansas,,Truck,4.31,4.09,4.47,$ Per Bushel
2026-08-13,Corn,Michigan,,Truck,4.614,4.47,4.74,$ Per Bushel
2026-08-13,Corn,Minnesota,,Truck,4.172,4.13,4.22,$ Per Bushel
2026-08-13,Corn,Missouri,,Truck,4.35,4.24,4.47,$ Per Bushel
2026-08-13,Corn,Nebraska,,Truck,4.4212,4.18,4.72,$ Per Bushel
2026-08-13,Corn,Ohio,,Truck,4.8533,4.72,4.92,$ Per Bushel
2026-08-13,Corn,South Dakota,,Truck,4.1067,3.9,4.38,$ Per Bushel
2026-08-13,Corn,Wisconsin,,Truck,4.212,4.05,4.43,$ Per Bushel
2026-08-14,Corn,Illinois,,Truck,4.5157,4.27,4.68,$ Per Bushel
2026-08-14,Corn,Indiana,,Truck,4.7067,4.56,4.86,$ Per Bushel
2026-08-14,Corn,Iowa,,Truck,4.3118,4.08,4.42,$ Per Bushel
2026-08-14,Corn,Kansas,,Truck,4.3175,3.98,4.73,$ Per Bushel
2026-08-14,Corn,Michigan,,Truck,4.514,4.38,4.65,$ Per Bushel
2026-08-14,Corn,Minnesota,,Truck,4.086,4.04,4.13,$ Per Bushel
2026-08-14,Corn,Missouri,,Truck,4.26,4.15,4.38,$ Per Bushel
2026-08-14,Corn,Nebraska,,Truck,4.3312,4.09,4.63,$ Per Bushel
2026-08-14,Corn,Ohio,,Truck,4.7633,4.63,4.83,$ Per Bushel
2026-08-14,Corn,South Dakota,,Truck,4.02,3.81,4.29,$ Per Bushel
2026-08-14,Corn,Wisconsin,,Truck,4.122,3.96,4.34,$ Per Bushel
2026-08-17,Corn,Illinois,,Truck,4.6371,4.4,4.81,$ Per Bushel
2026-08-17,Corn,Indiana,,Truck,4.8189,4.67,4.97,$ Per Bushel
2026-08-17,Corn,Iowa,,Truck,4.4235,4.19,4.53,$ Per Bushel
2026-08-17,Corn,Kansas,,Truck,4.4275,4.09,4.84,$ Per Bushel
2026-08-17,Corn,Michigan,,Truck,4.624,4.49,4.76,$ Per Bushel
2026-08-17,Corn,Minnesota,,Truck,4.19,4.14,4.24,$ Per Bushel
2026-08-17,Corn,Missouri,,Truck,4.3875,4.33,4.49,$ Per Bushel
2026-08-17,Corn,Nebraska,,Truck,4.4424,4.22,4.74,$ Per Bushel
2026-08-17,Corn,Ohio,,Truck,4.8567,4.74,4.94,$ Per Bushel
2026-08-17,Corn,South Dakota,,Truck,4.1292,3.87,4.4,$ Per Bushel
2026-08-17,Corn,Wisconsin,,Truck,4.228,4.07,4.43,$ Per Bushel
2026-08-18,Corn,Illinois,,Truck,4.6943,4.44,4.87,$ Per Bushel
2026-08-18,Corn,Indiana,,Truck,4.8811,4.73,5.05,$ Per Bushel
2026-08-18,Corn,Iowa,,Truck,4.4841,4.25,4.6,$ Per Bushel
2026-08-18,Corn,Kansas,,Truck,4.4875,4.15,4.9,$ Per Bushel
2026-08-18,Corn,Michigan,,Truck,4.684,4.55,4.82,$ Per Bushel
2026-08-18,Corn,Minnesota,,Truck,4.25,4.2,4.3,$ Per Bushel
2026-08-18,Corn,Missouri,,Truck,4.4475,4.39,4.55,$ Per Bushel
2026-08-18,Corn,Nebraska,,Truck,4.5071,4.28,4.8,$ Per Bushel
2026-08-18,Corn,Ohio,,Truck,4.9167,4.8,5.0,$ Per Bushel
2026-08-18,Corn,South Dakota,,Truck,4.185,3.93,4.46,$ Per Bushel
2026-08-18,Corn,Wisconsin,,Truck,4.288,4.13,4.49,$ Per Bushel
2026-08-19,Corn,Illinois,,Truck,4.6768,4.4225,4.8825,$ Per Bushel
2026-08-19,Corn,Indiana,,Truck,4.8636,4.7125,5.0325,$ Per Bushel
2026-08-19,Corn,Iowa,,Truck,4.4654,4.2325,4.5825,$ Per Bushel
2026-08-19,Corn,Kansas,,Truck,4.4575,4.0825,4.8825,$ Per Bushel
2026-08-19,Corn,Michigan,,Truck,4.6665,4.5325,4.8025,$ Per Bushel
2026-08-19,Corn,Minnesota,,Truck,4.2265,4.1825,4.2725,$ Per Bushel
2026-08-19,Corn,Missouri,,Truck,4.4275,4.3825,4.5325,$ Per Bushel
2026-08-19,Corn,Nebraska,,Truck,4.4884,4.2625,4.7825,$ Per Bushel
2026-08-19,Corn,Ohio,,Truck,4.8992,4.7825,4.9825,$ Per Bushel
2026-08-19,Corn,South Dakota,,Truck,4.1692,3.9525,4.4425,$ Per Bushel
2026-08-19,Corn,Wisconsin,,Truck,4.2745,4.1125,4.4925,$ Per Bushel
2026-08-20,Corn,Illinois,,Truck,4.77,4.51,4.98,$ Per Bushel
2026-08-20,Corn,Indiana,,Truck,4.9444,4.81,5.13,$ Per Bushel
2026-08-20,Corn,Iowa,,Truck,4.5582,4.33,4.68,$ Per Bushel
2026-08-20,Corn,Kansas,,Truck,4.555,4.18,4.98,$ Per Bushel
2026-08-20,Corn,Michigan,,Truck,4.764,4.63,4.9,$ Per Bushel
2026-08-20,Corn,Minnesota,,Truck,4.324,4.28,4.37,$ Per Bushel
2026-08-20,Corn,Missouri,,Truck,4.525,4.48,4.63,$ Per Bushel
2026-08-20,Corn,Nebraska,,Truck,4.5888,4.36,4.88,$ Per Bushel
2026-08-20,Corn,Ohio,,Truck,4.9883,4.88,5.08,$ Per Bushel
2026-08-20,Corn,South Dakota,,Truck,4.2608,4.0,4.52,$ Per Bushel
2026-08-20,Corn,Wisconsin,,Truck,4.36,4.21,4.53,$ Per Bushel
2026-08-21,Corn,Illinois,,Truck,4.82,4.5575,5.0375,$ Per Bushel
2026-08-21,Corn,Indiana,,Truck,4.9906,4.8675,5.1875,$ Per Bushel
2026-08-21,Corn,Iowa,,Truck,4.614,4.3375,4.7375,$ Per Bushel
2026-08-21,Corn,Kansas,,Truck,4.7356,4.485,5.035,$ Per Bushel
2026-08-21,Corn,Michigan,,Truck,4.8215,4.6875,4.9575,$ Per Bushel
2026-08-21,Corn,Minnesota,,Truck,4.381,4.335,4.4275,$ Per Bushel
2026-08-21,Corn,Missouri,,Truck,4.5825,4.5375,4.6875,$ Per Bushel
2026-08-21,Corn,Nebraska,,Truck,4.6475,4.3975,4.9375,$ Per Bushel
2026-08-21,Corn,Ohio,,Truck,5.0208,4.9375,5.1375,$ Per Bushel
2026-08-21,Corn,South Dakota,,Truck,4.315,4.0675,4.5475,$ Per Bushel
2026-08-21,Corn,Wisconsin,,Truck,4.4175,4.2675,4.5875,$ Per Bushel
2026-08-24,Corn,Illinois,,Truck,4.8614,4.5975,5.0875,$ Per Bushel
2026-08-24,Corn,Indiana,,Truck,5.0406,4.9175,5.2375,$ Per Bushel
2026-08-24,Corn,Iowa,,Truck,4.6406,4.5075,4.7875,$ Per Bushel
2026-08-24,Corn,Kansas,,Truck,4.8106,4.535,5.185,$ Per Bushel
2026-08-24,Corn,Michigan,,Truck,4.8675,4.7375,4.9875,$ Per Bushel
2026-08-24,Corn,Minnesota,,Truck,4.421,4.335,4.4775,$ Per Bushel
2026-08-24,Corn,Missouri,,Truck,4.6275,4.5675,4.7375,$ Per Bushel
2026-08-24,Corn,Nebraska,,Truck,4.7137,4.4475,4.9875,$ Per Bushel
2026-08-24,Corn,Ohio,,Truck,5.0625,4.9375,5.1875,$ Per Bushel
2026-08-24,Corn,South Dakota,,Truck,4.3642,4.1075,4.5975,$ Per Bushel
2026-08-24,Corn,Wisconsin,,Truck,4.4675,4.3175,4.6375,$ Per Bushel
2026-08-25,Corn,Illinois,,Truck,4.9336,4.665,5.115,$ Per Bushel
2026-08-25,Corn,Indiana,,Truck,5.1383,4.995,5.315,$ Per Bushel
2026-08-25,Corn,Iowa,,Truck,4.7181,4.585,4.865,$ Per Bushel
2026-08-25,Corn,Kansas,,Truck,4.8725,4.565,5.255,$ Per Bushel
2026-08-25,Corn,Michigan,,Truck,4.945,4.815,5.065,$ Per Bushel
2026-08-25,Corn,Minnesota,,Truck,4.497,4.405,4.555,$ Per Bushel
2026-08-25,Corn,Missouri,,Truck,4.7025,4.645,4.815,$ Per Bushel
2026-08-25,Corn,Nebraska,,Truck,4.7974,4.525,5.065,$ Per Bushel
2026-08-25,Corn,Ohio,,Truck,5.1483,5.015,5.315,$ Per Bushel
2026-08-25,Corn,South Dakota,,Truck,4.4375,4.185,4.675,$ Per Bushel
2026-08-25,Corn,Wisconsin,,Truck,4.545,4.395,4.715,$ Per Bushel
2026-08-26,Corn,Illinois,,Truck,5.0264,4.755,5.205,$ Per Bushel
2026-08-26,Corn,Indiana,,Truck,5.2083,5.055,5.425,$ Per Bushel
2026-08-26,Corn,Iowa,,Truck,4.8438,4.755,4.955,$ Per Bushel
2026-08-26,Corn,Kansas,,Truck,5.0125,4.645,5.335,$ Per Bushel
2026-08-26,Corn,Michigan,,Truck,5.045,4.905,5.155,$ Per Bushel
2026-08-26,Corn,Minnesota,,Truck,4.585,4.485,4.645,$ Per Bushel
2026-08-26,Corn,Missouri,,Truck,4.7925,4.735,4.905,$ Per Bushel
2026-08-26,Corn,Nebraska,,Truck,4.8885,4.615,5.155,$ Per Bushel
2026-08-26,Corn,Ohio,,Truck,5.255,5.155,5.405,$ Per Bushel
2026-08-26,Corn,South Dakota,,Truck,4.53,4.305,4.755,$ Per Bushel
2026-08-26,Corn,Wisconsin,,Truck,4.635,4.485,4.805,$ Per Bushel
2026-08-27,Corn,Illinois,,Truck,5.1479,4.86,5.305,$ Per Bushel
2026-08-27,Corn,Indiana,,Truck,5.3394,5.14,5.56,$ Per Bushel
2026-08-27,Corn,Iowa,,Truck,4.9535,4.81,5.09,$ Per Bushel
2026-08-27,Corn,Kansas,,Truck,5.1425,4.775,5.465,$ Per Bushel
2026-08-27,Corn,Michigan,,Truck,5.18,5.04,5.29,$ Per Bushel
2026-08-27,Corn,Minnesota,,Truck,4.709,4.565,4.78,$ Per Bushel
2026-08-27,Corn,Missouri,,Truck,4.9163,4.86,5.015,$ Per Bushel
2026-08-27,Corn,Nebraska,,Truck,5.0247,4.755,5.295,$ Per Bushel
2026-08-27,Corn,Ohio,,Truck,5.3983,5.29,5.54,$ Per Bushel
2026-08-27,Corn,South Dakota,,Truck,4.6554,4.41,4.86,$ Per Bushel
2026-08-27,Corn,Wisconsin,,Truck,4.77,4.62,4.94,$ Per Bushel
2026-08-28,Corn,Illinois,,Truck,5.1004,4.7925,5.275,$ Per Bushel
2026-08-28,Corn,Indiana,,Truck,5.3239,5.185,5.6025,$ Per Bushel
2026-08-28,Corn,Iowa,,Truck,4.9407,4.855,5.035,$ Per Bushel
2026-08-28,Corn,Kansas,,Truck,5.0875,4.745,5.435,$ Per Bushel
2026-08-28,Corn,Michigan,,Truck,5.1335,4.955,5.305,$ Per Bushel
2026-08-28,Corn,Minnesota,,Truck,4.673,4.535,4.7425,$ Per Bushel
2026-08-28,Corn,Missouri,,Truck,4.8756,4.8025,4.985,$ Per Bushel
2026-08-28,Corn,Nebraska,,Truck,4.99,4.725,5.265,$ Per Bushel
2026-08-28,Corn,Ohio,,Truck,5.3913,5.2525,5.635,$ Per Bushel
2026-08-28,Corn,South Dakota,,Truck,4.624,4.3725,4.815,$ Per Bushel
2026-08-28,Corn,Wisconsin,,Truck,4.739,4.5825,4.9025,$ Per Bushel
2026-08-31,Corn,Illinois,,Truck,5.1214,4.81,5.305,$ Per Bushel
2026-08-31,Corn,Indiana,,Truck,5.3483,5.165,5.62,$ Per Bushel
2026-08-31,Corn,Iowa,,Truck,4.9621,4.885,5.065,$ Per Bushel
2026-08-31,Corn,Kansas,,Truck,5.1175,4.775,5.465,$ Per Bushel
2026-08-31,Corn,Michigan,,Truck,5.165,4.985,5.335,$ Per Bushel
2026-08-31,Corn,Minnesota,,Truck,4.6975,4.565,4.775,$ Per Bushel
2026-08-31,Corn,Missouri,,Truck,4.8963,4.82,5.015,$ Per Bushel
2026-08-31,Corn,Nebraska,,Truck,5.0224,4.755,5.295,$ Per Bushel
2026-08-31,Corn,Ohio,,Truck,5.4242,5.27,5.665,$ Per Bushel
2026-08-31,Corn,South Dakota,,Truck,4.6788,4.495,4.835,$ Per Bushel
2026-08-31,Corn,Wisconsin,,Truck,4.76,4.6,4.925,$ Per Bushel
2026-09-01,Corn,Illinois,,Truck,5.1661,4.8375,5.3275,$ Per Bushel
2026-09-01,Corn,Indiana,,Truck,5.3611,5.1775,5.6575,$ Per Bushel
2026-09-01,Corn,Iowa,,Truck,4.9882,4.8975,5.0775,$ Per Bushel
2026-09-01,Corn,Kansas,,Truck,5.13,4.7875,5.4775,$ Per Bushel
2026-09-01,Corn,Michigan,,Truck,5.19,4.9975,5.3475,$ Per Bushel
2026-09-01,Corn,Minnesota,,Truck,4.735,4.5775,4.8175,$ Per Bushel
2026-09-01,Corn,Missouri,,Truck,4.9181,4.8375,5.0275,$ Per Bushel
2026-09-01,Corn,Nebraska,,Truck,5.0378,4.7675,5.3075,$ Per Bushel
2026-09-01,Corn,Ohio,,Truck,5.4813,5.3775,5.6775,$ Per Bushel
2026-09-01,Corn,South Dakota,,Truck,4.6971,4.5075,4.8475,$ Per Bushel
2026-09-01,Corn,Wisconsin,,Truck,4.7985,4.6775,4.9375,$ Per Bushel
2026-09-02,Corn,Illinois,,Truck,5.2414,4.92,5.44,$ Per Bushel
2026-09-02,Corn,Indiana,,Truck,5.4622,5.26,5.74,$ Per Bushel
2026-09-02,Corn,Iowa,,Truck,5.07,4.85,5.23,$ Per Bushel
2026-09-02,Corn,Kansas,,Truck,5.2125,4.87,5.56,$ Per Bushel
2026-09-02,Corn,Michigan,,Truck,5.278,5.08,5.43,$ Per Bushel
2026-09-02,Corn,Minnesota,,Truck,4.8183,4.66,4.9,$ Per Bushel
2026-09-02,Corn,Missouri,,Truck,5.0,4.92,5.11,$ Per Bushel
2026-09-02,Corn,Nebraska,,Truck,5.1453,4.92,5.44,$ Per Bushel
2026-09-02,Corn,Ohio,,Truck,5.5683,5.46,5.76,$ Per Bushel
2026-09-02,Corn,South Dakota,,Truck,4.7858,4.6,4.97,$ Per Bushel
2026-09-02,Corn,Wisconsin,,Truck,4.836,4.71,4.97,$ Per Bushel
2026-09-03,Corn,Illinois,,Truck,5.2179,4.895,5.415,$ Per Bushel
2026-09-03,Corn,Indiana,,Truck,5.4394,5.215,5.715,$ Per Bushel
2026-09-03,Corn,Iowa,,Truck,5.0609,4.955,5.155,$ Per Bushel
2026-09-03,Corn,Kansas,,Truck,5.1875,4.845,5.535,$ Per Bushel
2026-09-03,Corn,Michigan,,Truck,5.243,5.055,5.405,$ Per Bushel
2026-09-03,Corn,Minnesota,,Truck,4.7767,4.635,4.875,$ Per Bushel
2026-09-03,Corn,Missouri,,Truck,4.975,4.895,5.085,$ Per Bushel
2026-09-03,Corn,Nebraska,,Truck,5.1168,4.895,5.415,$ Per Bushel
2026-09-03,Corn,Ohio,,Truck,5.5433,5.435,5.735,$ Per Bushel
2026-09-03,Corn,South Dakota,,Truck,4.7625,4.575,4.945,$ Per Bushel
2026-09-03,Corn,Wisconsin,,Truck,4.863,4.685,5.015,$ Per Bushel
2026-09-04,Corn,Illinois,,Truck,5.1789,4.8675,5.3875,$ Per Bushel
2026-09-04,Corn,Indiana,,Truck,5.4119,5.1875,5.6875,$ Per Bushel
2026-09-04,Corn,Iowa,,Truck,5.0399,4.9275,5.1475,$ Per Bushel
2026-09-04,Corn,Kansas,,Truck,5.1475,4.7675,5.5075,$ Per Bushel
2026-09-04,Corn,Michigan,,Truck,5.2155,5.0275,5.3775,$ Per Bushel
2026-09-04,Corn,Minnesota,,Truck,4.7558,4.6075,4.8475,$ Per Bushel
2026-09-04,Corn,Missouri,,Truck,4.9475,4.8675,5.0575,$ Per Bushel
2026-09-04,Corn,Nebraska,,Truck,5.0928,4.8675,5.3875,$ Per Bushel
2026-09-04,Corn,Ohio,,Truck,5.5158,5.4075,5.7075,$ Per Bushel
2026-09-04,Corn,South Dakota,,Truck,4.7433,4.5475,4.9475,$ Per Bushel
2026-09-04,Corn,Wisconsin,,Truck,4.8095,4.6575,4.9875,$ Per Bushel
2026-09-08,Corn,Illinois,,Truck,5.1346,4.8275,5.3475,$ Per Bushel
2026-09-08,Corn,Indiana,,Truck,5.3664,5.1475,5.6475,$ Per Bushel
2026-09-08,Corn,Iowa,,Truck,5.0199,4.8875,5.2175,$ Per Bushel
2026-09-08,Corn,Kansas,,Truck,5.1208,4.7275,5.4675,$ Per Bushel
2026-09-08,Corn,Michigan,,Truck,5.1755,4.9875,5.3375,$ Per Bushel
2026-09-08,Corn,Minnesota,,Truck,4.7158,4.5675,4.8075,$ Per Bushel
2026-09-08,Corn,Missouri,,Truck,4.91,4.8175,5.0175,$ Per Bushel
2026-09-08,Corn,Nebraska,,Truck,5.0534,4.8275,5.3475,$ Per Bushel
2026-09-08,Corn,Ohio,,Truck,5.4892,5.3675,5.6675,$ Per Bushel
2026-09-08,Corn,South Dakota,,Truck,4.7083,4.5075,4.9075,$ Per Bushel
2026-09-08,Corn,Wisconsin,,Truck,4.7695,4.6175,4.9475,$ Per Bushel
2026-09-09,Corn,Illinois,,Truck,5.0907,4.795,5.315,$ Per Bushel
2026-09-09,Corn,Indiana,,Truck,5.3428,5.115,5.615,$ Per Bushel
2026-09-09,Corn,Iowa,,Truck,4.9968,4.895,5.185,$ Per Bushel
2026-09-09,Corn,Kansas,,Truck,5.0625,4.695,5.435,$ Per Bushel
2026-09-09,Corn,Michigan,,Truck,5.143,4.955,5.305,$ Per Bushel
2026-09-09,Corn,Minnesota,,Truck,4.6883,4.535,4.785,$ Per Bushel
2026-09-09,Corn,Missouri,,Truck,4.88,4.785,4.985,$ Per Bushel
2026-09-09,Corn,Nebraska,,Truck,5.0285,4.795,5.315,$ Per Bushel
2026-09-09,Corn,Ohio,,Truck,5.46,5.335,5.635,$ Per Bushel
2026-09-09,Corn,South Dakota,,Truck,4.68,4.475,4.875,$ Per Bushel
2026-09-09,Corn,Wisconsin,,Truck,4.737,4.585,4.915,$ Per Bushel
2026-09-10,Corn,Illinois,,Truck,5.0404,4.7975,5.2575,$ Per Bushel
2026-09-10,Corn,Indiana,,Truck,5.2853,5.0575,5.5575,$ Per Bushel
2026-09-10,Corn,Iowa,,Truck,4.9451,4.8575,5.0975,$ Per Bushel
2026-09-10,Corn,Kansas,,Truck,5.005,4.6375,5.3775,$ Per Bushel
2026-09-10,Corn,Michigan,,Truck,5.0855,4.8975,5.2475,$ Per Bushel
2026-09-10,Corn,Minnesota,,Truck,4.6308,4.4775,4.7275,$ Per Bushel
2026-09-10,Corn,Missouri,,Truck,4.8275,4.7275,4.9275,$ Per Bushel
2026-09-10,Corn,Nebraska,,Truck,4.974,4.7375,5.2575,$ Per Bushel
2026-09-10,Corn,Ohio,,Truck,5.4092,5.2775,5.5775,$ Per Bushel
2026-09-10,Corn,South Dakota,,Truck,4.6208,4.4275,4.8175,$ Per Bushel
2026-09-10,Corn,Wisconsin,,Truck,4.6795,4.5275,4.8575,$ Per Bushel
2026-09-11,Corn,Illinois,,Truck,5.1061,4.8575,5.3175,$ Per Bushel
2026-09-11,Corn,Indiana,,Truck,5.3564,5.1175,5.6175,$ Per Bushel
2026-09-11,Corn,Iowa,,Truck,4.9652,4.7275,5.0875,$ Per Bushel
2026-09-11,Corn,Kansas,,Truck,5.065,4.6975,5.4375,$ Per Bushel
2026-09-11,Corn,Michigan,,Truck,5.1455,4.9575,5.3075,$ Per Bushel
2026-09-11,Corn,Minnesota,,Truck,4.6908,4.5375,4.7875,$ Per Bushel
2026-09-11,Corn,Missouri,,Truck,4.8875,4.7875,4.9875,$ Per Bushel
2026-09-11,Corn,Nebraska,,Truck,5.0322,4.7975,5.3175,$ Per Bushel
2026-09-11,Corn,Ohio,,Truck,5.4858,5.3875,5.6375,$ Per Bushel
2026-09-11,Corn,South Dakota,,Truck,4.6867,4.4875,4.8975,$ Per Bushel
2026-09-11,Corn,Wisconsin,,Truck,4.7395,4.5875,4.9175,$ Per Bushel
2026-09-14,Corn,Illinois,,Truck,5.0711,4.8225,5.2825,$ Per Bushel
2026-09-14,Corn,Indiana,,Truck,5.3103,5.0825,5.5825,$ Per Bushel
2026-09-14,Corn,Iowa,,Truck,4.9302,4.6925,5.0525,$ Per Bushel
2026-09-14,Corn,Kansas,,Truck,5.03,4.6625,5.4025,$ Per Bushel
2026-09-14,Corn,Michigan,,Truck,5.1105,4.9225,5.2725,$ Per Bushel
2026-09-14,Corn,Minnesota,,Truck,4.6842,4.5025,4.7725,$ Per Bushel
2026-09-14,Corn,Missouri,,Truck,4.84,4.7525,4.9525,$ Per Bushel
2026-09-14,Corn,Nebraska,,Truck,4.9943,4.7625,5.2825,$ Per Bushel
2026-09-14,Corn,Ohio,,Truck,5.4558,5.3525,5.6025,$ Per Bushel
2026-09-14,Corn,South Dakota,,Truck,4.6508,4.4525,4.8625,$ Per Bushel
2026-09-14,Corn,Wisconsin,,Truck,4.7045,4.5525,4.8825,$ Per Bushel
2026-09-15,Corn,Illinois,,Truck,5.1011,4.8525,5.3125,$ Per Bushel
2026-09-15,Corn,Indiana,,Truck,5.3292,5.1125,5.6125,$ Per Bushel
2026-09-15,Corn,Iowa,,Truck,4.996,4.9125,5.1525,$ Per Bushel
2026-09-15,Corn,Kansas,,Truck,5.06,4.6925,5.4325,$ Per Bushel
2026-09-15,Corn,Michigan,,Truck,5.1405,4.9525,5.3025,$ Per Bushel
2026-09-15,Corn,Minnesota,,Truck,4.7142,4.5325,4.8025,$ Per Bushel
2026-09-15,Corn,Missouri,,Truck,4.865,4.7825,4.9825,$ Per Bushel
2026-09-15,Corn,Nebraska,,Truck,5.0301,4.7925,5.3125,$ Per Bushel
2026-09-15,Corn,Ohio,,Truck,5.4408,5.3325,5.5325,$ Per Bushel
2026-09-15,Corn,South Dakota,,Truck,4.675,4.4825,4.8925,$ Per Bushel
2026-09-15,Corn,Wisconsin,,Truck,4.7345,4.5825,4.9125,$ Per Bushel
2026-09-16,Corn,Illinois,,Truck,5.1218,4.8775,5.2775,$ Per Bushel
2026-09-16,Corn,Indiana,,Truck,5.3486,5.1375,5.6375,$ Per Bushel
2026-09-16,Corn,Iowa,,Truck,5.0044,4.7475,5.1975,$ Per Bushel
2026-09-16,Corn,Kansas,,Truck,5.085,4.7175,5.4575,$ Per Bushel
2026-09-16,Corn,Michigan,,Truck,5.1655,4.9775,5.3275,$ Per Bushel
2026-09-16,Corn,Minnesota,,Truck,4.7425,4.5575,4.8275,$ Per Bushel
2026-09-16,Corn,Missouri,,Truck,4.89,4.8075,5.0075,$ Per Bushel
2026-09-16,Corn,Nebraska,,Truck,5.0499,4.8175,5.3375,$ Per Bushel
2026-09-16,Corn,Ohio,,Truck,5.4658,5.3575,5.5575,$ Per Bushel
2026-09-16,Corn,South Dakota,,Truck,4.7158,4.5075,4.9175,$ Per Bushel
2026-09-16,Corn,Wisconsin,,Truck,4.7595,4.6075,4.9375,$ Per Bushel
2026-09-17,Corn,Illinois,,Truck,5.1182,4.9225,5.2625,$ Per Bushel
2026-09-17,Corn,Indiana,,Truck,5.3469,5.1925,5.6225,$ Per Bushel
2026-09-17,Corn,Iowa,,Truck,5.0196,4.9425,5.1625,$ Per Bushel
2026-09-17,Corn,Kansas,,Truck,5.1575,4.7025,5.4425,$ Per Bushel
2026-09-17,Corn,Michigan,,Truck,5.1165,4.9625,5.2425,$ Per Bushel
2026-09-17,Corn,Minnesota,,Truck,4.7242,4.5425,4.8125,$ Per Bushel
2026-09-17,Corn,Missouri,,Truck,4.8675,4.7925,4.9925,$ Per Bushel
2026-09-17,Corn,Nebraska,,Truck,5.0401,4.8425,5.3225,$ Per Bushel
2026-09-17,Corn,Ohio,,Truck,5.4258,5.2425,5.5425,$ Per Bushel
2026-09-17,Corn,South Dakota,,Truck,4.6967,4.4925,4.9025,$ Per Bushel
2026-09-17,Corn,Wisconsin,,Truck,4.7445,4.5925,4.9225,$ Per Bushel
