date,commodity,state,variety,trans_mode,price,price_min,price_max,unit
2022-07-18,Biodiesel,Illinois,B100,Truck,6.94,6.94,6.94,$ Per Gallon
2022-07-18,Biodiesel,Minnesota,B100,Truck,6.41,6.41,6.41,$ Per Gallon
2022-07-18,Distillers Corn Oil,Illinois,,Truck,67.67,65.0,70.0,Cents Per Lb
2022-07-18,Distillers Corn Oil,Iowa,,Truck,66.4,60.0,76.0,Cents Per Lb
2022-07-18,Distillers Corn Oil,Kansas,,Truck,76.0,76.0,76.0,Cents Per Lb
2022-07-18,Distillers Corn Oil,Missouri,,Truck,68.0,68.0,68.0,Cents Per Lb
2022-07-18,Distillers Corn Oil,Nebraska,,Truck,67.0,63.0,76.0,Cents Per Lb
2022-07-18,Distillers Corn Oil,South Dakota,,Truck,65.0,65.0,65.0,Cents Per Lb
2022-07-18,Distillers Corn Oil,Wisconsin,,Truck,70.0,70.0,70.0,Cents Per Lb
2022-07-18,Distillers Grain,Illinois,Wet 65-70%,Truck,55.0,55.0,55.0,$ Per Ton
2022-07-18,Distillers Grain,Illinois,Dried 10%,Truck,230.0,220.0,240.0,$ Per Ton
2022-07-18,Distillers Grain,Indiana,Dried 10%,Truck,225.2,217.0,240.0,$ Per Ton
2022-07-18,Distillers Grain,Iowa,Dried 10%,Truck,210.27,185.0,238.0,$ Per Ton
2022-07-18,Distillers Grain,Iowa,Wet 65-70%,Truck,68.33,65.0,70.0,$ Per Ton
2022-07-18,Distillers Grain,Iowa,Modified Wet 55-60%,Truck,106.86,95.0,115.0,$ Per Ton
2022-07-18,Distillers Grain,Kansas,Dried 10%,Truck,256.25,240.0,265.0,$ Per Ton
2022-07-18,Distillers Grain,Kansas,Wet 65-70%,Truck,101.67,79.0,120.0,$ Per Ton
2022-07-18,Distillers Grain,Michigan,Dried 10%,Truck,225.0,208.0,235.0,$ Per Ton
2022-07-18,Distillers Grain,Minnesota,Wet 65-70%,Truck,65.0,65.0,65.0,$ Per Ton
2022-07-18,Distillers Grain,Minnesota,Modified Wet 55-60%,Truck,107.5,100.0,115.0,$ Per Ton
2022-07-18,Distillers Grain,Minnesota,Dried 10%,Truck,213.33,200.0,230.0,$ Per Ton
2022-07-18,Distillers Grain,Missouri,Wet 65-70%,Truck,71.67,66.0,80.0,$ Per Ton
2022-07-18,Distillers Grain,Missouri,Modified Wet 55-60%,Truck,140.0,140.0,140.0,$ Per Ton
2022-07-18,Distillers Grain,Missouri,Dried 10%,Truck,255.0,245.0,270.0,$ Per Ton
2022-07-18,Distillers Grain,N/A,Dried 10%,Rail/Barge,255.0,255.0,255.0,$ Per Ton
2022-07-18,Distillers Grain,N/A,Dried 10%,Ocean Vessel,303.0,303.0,303.0,$ Per Ton
2022-07-18,Distillers Grain,N/A,Dried 10%,Rail,290.0,290.0,290.0,$ Per Ton
2022-07-18,Distillers Grain,Nebraska,Wet 65-70%,Truck,78.6,70.0,82.0,$ Per Ton
2022-07-18,Distillers Grain,Nebraska,Modified Wet 55-60%,Truck,108.4,100.0,125.0,$ Per Ton
2022-07-18,Distillers Grain,Nebraska,Dried 10%,Truck,239.14,220.0,254.0,$ Per Ton
2022-07-18,Distillers Grain,Ohio,Dried 10%,Truck,229.75,225.0,240.0,$ Per Ton
2022-07-18,Distillers Grain,South Dakota,Wet 65-70%,Truck,70.0,70.0,70.0,$ Per Ton
2022-07-18,Distillers Grain,South Dakota,Modified Wet 55-60%,Truck,108.75,105.0,111.0,$ Per Ton
2022-07-18,Distillers Grain,South Dakota,Dried 10%,Truck,224.25,205.0,240.0,$ Per Ton
2022-07-18,Distillers Grain,Wisconsin,Wet 65-70%,Truck,86.5,75.0,98.0,$ Per Ton
2022-07-18,Distillers Grain,Wisconsin,Dried 10%,Truck,220.0,210.0,225.0,$ Per Ton
2022-07-18,Distillers Grain,Wisconsin,Modified Wet 55-60%,Truck,97.0,97.0,97.0,$ Per Ton
2022-07-18,Ethanol,Illinois,,Truck,2.5863,2.55,2.635,$ Per Gallon
2022-07-18,Ethanol,Indiana,,Truck,2.58,2.58,2.58,$ Per Gallon
2022-07-18,Ethanol,Iowa,,Truck,2.4507,2.36,2.55,$ Per Gallon
2022-07-18,Ethanol,Kansas,,Truck,2.48,2.48,2.48,$ Per Gallon
2022-07-18,Ethanol,Minnesota,,Truck,2.4325,2.43,2.435,$ Per Gallon
2022-07-18,Ethanol,Nebraska,,Truck,2.402,2.29,2.48,$ Per Gallon
2022-07-18,Ethanol,South Dakota,,Rail,2.425,2.425,2.425,$ Per Gallon
2022-07-25,Biodiesel,Illinois,B100,Truck,6.65,6.65,6.65,$ Per Gallon
2022-07-25,Biodiesel,Minnesota,B100,Truck,6.42,6.42,6.42,$ Per Gallon
2022-07-25,Distillers Corn Oil,Illinois,,Truck,66.33,64.0,70.0,Cents Per Lb
2022-07-25,Distillers Corn Oil,Indiana,,Truck,70.67,64.0,75.0,Cents Per Lb
2022-07-25,Distillers Corn Oil,Iowa,,Truck,66.64,61.0,76.0,Cents Per Lb
2022-07-25,Distillers Corn Oil,Kansas,,Truck,76.0,76.0,76.0,Cents Per Lb
2022-07-25,Distillers Corn Oil,Michigan,,Truck,69.25,64.0,75.0,Cents Per Lb
2022-07-25,Distillers Corn Oil,Minnesota,,Truck,68.0,63.0,75.0,Cents Per Lb
2022-07-25,Distillers Corn Oil,Missouri,,Truck,75.0,74.0,76.0,Cents Per Lb
2022-07-25,Distillers Corn Oil,Nebraska,,Truck,69.5,63.0,76.0,Cents Per Lb
2022-07-25,Distillers Corn Oil,Ohio,,Truck,69.0,63.0,75.0,Cents Per Lb
2022-07-25,Distillers Corn Oil,South Dakota,,Truck,67.5,62.0,75.0,Cents Per Lb
2022-07-25,Distillers Corn Oil,Wisconsin,,Truck,69.0,69.0,69.0,Cents Per Lb
2022-07-25,Distillers Grain,Illinois,Dried 10%,Truck,223.25,215.0,230.0,$ Per Ton
2022-07-25,Distillers Grain,Illinois,Wet 65-70%,Truck,90.0,90.0,90.0,$ Per Ton
2022-07-25,Distillers Grain,Indiana,Dried 10%,Truck,216.5,200.0,240.0,$ Per Ton
2022-07-25,Distillers Grain,Iowa,Wet 65-70%,Truck,67.5,65.0,70.0,$ Per Ton
2022-07-25,Distillers Grain,Iowa,Modified Wet 55-60%,Truck,110.43,100.0,120.0,$ Per Ton
2022-07-25,Distillers Grain,Iowa,Dried 10%,Truck,216.5,195.0,240.0,$ Per Ton
2022-07-25,Distillers Grain,Kansas,Wet 65-70%,Truck,105.25,79.0,120.0,$ Per Ton
2022-07-25,Distillers Grain,Kansas,Dried 10%,Truck,255.0,245.0,260.0,$ Per Ton
2022-07-25,Distillers Grain,Michigan,Dried 10%,Truck,216.4,200.0,235.0,$ Per Ton
2022-07-25,Distillers Grain,Minnesota,Wet 65-70%,Truck,65.0,65.0,65.0,$ Per Ton
2022-07-25,Distillers Grain,Minnesota,Modified Wet 55-60%,Truck,115.0,115.0,115.0,$ Per Ton
2022-07-25,Distillers Grain,Minnesota,Dried 10%,Truck,203.75,195.0,210.0,$ Per Ton
2022-07-25,Distillers Grain,Missouri,Wet 65-70%,Truck,69.0,69.0,69.0,$ Per Ton
2022-07-25,Distillers Grain,Missouri,Dried 10%,Truck,245.0,245.0,245.0,$ Per Ton
2022-07-25,Distillers Grain,Missouri,Modified Wet 55-60%,Truck,140.0,140.0,140.0,$ Per Ton
2022-07-25,Distillers Grain,N/A,Dried 10%,Rail,290.0,290.0,290.0,$ Per Ton
2022-07-25,Distillers Grain,N/A,Dried 10%,Rail/Barge,244.33,238.0,255.0,$ Per Ton
2022-07-25,Distillers Grain,N/A,Dried 10%,Ocean Vessel,308.67,303.0,313.0,$ Per Ton
2022-07-25,Distillers Grain,Nebraska,Wet 65-70%,Truck,82.0,80.0,85.0,$ Per Ton
2022-07-25,Distillers Grain,Nebraska,Modified Wet 55-60%,Truck,113.6,100.0,125.0,$ Per Ton
2022-07-25,Distillers Grain,Nebraska,Dried 10%,Truck,240.75,230.0,259.0,$ Per Ton
2022-07-25,Distillers Grain,Ohio,Dried 10%,Truck,221.4,210.0,240.0,$ Per Ton
2022-07-25,Distillers Grain,South Dakota,Dried 10%,Truck,219.33,210.0,224.0,$ Per Ton
2022-07-25,Distillers Grain,South Dakota,Modified Wet 55-60%,Truck,109.0,108.0,110.0,$ Per Ton
2022-07-25,Distillers Grain,South Dakota,Wet 65-70%,Truck,70.0,70.0,70.0,$ Per Ton
2022-07-25,Distillers Grain,Wisconsin,Wet 65-70%,Truck,86.5,75.0,98.0,$ Per Ton
2022-07-25,Distillers Grain,Wisconsin,Modified Wet 55-60%,Truck,97.0,97.0,97.0,$ Per Ton
2022-07-25,Distillers Grain,Wisconsin,Dried 10%,Truck,215.0,210.0,220.0,$ Per Ton
2022-07-25,Ethanol,Illinois,,Truck,2.5975,2.55,2.635,$ Per Gallon
2022-07-25,Ethanol,Indiana,,Truck,2.63,2.63,2.63,$ Per Gallon
2022-07-25,Ethanol,Iowa,,Truck,2.4868,2.43,2.55,$ Per Gallon
2022-07-25,Ethanol,Iowa,,Rail,2.5,2.5,2.5,$ Per Gallon
2022-07-25,Ethanol,Kansas,,Truck,2.4767,2.43,2.51,$ Per Gallon
2022-07-25,Ethanol,Minnesota,,Truck,2.4805,2.461,2.5,$ Per Gallon
2022-07-25,Ethanol,Nebraska,,Truck,2.485,2.43,2.54,$ Per Gallon
2022-07-25,Ethanol,South Dakota,,Rail,2.461,2.461,2.461,$ Per Gallon
2022-07-25,Ethanol,Wisconsin,,Truck,2.508,2.508,2.508,$ Per Gallon
2022-08-01,Biodiesel,Illinois,B100,Truck,6.65,6.65,6.65,$ Per Gallon
2022-08-01,Biodiesel,Minnesota,B100,Truck,6.6,6.6,6.6,$ Per Gallon
2022-08-01,Distillers Corn Oil,Illinois,,Truck,69.25,68.0,72.0,Cents Per Lb
2022-08-01,Distillers Corn Oil,Indiana,,Truck,67.67,66.0,69.0,Cents Per Lb
2022-08-01,Distillers Corn Oil,Iowa,,Truck,69.63,65.0,76.0,Cents Per Lb
2022-08-01,Distillers Corn Oil,Kansas,,Truck,76.0,76.0,76.0,Cents Per Lb
2022-08-01,Distillers Corn Oil,Michigan,,Truck,66.75,63.0,69.0,Cents Per Lb
2022-08-01,Distillers Corn Oil,Minnesota,,Truck,68.5,66.0,72.0,Cents Per Lb
2022-08-01,Distillers Corn Oil,Missouri,,Truck,68.5,67.0,70.0,Cents Per Lb
2022-08-01,Distillers Corn Oil,Nebraska,,Truck,69.43,66.0,76.0,Cents Per Lb
2022-08-01,Distillers Corn Oil,Ohio,,Truck,67.5,65.0,70.0,Cents Per Lb
2022-08-01,Distillers Corn Oil,South Dakota,,Truck,68.5,66.0,71.0,Cents Per Lb
2022-08-01,Distillers Corn Oil,Wisconsin,,Truck,73.0,73.0,73.0,Cents Per Lb
2022-08-01,Distillers Grain,Illinois,Dried 10%,Truck,224.6,210.0,243.0,$ Per Ton
2022-08-01,Distillers Grain,Illinois,Wet 65-70%,Truck,105.0,95.0,115.0,$ Per Ton
2022-08-01,Distillers Grain,Indiana,Dried 10%,Truck,214.33,205.0,228.0,$ Per Ton
2022-08-01,Distillers Grain,Iowa,Dried 10%,Truck,222.22,195.0,240.0,$ Per Ton
2022-08-01,Distillers Grain,Iowa,Wet 65-70%,Truck,90.0,70.0,120.0,$ Per Ton
2022-08-01,Distillers Grain,Iowa,Modified Wet 55-60%,Truck,109.0,103.0,115.0,$ Per Ton
2022-08-01,Distillers Grain,Kansas,Dried 10%,Truck,252.5,245.0,265.0,$ Per Ton
2022-08-01,Distillers Grain,Kansas,Wet 65-70%,Truck,100.75,85.0,110.0,$ Per Ton
2022-08-01,Distillers Grain,Michigan,Dried 10%,Truck,205.5,195.0,222.0,$ Per Ton
2022-08-01,Distillers Grain,Minnesota,Dried 10%,Truck,218.0,200.0,240.0,$ Per Ton
2022-08-01,Distillers Grain,Minnesota,Modified Wet 55-60%,Truck,115.0,115.0,115.0,$ Per Ton
2022-08-01,Distillers Grain,Missouri,Wet 65-70%,Truck,72.0,72.0,72.0,$ Per Ton
2022-08-01,Distillers Grain,Missouri,Dried 10%,Truck,257.33,247.0,275.0,$ Per Ton
2022-08-01,Distillers Grain,N/A,Dried 10%,Rail,285.0,285.0,285.0,$ Per Ton
2022-08-01,Distillers Grain,N/A,Dried 10%,Rail/Barge,234.0,230.0,238.0,$ Per Ton
2022-08-01,Distillers Grain,N/A,Dried 10%,Ocean Vessel,312.0,310.0,314.0,$ Per Ton
2022-08-01,Distillers Grain,Nebraska,Wet 65-70%,Truck,84.67,81.0,88.0,$ Per Ton
2022-08-01,Distillers Grain,Nebraska,Modified Wet 55-60%,Truck,117.5,110.0,126.0,$ Per Ton
2022-08-01,Distillers Grain,Nebraska,Dried 10%,Truck,242.17,235.0,259.0,$ Per Ton
2022-08-01,Distillers Grain,Ohio,Dried 10%,Truck,212.67,200.0,226.0,$ Per Ton
2022-08-01,Distillers Grain,South Dakota,Modified Wet 55-60%,Truck,112.0,110.0,113.0,$ Per Ton
2022-08-01,Distillers Grain,South Dakota,Dried 10%,Truck,227.75,215.0,240.0,$ Per Ton
2022-08-01,Distillers Grain,Wisconsin,Wet 65-70%,Truck,86.5,75.0,98.0,$ Per Ton
2022-08-01,Distillers Grain,Wisconsin,Dried 10%,Truck,211.25,200.0,220.0,$ Per Ton
2022-08-01,Ethanol,Illinois,,Truck,2.4633,2.43,2.52,$ Per Gallon
2022-08-01,Ethanol,Indiana,,Truck,2.48,2.48,2.48,$ Per Gallon
2022-08-01,Ethanol,Iowa,,Truck,2.4656,2.4,2.6,$ Per Gallon
2022-08-01,Ethanol,Iowa,,Rail,2.5,2.5,2.5,$ Per Gallon
2022-08-01,Ethanol,Kansas,,Truck,2.4367,2.4,2.46,$ Per Gallon
2022-08-01,Ethanol,Minnesota,,Truck,2.395,2.38,2.41,$ Per Gallon
2022-08-01,Ethanol,Nebraska,,Truck,2.445,2.4,2.54,$ Per Gallon
2022-08-01,Ethanol,South Dakota,,Rail,2.4,2.4,2.4,$ Per Gallon
2022-08-01,Ethanol,Wisconsin,,Truck,2.508,2.508,2.508,$ Per Gallon
2022-08-08,Biodiesel,Illinois,B100,Truck,6.65,6.65,6.65,$ Per Gallon
2022-08-08,Biodiesel,Minnesota,B100,Truck,6.6,6.6,6.6,$ Per Gallon
2022-08-08,Distillers Corn Oil,Illinois,,Truck,69.0,68.0,71.0,Cents Per Lb
2022-08-08,Distillers Corn Oil,Indiana,,Truck,70.0,69.0,71.0,Cents Per Lb
2022-08-08,Distillers Corn Oil,Iowa,,Truck,69.44,65.0,72.0,Cents Per Lb
2022-08-08,Distillers Corn Oil,Kansas,,Truck,76.0,76.0,76.0,Cents Per Lb
2022-08-08,Distillers Corn Oil,Michigan,,Truck,70.33,69.0,73.0,Cents Per Lb
2022-08-08,Distillers Corn Oil,Minnesota,,Truck,69.5,68.0,72.0,Cents Per Lb
2022-08-08,Distillers Corn Oil,Missouri,,Truck,70.0,70.0,70.0,Cents Per Lb
2022-08-08,Distillers Corn Oil,Nebraska,,Truck,70.33,68.0,76.0,Cents Per Lb
2022-08-08,Distillers Corn Oil,Ohio,,Truck,69.5,69.0,70.0,Cents Per Lb
2022-08-08,Distillers Corn Oil,South Dakota,,Truck,68.29,65.0,71.0,Cents Per Lb
2022-08-08,Distillers Corn Oil,Wisconsin,,Truck,72.0,72.0,72.0,Cents Per Lb
2022-08-08,Distillers Grain,Illinois,Dried 10%,Truck,221.25,210.0,235.0,$ Per Ton
2022-08-08,Distillers Grain,Illinois,Modified Wet 55-60%,Truck,115.0,115.0,115.0,$ Per Ton
2022-08-08,Distillers Grain,Illinois,Wet 65-70%,Truck,70.0,70.0,70.0,$ Per Ton
2022-08-08,Distillers Grain,Indiana,Dried 10%,Truck,215.0,200.0,230.0,$ Per Ton
2022-08-08,Distillers Grain,Iowa,Dried 10%,Truck,230.6,205.0,250.0,$ Per Ton
2022-08-08,Distillers Grain,Iowa,Wet 65-70%,Truck,79.67,70.0,98.0,$ Per Ton
2022-08-08,Distillers Grain,Iowa,Modified Wet 55-60%,Truck,113.25,103.0,125.0,$ Per Ton
2022-08-08,Distillers Grain,Kansas,Dried 10%,Truck,251.0,250.0,253.0,$ Per Ton
2022-08-08,Distillers Grain,Kansas,Wet 65-70%,Truck,106.0,98.0,110.0,$ Per Ton
2022-08-08,Distillers Grain,Michigan,Dried 10%,Truck,192.5,190.0,195.0,$ Per Ton
2022-08-08,Distillers Grain,Minnesota,Dried 10%,Truck,226.0,215.0,250.0,$ Per Ton
2022-08-08,Distillers Grain,Minnesota,Wet 65-70%,Truck,65.0,65.0,65.0,$ Per Ton
2022-08-08,Distillers Grain,Minnesota,Modified Wet 55-60%,Truck,118.5,115.0,122.0,$ Per Ton
2022-08-08,Distillers Grain,Missouri,Dried 10%,Truck,265.0,255.0,275.0,$ Per Ton
2022-08-08,Distillers Grain,Missouri,Modified Wet 55-60%,Truck,145.0,145.0,145.0,$ Per Ton
2022-08-08,Distillers Grain,Missouri,Wet 65-70%,Truck,80.5,79.0,82.0,$ Per Ton
2022-08-08,Distillers Grain,N/A,Dried 10%,Rail,272.0,272.0,272.0,$ Per Ton
2022-08-08,Distillers Grain,N/A,Dried 10%,Ocean Vessel,311.0,310.0,312.0,$ Per Ton
2022-08-08,Distillers Grain,N/A,Dried 10%,Rail/Barge,234.0,230.0,238.0,$ Per Ton
2022-08-08,Distillers Grain,Nebraska,Wet 65-70%,Truck,93.5,84.0,100.0,$ Per Ton
2022-08-08,Distillers Grain,Nebraska,Dried 10%,Truck,251.5,235.0,260.0,$ Per Ton
2022-08-08,Distillers Grain,Nebraska,Modified Wet 55-60%,Truck,114.0,100.0,131.0,$ Per Ton
2022-08-08,Distillers Grain,Ohio,Dried 10%,Truck,200.0,200.0,200.0,$ Per Ton
2022-08-08,Distillers Grain,South Dakota,Wet 65-70%,Truck,85.0,85.0,85.0,$ Per Ton
2022-08-08,Distillers Grain,South Dakota,Modified Wet 55-60%,Truck,120.0,113.0,134.0,$ Per Ton
2022-08-08,Distillers Grain,South Dakota,Dried 10%,Truck,233.5,220.0,255.0,$ Per Ton
2022-08-08,Distillers Grain,Wisconsin,Wet 65-70%,Truck,86.5,75.0,98.0,$ Per Ton
2022-08-08,Distillers Grain,Wisconsin,Dried 10%,Truck,215.67,210.0,220.0,$ Per Ton
2022-08-08,Ethanol,Illinois,,Truck,2.44,2.44,2.44,$ Per Gallon
2022-08-08,Ethanol,Indiana,,Truck,2.48,2.48,2.48,$ Per Gallon
2022-08-08,Ethanol,Iowa,,Truck,2.3975,2.27,2.55,$ Per Gallon
2022-08-08,Ethanol,Kansas,,Truck,2.3233,2.27,2.37,$ Per Gallon
2022-08-08,Ethanol,Minnesota,,Truck,2.395,2.38,2.41,$ Per Gallon
2022-08-08,Ethanol,Nebraska,,Truck,2.3717,2.27,2.43,$ Per Gallon
2022-08-08,Ethanol,Nebraska,,Rail,2.375,2.36,2.39,$ Per Gallon
2022-08-08,Ethanol,South Dakota,,Rail,2.4,2.4,2.4,$ Per Gallon
2022-08-15,Biodiesel,Minnesota,B100,Truck,6.56,6.56,6.56,$ Per Gallon
2022-08-15,Distillers Corn Oil,Illinois,,Truck,72.75,68.0,78.0,Cents Per Lb
2022-08-15,Distillers Corn Oil,Indiana,,Truck,72.0,72.0,72.0,Cents Per Lb
2022-08-15,Distillers Corn Oil,Iowa,,Truck,72.14,70.0,77.0,Cents Per Lb
2022-08-15,Distillers Corn Oil,Kansas,,Truck,76.0,76.0,76.0,Cents Per Lb
2022-08-15,Distillers Corn Oil,Michigan,,Truck,70.25,69.0,73.0,Cents Per Lb
2022-08-15,Distillers Corn Oil,Minnesota,,Truck,70.33,68.0,72.0,Cents Per Lb
2022-08-15,Distillers Corn Oil,Missouri,,Truck,72.0,70.0,74.0,Cents Per Lb
2022-08-15,Distillers Corn Oil,Nebraska,,Truck,71.6,70.0,75.0,Cents Per Lb
2022-08-15,Distillers Corn Oil,Ohio,,Truck,69.0,69.0,69.0,Cents Per Lb
2022-08-15,Distillers Corn Oil,South Dakota,,Truck,72.0,70.0,73.0,Cents Per Lb
2022-08-15,Distillers Corn Oil,Wisconsin,,Truck,72.0,72.0,72.0,Cents Per Lb
2022-08-15,Distillers Grain,Illinois,Dried 10%,Truck,221.0,205.0,235.0,$ Per Ton
2022-08-15,Distillers Grain,Illinois,Modified Wet 55-60%,Truck,80.0,80.0,80.0,$ Per Ton
2022-08-15,Distillers Grain,Illinois,Wet 65-70%,Truck,50.0,50.0,50.0,$ Per Ton
2022-08-15,Distillers Grain,Indiana,Dried 10%,Truck,221.67,200.0,235.0,$ Per Ton
2022-08-15,Distillers Grain,Iowa,Modified Wet 55-60%,Truck,114.33,103.0,125.0,$ Per Ton
2022-08-15,Distillers Grain,Iowa,Dried 10%,Truck,236.44,205.0,260.0,$ Per Ton
2022-08-15,Distillers Grain,Iowa,Wet 65-70%,Truck,82.0,70.0,100.0,$ Per Ton
2022-08-15,Distillers Grain,Kansas,Dried 10%,Truck,248.25,235.0,265.0,$ Per Ton
2022-08-15,Distillers Grain,Kansas,Wet 65-70%,Truck,103.25,95.0,110.0,$ Per Ton
2022-08-15,Distillers Grain,Michigan,Wet 65-70%,Truck,110.0,110.0,110.0,$ Per Ton
2022-08-15,Distillers Grain,Michigan,Dried 10%,Truck,196.67,190.0,210.0,$ Per Ton
2022-08-15,Distillers Grain,Minnesota,Modified Wet 55-60%,Truck,118.5,115.0,122.0,$ Per Ton
2022-08-15,Distillers Grain,Minnesota,Wet 65-70%,Truck,65.0,65.0,65.0,$ Per Ton
2022-08-15,Distillers Grain,Minnesota,Dried 10%,Truck,228.33,210.0,260.0,$ Per Ton
2022-08-15,Distillers Grain,Missouri,Dried 10%,Truck,265.0,255.0,275.0,$ Per Ton
2022-08-15,Distillers Grain,Missouri,Modified Wet 55-60%,Truck,145.0,145.0,145.0,$ Per Ton
2022-08-15,Distillers Grain,Missouri,Wet 65-70%,Truck,80.5,79.0,82.0,$ Per Ton
2022-08-15,Distillers Grain,N/A,Dried 10%,Rail,272.0,272.0,272.0,$ Per Ton
2022-08-15,Distillers Grain,N/A,Dried 10%,Ocean Vessel,311.0,310.0,312.0,$ Per Ton
2022-08-15,Distillers Grain,N/A,Dried 10%,Rail/Barge,234.0,230.0,238.0,$ Per Ton
2022-08-15,Distillers Grain,Nebraska,Wet 65-70%,Truck,90.83,82.0,100.0,$ Per Ton
2022-08-15,Distillers Grain,Nebraska,Modified Wet 55-60%,Truck,118.0,105.0,130.0,$ Per Ton
2022-08-15,Distillers Grain,Nebraska,Dried 10%,Truck,252.33,240.0,265.0,$ Per Ton
2022-08-15,Distillers Grain,Ohio,Dried 10%,Truck,220.0,205.0,235.0,$ Per Ton
2022-08-15,Distillers Grain,South Dakota,Wet 65-70%,Truck,85.0,85.0,85.0,$ Per Ton
2022-08-15,Distillers Grain,South Dakota,Modified Wet 55-60%,Truck,113.67,113.0,115.0,$ Per Ton
2022-08-15,Distillers Grain,South Dakota,Dried 10%,Truck,234.33,225.0,255.0,$ Per Ton
2022-08-15,Distillers Grain,Wisconsin,Dried 10%,Truck,214.25,210.0,220.0,$ Per Ton
2022-08-15,Distillers Grain,Wisconsin,Wet 65-70%,Truck,86.5,75.0,98.0,$ Per Ton
2022-08-15,Ethanol,Illinois,,Truck,2.4775,2.44,2.515,$ Per Gallon
2022-08-15,Ethanol,Indiana,,Truck,2.48,2.48,2.48,$ Per Gallon
2022-08-15,Ethanol,Iowa,,Truck,2.4345,2.34,2.6,$ Per Gallon
2022-08-15,Ethanol,Iowa,,Rail,2.405,2.38,2.43,$ Per Gallon
2022-08-15,Ethanol,Kansas,,Truck,2.42,2.38,2.44,$ Per Gallon
2022-08-15,Ethanol,Minnesota,,Truck,2.393,2.38,2.406,$ Per Gallon
2022-08-15,Ethanol,Nebraska,,Truck,2.4442,2.38,2.515,$ Per Gallon
2022-08-15,Ethanol,South Dakota,,Rail,2.396,2.396,2.396,$ Per Gallon
2022-08-15,Ethanol,Wisconsin,,Truck,2.55,2.55,2.55,$ Per Gallon
2022-08-22,Biodiesel,Minnesota,B100,Truck,6.56,6.56,6.56,$ Per Gallon
2022-08-22,Distillers Corn Oil,Illinois,,Truck,74.75,72.0,78.0,Cents Per Lb
2022-08-22,Distillers Corn Oil,Iowa,,Truck,72.43,68.0,76.0,Cents Per Lb
2022-08-22,Distillers Corn Oil,Michigan,,Truck,74.5,74.0,75.0,Cents Per Lb
2022-08-22,Distillers Corn Oil,Minnesota,,Truck,73.5,72.0,74.5,Cents Per Lb
2022-08-22,Distillers Corn Oil,Missouri,,Truck,72.0,70.0,74.0,Cents Per Lb
2022-08-22,Distillers Corn Oil,Nebraska,,Truck,72.4,70.0,74.5,Cents Per Lb
2022-08-22,Distillers Corn Oil,Ohio,,Truck,73.0,73.0,73.0,Cents Per Lb
2022-08-22,Distillers Corn Oil,South Dakota,,Truck,74.0,73.0,75.0,Cents Per Lb
2022-08-22,Distillers Corn Oil,Wisconsin,,Truck,77.0,77.0,77.0,Cents Per Lb
2022-08-22,Distillers Grain,Illinois,Dried 10%,Truck,223.75,210.0,245.0,$ Per Ton
2022-08-22,Distillers Grain,Illinois,Modified Wet 55-60%,Truck,101.5,90.0,113.0,$ Per Ton
2022-08-22,Distillers Grain,Illinois,Wet 65-70%,Truck,60.0,60.0,60.0,$ Per Ton
2022-08-22,Distillers Grain,Indiana,Dried 10%,Truck,217.0,205.0,245.0,$ Per Ton
2022-08-22,Distillers Grain,Iowa,Modified Wet 55-60%,Truck,118.75,110.0,125.0,$ Per Ton
2022-08-22,Distillers Grain,Iowa,Dried 10%,Truck,240.38,220.0,255.0,$ Per Ton
2022-08-22,Distillers Grain,Iowa,Wet 65-70%,Truck,76.0,75.0,77.0,$ Per Ton
2022-08-22,Distillers Grain,Kansas,Dried 10%,Truck,248.25,235.0,265.0,$ Per Ton
2022-08-22,Distillers Grain,Kansas,Wet 65-70%,Truck,103.5,95.0,110.0,$ Per Ton
2022-08-22,Distillers Grain,Michigan,Dried 10%,Truck,201.0,190.0,215.0,$ Per Ton
2022-08-22,Distillers Grain,Minnesota,Modified Wet 55-60%,Truck,110.0,110.0,110.0,$ Per Ton
2022-08-22,Distillers Grain,Minnesota,Dried 10%,Truck,232.5,220.0,255.0,$ Per Ton
2022-08-22,Distillers Grain,Missouri,Dried 10%,Truck,265.0,255.0,275.0,$ Per Ton
2022-08-22,Distillers Grain,Missouri,Modified Wet 55-60%,Truck,155.0,155.0,155.0,$ Per Ton
2022-08-22,Distillers Grain,N/A,Dried 10%,Rail,273.0,273.0,273.0,$ Per Ton
2022-08-22,Distillers Grain,N/A,Dried 10%,Ocean Vessel,315.0,315.0,315.0,$ Per Ton
2022-08-22,Distillers Grain,N/A,Dried 10%,Rail/Barge,305.0,275.0,335.0,$ Per Ton
2022-08-22,Distillers Grain,Nebraska,Modified Wet 55-60%,Truck,128.0,110.0,140.0,$ Per Ton
2022-08-22,Distillers Grain,Nebraska,Dried 10%,Truck,269.2,259.0,285.0,$ Per Ton
2022-08-22,Distillers Grain,Nebraska,Wet 65-70%,Truck,90.75,81.0,100.0,$ Per Ton
2022-08-22,Distillers Grain,Ohio,Dried 10%,Truck,217.5,205.0,245.0,$ Per Ton
2022-08-22,Distillers Grain,South Dakota,Modified Wet 55-60%,Truck,113.67,113.0,115.0,$ Per Ton
2022-08-22,Distillers Grain,South Dakota,Dried 10%,Truck,234.0,225.0,255.0,$ Per Ton
2022-08-22,Distillers Grain,Wisconsin,Wet 65-70%,Truck,89.0,75.0,103.0,$ Per Ton
2022-08-22,Distillers Grain,Wisconsin,Modified Wet 55-60%,Truck,100.0,100.0,100.0,$ Per Ton
2022-08-22,Distillers Grain,Wisconsin,Dried 10%,Truck,211.67,200.0,220.0,$ Per Ton
2022-08-22,Ethanol,Illinois,,Truck,2.625,2.6,2.65,$ Per Gallon
2022-08-22,Ethanol,Indiana,,Truck,2.62,2.62,2.62,$ Per Gallon
2022-08-22,Ethanol,Iowa,,Truck,2.5515,2.51,2.65,$ Per Gallon
2022-08-22,Ethanol,Iowa,,Rail,2.405,2.38,2.43,$ Per Gallon
2022-08-22,Ethanol,Kansas,,Truck,2.58,2.58,2.58,$ Per Gallon
2022-08-22,Ethanol,Minnesota,,Truck,2.5188,2.5,2.5375,$ Per Gallon
2022-08-22,Ethanol,Nebraska,,Truck,2.5138,2.51,2.52,$ Per Gallon
2022-08-22,Ethanol,South Dakota,,Rail,2.5725,2.5725,2.5725,$ Per Gallon
2022-08-22,Ethanol,Wisconsin,,Truck,2.55,2.55,2.55,$ Per Gallon
2022-08-29,Biodiesel,Illinois,B100,Truck,6.9,6.9,6.9,$ Per Gallon
2022-08-29,Biodiesel,Minnesota,B100,Truck,6.83,6.83,6.83,$ Per Gallon
2022-08-29,Distillers Corn Oil,Illinois,,Truck,74.67,72.0,78.0,Cents Per Lb
2022-08-29,Distillers Corn Oil,Indiana,,Truck,74.5,74.0,75.0,Cents Per Lb
2022-08-29,Distillers Corn Oil,Iowa,,Truck,73.8,72.0,77.0,Cents Per Lb
2022-08-29,Distillers Corn Oil,Michigan,,Truck,74.33,74.0,75.0,Cents Per Lb
2022-08-29,Distillers Corn Oil,Minnesota,,Truck,73.75,72.0,75.0,Cents Per Lb
2022-08-29,Distillers Corn Oil,Missouri,,Truck,75.5,75.0,76.0,Cents Per Lb
2022-08-29,Distillers Corn Oil,Nebraska,,Truck,74.5,73.0,76.0,Cents Per Lb
2022-08-29,Distillers Corn Oil,Ohio,,Truck,73.75,72.0,75.0,Cents Per Lb
2022-08-29,Distillers Corn Oil,South Dakota,,Truck,74.25,72.0,76.0,Cents Per Lb
2022-08-29,Distillers Corn Oil,Wisconsin,,Truck,77.0,77.0,77.0,Cents Per Lb
2022-08-29,Distillers Grain,Illinois,Modified Wet 55-60%,Truck,90.0,90.0,90.0,$ Per Ton
2022-08-29,Distillers Grain,Illinois,Dried 10%,Truck,239.0,230.0,260.0,$ Per Ton
2022-08-29,Distillers Grain,Indiana,Dried 10%,Truck,230.0,220.0,240.0,$ Per Ton
2022-08-29,Distillers Grain,Iowa,Modified Wet 55-60%,Truck,114.0,90.0,125.0,$ Per Ton
2022-08-29,Distillers Grain,Iowa,Dried 10%,Truck,246.22,230.0,282.0,$ Per Ton
2022-08-29,Distillers Grain,Iowa,Wet 65-70%,Truck,83.75,75.0,110.0,$ Per Ton
2022-08-29,Distillers Grain,Kansas,Dried 10%,Truck,288.0,280.0,305.0,$ Per Ton
2022-08-29,Distillers Grain,Kansas,Wet 65-70%,Truck,102.2,95.0,110.0,$ Per Ton
2022-08-29,Distillers Grain,Michigan,Dried 10%,Truck,205.0,195.0,225.0,$ Per Ton
2022-08-29,Distillers Grain,Minnesota,Dried 10%,Truck,240.0,225.0,260.0,$ Per Ton
2022-08-29,Distillers Grain,Minnesota,Modified Wet 55-60%,Truck,118.5,115.0,122.0,$ Per Ton
2022-08-29,Distillers Grain,Minnesota,Wet 65-70%,Truck,65.0,65.0,65.0,$ Per Ton
2022-08-29,Distillers Grain,Missouri,Modified Wet 55-60%,Truck,155.0,155.0,155.0,$ Per Ton
2022-08-29,Distillers Grain,Missouri,Wet 65-70%,Truck,88.5,82.0,95.0,$ Per Ton
2022-08-29,Distillers Grain,Missouri,Dried 10%,Truck,281.67,265.0,305.0,$ Per Ton
2022-08-29,Distillers Grain,N/A,Dried 10%,Ocean Vessel,320.0,320.0,320.0,$ Per Ton
2022-08-29,Distillers Grain,N/A,Dried 10%,Rail/Barge,248.0,248.0,248.0,$ Per Ton
2022-08-29,Distillers Grain,N/A,Dried 10%,Rail,294.0,294.0,294.0,$ Per Ton
2022-08-29,Distillers Grain,Nebraska,Wet 65-70%,Truck,93.25,88.0,100.0,$ Per Ton
2022-08-29,Distillers Grain,Nebraska,Modified Wet 55-60%,Truck,130.75,115.0,145.0,$ Per Ton
2022-08-29,Distillers Grain,Nebraska,Dried 10%,Truck,273.5,249.0,292.0,$ Per Ton
2022-08-29,Distillers Grain,Ohio,Dried 10%,Truck,230.0,215.0,245.0,$ Per Ton
2022-08-29,Distillers Grain,South Dakota,Wet 65-70%,Truck,85.0,85.0,85.0,$ Per Ton
2022-08-29,Distillers Grain,South Dakota,Modified Wet 55-60%,Truck,121.8,116.0,135.0,$ Per Ton
2022-08-29,Distillers Grain,South Dakota,Dried 10%,Truck,238.2,226.0,255.0,$ Per Ton
2022-08-29,Distillers Grain,Wisconsin,Wet 65-70%,Truck,89.0,75.0,103.0,$ Per Ton
2022-08-29,Distillers Grain,Wisconsin,Modified Wet 55-60%,Truck,100.0,100.0,100.0,$ Per Ton
2022-08-29,Distillers Grain,Wisconsin,Dried 10%,Truck,214.5,200.0,220.0,$ Per Ton
2022-08-29,Ethanol,Illinois,,Truck,2.595,2.54,2.665,$ Per Gallon
2022-08-29,Ethanol,Indiana,,Truck,2.6,2.6,2.6,$ Per Gallon
2022-08-29,Ethanol,Iowa,,Truck,2.4922,2.4,2.6,$ Per Gallon
2022-08-29,Ethanol,Iowa,,Rail,2.395,2.395,2.395,$ Per Gallon
2022-08-29,Ethanol,Kansas,,Truck,2.4633,2.4,2.53,$ Per Gallon
2022-08-29,Ethanol,Minnesota,,Truck,2.4838,2.48,2.4875,$ Per Gallon
2022-08-29,Ethanol,Nebraska,,Truck,2.4875,2.4,2.565,$ Per Gallon
2022-08-29,Ethanol,Nebraska,,Rail,2.5975,2.59,2.605,$ Per Gallon
2022-08-29,Ethanol,South Dakota,,Rail,2.4775,2.4775,2.4775,$ Per Gallon
2022-09-05,Biodiesel,Illinois,B100,Truck,6.9,6.9,6.9,$ Per Gallon
2022-09-05,Biodiesel,Minnesota,B100,Truck,6.83,6.83,6.83,$ Per Gallon
2022-09-05,Distillers Corn Oil,Illinois,,Truck,74.33,71.0,78.0,Cents Per Lb
2022-09-05,Distillers Corn Oil,Indiana,,Truck,74.5,74.0,75.0,Cents Per Lb
2022-09-05,Distillers Corn Oil,Iowa,,Truck,73.75,71.0,77.0,Cents Per Lb
2022-09-05,Distillers Corn Oil,Michigan,,Truck,73.0,71.0,75.0,Cents Per Lb
2022-09-05,Distillers Corn Oil,Minnesota,,Truck,74.0,73.0,75.0,Cents Per Lb
2022-09-05,Distillers Corn Oil,Missouri,,Truck,75.5,75.0,76.0,Cents Per Lb
2022-09-05,Distillers Corn Oil,Nebraska,,Truck,74.2,73.0,76.0,Cents Per Lb
2022-09-05,Distillers Corn Oil,Ohio,,Truck,74.5,74.0,75.0,Cents Per Lb
2022-09-05,Distillers Corn Oil,South Dakota,,Truck,74.5,73.0,75.0,Cents Per Lb
2022-09-05,Distillers Corn Oil,Wisconsin,,Truck,76.5,76.0,77.0,Cents Per Lb
2022-09-05,Distillers Grain,Illinois,Modified Wet 55-60%,Truck,75.0,75.0,75.0,$ Per Ton
2022-09-05,Distillers Grain,Illinois,Dried 10%,Truck,240.0,235.0,250.0,$ Per Ton
2022-09-05,Distillers Grain,Indiana,Dried 10%,Truck,223.29,208.0,240.0,$ Per Ton
2022-09-05,Distillers Grain,Iowa,Dried 10%,Truck,249.29,230.0,282.0,$ Per Ton
2022-09-05,Distillers Grain,Iowa,Wet 65-70%,Truck,86.0,75.0,110.0,$ Per Ton
2022-09-05,Distillers Grain,Iowa,Modified Wet 55-60%,Truck,120.0,115.0,125.0,$ Per Ton
2022-09-05,Distillers Grain,Kansas,Dried 10%,Truck,283.75,280.0,285.0,$ Per Ton
2022-09-05,Distillers Grain,Kansas,Wet 65-70%,Truck,103.75,95.0,110.0,$ Per Ton
2022-09-05,Distillers Grain,Michigan,Dried 10%,Truck,208.0,195.0,217.0,$ Per Ton
2022-09-05,Distillers Grain,Minnesota,Dried 10%,Truck,248.33,235.0,275.0,$ Per Ton
2022-09-05,Distillers Grain,Minnesota,Modified Wet 55-60%,Truck,118.5,115.0,122.0,$ Per Ton
2022-09-05,Distillers Grain,Minnesota,Wet 65-70%,Truck,65.0,65.0,65.0,$ Per Ton
2022-09-05,Distillers Grain,Missouri,Dried 10%,Truck,292.5,275.0,310.0,$ Per Ton
2022-09-05,Distillers Grain,Missouri,Modified Wet 55-60%,Truck,155.0,155.0,155.0,$ Per Ton
2022-09-05,Distillers Grain,Missouri,Wet 65-70%,Truck,89.5,82.0,97.0,$ Per Ton
2022-09-05,Distillers Grain,N/A,Dried 10%,Rail/Barge,241.5,235.0,248.0,$ Per Ton
2022-09-05,Distillers Grain,N/A,Dried 10%,Rail,294.0,294.0,294.0,$ Per Ton
2022-09-05,Distillers Grain,N/A,Dried 10%,Ocean Vessel,320.0,320.0,320.0,$ Per Ton
2022-09-05,Distillers Grain,Nebraska,Wet 65-70%,Truck,100.6,88.0,110.0,$ Per Ton
2022-09-05,Distillers Grain,Nebraska,Modified Wet 55-60%,Truck,132.5,115.0,146.0,$ Per Ton
2022-09-05,Distillers Grain,Nebraska,Dried 10%,Truck,279.0,249.0,295.0,$ Per Ton
2022-09-05,Distillers Grain,Ohio,Dried 10%,Truck,223.0,215.0,245.0,$ Per Ton
2022-09-05,Distillers Grain,South Dakota,Wet 65-70%,Truck,85.0,85.0,85.0,$ Per Ton
2022-09-05,Distillers Grain,South Dakota,Modified Wet 55-60%,Truck,118.5,116.0,120.0,$ Per Ton
2022-09-05,Distillers Grain,South Dakota,Dried 10%,Truck,250.5,226.0,275.0,$ Per Ton
2022-09-05,Distillers Grain,Wisconsin,Wet 65-70%,Truck,89.0,75.0,103.0,$ Per Ton
2022-09-05,Distillers Grain,Wisconsin,Dried 10%,Truck,217.5,210.0,220.0,$ Per Ton
2022-09-05,Ethanol,Illinois,,Truck,2.545,2.5,2.59,$ Per Gallon
2022-09-05,Ethanol,Indiana,,Truck,2.51,2.51,2.51,$ Per Gallon
2022-09-05,Ethanol,Iowa,,Truck,2.4054,2.27,2.55,$ Per Gallon
2022-09-05,Ethanol,Kansas,,Truck,2.34,2.27,2.42,$ Per Gallon
2022-09-05,Ethanol,Minnesota,,Truck,2.4138,2.3875,2.44,$ Per Gallon
2022-09-05,Ethanol,Nebraska,,Truck,2.3467,2.27,2.44,$ Per Gallon
2022-09-05,Ethanol,South Dakota,,Rail,2.3775,2.3775,2.3775,$ Per Gallon
2022-09-12,Distillers Corn Oil,Illinois,,Truck,73.75,72.0,77.0,Cents Per Lb
2022-09-12,Distillers Corn Oil,Indiana,,Truck,73.0,73.0,73.0,Cents Per Lb
2022-09-12,Distillers Corn Oil,Iowa,,Truck,72.33,71.0,74.0,Cents Per Lb
2022-09-12,Distillers Corn Oil,Michigan,,Truck,74.67,74.0,75.0,Cents Per Lb
2022-09-12,Distillers Corn Oil,Minnesota,,Truck,73.0,73.0,73.0,Cents Per Lb
2022-09-12,Distillers Corn Oil,Missouri,,Truck,76.0,76.0,76.0,Cents Per Lb
2022-09-12,Distillers Corn Oil,Nebraska,,Truck,76.33,75.0,78.0,Cents Per Lb
2022-09-12,Distillers Corn Oil,South Dakota,,Truck,72.6,71.0,74.0,Cents Per Lb
2022-09-12,Distillers Corn Oil,Wisconsin,,Truck,75.0,75.0,75.0,Cents Per Lb
2022-09-12,Distillers Grain,Illinois,Wet 65-70%,Truck,55.0,55.0,55.0,$ Per Ton
2022-09-12,Distillers Grain,Illinois,Modified Wet 55-60%,Truck,90.0,90.0,90.0,$ Per Ton
2022-09-12,Distillers Grain,Illinois,Dried 10%,Truck,240.0,235.0,255.0,$ Per Ton
2022-09-12,Distillers Grain,Indiana,Dried 10%,Truck,231.67,225.0,240.0,$ Per Ton
2022-09-12,Distillers Grain,Iowa,Dried 10%,Truck,263.11,220.0,320.0,$ Per Ton
2022-09-12,Distillers Grain,Iowa,Modified Wet 55-60%,Truck,126.25,115.0,140.0,$ Per Ton
2022-09-12,Distillers Grain,Iowa,Wet 65-70%,Truck,89.0,75.0,125.0,$ Per Ton
2022-09-12,Distillers Grain,Kansas,Dried 10%,Truck,270.0,270.0,270.0,$ Per Ton
2022-09-12,Distillers Grain,Kansas,Wet 65-70%,Truck,104.5,98.0,110.0,$ Per Ton
2022-09-12,Distillers Grain,Michigan,Dried 10%,Truck,215.0,210.0,225.0,$ Per Ton
2022-09-12,Distillers Grain,Minnesota,Dried 10%,Truck,253.0,245.0,275.0,$ Per Ton
2022-09-12,Distillers Grain,Minnesota,Modified Wet 55-60%,Truck,118.5,115.0,122.0,$ Per Ton
2022-09-12,Distillers Grain,Minnesota,Wet 65-70%,Truck,65.0,65.0,65.0,$ Per Ton
2022-09-12,Distillers Grain,Missouri,Modified Wet 55-60%,Truck,165.0,165.0,165.0,$ Per Ton
2022-09-12,Distillers Grain,Missouri,Wet 65-70%,Truck,90.5,82.0,99.0,$ Per Ton
2022-09-12,Distillers Grain,Missouri,Dried 10%,Truck,293.33,280.0,315.0,$ Per Ton
2022-09-12,Distillers Grain,N/A,Dried 10%,Rail,296.0,296.0,296.0,$ Per Ton
2022-09-12,Distillers Grain,N/A,Dried 10%,Ocean Vessel,318.0,318.0,318.0,$ Per Ton
2022-09-12,Distillers Grain,N/A,Dried 10%,Rail/Barge,245.0,245.0,245.0,$ Per Ton
2022-09-12,Distillers Grain,Nebraska,Modified Wet 55-60%,Truck,139.75,120.0,155.0,$ Per Ton
2022-09-12,Distillers Grain,Nebraska,Dried 10%,Truck,303.0,260.0,325.0,$ Per Ton
2022-09-12,Distillers Grain,Nebraska,Wet 65-70%,Truck,98.5,85.0,110.0,$ Per Ton
2022-09-12,Distillers Grain,Ohio,Dried 10%,Truck,237.5,230.0,245.0,$ Per Ton
2022-09-12,Distillers Grain,South Dakota,Wet 65-70%,Truck,85.0,85.0,85.0,$ Per Ton
2022-09-12,Distillers Grain,South Dakota,Modified Wet 55-60%,Truck,126.33,117.0,145.0,$ Per Ton
2022-09-12,Distillers Grain,South Dakota,Dried 10%,Truck,252.5,235.0,275.0,$ Per Ton
2022-09-12,Distillers Grain,Wisconsin,Wet 65-70%,Truck,91.0,75.0,107.0,$ Per Ton
2022-09-12,Distillers Grain,Wisconsin,Dried 10%,Truck,223.0,218.0,230.0,$ Per Ton
2022-09-12,Ethanol,Illinois,,Truck,2.5925,2.58,2.605,$ Per Gallon
2022-09-12,Ethanol,Indiana,,Truck,2.72,2.72,2.72,$ Per Gallon
2022-09-12,Ethanol,Iowa,,Truck,2.5107,2.36,2.72,$ Per Gallon
2022-09-12,Ethanol,Kansas,,Truck,2.45,2.36,2.57,$ Per Gallon
2022-09-12,Ethanol,Minnesota,,Truck,2.525,2.525,2.525,$ Per Gallon
2022-09-12,Ethanol,Nebraska,,Truck,2.5125,2.36,2.72,$ Per Gallon
2022-09-12,Ethanol,South Dakota,,Rail,2.515,2.515,2.515,$ Per Gallon
2022-09-19,Biodiesel,Minnesota,B100,Truck,6.76,6.76,6.76,$ Per Gallon
2022-09-19,Distillers Corn Oil,Illinois,,Truck,73.5,72.0,77.0,Cents Per Lb
2022-09-19,Distillers Corn Oil,Indiana,,Truck,72.5,72.0,73.0,Cents Per Lb
2022-09-19,Distillers Corn Oil,Iowa,,Truck,72.83,70.0,75.0,Cents Per Lb
2022-09-19,Distillers Corn Oil,Michigan,,Truck,74.33,73.0,76.0,Cents Per Lb
2022-09-19,Distillers Corn Oil,Minnesota,,Truck,72.0,72.0,72.0,Cents Per Lb
2022-09-19,Distillers Corn Oil,Missouri,,Truck,76.0,76.0,76.0,Cents Per Lb
2022-09-19,Distillers Corn Oil,Nebraska,,Truck,74.33,74.0,75.0,Cents Per Lb
2022-09-19,Distillers Corn Oil,South Dakota,,Truck,73.5,71.0,76.0,Cents Per Lb
2022-09-19,Distillers Corn Oil,Wisconsin,,Truck,75.0,75.0,75.0,Cents Per Lb
2022-09-19,Distillers Grain,Illinois,Wet 65-70%,Truck,40.0,40.0,40.0,$ Per Ton
2022-09-19,Distillers Grain,Illinois,Dried 10%,Truck,242.0,235.0,255.0,$ Per Ton
2022-09-19,Distillers Grain,Indiana,Dried 10%,Truck,219.8,194.0,240.0,$ Per Ton
2022-09-19,Distillers Grain,Iowa,Dried 10%,Truck,263.13,238.0,312.0,$ Per Ton
2022-09-19,Distillers Grain,Iowa,Modified Wet 55-60%,Truck,117.5,115.0,120.0,$ Per Ton
2022-09-19,Distillers Grain,Iowa,Wet 65-70%,Truck,90.2,75.0,128.0,$ Per Ton
2022-09-19,Distillers Grain,Kansas,Dried 10%,Truck,299.0,270.0,330.0,$ Per Ton
2022-09-19,Distillers Grain,Kansas,Wet 65-70%,Truck,105.6,98.0,110.0,$ Per Ton
2022-09-19,Distillers Grain,Michigan,Dried 10%,Truck,218.33,215.0,225.0,$ Per Ton
2022-09-19,Distillers Grain,Michigan,Modified Wet 55-60%,Truck,120.0,120.0,120.0,$ Per Ton
2022-09-19,Distillers Grain,Minnesota,Modified Wet 55-60%,Truck,122.5,115.0,130.0,$ Per Ton
2022-09-19,Distillers Grain,Minnesota,Dried 10%,Truck,251.25,245.0,255.0,$ Per Ton
2022-09-19,Distillers Grain,Minnesota,Wet 65-70%,Truck,65.0,65.0,65.0,$ Per Ton
2022-09-19,Distillers Grain,Missouri,Dried 10%,Truck,305.0,285.0,325.0,$ Per Ton
2022-09-19,Distillers Grain,Missouri,Wet 65-70%,Truck,97.5,85.0,110.0,$ Per Ton
2022-09-19,Distillers Grain,N/A,Dried 10%,Rail,298.0,298.0,298.0,$ Per Ton
2022-09-19,Distillers Grain,N/A,Dried 10%,Ocean Vessel,337.5,325.0,350.0,$ Per Ton
2022-09-19,Distillers Grain,N/A,Dried 10%,Rail/Barge,250.67,240.0,260.0,$ Per Ton
2022-09-19,Distillers Grain,Nebraska,Wet 65-70%,Truck,99.6,85.0,110.0,$ Per Ton
2022-09-19,Distillers Grain,Nebraska,Modified Wet 55-60%,Truck,140.0,120.0,155.0,$ Per Ton
2022-09-19,Distillers Grain,Nebraska,Dried 10%,Truck,305.4,270.0,327.0,$ Per Ton
2022-09-19,Distillers Grain,Ohio,Dried 10%,Truck,223.67,194.0,245.0,$ Per Ton
2022-09-19,Distillers Grain,South Dakota,Wet 65-70%,Truck,90.0,90.0,90.0,$ Per Ton
2022-09-19,Distillers Grain,South Dakota,Modified Wet 55-60%,Truck,124.75,117.0,145.0,$ Per Ton
2022-09-19,Distillers Grain,South Dakota,Dried 10%,Truck,251.25,240.0,265.0,$ Per Ton
2022-09-19,Distillers Grain,Wisconsin,Wet 65-70%,Truck,92.5,75.0,110.0,$ Per Ton
2022-09-19,Distillers Grain,Wisconsin,Dried 10%,Truck,223.25,218.0,235.0,$ Per Ton
2022-09-19,Ethanol,Illinois,,Truck,2.41,2.41,2.41,$ Per Gallon
2022-09-19,Ethanol,Iowa,,Truck,2.3966,2.2995,2.55,$ Per Gallon
2022-09-19,Ethanol,Iowa,,Rail,2.385,2.385,2.385,$ Per Gallon
2022-09-19,Ethanol,Kansas,,Truck,2.3633,2.33,2.41,$ Per Gallon
2022-09-19,Ethanol,Minnesota,,Truck,2.2995,2.2995,2.2995,$ Per Gallon
2022-09-19,Ethanol,Nebraska,,Truck,2.406,2.32,2.48,$ Per Gallon
2022-09-19,Ethanol,Nebraska,,Rail,2.485,2.43,2.54,$ Per Gallon
2022-09-19,Ethanol,South Dakota,,Rail,2.2895,2.2895,2.2895,$ Per Gallon
2022-09-26,Biodiesel,Minnesota,B100,Truck,6.38,6.38,6.38,$ Per Gallon
2022-09-26,Distillers Corn Oil,Illinois,,Truck,73.5,72.0,77.0,Cents Per Lb
2022-09-26,Distillers Corn Oil,Indiana,,Truck,73.25,72.0,75.0,Cents Per Lb
2022-09-26,Distillers Corn Oil,Iowa,,Truck,73.2,70.0,75.0,Cents Per Lb
2022-09-26,Distillers Corn Oil,Kansas,,Truck,75.0,75.0,75.0,Cents Per Lb
2022-09-26,Distillers Corn Oil,Michigan,,Truck,73.0,71.0,75.0,Cents Per Lb
2022-09-26,Distillers Corn Oil,Minnesota,,Truck,73.0,72.0,75.0,Cents Per Lb
2022-09-26,Distillers Corn Oil,Missouri,,Truck,74.67,73.0,76.0,Cents Per Lb
2022-09-26,Distillers Corn Oil,Nebraska,,Truck,74.0,73.0,75.0,Cents Per Lb
2022-09-26,Distillers Corn Oil,Ohio,,Truck,74.0,73.0,75.0,Cents Per Lb
2022-09-26,Distillers Corn Oil,South Dakota,,Truck,72.2,71.0,75.0,Cents Per Lb
2022-09-26,Distillers Corn Oil,Wisconsin,,Truck,75.0,75.0,75.0,Cents Per Lb
2022-09-26,Distillers Grain,Illinois,Dried 10%,Truck,241.0,240.0,245.0,$ Per Ton
2022-09-26,Distillers Grain,Indiana,Dried 10%,Truck,232.4,225.0,250.0,$ Per Ton
2022-09-26,Distillers Grain,Iowa,Wet 65-70%,Truck,80.0,75.0,85.0,$ Per Ton
2022-09-26,Distillers Grain,Iowa,Modified Wet 55-60%,Truck,117.5,115.0,120.0,$ Per Ton
2022-09-26,Distillers Grain,Iowa,Dried 10%,Truck,255.0,250.0,260.0,$ Per Ton
2022-09-26,Distillers Grain,Kansas,Wet 65-70%,Truck,108.8,105.0,114.0,$ Per Ton
2022-09-26,Distillers Grain,Kansas,Dried 10%,Truck,299.0,270.0,330.0,$ Per Ton
2022-09-26,Distillers Grain,Michigan,Dried 10%,Truck,221.6,215.0,235.0,$ Per Ton
2022-09-26,Distillers Grain,Michigan,Modified Wet 55-60%,Truck,120.0,120.0,120.0,$ Per Ton
2022-09-26,Distillers Grain,Minnesota,Modified Wet 55-60%,Truck,120.0,115.0,125.0,$ Per Ton
2022-09-26,Distillers Grain,Minnesota,Wet 65-70%,Truck,80.0,80.0,80.0,$ Per Ton
2022-09-26,Distillers Grain,Minnesota,Dried 10%,Truck,253.75,245.0,265.0,$ Per Ton
2022-09-26,Distillers Grain,Missouri,Modified Wet 55-60%,Truck,160.0,160.0,160.0,$ Per Ton
2022-09-26,Distillers Grain,Missouri,Dried 10%,Truck,307.5,290.0,325.0,$ Per Ton
2022-09-26,Distillers Grain,Missouri,Wet 65-70%,Truck,100.0,85.0,115.0,$ Per Ton
2022-09-26,Distillers Grain,N/A,Dried 10%,Rail,310.0,310.0,310.0,$ Per Ton
2022-09-26,Distillers Grain,N/A,Dried 10%,Ocean Vessel,380.0,380.0,380.0,$ Per Ton
2022-09-26,Distillers Grain,N/A,Dried 10%,Rail/Barge,256.0,252.0,260.0,$ Per Ton
2022-09-26,Distillers Grain,Nebraska,Dried 10%,Truck,299.25,270.0,322.0,$ Per Ton
2022-09-26,Distillers Grain,Nebraska,Modified Wet 55-60%,Truck,139.5,120.0,153.0,$ Per Ton
2022-09-26,Distillers Grain,Nebraska,Wet 65-70%,Truck,98.25,85.0,110.0,$ Per Ton
2022-09-26,Distillers Grain,Ohio,Dried 10%,Truck,231.75,225.0,250.0,$ Per Ton
2022-09-26,Distillers Grain,South Dakota,Wet 65-70%,Truck,95.0,95.0,95.0,$ Per Ton
2022-09-26,Distillers Grain,South Dakota,Dried 10%,Truck,251.25,240.0,265.0,$ Per Ton
2022-09-26,Distillers Grain,South Dakota,Modified Wet 55-60%,Truck,145.0,145.0,145.0,$ Per Ton
2022-09-26,Distillers Grain,Wisconsin,Dried 10%,Truck,223.25,218.0,235.0,$ Per Ton
2022-09-26,Distillers Grain,Wisconsin,Wet 65-70%,Truck,92.5,75.0,110.0,$ Per Ton
2022-09-26,Ethanol,Illinois,,Truck,2.29,2.28,2.3,$ Per Gallon
2022-09-26,Ethanol,Iowa,,Truck,2.2496,2.1875,2.4,$ Per Gallon
2022-09-26,Ethanol,Kansas,,Truck,2.22,2.19,2.25,$ Per Gallon
2022-09-26,Ethanol,Minnesota,,Truck,2.1875,2.1875,2.1875,$ Per Gallon
2022-09-26,Ethanol,Nebraska,,Truck,2.22,2.19,2.25,$ Per Gallon
2022-09-26,Ethanol,South Dakota,,Rail,2.1775,2.1775,2.1775,$ Per Gallon
2022-10-03,Biodiesel,Minnesota,B100,Truck,6.38,6.38,6.38,$ Per Gallon
2022-10-03,Distillers Corn Oil,Illinois,,Truck,71.5,69.0,74.0,Cents Per Lb
2022-10-03,Distillers Corn Oil,Indiana,,Truck,74.0,73.0,75.0,Cents Per Lb
2022-10-03,Distillers Corn Oil,Iowa,,Truck,72.83,71.0,75.0,Cents Per Lb
2022-10-03,Distillers Corn Oil,Kansas,,Truck,75.0,75.0,75.0,Cents Per Lb
2022-10-03,Distillers Corn Oil,Michigan,,Truck,72.0,69.0,75.0,Cents Per Lb
2022-10-03,Distillers Corn Oil,Minnesota,,Truck,72.75,71.0,75.0,Cents Per Lb
2022-10-03,Distillers Corn Oil,Missouri,,Truck,74.0,73.0,75.0,Cents Per Lb
2022-10-03,Distillers Corn Oil,Nebraska,,Truck,73.5,72.0,75.0,Cents Per Lb
2022-10-03,Distillers Corn Oil,Ohio,,Truck,73.33,72.0,75.0,Cents Per Lb
2022-10-03,Distillers Corn Oil,South Dakota,,Truck,72.67,71.0,75.0,Cents Per Lb
2022-10-03,Distillers Corn Oil,Wisconsin,,Truck,74.0,74.0,74.0,Cents Per Lb
2022-10-03,Distillers Grain,Illinois,Dried 10%,Truck,236.25,225.0,240.0,$ Per Ton
2022-10-03,Distillers Grain,Indiana,Dried 10%,Truck,229.4,220.0,250.0,$ Per Ton
2022-10-03,Distillers Grain,Iowa,Dried 10%,Truck,265.56,245.0,310.0,$ Per Ton
2022-10-03,Distillers Grain,Iowa,Modified Wet 55-60%,Truck,121.67,115.0,130.0,$ Per Ton
2022-10-03,Distillers Grain,Iowa,Wet 65-70%,Truck,80.0,75.0,85.0,$ Per Ton
2022-10-03,Distillers Grain,Kansas,Dried 10%,Truck,300.0,270.0,350.0,$ Per Ton
2022-10-03,Distillers Grain,Kansas,Wet 65-70%,Truck,114.0,105.0,130.0,$ Per Ton
2022-10-03,Distillers Grain,Michigan,Dried 10%,Truck,219.6,215.0,225.0,$ Per Ton
2022-10-03,Distillers Grain,Minnesota,Wet 65-70%,Truck,80.0,80.0,80.0,$ Per Ton
2022-10-03,Distillers Grain,Minnesota,Modified Wet 55-60%,Truck,120.0,115.0,125.0,$ Per Ton
2022-10-03,Distillers Grain,Minnesota,Dried 10%,Truck,253.33,245.0,260.0,$ Per Ton
2022-10-03,Distillers Grain,Missouri,Wet 65-70%,Truck,115.0,115.0,115.0,$ Per Ton
2022-10-03,Distillers Grain,Missouri,Modified Wet 55-60%,Truck,170.0,170.0,170.0,$ Per Ton
2022-10-03,Distillers Grain,Missouri,Dried 10%,Truck,310.0,295.0,325.0,$ Per Ton
2022-10-03,Distillers Grain,N/A,Dried 10%,Rail/Barge,265.0,265.0,265.0,$ Per Ton
2022-10-03,Distillers Grain,N/A,Dried 10%,Ocean Vessel,329.0,329.0,329.0,$ Per Ton
2022-10-03,Distillers Grain,N/A,Dried 10%,Rail,310.0,310.0,310.0,$ Per Ton
2022-10-03,Distillers Grain,Nebraska,Wet 65-70%,Truck,110.0,102.0,120.0,$ Per Ton
2022-10-03,Distillers Grain,Nebraska,Modified Wet 55-60%,Truck,139.25,125.0,150.0,$ Per Ton
2022-10-03,Distillers Grain,Nebraska,Dried 10%,Truck,293.75,265.0,305.0,$ Per Ton
2022-10-03,Distillers Grain,Ohio,Dried 10%,Truck,228.75,220.0,245.0,$ Per Ton
2022-10-03,Distillers Grain,South Dakota,Wet 65-70%,Truck,95.0,95.0,95.0,$ Per Ton
2022-10-03,Distillers Grain,South Dakota,Modified Wet 55-60%,Truck,145.0,145.0,145.0,$ Per Ton
2022-10-03,Distillers Grain,South Dakota,Dried 10%,Truck,248.33,240.0,265.0,$ Per Ton
2022-10-03,Distillers Grain,Wisconsin,Dried 10%,Truck,223.33,215.0,235.0,$ Per Ton
2022-10-03,Distillers Grain,Wisconsin,Wet 65-70%,Truck,92.5,75.0,110.0,$ Per Ton
2022-10-03,Ethanol,Illinois,,Truck,2.48,2.41,2.55,$ Per Gallon
2022-10-03,Ethanol,Iowa,,Truck,2.3933,2.35,2.5,$ Per Gallon
2022-10-03,Ethanol,Kansas,,Truck,2.3967,2.35,2.43,$ Per Gallon
2022-10-03,Ethanol,Minnesota,,Truck,2.35,2.35,2.35,$ Per Gallon
2022-10-03,Ethanol,Nebraska,,Truck,2.3867,2.35,2.41,$ Per Gallon
2022-10-03,Ethanol,South Dakota,,Rail,2.34,2.34,2.34,$ Per Gallon
2022-10-03,Ethanol,Wisconsin,,Truck,2.415,2.37,2.46,$ Per Gallon
2022-10-10,Biodiesel,Minnesota,B100,Truck,6.65,6.65,6.65,$ Per Gallon
2022-10-10,Distillers Corn Oil,Illinois,,Truck,72.4,71.0,74.0,Cents Per Lb
2022-10-10,Distillers Corn Oil,Indiana,,Truck,73.25,72.0,75.0,Cents Per Lb
2022-10-10,Distillers Corn Oil,Iowa,,Truck,73.14,71.0,75.0,Cents Per Lb
2022-10-10,Distillers Corn Oil,Kansas,,Truck,75.0,75.0,75.0,Cents Per Lb
2022-10-10,Distillers Corn Oil,Michigan,,Truck,72.67,70.0,75.0,Cents Per Lb
2022-10-10,Distillers Corn Oil,Minnesota,,Truck,73.0,72.0,75.0,Cents Per Lb
2022-10-10,Distillers Corn Oil,Missouri,,Truck,74.0,73.0,75.0,Cents Per Lb
2022-10-10,Distillers Corn Oil,Nebraska,,Truck,73.29,72.0,75.0,Cents Per Lb
2022-10-10,Distillers Corn Oil,Ohio,,Truck,74.0,73.0,75.0,Cents Per Lb
2022-10-10,Distillers Corn Oil,South Dakota,,Truck,72.6,72.0,75.0,Cents Per Lb
2022-10-10,Distillers Corn Oil,Wisconsin,,Truck,72.0,72.0,72.0,Cents Per Lb
2022-10-10,Distillers Grain,Illinois,Dried 10%,Truck,236.67,220.0,250.0,$ Per Ton
2022-10-10,Distillers Grain,Illinois,Modified Wet 55-60%,Truck,90.0,90.0,90.0,$ Per Ton
2022-10-10,Distillers Grain,Illinois,Wet 65-70%,Truck,55.0,55.0,55.0,$ Per Ton
2022-10-10,Distillers Grain,Indiana,Dried 10%,Truck,222.5,215.0,230.0,$ Per Ton
2022-10-10,Distillers Grain,Iowa,Dried 10%,Truck,258.13,240.0,280.0,$ Per Ton
2022-10-10,Distillers Grain,Iowa,Wet 65-70%,Truck,80.0,75.0,85.0,$ Per Ton
2022-10-10,Distillers Grain,Iowa,Modified Wet 55-60%,Truck,135.0,130.0,140.0,$ Per Ton
2022-10-10,Distillers Grain,Kansas,Wet 65-70%,Truck,112.0,110.0,115.0,$ Per Ton
2022-10-10,Distillers Grain,Kansas,Dried 10%,Truck,292.0,265.0,335.0,$ Per Ton
2022-10-10,Distillers Grain,Michigan,Dried 10%,Truck,220.0,215.0,230.0,$ Per Ton
2022-10-10,Distillers Grain,Minnesota,Wet 65-70%,Truck,80.0,80.0,80.0,$ Per Ton
2022-10-10,Distillers Grain,Minnesota,Modified Wet 55-60%,Truck,115.0,115.0,115.0,$ Per Ton
2022-10-10,Distillers Grain,Minnesota,Dried 10%,Truck,257.0,245.0,270.0,$ Per Ton
2022-10-10,Distillers Grain,Missouri,Wet 65-70%,Truck,115.0,115.0,115.0,$ Per Ton
2022-10-10,Distillers Grain,Missouri,Modified Wet 55-60%,Truck,170.0,170.0,170.0,$ Per Ton
2022-10-10,Distillers Grain,Missouri,Dried 10%,Truck,300.0,265.0,340.0,$ Per Ton
2022-10-10,Distillers Grain,N/A,Dried 10%,Rail,310.0,310.0,310.0,$ Per Ton
2022-10-10,Distillers Grain,N/A,Dried 10%,Ocean Vessel,326.0,326.0,326.0,$ Per Ton
2022-10-10,Distillers Grain,N/A,Dried 10%,Rail/Barge,245.0,245.0,245.0,$ Per Ton
2022-10-10,Distillers Grain,Nebraska,Wet 65-70%,Truck,107.5,98.0,125.0,$ Per Ton
2022-10-10,Distillers Grain,Nebraska,Modified Wet 55-60%,Truck,138.4,125.0,150.0,$ Per Ton
2022-10-10,Distillers Grain,Nebraska,Dried 10%,Truck,283.57,255.0,305.0,$ Per Ton
2022-10-10,Distillers Grain,Ohio,Dried 10%,Truck,216.25,205.0,230.0,$ Per Ton
2022-10-10,Distillers Grain,South Dakota,Wet 65-70%,Truck,95.0,95.0,95.0,$ Per Ton
2022-10-10,Distillers Grain,South Dakota,Modified Wet 55-60%,Truck,145.0,145.0,145.0,$ Per Ton
2022-10-10,Distillers Grain,South Dakota,Dried 10%,Truck,277.5,270.0,285.0,$ Per Ton
2022-10-10,Distillers Grain,Wisconsin,Dried 10%,Truck,221.67,215.0,230.0,$ Per Ton
2022-10-10,Distillers Grain,Wisconsin,Wet 65-70%,Truck,91.5,75.0,108.0,$ Per Ton
2022-10-10,Ethanol,Illinois,,Truck,2.42,2.39,2.45,$ Per Gallon
2022-10-10,Ethanol,Indiana,,Truck,2.47,2.47,2.47,$ Per Gallon
2022-10-10,Ethanol,Iowa,,Truck,2.3788,2.25,2.5,$ Per Gallon
2022-10-10,Ethanol,Kansas,,Truck,2.32,2.25,2.4,$ Per Gallon
2022-10-10,Ethanol,Minnesota,,Truck,2.41,2.41,2.41,$ Per Gallon
2022-10-10,Ethanol,Nebraska,,Truck,2.3492,2.25,2.435,$ Per Gallon
2022-10-17,Biodiesel,Minnesota,B100,Truck,6.68,6.68,6.68,$ Per Gallon
2022-10-17,Distillers Corn Oil,Illinois,,Truck,73.33,71.0,76.0,Cents Per Lb
2022-10-17,Distillers Corn Oil,Indiana,,Truck,73.0,73.0,73.0,Cents Per Lb
2022-10-17,Distillers Corn Oil,Iowa,,Truck,73.0,72.0,74.0,Cents Per Lb
2022-10-17,Distillers Corn Oil,Kansas,,Truck,75.0,75.0,75.0,Cents Per Lb
2022-10-17,Distillers Corn Oil,Michigan,,Truck,73.4,72.0,75.0,Cents Per Lb
2022-10-17,Distillers Corn Oil,Minnesota,,Truck,73.33,72.0,75.0,Cents Per Lb
2022-10-17,Distillers Corn Oil,Missouri,,Truck,74.0,73.0,75.0,Cents Per Lb
2022-10-17,Distillers Corn Oil,Nebraska,,Truck,74.2,72.0,75.0,Cents Per Lb
2022-10-17,Distillers Corn Oil,Ohio,,Truck,74.0,73.0,75.0,Cents Per Lb
2022-10-17,Distillers Corn Oil,South Dakota,,Truck,73.0,72.0,74.0,Cents Per Lb
2022-10-17,Distillers Corn Oil,Wisconsin,,Truck,76.0,76.0,76.0,Cents Per Lb
2022-10-17,Distillers Grain,Illinois,Modified Wet 55-60%,Truck,100.0,100.0,100.0,$ Per Ton
2022-10-17,Distillers Grain,Illinois,Dried 10%,Truck,237.5,220.0,250.0,$ Per Ton
2022-10-17,Distillers Grain,Indiana,Dried 10%,Truck,215.0,210.0,220.0,$ Per Ton
2022-10-17,Distillers Grain,Iowa,Dried 10%,Truck,243.0,230.0,260.0,$ Per Ton
2022-10-17,Distillers Grain,Iowa,Wet 65-70%,Truck,80.0,75.0,85.0,$ Per Ton
2022-10-17,Distillers Grain,Iowa,Modified Wet 55-60%,Truck,127.5,125.0,130.0,$ Per Ton
2022-10-17,Distillers Grain,Kansas,Dried 10%,Truck,282.5,250.0,350.0,$ Per Ton
2022-10-17,Distillers Grain,Kansas,Wet 65-70%,Truck,118.75,110.0,140.0,$ Per Ton
2022-10-17,Distillers Grain,Michigan,Dried 10%,Truck,220.0,220.0,220.0,$ Per Ton
2022-10-17,Distillers Grain,Minnesota,Modified Wet 55-60%,Truck,115.0,115.0,115.0,$ Per Ton
2022-10-17,Distillers Grain,Minnesota,Dried 10%,Truck,241.4,225.0,260.0,$ Per Ton
2022-10-17,Distillers Grain,Missouri,Dried 10%,Truck,300.0,260.0,340.0,$ Per Ton
2022-10-17,Distillers Grain,Missouri,Wet 65-70%,Truck,117.0,117.0,117.0,$ Per Ton
2022-10-17,Distillers Grain,N/A,Dried 10%,Ocean Vessel,315.0,315.0,315.0,$ Per Ton
2022-10-17,Distillers Grain,N/A,Dried 10%,Rail/Barge,240.0,240.0,240.0,$ Per Ton
2022-10-17,Distillers Grain,N/A,Dried 10%,Rail,305.0,305.0,305.0,$ Per Ton
2022-10-17,Distillers Grain,Nebraska,Modified Wet 55-60%,Truck,137.25,125.0,147.0,$ Per Ton
2022-10-17,Distillers Grain,Nebraska,Dried 10%,Truck,277.71,255.0,295.0,$ Per Ton
2022-10-17,Distillers Grain,Nebraska,Wet 65-70%,Truck,106.0,98.0,125.0,$ Per Ton
2022-10-17,Distillers Grain,Ohio,Dried 10%,Truck,200.0,200.0,200.0,$ Per Ton
2022-10-17,Distillers Grain,South Dakota,Wet 65-70%,Truck,95.0,95.0,95.0,$ Per Ton
2022-10-17,Distillers Grain,South Dakota,Modified Wet 55-60%,Truck,145.0,145.0,145.0,$ Per Ton
2022-10-17,Distillers Grain,South Dakota,Dried 10%,Truck,265.0,265.0,265.0,$ Per Ton
2022-10-17,Distillers Grain,Wisconsin,Wet 65-70%,Truck,91.5,75.0,108.0,$ Per Ton
2022-10-17,Distillers Grain,Wisconsin,Dried 10%,Truck,225.0,220.0,230.0,$ Per Ton
2022-10-17,Ethanol,Illinois,,Truck,2.3994,2.38,2.41,$ Per Gallon
2022-10-17,Ethanol,Indiana,,Truck,2.42,2.42,2.42,$ Per Gallon
2022-10-17,Ethanol,Iowa,,Truck,2.2958,2.19,2.36,$ Per Gallon
2022-10-17,Ethanol,Iowa,,Rail,2.25,2.25,2.25,$ Per Gallon
2022-10-17,Ethanol,Kansas,,Truck,2.2733,2.19,2.38,$ Per Gallon
2022-10-17,Ethanol,Minnesota,,Truck,2.3275,2.305,2.35,$ Per Gallon
2022-10-17,Ethanol,Nebraska,,Rail,2.2675,2.25,2.285,$ Per Gallon
2022-10-17,Ethanol,Nebraska,,Truck,2.2925,2.19,2.36,$ Per Gallon
2022-10-17,Ethanol,South Dakota,,Rail,2.295,2.295,2.295,$ Per Gallon
2022-10-17,Ethanol,Wisconsin,,Truck,2.42,2.41,2.43,$ Per Gallon
2022-10-24,Biodiesel,Minnesota,B100,Truck,7.13,7.13,7.13,$ Per Gallon
2022-10-24,Distillers Corn Oil,Illinois,,Truck,76.75,76.0,78.0,Cents Per Lb
2022-10-24,Distillers Corn Oil,Indiana,,Truck,76.5,76.0,77.0,Cents Per Lb
2022-10-24,Distillers Corn Oil,Iowa,,Truck,73.75,73.0,75.0,Cents Per Lb
2022-10-24,Distillers Corn Oil,Kansas,,Truck,75.0,75.0,75.0,Cents Per Lb
2022-10-24,Distillers Corn Oil,Michigan,,Truck,76.33,75.0,77.0,Cents Per Lb
2022-10-24,Distillers Corn Oil,Minnesota,,Truck,76.0,75.0,77.0,Cents Per Lb
2022-10-24,Distillers Corn Oil,Missouri,,Truck,76.0,75.0,77.0,Cents Per Lb
2022-10-24,Distillers Corn Oil,Nebraska,,Truck,74.6,74.0,75.0,Cents Per Lb
2022-10-24,Distillers Corn Oil,Ohio,,Truck,74.5,74.0,75.0,Cents Per Lb
2022-10-24,Distillers Corn Oil,South Dakota,,Truck,75.8,75.0,77.0,Cents Per Lb
2022-10-24,Distillers Corn Oil,Wisconsin,,Truck,76.0,76.0,76.0,Cents Per Lb
2022-10-24,Distillers Grain,Illinois,Wet 65-70%,Truck,72.5,65.0,80.0,$ Per Ton
2022-10-24,Distillers Grain,Illinois,Modified Wet 55-60%,Truck,100.0,100.0,100.0,$ Per Ton
2022-10-24,Distillers Grain,Illinois,Dried 10%,Truck,231.25,230.0,235.0,$ Per Ton
2022-10-24,Distillers Grain,Indiana,Dried 10%,Truck,213.0,205.0,225.0,$ Per Ton
2022-10-24,Distillers Grain,Iowa,Modified Wet 55-60%,Truck,130.0,125.0,140.0,$ Per Ton
2022-10-24,Distillers Grain,Iowa,Dried 10%,Truck,226.43,205.0,250.0,$ Per Ton
2022-10-24,Distillers Grain,Iowa,Wet 65-70%,Truck,78.33,70.0,85.0,$ Per Ton
2022-10-24,Distillers Grain,Kansas,Dried 10%,Truck,283.0,250.0,335.0,$ Per Ton
2022-10-24,Distillers Grain,Kansas,Wet 65-70%,Truck,112.4,110.0,117.0,$ Per Ton
2022-10-24,Distillers Grain,Michigan,Dried 10%,Truck,221.25,215.0,230.0,$ Per Ton
2022-10-24,Distillers Grain,Minnesota,Dried 10%,Truck,233.0,215.0,245.0,$ Per Ton
2022-10-24,Distillers Grain,Minnesota,Wet 65-70%,Truck,80.0,80.0,80.0,$ Per Ton
2022-10-24,Distillers Grain,Minnesota,Modified Wet 55-60%,Truck,115.0,115.0,115.0,$ Per Ton
2022-10-24,Distillers Grain,Missouri,Dried 10%,Truck,293.33,250.0,350.0,$ Per Ton
2022-10-24,Distillers Grain,Missouri,Modified Wet 55-60%,Truck,165.0,165.0,165.0,$ Per Ton
2022-10-24,Distillers Grain,Missouri,Wet 65-70%,Truck,117.0,117.0,117.0,$ Per Ton
2022-10-24,Distillers Grain,N/A,Dried 10%,Rail/Barge,242.5,240.0,245.0,$ Per Ton
2022-10-24,Distillers Grain,N/A,Dried 10%,Rail,396.0,396.0,396.0,$ Per Ton
2022-10-24,Distillers Grain,N/A,Dried 10%,Ocean Vessel,316.0,316.0,316.0,$ Per Ton
2022-10-24,Distillers Grain,Nebraska,Wet 65-70%,Truck,108.8,96.0,125.0,$ Per Ton
2022-10-24,Distillers Grain,Nebraska,Modified Wet 55-60%,Truck,132.0,125.0,140.0,$ Per Ton
2022-10-24,Distillers Grain,Nebraska,Dried 10%,Truck,274.17,255.0,300.0,$ Per Ton
2022-10-24,Distillers Grain,Ohio,Dried 10%,Truck,219.25,205.0,237.0,$ Per Ton
2022-10-24,Distillers Grain,South Dakota,Wet 65-70%,Truck,95.0,95.0,95.0,$ Per Ton
2022-10-24,Distillers Grain,South Dakota,Modified Wet 55-60%,Truck,131.0,124.0,145.0,$ Per Ton
2022-10-24,Distillers Grain,South Dakota,Dried 10%,Truck,253.25,249.0,260.0,$ Per Ton
2022-10-24,Distillers Grain,Wisconsin,Wet 65-70%,Truck,90.0,75.0,105.0,$ Per Ton
2022-10-24,Distillers Grain,Wisconsin,Dried 10%,Truck,224.5,224.0,225.0,$ Per Ton
2022-10-24,Ethanol,Illinois,,Truck,2.4775,2.47,2.49,$ Per Gallon
2022-10-24,Ethanol,Indiana,,Truck,2.49,2.49,2.49,$ Per Gallon
2022-10-24,Ethanol,Iowa,,Truck,2.3558,2.24,2.5,$ Per Gallon
2022-10-24,Ethanol,Kansas,,Truck,2.3267,2.24,2.44,$ Per Gallon
2022-10-24,Ethanol,Minnesota,,Truck,2.3625,2.34,2.385,$ Per Gallon
2022-10-24,Ethanol,Nebraska,,Truck,2.3,2.24,2.36,$ Per Gallon
2022-10-24,Ethanol,South Dakota,,Rail,2.375,2.375,2.375,$ Per Gallon
2022-10-24,Ethanol,Wisconsin,,Truck,2.475,2.475,2.475,$ Per Gallon
2022-10-31,Biodiesel,Illinois,B100,Truck,6.88,6.88,6.88,$ Per Gallon
2022-10-31,Distillers Corn Oil,Illinois,,Truck,76.83,71.0,81.0,Cents Per Lb
2022-10-31,Distillers Corn Oil,Indiana,,Truck,76.75,76.0,78.0,Cents Per Lb
2022-10-31,Distillers Corn Oil,Iowa,,Truck,76.14,74.0,79.0,Cents Per Lb
2022-10-31,Distillers Corn Oil,Kansas,,Truck,75.0,75.0,75.0,Cents Per Lb
2022-10-31,Distillers Corn Oil,Michigan,,Truck,77.0,76.0,78.0,Cents Per Lb
2022-10-31,Distillers Corn Oil,Minnesota,,Truck,76.75,76.0,78.0,Cents Per Lb
2022-10-31,Distillers Corn Oil,Missouri,,Truck,77.0,76.0,78.0,Cents Per Lb
2022-10-31,Distillers Corn Oil,Nebraska,,Truck,75.75,74.0,78.0,Cents Per Lb
2022-10-31,Distillers Corn Oil,Ohio,,Truck,77.0,76.0,78.0,Cents Per Lb
2022-10-31,Distillers Corn Oil,South Dakota,,Truck,77.2,75.0,79.0,Cents Per Lb
2022-10-31,Distillers Corn Oil,Wisconsin,,Truck,79.0,79.0,79.0,Cents Per Lb
2022-10-31,Distillers Grain,Illinois,Wet 65-70%,Truck,65.0,65.0,65.0,$ Per Ton
2022-10-31,Distillers Grain,Illinois,Dried 10%,Truck,234.0,215.0,260.0,$ Per Ton
2022-10-31,Distillers Grain,Illinois,Modified Wet 55-60%,Truck,100.0,100.0,100.0,$ Per Ton
2022-10-31,Distillers Grain,Indiana,Dried 10%,Truck,211.25,205.0,225.0,$ Per Ton
2022-10-31,Distillers Grain,Iowa,Dried 10%,Truck,233.33,200.0,270.0,$ Per Ton
2022-10-31,Distillers Grain,Iowa,Modified Wet 55-60%,Truck,126.25,125.0,130.0,$ Per Ton
2022-10-31,Distillers Grain,Iowa,Wet 65-70%,Truck,85.0,70.0,115.0,$ Per Ton
2022-10-31,Distillers Grain,Kansas,Dried 10%,Truck,285.83,235.0,335.0,$ Per Ton
2022-10-31,Distillers Grain,Kansas,Wet 65-70%,Truck,115.33,110.0,130.0,$ Per Ton
2022-10-31,Distillers Grain,Michigan,Dried 10%,Truck,218.25,215.0,220.0,$ Per Ton
2022-10-31,Distillers Grain,Minnesota,Dried 10%,Truck,231.0,215.0,255.0,$ Per Ton
2022-10-31,Distillers Grain,Minnesota,Wet 65-70%,Truck,70.0,70.0,70.0,$ Per Ton
2022-10-31,Distillers Grain,Minnesota,Modified Wet 55-60%,Truck,122.5,115.0,130.0,$ Per Ton
2022-10-31,Distillers Grain,Missouri,Dried 10%,Truck,291.67,250.0,350.0,$ Per Ton
2022-10-31,Distillers Grain,Missouri,Modified Wet 55-60%,Truck,155.0,155.0,155.0,$ Per Ton
2022-10-31,Distillers Grain,Missouri,Wet 65-70%,Truck,102.67,83.0,115.0,$ Per Ton
2022-10-31,Distillers Grain,N/A,Dried 10%,Rail,299.0,299.0,299.0,$ Per Ton
2022-10-31,Distillers Grain,N/A,Dried 10%,Ocean Vessel,322.0,322.0,322.0,$ Per Ton
2022-10-31,Distillers Grain,N/A,Dried 10%,Rail/Barge,248.0,248.0,248.0,$ Per Ton
2022-10-31,Distillers Grain,Nebraska,Wet 65-70%,Truck,101.0,95.0,105.0,$ Per Ton
2022-10-31,Distillers Grain,Nebraska,Modified Wet 55-60%,Truck,126.5,125.0,131.0,$ Per Ton
2022-10-31,Distillers Grain,Nebraska,Dried 10%,Truck,271.0,255.0,280.0,$ Per Ton
2022-10-31,Distillers Grain,Ohio,Dried 10%,Truck,204.33,190.0,218.0,$ Per Ton
2022-10-31,Distillers Grain,South Dakota,Wet 65-70%,Truck,85.0,85.0,85.0,$ Per Ton
2022-10-31,Distillers Grain,South Dakota,Modified Wet 55-60%,Truck,131.0,124.0,145.0,$ Per Ton
2022-10-31,Distillers Grain,South Dakota,Dried 10%,Truck,252.0,249.0,255.0,$ Per Ton
2022-10-31,Distillers Grain,Wisconsin,Wet 65-70%,Truck,90.0,75.0,105.0,$ Per Ton
2022-10-31,Distillers Grain,Wisconsin,Dried 10%,Truck,221.33,215.0,225.0,$ Per Ton
2022-10-31,Ethanol,Illinois,,Truck,2.5967,2.56,2.62,$ Per Gallon
2022-10-31,Ethanol,Indiana,,Truck,2.64,2.64,2.64,$ Per Gallon
2022-10-31,Ethanol,Iowa,,Truck,2.505,2.4,2.57,$ Per Gallon
2022-10-31,Ethanol,Iowa,,Rail,2.48,2.48,2.48,$ Per Gallon
2022-10-31,Ethanol,Kansas,,Truck,2.64,2.64,2.64,$ Per Gallon
2022-10-31,Ethanol,Minnesota,,Truck,2.525,2.48,2.57,$ Per Gallon
2022-10-31,Ethanol,Nebraska,,Truck,2.465,2.34,2.55,$ Per Gallon
2022-10-31,Ethanol,Nebraska,,Rail,2.475,2.475,2.475,$ Per Gallon
2022-10-31,Ethanol,South Dakota,,Rail,2.56,2.56,2.56,$ Per Gallon
2022-10-31,Ethanol,Wisconsin,,Truck,2.5,2.5,2.5,$ Per Gallon
2022-11-07,Biodiesel,Illinois,B100,Truck,6.88,6.88,6.88,$ Per Gallon
2022-11-07,Biodiesel,Minnesota,B100,Truck,7.0,7.0,7.0,$ Per Gallon
2022-11-07,Distillers Corn Oil,Illinois,,Truck,78.67,77.0,82.0,Cents Per Lb
2022-11-07,Distillers Corn Oil,Indiana,,Truck,78.33,77.0,80.0,Cents Per Lb
2022-11-07,Distillers Corn Oil,Iowa,,Truck,77.71,75.0,80.0,Cents Per Lb
2022-11-07,Distillers Corn Oil,Kansas,,Truck,80.0,80.0,80.0,Cents Per Lb
2022-11-07,Distillers Corn Oil,Michigan,,Truck,78.8,77.0,80.0,Cents Per Lb
2022-11-07,Distillers Corn Oil,Minnesota,,Truck,78.33,77.0,80.0,Cents Per Lb
2022-11-07,Distillers Corn Oil,Missouri,,Truck,79.33,78.0,80.0,Cents Per Lb
2022-11-07,Distillers Corn Oil,Nebraska,,Truck,77.6,76.0,80.0,Cents Per Lb
2022-11-07,Distillers Corn Oil,Ohio,,Truck,79.0,78.0,80.0,Cents Per Lb
2022-11-07,Distillers Corn Oil,South Dakota,,Truck,79.57,77.0,81.0,Cents Per Lb
2022-11-07,Distillers Corn Oil,Wisconsin,,Truck,79.0,79.0,79.0,Cents Per Lb
2022-11-07,Distillers Grain,Illinois,Wet 65-70%,Truck,65.0,65.0,65.0,$ Per Ton
2022-11-07,Distillers Grain,Illinois,Modified Wet 55-60%,Truck,80.0,80.0,80.0,$ Per Ton
2022-11-07,Distillers Grain,Illinois,Dried 10%,Truck,232.6,215.0,255.0,$ Per Ton
2022-11-07,Distillers Grain,Indiana,Dried 10%,Truck,211.25,205.0,225.0,$ Per Ton
2022-11-07,Distillers Grain,Iowa,Dried 10%,Truck,227.22,195.0,265.0,$ Per Ton
2022-11-07,Distillers Grain,Iowa,Wet 65-70%,Truck,88.75,70.0,115.0,$ Per Ton
2022-11-07,Distillers Grain,Iowa,Modified Wet 55-60%,Truck,122.5,115.0,130.0,$ Per Ton
2022-11-07,Distillers Grain,Kansas,Wet 65-70%,Truck,113.0,110.0,120.0,$ Per Ton
2022-11-07,Distillers Grain,Kansas,Dried 10%,Truck,273.6,235.0,320.0,$ Per Ton
2022-11-07,Distillers Grain,Michigan,Dried 10%,Truck,218.25,215.0,220.0,$ Per Ton
2022-11-07,Distillers Grain,Minnesota,Wet 65-70%,Truck,70.0,70.0,70.0,$ Per Ton
2022-11-07,Distillers Grain,Minnesota,Modified Wet 55-60%,Truck,122.5,115.0,130.0,$ Per Ton
2022-11-07,Distillers Grain,Minnesota,Dried 10%,Truck,218.0,200.0,230.0,$ Per Ton
2022-11-07,Distillers Grain,Missouri,Wet 65-70%,Truck,99.0,83.0,115.0,$ Per Ton
2022-11-07,Distillers Grain,Missouri,Modified Wet 55-60%,Truck,155.0,155.0,155.0,$ Per Ton
2022-11-07,Distillers Grain,Missouri,Dried 10%,Truck,291.67,250.0,350.0,$ Per Ton
2022-11-07,Distillers Grain,N/A,Dried 10%,Rail,298.0,298.0,298.0,$ Per Ton
2022-11-07,Distillers Grain,N/A,Dried 10%,Ocean Vessel,318.0,316.0,320.0,$ Per Ton
2022-11-07,Distillers Grain,N/A,Dried 10%,Rail/Barge,242.0,242.0,242.0,$ Per Ton
2022-11-07,Distillers Grain,Nebraska,Wet 65-70%,Truck,103.25,96.0,115.0,$ Per Ton
2022-11-07,Distillers Grain,Nebraska,Modified Wet 55-60%,Truck,126.25,125.0,130.0,$ Per Ton
2022-11-07,Distillers Grain,Nebraska,Dried 10%,Truck,271.4,255.0,285.0,$ Per Ton
2022-11-07,Distillers Grain,Ohio,Dried 10%,Truck,202.67,185.0,218.0,$ Per Ton
2022-11-07,Distillers Grain,South Dakota,Wet 65-70%,Truck,85.0,85.0,85.0,$ Per Ton
2022-11-07,Distillers Grain,South Dakota,Modified Wet 55-60%,Truck,124.0,124.0,124.0,$ Per Ton
2022-11-07,Distillers Grain,South Dakota,Dried 10%,Truck,249.5,249.0,250.0,$ Per Ton
2022-11-07,Distillers Grain,Wisconsin,Dried 10%,Truck,219.75,210.0,225.0,$ Per Ton
2022-11-07,Distillers Grain,Wisconsin,Wet 65-70%,Truck,90.0,75.0,105.0,$ Per Ton
2022-11-07,Ethanol,Illinois,,Truck,2.7583,2.62,2.87,$ Per Gallon
2022-11-07,Ethanol,Indiana,,Truck,2.64,2.64,2.64,$ Per Gallon
2022-11-07,Ethanol,Iowa,,Truck,2.6315,2.24,2.8,$ Per Gallon
2022-11-07,Ethanol,Iowa,,Rail,2.625,2.625,2.625,$ Per Gallon
2022-11-07,Ethanol,Kansas,,Truck,2.5833,2.24,2.85,$ Per Gallon
2022-11-07,Ethanol,Minnesota,,Truck,2.5725,2.48,2.665,$ Per Gallon
2022-11-07,Ethanol,Nebraska,,Truck,2.5736,2.24,2.7,$ Per Gallon
2022-11-07,Ethanol,South Dakota,,Rail,2.655,2.655,2.655,$ Per Gallon
2022-11-07,Ethanol,Wisconsin,,Truck,2.8925,2.88,2.905,$ Per Gallon
2022-11-14,Biodiesel,Illinois,B100,Truck,7.32,7.32,7.32,$ Per Gallon
2022-11-14,Biodiesel,Minnesota,B100,Truck,7.0,7.0,7.0,$ Per Gallon
2022-11-14,Distillers Corn Oil,Illinois,,Truck,80.67,79.0,84.0,Cents Per Lb
2022-11-14,Distillers Corn Oil,Indiana,,Truck,81.0,80.0,82.0,Cents Per Lb
2022-11-14,Distillers Corn Oil,Iowa,,Truck,79.43,78.0,82.0,Cents Per Lb
2022-11-14,Distillers Corn Oil,Kansas,,Truck,80.0,80.0,80.0,Cents Per Lb
2022-11-14,Distillers Corn Oil,Michigan,,Truck,79.33,76.0,82.0,Cents Per Lb
2022-11-14,Distillers Corn Oil,Minnesota,,Truck,81.0,80.0,82.0,Cents Per Lb
2022-11-14,Distillers Corn Oil,Missouri,,Truck,80.67,80.0,82.0,Cents Per Lb
2022-11-14,Distillers Corn Oil,Nebraska,,Truck,78.33,76.0,82.0,Cents Per Lb
2022-11-14,Distillers Corn Oil,Ohio,,Truck,81.0,80.0,82.0,Cents Per Lb
2022-11-14,Distillers Corn Oil,South Dakota,,Truck,80.67,80.0,82.0,Cents Per Lb
2022-11-14,Distillers Corn Oil,Wisconsin,,Truck,81.5,79.0,84.0,Cents Per Lb
2022-11-14,Distillers Grain,Illinois,Dried 10%,Truck,232.0,215.0,260.0,$ Per Ton
2022-11-14,Distillers Grain,Illinois,Modified Wet 55-60%,Truck,80.0,80.0,80.0,$ Per Ton
2022-11-14,Distillers Grain,Indiana,Dried 10%,Truck,214.0,205.0,225.0,$ Per Ton
2022-11-14,Distillers Grain,Iowa,Modified Wet 55-60%,Truck,111.75,100.0,122.0,$ Per Ton
2022-11-14,Distillers Grain,Iowa,Dried 10%,Truck,217.25,195.0,260.0,$ Per Ton
2022-11-14,Distillers Grain,Iowa,Wet 65-70%,Truck,86.4,70.0,112.0,$ Per Ton
2022-11-14,Distillers Grain,Kansas,Dried 10%,Truck,290.0,270.0,320.0,$ Per Ton
2022-11-14,Distillers Grain,Kansas,Wet 65-70%,Truck,113.0,110.0,120.0,$ Per Ton
2022-11-14,Distillers Grain,Michigan,Dried 10%,Truck,220.2,215.0,230.0,$ Per Ton
2022-11-14,Distillers Grain,Minnesota,Dried 10%,Truck,212.5,200.0,230.0,$ Per Ton
2022-11-14,Distillers Grain,Minnesota,Wet 65-70%,Truck,70.0,70.0,70.0,$ Per Ton
2022-11-14,Distillers Grain,Minnesota,Modified Wet 55-60%,Truck,122.5,115.0,130.0,$ Per Ton
2022-11-14,Distillers Grain,Missouri,Dried 10%,Truck,283.33,250.0,330.0,$ Per Ton
2022-11-14,Distillers Grain,Missouri,Modified Wet 55-60%,Truck,155.0,155.0,155.0,$ Per Ton
2022-11-14,Distillers Grain,Missouri,Wet 65-70%,Truck,99.0,83.0,115.0,$ Per Ton
2022-11-14,Distillers Grain,N/A,Dried 10%,Rail/Barge,242.5,242.0,243.0,$ Per Ton
2022-11-14,Distillers Grain,N/A,Dried 10%,Rail,300.0,300.0,300.0,$ Per Ton
2022-11-14,Distillers Grain,N/A,Dried 10%,Ocean Vessel,318.5,317.0,320.0,$ Per Ton
2022-11-14,Distillers Grain,Nebraska,Wet 65-70%,Truck,100.5,85.0,115.0,$ Per Ton
2022-11-14,Distillers Grain,Nebraska,Modified Wet 55-60%,Truck,129.83,125.0,145.0,$ Per Ton
2022-11-14,Distillers Grain,Nebraska,Dried 10%,Truck,264.5,240.0,280.0,$ Per Ton
2022-11-14,Distillers Grain,Ohio,Dried 10%,Truck,208.25,185.0,225.0,$ Per Ton
2022-11-14,Distillers Grain,South Dakota,Wet 65-70%,Truck,85.0,85.0,85.0,$ Per Ton
2022-11-14,Distillers Grain,South Dakota,Modified Wet 55-60%,Truck,124.33,124.0,125.0,$ Per Ton
2022-11-14,Distillers Grain,South Dakota,Dried 10%,Truck,245.75,240.0,249.0,$ Per Ton
2022-11-14,Distillers Grain,Wisconsin,Dried 10%,Truck,215.0,210.0,220.0,$ Per Ton
2022-11-14,Distillers Grain,Wisconsin,Wet 65-70%,Truck,89.0,75.0,103.0,$ Per Ton
2022-11-14,Ethanol,Illinois,,Truck,2.47,2.38,2.53,$ Per Gallon
2022-11-14,Ethanol,Iowa,,Truck,2.4456,2.14,2.75,$ Per Gallon
2022-11-14,Ethanol,Iowa,,Rail,2.185,2.185,2.185,$ Per Gallon
2022-11-14,Ethanol,Kansas,,Truck,2.28,2.14,2.5,$ Per Gallon
2022-11-14,Ethanol,Minnesota,,Truck,2.425,2.425,2.425,$ Per Gallon
2022-11-14,Ethanol,Nebraska,,Truck,2.3392,2.14,2.515,$ Per Gallon
2022-11-14,Ethanol,South Dakota,,Rail,2.415,2.415,2.415,$ Per Gallon
2022-11-14,Ethanol,Wisconsin,,Truck,2.47,2.47,2.47,$ Per Gallon
2022-11-21,Biodiesel,Minnesota,B100,Truck,6.74,6.74,6.74,$ Per Gallon
2022-11-21,Distillers Corn Oil,Illinois,,Truck,78.0,75.0,80.0,Cents Per Lb
2022-11-21,Distillers Corn Oil,Indiana,,Truck,77.0,76.0,78.0,Cents Per Lb
2022-11-21,Distillers Corn Oil,Iowa,,Truck,77.0,75.0,78.0,Cents Per Lb
2022-11-21,Distillers Corn Oil,Kansas,,Truck,79.0,77.0,80.0,Cents Per Lb
2022-11-21,Distillers Corn Oil,Michigan,,Truck,76.67,76.0,78.0,Cents Per Lb
2022-11-21,Distillers Corn Oil,Minnesota,,Truck,77.0,76.0,78.0,Cents Per Lb
2022-11-21,Distillers Corn Oil,Missouri,,Truck,76.67,76.0,78.0,Cents Per Lb
2022-11-21,Distillers Corn Oil,Nebraska,,Truck,77.57,75.0,81.0,Cents Per Lb
2022-11-21,Distillers Corn Oil,Ohio,,Truck,77.0,76.0,78.0,Cents Per Lb
2022-11-21,Distillers Corn Oil,South Dakota,,Truck,78.0,76.0,79.0,Cents Per Lb
2022-11-21,Distillers Corn Oil,Wisconsin,,Truck,74.5,73.0,76.0,Cents Per Lb
2022-11-21,Distillers Grain,Illinois,Modified Wet 55-60%,Truck,78.0,78.0,78.0,$ Per Ton
2022-11-21,Distillers Grain,Illinois,Dried 10%,Truck,231.6,215.0,265.0,$ Per Ton
2022-11-21,Distillers Grain,Indiana,Dried 10%,Truck,214.2,205.0,225.0,$ Per Ton
2022-11-21,Distillers Grain,Iowa,Dried 10%,Truck,221.11,200.0,250.0,$ Per Ton
2022-11-21,Distillers Grain,Iowa,Wet 65-70%,Truck,85.0,70.0,110.0,$ Per Ton
2022-11-21,Distillers Grain,Iowa,Modified Wet 55-60%,Truck,113.75,105.0,125.0,$ Per Ton
2022-11-21,Distillers Grain,Kansas,Wet 65-70%,Truck,111.25,110.0,115.0,$ Per Ton
2022-11-21,Distillers Grain,Kansas,Dried 10%,Truck,270.0,260.0,280.0,$ Per Ton
2022-11-21,Distillers Grain,Michigan,Dried 10%,Truck,218.6,210.0,230.0,$ Per Ton
2022-11-21,Distillers Grain,Minnesota,Wet 65-70%,Truck,70.0,70.0,70.0,$ Per Ton
2022-11-21,Distillers Grain,Minnesota,Modified Wet 55-60%,Truck,122.5,115.0,130.0,$ Per Ton
2022-11-21,Distillers Grain,Minnesota,Dried 10%,Truck,212.0,200.0,230.0,$ Per Ton
2022-11-21,Distillers Grain,Missouri,Wet 65-70%,Truck,99.0,83.0,115.0,$ Per Ton
2022-11-21,Distillers Grain,Missouri,Modified Wet 55-60%,Truck,155.0,155.0,155.0,$ Per Ton
2022-11-21,Distillers Grain,Missouri,Dried 10%,Truck,280.0,250.0,330.0,$ Per Ton
2022-11-21,Distillers Grain,N/A,Dried 10%,Rail,305.0,305.0,305.0,$ Per Ton
2022-11-21,Distillers Grain,N/A,Dried 10%,Rail/Barge,243.5,242.0,245.0,$ Per Ton
2022-11-21,Distillers Grain,N/A,Dried 10%,Ocean Vessel,319.0,318.0,320.0,$ Per Ton
2022-11-21,Distillers Grain,Nebraska,Wet 65-70%,Truck,103.0,88.0,120.0,$ Per Ton
2022-11-21,Distillers Grain,Nebraska,Modified Wet 55-60%,Truck,133.0,125.0,145.0,$ Per Ton
2022-11-21,Distillers Grain,Nebraska,Dried 10%,Truck,259.75,240.0,278.0,$ Per Ton
2022-11-21,Distillers Grain,Ohio,Dried 10%,Truck,211.5,195.0,225.0,$ Per Ton
2022-11-21,Distillers Grain,South Dakota,Wet 65-70%,Truck,85.0,85.0,85.0,$ Per Ton
2022-11-21,Distillers Grain,South Dakota,Modified Wet 55-60%,Truck,124.33,124.0,125.0,$ Per Ton
2022-11-21,Distillers Grain,South Dakota,Dried 10%,Truck,244.5,235.0,249.0,$ Per Ton
2022-11-21,Distillers Grain,Wisconsin,Wet 65-70%,Truck,89.0,75.0,103.0,$ Per Ton
2022-11-21,Distillers Grain,Wisconsin,Dried 10%,Truck,212.5,200.0,220.0,$ Per Ton
2022-11-21,Ethanol,Illinois,,Truck,2.4025,2.37,2.435,$ Per Gallon
2022-11-21,Ethanol,Iowa,,Truck,2.3293,2.15,2.5,$ Per Gallon
2022-11-21,Ethanol,Kansas,,Truck,2.27,2.15,2.45,$ Per Gallon
2022-11-21,Ethanol,Minnesota,,Truck,2.325,2.325,2.325,$ Per Gallon
2022-11-21,Ethanol,Nebraska,,Truck,2.248,2.15,2.39,$ Per Gallon
2022-11-21,Ethanol,South Dakota,,Rail,2.315,2.315,2.315,$ Per Gallon
2022-11-21,Ethanol,Wisconsin,,Truck,2.42,2.42,2.42,$ Per Gallon
2022-11-28,Biodiesel,Minnesota,B100,Truck,6.74,6.74,6.74,$ Per Gallon
2022-11-28,Distillers Corn Oil,Illinois,,Truck,78.0,76.0,79.0,Cents Per Lb
2022-11-28,Distillers Corn Oil,Indiana,,Truck,76.0,75.0,77.0,Cents Per Lb
2022-11-28,Distillers Corn Oil,Iowa,,Truck,74.8,72.0,78.0,Cents Per Lb
2022-11-28,Distillers Corn Oil,Kansas,,Truck,77.0,77.0,77.0,Cents Per Lb
2022-11-28,Distillers Corn Oil,Michigan,,Truck,76.0,75.0,77.0,Cents Per Lb
2022-11-28,Distillers Corn Oil,Minnesota,,Truck,75.5,74.0,77.0,Cents Per Lb
2022-11-28,Distillers Corn Oil,Missouri,,Truck,76.0,75.0,77.0,Cents Per Lb
2022-11-28,Distillers Corn Oil,Nebraska,,Truck,77.0,74.0,81.0,Cents Per Lb
2022-11-28,Distillers Corn Oil,Ohio,,Truck,75.67,75.0,77.0,Cents Per Lb
2022-11-28,Distillers Corn Oil,South Dakota,,Truck,75.8,74.0,77.0,Cents Per Lb
2022-11-28,Distillers Corn Oil,Wisconsin,,Truck,84.0,84.0,84.0,Cents Per Lb
2022-11-28,Distillers Grain,Illinois,Wet 65-70%,Truck,71.0,71.0,71.0,$ Per Ton
2022-11-28,Distillers Grain,Illinois,Dried 10%,Truck,231.6,223.0,255.0,$ Per Ton
2022-11-28,Distillers Grain,Indiana,Dried 10%,Truck,212.67,210.0,218.0,$ Per Ton
2022-11-28,Distillers Grain,Iowa,Modified Wet 55-60%,Truck,112.5,100.0,120.0,$ Per Ton
2022-11-28,Distillers Grain,Iowa,Dried 10%,Truck,216.11,190.0,250.0,$ Per Ton
2022-11-28,Distillers Grain,Iowa,Wet 65-70%,Truck,79.0,75.0,82.0,$ Per Ton
2022-11-28,Distillers Grain,Kansas,Wet 65-70%,Truck,113.25,110.0,120.0,$ Per Ton
2022-11-28,Distillers Grain,Kansas,Dried 10%,Truck,270.0,260.0,280.0,$ Per Ton
2022-11-28,Distillers Grain,Michigan,Dried 10%,Truck,213.75,210.0,220.0,$ Per Ton
2022-11-28,Distillers Grain,Minnesota,Wet 65-70%,Truck,70.0,70.0,70.0,$ Per Ton
2022-11-28,Distillers Grain,Minnesota,Modified Wet 55-60%,Truck,115.0,115.0,115.0,$ Per Ton
2022-11-28,Distillers Grain,Minnesota,Dried 10%,Truck,217.4,205.0,250.0,$ Per Ton
2022-11-28,Distillers Grain,Missouri,Wet 65-70%,Truck,115.0,115.0,115.0,$ Per Ton
2022-11-28,Distillers Grain,Missouri,Modified Wet 55-60%,Truck,155.0,155.0,155.0,$ Per Ton
2022-11-28,Distillers Grain,Missouri,Dried 10%,Truck,285.0,255.0,330.0,$ Per Ton
2022-11-28,Distillers Grain,N/A,Dried 10%,Rail,307.0,307.0,307.0,$ Per Ton
2022-11-28,Distillers Grain,N/A,Dried 10%,Ocean Vessel,322.5,320.0,325.0,$ Per Ton
2022-11-28,Distillers Grain,N/A,Dried 10%,Rail/Barge,243.5,242.0,245.0,$ Per Ton
2022-11-28,Distillers Grain,Nebraska,Wet 65-70%,Truck,106.0,93.0,120.0,$ Per Ton
2022-11-28,Distillers Grain,Nebraska,Modified Wet 55-60%,Truck,133.25,125.0,145.0,$ Per Ton
2022-11-28,Distillers Grain,Nebraska,Dried 10%,Truck,269.67,255.0,280.0,$ Per Ton
2022-11-28,Distillers Grain,Ohio,Dried 10%,Truck,208.67,200.0,216.0,$ Per Ton
2022-11-28,Distillers Grain,South Dakota,Wet 65-70%,Truck,85.0,85.0,85.0,$ Per Ton
2022-11-28,Distillers Grain,South Dakota,Modified Wet 55-60%,Truck,127.67,124.0,135.0,$ Per Ton
2022-11-28,Distillers Grain,South Dakota,Dried 10%,Truck,247.0,235.0,255.0,$ Per Ton
2022-11-28,Distillers Grain,Wisconsin,Wet 65-70%,Truck,87.5,75.0,100.0,$ Per Ton
2022-11-28,Distillers Grain,Wisconsin,Dried 10%,Truck,208.75,200.0,215.0,$ Per Ton
2022-11-28,Ethanol,Illinois,,Truck,2.37,2.37,2.37,$ Per Gallon
2022-11-28,Ethanol,Indiana,,Truck,2.39,2.39,2.39,$ Per Gallon
2022-11-28,Ethanol,Iowa,,Truck,2.2543,2.13,2.5,$ Per Gallon
2022-11-28,Ethanol,Kansas,,Truck,2.2333,2.13,2.38,$ Per Gallon
2022-11-28,Ethanol,Minnesota,,Truck,2.217,2.19,2.244,$ Per Gallon
2022-11-28,Ethanol,Nebraska,,Truck,2.185,2.13,2.22,$ Per Gallon
2022-11-28,Ethanol,South Dakota,,Rail,2.234,2.234,2.234,$ Per Gallon
2022-11-28,Ethanol,Wisconsin,,Truck,2.37,2.37,2.37,$ Per Gallon
2022-12-05,Biodiesel,Minnesota,B100,Truck,5.9,5.9,5.9,$ Per Gallon
2022-12-05,Distillers Corn Oil,Illinois,,Truck,71.5,68.0,75.0,Cents Per Lb
2022-12-05,Distillers Corn Oil,Indiana,,Truck,68.0,68.0,68.0,Cents Per Lb
2022-12-05,Distillers Corn Oil,Iowa,,Truck,67.67,65.0,70.0,Cents Per Lb
2022-12-05,Distillers Corn Oil,Michigan,,Truck,68.0,68.0,68.0,Cents Per Lb
2022-12-05,Distillers Corn Oil,Minnesota,,Truck,68.0,68.0,68.0,Cents Per Lb
2022-12-05,Distillers Corn Oil,Missouri,,Truck,69.0,68.0,70.0,Cents Per Lb
2022-12-05,Distillers Corn Oil,Nebraska,,Truck,72.0,67.0,81.0,Cents Per Lb
2022-12-05,Distillers Corn Oil,Ohio,,Truck,68.0,68.0,68.0,Cents Per Lb
2022-12-05,Distillers Corn Oil,South Dakota,,Truck,69.33,68.0,70.0,Cents Per Lb
2022-12-05,Distillers Corn Oil,Wisconsin,,Truck,68.5,68.0,69.0,Cents Per Lb
2022-12-05,Distillers Grain,Illinois,Dried 10%,Truck,237.5,225.0,255.0,$ Per Ton
2022-12-05,Distillers Grain,Illinois,Wet 65-70%,Truck,71.0,71.0,71.0,$ Per Ton
2022-12-05,Distillers Grain,Indiana,Dried 10%,Truck,218.0,210.0,225.0,$ Per Ton
2022-12-05,Distillers Grain,Iowa,Dried 10%,Truck,234.29,210.0,250.0,$ Per Ton
2022-12-05,Distillers Grain,Iowa,Modified Wet 55-60%,Truck,117.33,112.0,125.0,$ Per Ton
2022-12-05,Distillers Grain,Iowa,Wet 65-70%,Truck,78.5,75.0,82.0,$ Per Ton
2022-12-05,Distillers Grain,Kansas,Wet 65-70%,Truck,113.25,110.0,120.0,$ Per Ton
2022-12-05,Distillers Grain,Kansas,Dried 10%,Truck,281.5,262.0,324.0,$ Per Ton
2022-12-05,Distillers Grain,Michigan,Dried 10%,Truck,214.0,208.0,230.0,$ Per Ton
2022-12-05,Distillers Grain,Minnesota,Wet 65-70%,Truck,70.0,70.0,70.0,$ Per Ton
2022-12-05,Distillers Grain,Minnesota,Modified Wet 55-60%,Truck,115.0,115.0,115.0,$ Per Ton
2022-12-05,Distillers Grain,Minnesota,Dried 10%,Truck,225.0,210.0,250.0,$ Per Ton
2022-12-05,Distillers Grain,Missouri,Wet 65-70%,Truck,105.0,105.0,105.0,$ Per Ton
2022-12-05,Distillers Grain,Missouri,Modified Wet 55-60%,Truck,155.0,155.0,155.0,$ Per Ton
2022-12-05,Distillers Grain,Missouri,Dried 10%,Truck,283.33,255.0,325.0,$ Per Ton
2022-12-05,Distillers Grain,N/A,Dried 10%,Rail/Barge,245.0,245.0,245.0,$ Per Ton
2022-12-05,Distillers Grain,N/A,Dried 10%,Ocean Vessel,327.0,327.0,327.0,$ Per Ton
2022-12-05,Distillers Grain,N/A,Dried 10%,Rail,309.0,309.0,309.0,$ Per Ton
2022-12-05,Distillers Grain,Nebraska,Wet 65-70%,Truck,97.4,88.0,110.0,$ Per Ton
2022-12-05,Distillers Grain,Nebraska,Modified Wet 55-60%,Truck,131.0,120.0,143.0,$ Per Ton
2022-12-05,Distillers Grain,Nebraska,Dried 10%,Truck,266.86,255.0,280.0,$ Per Ton
2022-12-05,Distillers Grain,Ohio,Dried 10%,Truck,215.75,205.0,225.0,$ Per Ton
2022-12-05,Distillers Grain,South Dakota,Wet 65-70%,Truck,85.0,85.0,85.0,$ Per Ton
2022-12-05,Distillers Grain,South Dakota,Modified Wet 55-60%,Truck,128.0,124.0,140.0,$ Per Ton
2022-12-05,Distillers Grain,South Dakota,Dried 10%,Truck,244.6,230.0,255.0,$ Per Ton
2022-12-05,Distillers Grain,Wisconsin,Dried 10%,Truck,212.5,210.0,215.0,$ Per Ton
2022-12-05,Distillers Grain,Wisconsin,Wet 65-70%,Truck,87.5,75.0,100.0,$ Per Ton
2022-12-05,Ethanol,Illinois,,Truck,2.1283,2.095,2.15,$ Per Gallon
2022-12-05,Ethanol,Indiana,,Truck,2.2,2.2,2.2,$ Per Gallon
2022-12-05,Ethanol,Iowa,,Truck,2.0439,1.87,2.2,$ Per Gallon
2022-12-05,Ethanol,Kansas,,Truck,1.99,1.87,2.17,$ Per Gallon
2022-12-05,Ethanol,Minnesota,,Truck,2.0638,2.0275,2.1,$ Per Gallon
2022-12-05,Ethanol,Nebraska,,Truck,1.995,1.87,2.12,$ Per Gallon
2022-12-05,Ethanol,South Dakota,,Rail,2.0175,2.0175,2.0175,$ Per Gallon
2022-12-12,Biodiesel,Minnesota,B100,Truck,5.93,5.93,5.93,$ Per Gallon
2022-12-12,Distillers Corn Oil,Illinois,,Truck,66.67,65.0,68.0,Cents Per Lb
2022-12-12,Distillers Corn Oil,Indiana,,Truck,68.0,68.0,68.0,Cents Per Lb
2022-12-12,Distillers Corn Oil,Iowa,,Truck,67.0,62.0,70.0,Cents Per Lb
2022-12-12,Distillers Corn Oil,Kansas,,Truck,83.0,83.0,83.0,Cents Per Lb
2022-12-12,Distillers Corn Oil,Michigan,,Truck,65.0,65.0,65.0,Cents Per Lb
2022-12-12,Distillers Corn Oil,Missouri,,Truck,66.0,66.0,66.0,Cents Per Lb
2022-12-12,Distillers Corn Oil,Nebraska,,Truck,73.2,67.0,81.0,Cents Per Lb
2022-12-12,Distillers Corn Oil,South Dakota,,Truck,68.67,68.0,69.0,Cents Per Lb
2022-12-12,Distillers Corn Oil,Wisconsin,,Truck,69.0,69.0,69.0,Cents Per Lb
2022-12-12,Distillers Grain,Illinois,Dried 10%,Truck,238.0,235.0,240.0,$ Per Ton
2022-12-12,Distillers Grain,Illinois,Wet 65-70%,Truck,92.0,92.0,92.0,$ Per Ton
2022-12-12,Distillers Grain,Indiana,Dried 10%,Truck,222.75,218.0,225.0,$ Per Ton
2022-12-12,Distillers Grain,Iowa,Modified Wet 55-60%,Truck,132.5,115.0,150.0,$ Per Ton
2022-12-12,Distillers Grain,Iowa,Dried 10%,Truck,240.0,240.0,240.0,$ Per Ton
2022-12-12,Distillers Grain,Iowa,Wet 65-70%,Truck,81.33,80.0,82.0,$ Per Ton
2022-12-12,Distillers Grain,Kansas,Dried 10%,Truck,281.25,270.0,310.0,$ Per Ton
2022-12-12,Distillers Grain,Kansas,Wet 65-70%,Truck,108.83,90.0,117.0,$ Per Ton
2022-12-12,Distillers Grain,Michigan,Dried 10%,Truck,213.5,210.0,215.0,$ Per Ton
2022-12-12,Distillers Grain,Minnesota,Wet 65-70%,Truck,70.0,70.0,70.0,$ Per Ton
2022-12-12,Distillers Grain,Minnesota,Modified Wet 55-60%,Truck,122.5,115.0,130.0,$ Per Ton
2022-12-12,Distillers Grain,Minnesota,Dried 10%,Truck,237.4,217.0,270.0,$ Per Ton
2022-12-12,Distillers Grain,Missouri,Wet 65-70%,Truck,96.5,88.0,105.0,$ Per Ton
2022-12-12,Distillers Grain,Missouri,Modified Wet 55-60%,Truck,160.0,160.0,160.0,$ Per Ton
2022-12-12,Distillers Grain,Missouri,Dried 10%,Truck,291.67,270.0,325.0,$ Per Ton
2022-12-12,Distillers Grain,N/A,Dried 10%,Rail/Barge,257.5,255.0,260.0,$ Per Ton
2022-12-12,Distillers Grain,N/A,Dried 10%,Ocean Vessel,342.5,340.0,345.0,$ Per Ton
2022-12-12,Distillers Grain,N/A,Dried 10%,Rail,310.0,310.0,310.0,$ Per Ton
2022-12-12,Distillers Grain,Nebraska,Wet 65-70%,Truck,97.4,88.0,110.0,$ Per Ton
2022-12-12,Distillers Grain,Nebraska,Modified Wet 55-60%,Truck,132.5,120.0,144.0,$ Per Ton
2022-12-12,Distillers Grain,Nebraska,Dried 10%,Truck,268.29,255.0,285.0,$ Per Ton
2022-12-12,Distillers Grain,Ohio,Dried 10%,Truck,231.0,223.0,245.0,$ Per Ton
2022-12-12,Distillers Grain,South Dakota,Wet 65-70%,Truck,85.0,85.0,85.0,$ Per Ton
2022-12-12,Distillers Grain,South Dakota,Modified Wet 55-60%,Truck,124.0,124.0,124.0,$ Per Ton
2022-12-12,Distillers Grain,South Dakota,Dried 10%,Truck,253.2,230.0,278.0,$ Per Ton
2022-12-12,Distillers Grain,Wisconsin,Dried 10%,Truck,219.5,215.0,228.0,$ Per Ton
2022-12-12,Distillers Grain,Wisconsin,Wet 65-70%,Truck,87.5,75.0,100.0,$ Per Ton
2022-12-12,Ethanol,Illinois,,Truck,2.1467,2.11,2.18,$ Per Gallon
2022-12-12,Ethanol,Indiana,,Truck,2.19,2.18,2.2,$ Per Gallon
2022-12-12,Ethanol,Iowa,,Truck,2.0438,1.87,2.2,$ Per Gallon
2022-12-12,Ethanol,Kansas,,Truck,2.0033,1.87,2.21,$ Per Gallon
2022-12-12,Ethanol,Minnesota,,Truck,2.085,2.07,2.1,$ Per Gallon
2022-12-12,Ethanol,Nebraska,,Truck,1.996,1.87,2.12,$ Per Gallon
2022-12-12,Ethanol,South Dakota,,Rail,2.06,2.06,2.06,$ Per Gallon
2022-12-12,Ethanol,Wisconsin,,Truck,2.18,2.18,2.18,$ Per Gallon
2022-12-19,Biodiesel,Minnesota,B100,Truck,5.85,5.85,5.85,$ Per Gallon
2022-12-19,Distillers Corn Oil,Illinois,,Truck,67.0,65.0,68.0,Cents Per Lb
2022-12-19,Distillers Corn Oil,Indiana,,Truck,68.0,68.0,68.0,Cents Per Lb
2022-12-19,Distillers Corn Oil,Iowa,,Truck,66.86,62.0,70.0,Cents Per Lb
2022-12-19,Distillers Corn Oil,Kansas,,Truck,83.0,83.0,83.0,Cents Per Lb
2022-12-19,Distillers Corn Oil,Michigan,,Truck,67.5,66.0,69.0,Cents Per Lb
2022-12-19,Distillers Corn Oil,Minnesota,,Truck,66.0,66.0,66.0,Cents Per Lb
2022-12-19,Distillers Corn Oil,Missouri,,Truck,69.0,69.0,69.0,Cents Per Lb
2022-12-19,Distillers Corn Oil,Nebraska,,Truck,73.2,67.0,81.0,Cents Per Lb
2022-12-19,Distillers Corn Oil,Ohio,,Truck,68.0,68.0,68.0,Cents Per Lb
2022-12-19,Distillers Corn Oil,South Dakota,,Truck,66.5,66.0,68.0,Cents Per Lb
2022-12-19,Distillers Corn Oil,Wisconsin,,Truck,69.0,69.0,69.0,Cents Per Lb
2022-12-19,Distillers Grain,Illinois,Dried 10%,Truck,243.0,235.0,255.0,$ Per Ton
2022-12-19,Distillers Grain,Illinois,Wet 65-70%,Truck,92.0,92.0,92.0,$ Per Ton
2022-12-19,Distillers Grain,Indiana,Dried 10%,Truck,234.5,228.0,245.0,$ Per Ton
2022-12-19,Distillers Grain,Iowa,Modified Wet 55-60%,Truck,138.33,120.0,150.0,$ Per Ton
2022-12-19,Distillers Grain,Iowa,Dried 10%,Truck,265.0,230.0,290.0,$ Per Ton
2022-12-19,Distillers Grain,Iowa,Wet 65-70%,Truck,85.0,80.0,90.0,$ Per Ton
2022-12-19,Distillers Grain,Kansas,Dried 10%,Truck,283.25,270.0,318.0,$ Per Ton
2022-12-19,Distillers Grain,Kansas,Wet 65-70%,Truck,109.17,90.0,118.0,$ Per Ton
2022-12-19,Distillers Grain,Michigan,Dried 10%,Truck,227.0,215.0,250.0,$ Per Ton
2022-12-19,Distillers Grain,Minnesota,Dried 10%,Truck,272.5,260.0,280.0,$ Per Ton
2022-12-19,Distillers Grain,Minnesota,Wet 65-70%,Truck,70.0,70.0,70.0,$ Per Ton
2022-12-19,Distillers Grain,Minnesota,Modified Wet 55-60%,Truck,125.0,115.0,135.0,$ Per Ton
2022-12-19,Distillers Grain,Missouri,Dried 10%,Truck,305.0,275.0,350.0,$ Per Ton
2022-12-19,Distillers Grain,Missouri,Modified Wet 55-60%,Truck,160.0,160.0,160.0,$ Per Ton
2022-12-19,Distillers Grain,Missouri,Wet 65-70%,Truck,101.5,88.0,115.0,$ Per Ton
2022-12-19,Distillers Grain,N/A,Dried 10%,Rail/Barge,260.0,260.0,260.0,$ Per Ton
2022-12-19,Distillers Grain,N/A,Dried 10%,Rail,318.0,318.0,318.0,$ Per Ton
2022-12-19,Distillers Grain,N/A,Dried 10%,Ocean Vessel,349.0,345.0,353.0,$ Per Ton
2022-12-19,Distillers Grain,Nebraska,Wet 65-70%,Truck,97.83,88.0,110.0,$ Per Ton
2022-12-19,Distillers Grain,Nebraska,Modified Wet 55-60%,Truck,134.86,120.0,153.0,$ Per Ton
2022-12-19,Distillers Grain,Nebraska,Dried 10%,Truck,274.67,260.0,310.0,$ Per Ton
2022-12-19,Distillers Grain,Ohio,Dried 10%,Truck,228.75,225.0,240.0,$ Per Ton
2022-12-19,Distillers Grain,South Dakota,Wet 65-70%,Truck,85.0,85.0,85.0,$ Per Ton
2022-12-19,Distillers Grain,South Dakota,Modified Wet 55-60%,Truck,135.4,124.0,180.0,$ Per Ton
2022-12-19,Distillers Grain,South Dakota,Dried 10%,Truck,257.0,230.0,300.0,$ Per Ton
2022-12-19,Distillers Grain,Wisconsin,Modified Wet 55-60%,Truck,122.0,122.0,122.0,$ Per Ton
2022-12-19,Distillers Grain,Wisconsin,Dried 10%,Truck,227.5,220.0,235.0,$ Per Ton
2022-12-19,Distillers Grain,Wisconsin,Wet 65-70%,Truck,92.5,75.0,110.0,$ Per Ton
2022-12-19,Ethanol,Illinois,,Truck,2.1667,2.15,2.2,$ Per Gallon
2022-12-19,Ethanol,Indiana,,Truck,2.2,2.2,2.2,$ Per Gallon
2022-12-19,Ethanol,Iowa,,Truck,2.0455,1.87,2.15,$ Per Gallon
2022-12-19,Ethanol,Iowa,,Rail,2.02,2.0,2.04,$ Per Gallon
2022-12-19,Ethanol,Kansas,,Truck,2.01,1.87,2.23,$ Per Gallon
2022-12-19,Ethanol,Minnesota,,Truck,2.0975,2.095,2.1,$ Per Gallon
2022-12-19,Ethanol,Nebraska,,Rail,2.125,1.99,2.26,$ Per Gallon
2022-12-19,Ethanol,Nebraska,,Truck,2.0079,1.87,2.12,$ Per Gallon
2022-12-19,Ethanol,South Dakota,,Rail,2.85,2.85,2.85,$ Per Gallon
2022-12-19,Ethanol,Wisconsin,,Truck,2.2,2.2,2.2,$ Per Gallon
2022-12-26,Biodiesel,Minnesota,B100,Truck,5.89,5.89,5.89,$ Per Gallon
2022-12-26,Distillers Corn Oil,Illinois,,Truck,68.0,67.0,69.0,Cents Per Lb
2022-12-26,Distillers Corn Oil,Indiana,,Truck,68.5,68.0,69.0,Cents Per Lb
2022-12-26,Distillers Corn Oil,Iowa,,Truck,67.4,65.0,69.0,Cents Per Lb
2022-12-26,Distillers Corn Oil,Kansas,,Truck,70.0,70.0,70.0,Cents Per Lb
2022-12-26,Distillers Corn Oil,Michigan,,Truck,68.0,67.0,69.0,Cents Per Lb
2022-12-26,Distillers Corn Oil,Minnesota,,Truck,67.0,67.0,67.0,Cents Per Lb
2022-12-26,Distillers Corn Oil,Missouri,,Truck,70.0,70.0,70.0,Cents Per Lb
2022-12-26,Distillers Corn Oil,Nebraska,,Truck,67.0,65.0,69.0,Cents Per Lb
2022-12-26,Distillers Corn Oil,Ohio,,Truck,68.0,68.0,68.0,Cents Per Lb
2022-12-26,Distillers Corn Oil,South Dakota,,Truck,68.5,66.0,70.0,Cents Per Lb
2022-12-26,Distillers Corn Oil,Wisconsin,,Truck,69.0,69.0,69.0,Cents Per Lb
2022-12-26,Distillers Grain,Illinois,Wet 65-70%,Truck,97.0,97.0,97.0,$ Per Ton
2022-12-26,Distillers Grain,Illinois,Dried 10%,Truck,249.75,245.0,260.0,$ Per Ton
2022-12-26,Distillers Grain,Indiana,Dried 10%,Truck,242.4,230.0,265.0,$ Per Ton
2022-12-26,Distillers Grain,Iowa,Dried 10%,Truck,290.0,240.0,355.0,$ Per Ton
2022-12-26,Distillers Grain,Iowa,Wet 65-70%,Truck,85.0,80.0,90.0,$ Per Ton
2022-12-26,Distillers Grain,Iowa,Modified Wet 55-60%,Truck,133.33,120.0,140.0,$ Per Ton
2022-12-26,Distillers Grain,Kansas,Wet 65-70%,Truck,111.25,110.0,115.0,$ Per Ton
2022-12-26,Distillers Grain,Kansas,Dried 10%,Truck,276.25,270.0,285.0,$ Per Ton
2022-12-26,Distillers Grain,Michigan,Dried 10%,Truck,235.0,220.0,260.0,$ Per Ton
2022-12-26,Distillers Grain,Minnesota,Wet 65-70%,Truck,80.0,80.0,80.0,$ Per Ton
2022-12-26,Distillers Grain,Minnesota,Dried 10%,Truck,276.67,260.0,300.0,$ Per Ton
2022-12-26,Distillers Grain,Minnesota,Modified Wet 55-60%,Truck,140.0,140.0,140.0,$ Per Ton
2022-12-26,Distillers Grain,Missouri,Modified Wet 55-60%,Truck,165.0,165.0,165.0,$ Per Ton
2022-12-26,Distillers Grain,Missouri,Wet 65-70%,Truck,102.5,90.0,115.0,$ Per Ton
2022-12-26,Distillers Grain,Missouri,Dried 10%,Truck,315.0,285.0,350.0,$ Per Ton
2022-12-26,Distillers Grain,N/A,Dried 10%,Rail,320.0,320.0,320.0,$ Per Ton
2022-12-26,Distillers Grain,N/A,Dried 10%,Ocean Vessel,352.5,345.0,360.0,$ Per Ton
2022-12-26,Distillers Grain,N/A,Dried 10%,Rail/Barge,262.5,260.0,265.0,$ Per Ton
2022-12-26,Distillers Grain,Nebraska,Wet 65-70%,Truck,103.67,88.0,125.0,$ Per Ton
2022-12-26,Distillers Grain,Nebraska,Modified Wet 55-60%,Truck,140.0,130.0,155.0,$ Per Ton
2022-12-26,Distillers Grain,Nebraska,Dried 10%,Truck,290.8,270.0,310.0,$ Per Ton
2022-12-26,Distillers Grain,Ohio,Dried 10%,Truck,241.75,220.0,265.0,$ Per Ton
2022-12-26,Distillers Grain,South Dakota,Wet 65-70%,Truck,90.0,90.0,90.0,$ Per Ton
2022-12-26,Distillers Grain,South Dakota,Modified Wet 55-60%,Truck,124.0,124.0,124.0,$ Per Ton
2022-12-26,Distillers Grain,South Dakota,Dried 10%,Truck,307.5,305.0,310.0,$ Per Ton
2022-12-26,Distillers Grain,Wisconsin,Wet 65-70%,Truck,92.5,75.0,110.0,$ Per Ton
2022-12-26,Distillers Grain,Wisconsin,Modified Wet 55-60%,Truck,122.0,122.0,122.0,$ Per Ton
2022-12-26,Distillers Grain,Wisconsin,Dried 10%,Truck,233.33,230.0,235.0,$ Per Ton
2022-12-26,Ethanol,Illinois,,Truck,2.32,2.32,2.32,$ Per Gallon
2022-12-26,Ethanol,Indiana,,Truck,2.2,2.2,2.2,$ Per Gallon
2022-12-26,Ethanol,Iowa,,Truck,2.2013,2.15,2.25,$ Per Gallon
2022-12-26,Ethanol,Iowa,,Rail,2.22,2.22,2.22,$ Per Gallon
2022-12-26,Ethanol,Kansas,,Truck,2.24,2.16,2.34,$ Per Gallon
2022-12-26,Ethanol,Minnesota,,Truck,2.2075,2.2075,2.2075,$ Per Gallon
2022-12-26,Ethanol,Nebraska,,Truck,2.184,2.15,2.22,$ Per Gallon
2022-12-26,Ethanol,South Dakota,,Rail,2.1975,2.1975,2.1975,$ Per Gallon
2022-12-26,Ethanol,Wisconsin,,Truck,2.3,2.3,2.3,$ Per Gallon
2023-01-02,Biodiesel,Minnesota,B100,Truck,5.7,5.7,5.7,$ Per Gallon
2023-01-02,Distillers Corn Oil,Illinois,,Truck,68.8,67.0,72.0,Cents Per Lb
2023-01-02,Distillers Corn Oil,Indiana,,Truck,69.0,68.0,70.0,Cents Per Lb
2023-01-02,Distillers Corn Oil,Iowa,,Truck,68.5,65.0,70.0,Cents Per Lb
2023-01-02,Distillers Corn Oil,Kansas,,Truck,70.0,70.0,70.0,Cents Per Lb
2023-01-02,Distillers Corn Oil,Michigan,,Truck,68.25,66.0,70.0,Cents Per Lb
2023-01-02,Distillers Corn Oil,Minnesota,,Truck,68.33,67.0,70.0,Cents Per Lb
2023-01-02,Distillers Corn Oil,Missouri,,Truck,69.33,68.0,70.0,Cents Per Lb
2023-01-02,Distillers Corn Oil,Nebraska,,Truck,67.6,65.0,70.0,Cents Per Lb
2023-01-02,Distillers Corn Oil,Ohio,,Truck,69.0,68.0,70.0,Cents Per Lb
2023-01-02,Distillers Corn Oil,South Dakota,,Truck,68.0,66.0,70.0,Cents Per Lb
2023-01-02,Distillers Corn Oil,Wisconsin,,Truck,69.0,69.0,69.0,Cents Per Lb
2023-01-02,Distillers Grain,Illinois,Wet 65-70%,Truck,101.0,101.0,101.0,$ Per Ton
2023-01-02,Distillers Grain,Illinois,Dried 10%,Truck,251.8,245.0,260.0,$ Per Ton
2023-01-02,Distillers Grain,Indiana,Dried 10%,Truck,243.8,230.0,265.0,$ Per Ton
2023-01-02,Distillers Grain,Iowa,Dried 10%,Truck,283.0,240.0,345.0,$ Per Ton
2023-01-02,Distillers Grain,Iowa,Wet 65-70%,Truck,98.5,92.0,105.0,$ Per Ton
2023-01-02,Distillers Grain,Iowa,Modified Wet 55-60%,Truck,133.25,120.0,145.0,$ Per Ton
2023-01-02,Distillers Grain,Kansas,Dried 10%,Truck,273.75,270.0,280.0,$ Per Ton
2023-01-02,Distillers Grain,Kansas,Wet 65-70%,Truck,111.25,110.0,115.0,$ Per Ton
2023-01-02,Distillers Grain,Michigan,Dried 10%,Truck,235.4,222.0,260.0,$ Per Ton
2023-01-02,Distillers Grain,Minnesota,Dried 10%,Truck,276.25,260.0,300.0,$ Per Ton
2023-01-02,Distillers Grain,Minnesota,Modified Wet 55-60%,Truck,135.0,130.0,140.0,$ Per Ton
2023-01-02,Distillers Grain,Minnesota,Wet 65-70%,Truck,80.0,80.0,80.0,$ Per Ton
2023-01-02,Distillers Grain,Missouri,Dried 10%,Truck,321.67,305.0,350.0,$ Per Ton
2023-01-02,Distillers Grain,Missouri,Modified Wet 55-60%,Truck,165.0,165.0,165.0,$ Per Ton
2023-01-02,Distillers Grain,Missouri,Wet 65-70%,Truck,102.5,90.0,115.0,$ Per Ton
2023-01-02,Distillers Grain,N/A,Dried 10%,Rail/Barge,262.5,260.0,265.0,$ Per Ton
2023-01-02,Distillers Grain,N/A,Dried 10%,Rail,325.0,325.0,325.0,$ Per Ton
2023-01-02,Distillers Grain,N/A,Dried 10%,Ocean Vessel,352.5,345.0,360.0,$ Per Ton
2023-01-02,Distillers Grain,Nebraska,Wet 65-70%,Truck,106.6,88.0,120.0,$ Per Ton
2023-01-02,Distillers Grain,Nebraska,Modified Wet 55-60%,Truck,140.67,130.0,157.0,$ Per Ton
2023-01-02,Distillers Grain,Nebraska,Dried 10%,Truck,291.4,270.0,310.0,$ Per Ton
2023-01-02,Distillers Grain,Ohio,Dried 10%,Truck,239.5,220.0,265.0,$ Per Ton
2023-01-02,Distillers Grain,South Dakota,Wet 65-70%,Truck,90.0,90.0,90.0,$ Per Ton
2023-01-02,Distillers Grain,South Dakota,Modified Wet 55-60%,Truck,155.0,130.0,195.0,$ Per Ton
2023-01-02,Distillers Grain,South Dakota,Dried 10%,Truck,288.75,270.0,305.0,$ Per Ton
2023-01-02,Distillers Grain,Wisconsin,Wet 65-70%,Truck,93.5,75.0,112.0,$ Per Ton
2023-01-02,Distillers Grain,Wisconsin,Dried 10%,Truck,238.33,235.0,240.0,$ Per Ton
2023-01-02,Distillers Grain,Wisconsin,Modified Wet 55-60%,Truck,122.0,122.0,122.0,$ Per Ton
2023-01-02,Ethanol,Illinois,,Truck,2.295,2.28,2.31,$ Per Gallon
2023-01-02,Ethanol,Iowa,,Truck,2.1754,2.12,2.25,$ Per Gallon
2023-01-02,Ethanol,Iowa,,Rail,2.175,2.175,2.175,$ Per Gallon
2023-01-02,Ethanol,Kansas,,Truck,2.2,2.13,2.28,$ Per Gallon
2023-01-02,Ethanol,Minnesota,,Truck,2.183,2.183,2.183,$ Per Gallon
2023-01-02,Ethanol,Nebraska,,Truck,2.1883,2.13,2.24,$ Per Gallon
2023-01-02,Ethanol,South Dakota,,Rail,2.173,2.173,2.173,$ Per Gallon
2023-01-02,Ethanol,Wisconsin,,Truck,2.295,2.295,2.295,$ Per Gallon
2023-01-09,Biodiesel,Minnesota,B100,Truck,5.7,5.7,5.7,$ Per Gallon
2023-01-09,Distillers Corn Oil,Illinois,,Truck,67.75,67.0,69.0,Cents Per Lb
2023-01-09,Distillers Corn Oil,Indiana,,Truck,69.0,68.0,70.0,Cents Per Lb
2023-01-09,Distillers Corn Oil,Iowa,,Truck,68.0,65.0,70.0,Cents Per Lb
2023-01-09,Distillers Corn Oil,Kansas,,Truck,70.0,70.0,70.0,Cents Per Lb
2023-01-09,Distillers Corn Oil,Michigan,,Truck,68.0,65.0,70.0,Cents Per Lb
2023-01-09,Distillers Corn Oil,Minnesota,,Truck,68.67,68.0,70.0,Cents Per Lb
2023-01-09,Distillers Corn Oil,Missouri,,Truck,69.33,68.0,70.0,Cents Per Lb
2023-01-09,Distillers Corn Oil,Nebraska,,Truck,67.0,65.0,70.0,Cents Per Lb
2023-01-09,Distillers Corn Oil,Ohio,,Truck,69.0,68.0,70.0,Cents Per Lb
2023-01-09,Distillers Corn Oil,South Dakota,,Truck,68.0,66.0,70.0,Cents Per Lb
2023-01-09,Distillers Corn Oil,Wisconsin,,Truck,69.5,68.0,71.0,Cents Per Lb
2023-01-09,Distillers Grain,Illinois,Dried 10%,Truck,247.6,240.0,255.0,$ Per Ton
2023-01-09,Distillers Grain,Indiana,Dried 10%,Truck,237.25,230.0,242.0,$ Per Ton
2023-01-09,Distillers Grain,Iowa,Modified Wet 55-60%,Truck,138.83,128.0,145.0,$ Per Ton
2023-01-09,Distillers Grain,Iowa,Wet 65-70%,Truck,87.5,85.0,90.0,$ Per Ton
2023-01-09,Distillers Grain,Iowa,Dried 10%,Truck,262.5,260.0,265.0,$ Per Ton
2023-01-09,Distillers Grain,Kansas,Dried 10%,Truck,291.25,270.0,325.0,$ Per Ton
2023-01-09,Distillers Grain,Kansas,Wet 65-70%,Truck,113.8,110.0,119.0,$ Per Ton
2023-01-09,Distillers Grain,Michigan,Dried 10%,Truck,226.75,222.0,235.0,$ Per Ton
2023-01-09,Distillers Grain,Minnesota,Dried 10%,Truck,276.25,260.0,300.0,$ Per Ton
2023-01-09,Distillers Grain,Minnesota,Modified Wet 55-60%,Truck,135.0,130.0,140.0,$ Per Ton
2023-01-09,Distillers Grain,Minnesota,Wet 65-70%,Truck,80.0,80.0,80.0,$ Per Ton
2023-01-09,Distillers Grain,Missouri,Modified Wet 55-60%,Truck,165.0,165.0,165.0,$ Per Ton
2023-01-09,Distillers Grain,Missouri,Wet 65-70%,Truck,102.5,90.0,115.0,$ Per Ton
2023-01-09,Distillers Grain,Missouri,Dried 10%,Truck,316.67,295.0,350.0,$ Per Ton
2023-01-09,Distillers Grain,N/A,Dried 10%,Ocean Vessel,345.0,345.0,345.0,$ Per Ton
2023-01-09,Distillers Grain,N/A,Dried 10%,Rail/Barge,260.0,260.0,260.0,$ Per Ton
2023-01-09,Distillers Grain,N/A,Dried 10%,Rail,320.0,320.0,320.0,$ Per Ton
2023-01-09,Distillers Grain,Nebraska,Wet 65-70%,Truck,109.2,86.0,125.0,$ Per Ton
2023-01-09,Distillers Grain,Nebraska,Modified Wet 55-60%,Truck,147.75,135.0,161.0,$ Per Ton
2023-01-09,Distillers Grain,Nebraska,Dried 10%,Truck,298.33,275.0,310.0,$ Per Ton
2023-01-09,Distillers Grain,Ohio,Dried 10%,Truck,231.0,220.0,238.0,$ Per Ton
2023-01-09,Distillers Grain,South Dakota,Wet 65-70%,Truck,90.0,90.0,90.0,$ Per Ton
2023-01-09,Distillers Grain,South Dakota,Modified Wet 55-60%,Truck,153.33,130.0,190.0,$ Per Ton
2023-01-09,Distillers Grain,South Dakota,Dried 10%,Truck,288.75,270.0,305.0,$ Per Ton
2023-01-09,Distillers Grain,Wisconsin,Wet 65-70%,Truck,95.0,75.0,115.0,$ Per Ton
2023-01-09,Distillers Grain,Wisconsin,Modified Wet 55-60%,Truck,122.0,122.0,122.0,$ Per Ton
2023-01-09,Distillers Grain,Wisconsin,Dried 10%,Truck,238.33,230.0,245.0,$ Per Ton
2023-01-09,Ethanol,Illinois,,Truck,2.1833,2.16,2.2,$ Per Gallon
2023-01-09,Ethanol,Indiana,,Truck,2.22,2.22,2.22,$ Per Gallon
2023-01-09,Ethanol,Iowa,,Truck,2.0992,2.02,2.25,$ Per Gallon
2023-01-09,Ethanol,Kansas,,Truck,2.0967,2.02,2.19,$ Per Gallon
2023-01-09,Ethanol,Minnesota,,Truck,2.0363,2.02,2.0525,$ Per Gallon
2023-01-09,Ethanol,Nebraska,,Truck,2.082,2.02,2.17,$ Per Gallon
2023-01-09,Ethanol,South Dakota,,Rail,2.0425,2.0425,2.0425,$ Per Gallon
2023-01-09,Ethanol,Wisconsin,,Truck,2.295,2.295,2.295,$ Per Gallon
2023-01-16,Biodiesel,Minnesota,B100,Truck,5.75,5.75,5.75,$ Per Gallon
2023-01-16,Distillers Corn Oil,Illinois,,Truck,68.4,67.0,71.0,Cents Per Lb
2023-01-16,Distillers Corn Oil,Indiana,,Truck,69.0,68.0,70.0,Cents Per Lb
2023-01-16,Distillers Corn Oil,Iowa,,Truck,67.7,65.0,70.0,Cents Per Lb
2023-01-16,Distillers Corn Oil,Kansas,,Truck,70.0,70.0,70.0,Cents Per Lb
2023-01-16,Distillers Corn Oil,Michigan,,Truck,68.0,65.0,70.0,Cents Per Lb
2023-01-16,Distillers Corn Oil,Minnesota,,Truck,68.33,67.0,70.0,Cents Per Lb
2023-01-16,Distillers Corn Oil,Missouri,,Truck,69.33,68.0,70.0,Cents Per Lb
2023-01-16,Distillers Corn Oil,Nebraska,,Truck,67.8,66.0,70.0,Cents Per Lb
2023-01-16,Distillers Corn Oil,Ohio,,Truck,69.0,68.0,70.0,Cents Per Lb
2023-01-16,Distillers Corn Oil,South Dakota,,Truck,68.6,67.0,70.0,Cents Per Lb
2023-01-16,Distillers Corn Oil,Wisconsin,,Truck,68.5,68.0,69.0,Cents Per Lb
2023-01-16,Distillers Grain,Illinois,Wet 65-70%,Truck,99.0,99.0,99.0,$ Per Ton
2023-01-16,Distillers Grain,Illinois,Dried 10%,Truck,253.75,240.0,275.0,$ Per Ton
2023-01-16,Distillers Grain,Indiana,Dried 10%,Truck,239.25,230.0,247.0,$ Per Ton
2023-01-16,Distillers Grain,Iowa,Wet 65-70%,Truck,89.0,85.0,92.0,$ Per Ton
2023-01-16,Distillers Grain,Iowa,Modified Wet 55-60%,Truck,140.0,130.0,150.0,$ Per Ton
2023-01-16,Distillers Grain,Iowa,Dried 10%,Truck,267.5,265.0,270.0,$ Per Ton
2023-01-16,Distillers Grain,Kansas,Dried 10%,Truck,291.25,270.0,325.0,$ Per Ton
2023-01-16,Distillers Grain,Kansas,Wet 65-70%,Truck,113.8,110.0,119.0,$ Per Ton
2023-01-16,Distillers Grain,Michigan,Dried 10%,Truck,228.0,222.0,235.0,$ Per Ton
2023-01-16,Distillers Grain,Minnesota,Modified Wet 55-60%,Truck,135.0,130.0,140.0,$ Per Ton
2023-01-16,Distillers Grain,Minnesota,Dried 10%,Truck,276.0,265.0,300.0,$ Per Ton
2023-01-16,Distillers Grain,Minnesota,Wet 65-70%,Truck,80.0,80.0,80.0,$ Per Ton
2023-01-16,Distillers Grain,Missouri,Dried 10%,Truck,300.0,295.0,305.0,$ Per Ton
2023-01-16,Distillers Grain,Missouri,Modified Wet 55-60%,Truck,165.0,165.0,165.0,$ Per Ton
2023-01-16,Distillers Grain,Missouri,Wet 65-70%,Truck,107.5,90.0,125.0,$ Per Ton
2023-01-16,Distillers Grain,N/A,Dried 10%,Rail,330.0,330.0,330.0,$ Per Ton
2023-01-16,Distillers Grain,N/A,Dried 10%,Ocean Vessel,353.5,345.0,362.0,$ Per Ton
2023-01-16,Distillers Grain,N/A,Dried 10%,Rail/Barge,260.0,260.0,260.0,$ Per Ton
2023-01-16,Distillers Grain,Nebraska,Wet 65-70%,Truck,109.67,88.0,125.0,$ Per Ton
2023-01-16,Distillers Grain,Nebraska,Modified Wet 55-60%,Truck,146.2,135.0,161.0,$ Per Ton
2023-01-16,Distillers Grain,Nebraska,Dried 10%,Truck,302.86,275.0,315.0,$ Per Ton
2023-01-16,Distillers Grain,Ohio,Dried 10%,Truck,236.0,225.0,243.0,$ Per Ton
2023-01-16,Distillers Grain,South Dakota,Wet 65-70%,Truck,90.0,90.0,90.0,$ Per Ton
2023-01-16,Distillers Grain,South Dakota,Modified Wet 55-60%,Truck,195.0,195.0,195.0,$ Per Ton
2023-01-16,Distillers Grain,South Dakota,Dried 10%,Truck,317.5,310.0,325.0,$ Per Ton
2023-01-16,Distillers Grain,Wisconsin,Wet 65-70%,Truck,96.0,75.0,117.0,$ Per Ton
2023-01-16,Distillers Grain,Wisconsin,Modified Wet 55-60%,Truck,122.0,122.0,122.0,$ Per Ton
2023-01-16,Distillers Grain,Wisconsin,Dried 10%,Truck,241.25,230.0,250.0,$ Per Ton
2023-01-16,Ethanol,Illinois,,Truck,2.1967,2.19,2.2,$ Per Gallon
2023-01-16,Ethanol,Indiana,,Truck,2.22,2.22,2.22,$ Per Gallon
2023-01-16,Ethanol,Iowa,,Truck,2.1061,2.03,2.2,$ Per Gallon
2023-01-16,Ethanol,Iowa,,Rail,2.175,2.175,2.175,$ Per Gallon
2023-01-16,Ethanol,Kansas,,Truck,2.1133,2.03,2.22,$ Per Gallon
2023-01-16,Ethanol,Minnesota,,Truck,2.0525,2.02,2.085,$ Per Gallon
2023-01-16,Ethanol,Nebraska,,Truck,2.1286,2.03,2.24,$ Per Gallon
2023-01-16,Ethanol,South Dakota,,Rail,2.075,2.075,2.075,$ Per Gallon
2023-01-16,Ethanol,Wisconsin,,Truck,2.295,2.295,2.295,$ Per Gallon
2023-01-23,Biodiesel,Minnesota,B100,Truck,5.55,5.55,5.55,$ Per Gallon
2023-01-23,Distillers Corn Oil,Illinois,,Truck,68.0,67.0,69.0,Cents Per Lb
2023-01-23,Distillers Corn Oil,Indiana,,Truck,69.0,68.0,70.0,Cents Per Lb
2023-01-23,Distillers Corn Oil,Iowa,,Truck,67.88,65.0,69.0,Cents Per Lb
2023-01-23,Distillers Corn Oil,Kansas,,Truck,70.0,70.0,70.0,Cents Per Lb
2023-01-23,Distillers Corn Oil,Michigan,,Truck,68.0,65.0,70.0,Cents Per Lb
2023-01-23,Distillers Corn Oil,Minnesota,,Truck,68.33,67.0,70.0,Cents Per Lb
2023-01-23,Distillers Corn Oil,Missouri,,Truck,69.33,68.0,70.0,Cents Per Lb
2023-01-23,Distillers Corn Oil,Nebraska,,Truck,68.2,67.0,70.0,Cents Per Lb
2023-01-23,Distillers Corn Oil,Ohio,,Truck,69.0,68.0,70.0,Cents Per Lb
2023-01-23,Distillers Corn Oil,South Dakota,,Truck,66.5,66.0,68.0,Cents Per Lb
2023-01-23,Distillers Corn Oil,Wisconsin,,Truck,68.0,67.0,69.0,Cents Per Lb
2023-01-23,Distillers Grain,Illinois,Wet 65-70%,Truck,99.0,99.0,99.0,$ Per Ton
2023-01-23,Distillers Grain,Illinois,Dried 10%,Truck,250.0,240.0,265.0,$ Per Ton
2023-01-23,Distillers Grain,Indiana,Dried 10%,Truck,242.0,230.0,260.0,$ Per Ton
2023-01-23,Distillers Grain,Iowa,Wet 65-70%,Truck,83.33,75.0,90.0,$ Per Ton
2023-01-23,Distillers Grain,Iowa,Modified Wet 55-60%,Truck,141.5,130.0,150.0,$ Per Ton
2023-01-23,Distillers Grain,Iowa,Dried 10%,Truck,267.5,265.0,270.0,$ Per Ton
2023-01-23,Distillers Grain,Kansas,Wet 65-70%,Truck,114.4,110.0,122.0,$ Per Ton
2023-01-23,Distillers Grain,Kansas,Dried 10%,Truck,297.5,275.0,330.0,$ Per Ton
2023-01-23,Distillers Grain,Michigan,Dried 10%,Truck,232.5,225.0,250.0,$ Per Ton
2023-01-23,Distillers Grain,Minnesota,Wet 65-70%,Truck,80.0,80.0,80.0,$ Per Ton
2023-01-23,Distillers Grain,Minnesota,Modified Wet 55-60%,Truck,135.0,130.0,140.0,$ Per Ton
2023-01-23,Distillers Grain,Minnesota,Dried 10%,Truck,271.0,260.0,290.0,$ Per Ton
2023-01-23,Distillers Grain,Missouri,Dried 10%,Truck,300.0,295.0,305.0,$ Per Ton
2023-01-23,Distillers Grain,Missouri,Modified Wet 55-60%,Truck,165.0,165.0,165.0,$ Per Ton
2023-01-23,Distillers Grain,Missouri,Wet 65-70%,Truck,107.5,90.0,125.0,$ Per Ton
2023-01-23,Distillers Grain,N/A,Dried 10%,Rail/Barge,259.0,258.0,260.0,$ Per Ton
2023-01-23,Distillers Grain,N/A,Dried 10%,Rail,325.0,325.0,325.0,$ Per Ton
2023-01-23,Distillers Grain,N/A,Dried 10%,Ocean Vessel,360.0,360.0,360.0,$ Per Ton
2023-01-23,Distillers Grain,Nebraska,Dried 10%,Truck,302.14,275.0,315.0,$ Per Ton
2023-01-23,Distillers Grain,Nebraska,Modified Wet 55-60%,Truck,146.4,135.0,162.0,$ Per Ton
2023-01-23,Distillers Grain,Nebraska,Wet 65-70%,Truck,109.67,88.0,125.0,$ Per Ton
2023-01-23,Distillers Grain,Ohio,Dried 10%,Truck,240.0,220.0,260.0,$ Per Ton
2023-01-23,Distillers Grain,South Dakota,Dried 10%,Truck,311.5,308.0,315.0,$ Per Ton
2023-01-23,Distillers Grain,South Dakota,Modified Wet 55-60%,Truck,185.0,185.0,185.0,$ Per Ton
2023-01-23,Distillers Grain,South Dakota,Wet 65-70%,Truck,90.0,90.0,90.0,$ Per Ton
2023-01-23,Distillers Grain,Wisconsin,Modified Wet 55-60%,Truck,122.0,122.0,122.0,$ Per Ton
2023-01-23,Distillers Grain,Wisconsin,Wet 65-70%,Truck,96.0,75.0,117.0,$ Per Ton
2023-01-23,Distillers Grain,Wisconsin,Dried 10%,Truck,240.0,230.0,250.0,$ Per Ton
2023-01-23,Ethanol,Illinois,,Truck,2.1667,2.15,2.19,$ Per Gallon
2023-01-23,Ethanol,Indiana,,Truck,2.16,2.16,2.16,$ Per Gallon
2023-01-23,Ethanol,Iowa,,Truck,2.0675,1.97,2.2,$ Per Gallon
2023-01-23,Ethanol,Kansas,,Truck,2.06,1.97,2.18,$ Per Gallon
2023-01-23,Ethanol,Minnesota,,Truck,2.04,2.02,2.06,$ Per Gallon
2023-01-23,Ethanol,Nebraska,,Truck,2.0507,1.97,2.17,$ Per Gallon
2023-01-23,Ethanol,South Dakota,,Rail,2.05,2.05,2.05,$ Per Gallon
2023-01-23,Ethanol,Wisconsin,,Truck,2.295,2.295,2.295,$ Per Gallon
2023-01-30,Biodiesel,Minnesota,B100,Truck,5.7,5.7,5.7,$ Per Gallon
2023-01-30,Distillers Corn Oil,Illinois,,Truck,67.0,65.0,69.0,Cents Per Lb
2023-01-30,Distillers Corn Oil,Indiana,,Truck,69.0,68.0,70.0,Cents Per Lb
2023-01-30,Distillers Corn Oil,Iowa,,Truck,66.6,62.0,68.0,Cents Per Lb
2023-01-30,Distillers Corn Oil,Kansas,,Truck,70.0,70.0,70.0,Cents Per Lb
2023-01-30,Distillers Corn Oil,Michigan,,Truck,63.5,62.0,65.0,Cents Per Lb
2023-01-30,Distillers Corn Oil,Minnesota,,Truck,62.0,62.0,62.0,Cents Per Lb
2023-01-30,Distillers Corn Oil,Missouri,,Truck,68.33,67.0,70.0,Cents Per Lb
2023-01-30,Distillers Corn Oil,Nebraska,,Truck,68.2,67.0,70.0,Cents Per Lb
2023-01-30,Distillers Corn Oil,Ohio,,Truck,69.0,68.0,70.0,Cents Per Lb
2023-01-30,Distillers Corn Oil,South Dakota,,Truck,66.5,62.0,68.0,Cents Per Lb
2023-01-30,Distillers Corn Oil,Wisconsin,,Truck,65.0,61.0,69.0,Cents Per Lb
2023-01-30,Distillers Grain,Illinois,Dried 10%,Truck,255.0,245.0,270.0,$ Per Ton
2023-01-30,Distillers Grain,Illinois,Wet 65-70%,Truck,99.0,99.0,99.0,$ Per Ton
2023-01-30,Distillers Grain,Indiana,Dried 10%,Truck,251.0,240.0,275.0,$ Per Ton
2023-01-30,Distillers Grain,Iowa,Modified Wet 55-60%,Truck,140.33,130.0,147.0,$ Per Ton
2023-01-30,Distillers Grain,Iowa,Dried 10%,Truck,283.5,265.0,320.0,$ Per Ton
2023-01-30,Distillers Grain,Iowa,Wet 65-70%,Truck,87.5,85.0,90.0,$ Per Ton
2023-01-30,Distillers Grain,Kansas,Dried 10%,Truck,292.5,265.0,330.0,$ Per Ton
2023-01-30,Distillers Grain,Kansas,Wet 65-70%,Truck,114.4,110.0,122.0,$ Per Ton
2023-01-30,Distillers Grain,Michigan,Dried 10%,Truck,241.6,230.0,265.0,$ Per Ton
2023-01-30,Distillers Grain,Minnesota,Dried 10%,Truck,272.0,260.0,290.0,$ Per Ton
2023-01-30,Distillers Grain,Minnesota,Wet 65-70%,Truck,80.0,80.0,80.0,$ Per Ton
2023-01-30,Distillers Grain,Minnesota,Modified Wet 55-60%,Truck,135.0,130.0,140.0,$ Per Ton
2023-01-30,Distillers Grain,Missouri,Dried 10%,Truck,300.0,290.0,310.0,$ Per Ton
2023-01-30,Distillers Grain,Missouri,Modified Wet 55-60%,Truck,170.0,170.0,170.0,$ Per Ton
2023-01-30,Distillers Grain,Missouri,Wet 65-70%,Truck,107.5,90.0,125.0,$ Per Ton
2023-01-30,Distillers Grain,N/A,Dried 10%,Rail,310.0,310.0,310.0,$ Per Ton
2023-01-30,Distillers Grain,N/A,Dried 10%,Ocean Vessel,347.5,345.0,350.0,$ Per Ton
2023-01-30,Distillers Grain,N/A,Dried 10%,Rail/Barge,264.0,260.0,268.0,$ Per Ton
2023-01-30,Distillers Grain,Nebraska,Wet 65-70%,Truck,110.83,90.0,125.0,$ Per Ton
2023-01-30,Distillers Grain,Nebraska,Modified Wet 55-60%,Truck,144.0,135.0,156.0,$ Per Ton
2023-01-30,Distillers Grain,Nebraska,Dried 10%,Truck,297.0,275.0,305.0,$ Per Ton
2023-01-30,Distillers Grain,Ohio,Dried 10%,Truck,247.5,220.0,275.0,$ Per Ton
2023-01-30,Distillers Grain,South Dakota,Wet 65-70%,Truck,90.0,90.0,90.0,$ Per Ton
2023-01-30,Distillers Grain,South Dakota,Modified Wet 55-60%,Truck,155.0,155.0,155.0,$ Per Ton
2023-01-30,Distillers Grain,South Dakota,Dried 10%,Truck,292.5,285.0,300.0,$ Per Ton
2023-01-30,Distillers Grain,Wisconsin,Wet 65-70%,Truck,96.0,75.0,117.0,$ Per Ton
2023-01-30,Distillers Grain,Wisconsin,Dried 10%,Truck,241.25,230.0,250.0,$ Per Ton
2023-01-30,Distillers Grain,Wisconsin,Modified Wet 55-60%,Truck,122.0,122.0,122.0,$ Per Ton
2023-01-30,Ethanol,Illinois,,Truck,2.1617,2.15,2.175,$ Per Gallon
2023-01-30,Ethanol,Indiana,,Truck,2.16,2.16,2.16,$ Per Gallon
2023-01-30,Ethanol,Iowa,,Truck,2.0636,1.94,2.2,$ Per Gallon
2023-01-30,Ethanol,Iowa,,Rail,1.93,1.93,1.93,$ Per Gallon
2023-01-30,Ethanol,Kansas,,Truck,2.03,1.94,2.15,$ Per Gallon
2023-01-30,Ethanol,Minnesota,,Truck,2.0413,2.02,2.0625,$ Per Gallon
2023-01-30,Ethanol,Nebraska,,Truck,2.0293,1.94,2.17,$ Per Gallon
2023-01-30,Ethanol,Nebraska,,Rail,1.955,1.955,1.955,$ Per Gallon
2023-01-30,Ethanol,South Dakota,,Rail,2.0525,2.0525,2.0525,$ Per Gallon
2023-01-30,Ethanol,Wisconsin,,Truck,2.295,2.295,2.295,$ Per Gallon
2023-02-06,Biodiesel,Minnesota,B100,Truck,5.64,5.64,5.64,$ Per Gallon
2023-02-06,Distillers Corn Oil,Illinois,,Truck,60.67,59.0,63.0,Cents Per Lb
2023-02-06,Distillers Corn Oil,Iowa,,Truck,64.0,58.0,68.0,Cents Per Lb
2023-02-06,Distillers Corn Oil,Kansas,,Truck,70.0,70.0,70.0,Cents Per Lb
2023-02-06,Distillers Corn Oil,Michigan,,Truck,62.0,62.0,62.0,Cents Per Lb
2023-02-06,Distillers Corn Oil,Minnesota,,Truck,59.0,59.0,59.0,Cents Per Lb
2023-02-06,Distillers Corn Oil,Missouri,,Truck,62.0,62.0,62.0,Cents Per Lb
2023-02-06,Distillers Corn Oil,Nebraska,,Truck,66.75,63.0,68.0,Cents Per Lb
2023-02-06,Distillers Corn Oil,South Dakota,,Truck,59.67,59.0,60.0,Cents Per Lb
2023-02-06,Distillers Corn Oil,Wisconsin,,Truck,64.33,60.0,67.0,Cents Per Lb
2023-02-06,Distillers Grain,Illinois,Dried 10%,Truck,251.25,245.0,255.0,$ Per Ton
2023-02-06,Distillers Grain,Illinois,Wet 65-70%,Truck,104.0,104.0,104.0,$ Per Ton
2023-02-06,Distillers Grain,Indiana,Dried 10%,Truck,245.0,240.0,255.0,$ Per Ton
2023-02-06,Distillers Grain,Iowa,Dried 10%,Truck,276.0,260.0,295.0,$ Per Ton
2023-02-06,Distillers Grain,Iowa,Wet 65-70%,Truck,85.0,85.0,85.0,$ Per Ton
2023-02-06,Distillers Grain,Iowa,Modified Wet 55-60%,Truck,139.17,130.0,145.0,$ Per Ton
2023-02-06,Distillers Grain,Kansas,Wet 65-70%,Truck,114.8,110.0,124.0,$ Per Ton
2023-02-06,Distillers Grain,Kansas,Dried 10%,Truck,291.25,260.0,335.0,$ Per Ton
2023-02-06,Distillers Grain,Michigan,Dried 10%,Truck,240.0,235.0,245.0,$ Per Ton
2023-02-06,Distillers Grain,Minnesota,Wet 65-70%,Truck,80.0,80.0,80.0,$ Per Ton
2023-02-06,Distillers Grain,Minnesota,Modified Wet 55-60%,Truck,135.0,130.0,140.0,$ Per Ton
2023-02-06,Distillers Grain,Minnesota,Dried 10%,Truck,270.0,265.0,275.0,$ Per Ton
2023-02-06,Distillers Grain,Missouri,Wet 65-70%,Truck,125.0,125.0,125.0,$ Per Ton
2023-02-06,Distillers Grain,Missouri,Modified Wet 55-60%,Truck,170.0,170.0,170.0,$ Per Ton
2023-02-06,Distillers Grain,Missouri,Dried 10%,Truck,300.0,290.0,310.0,$ Per Ton
2023-02-06,Distillers Grain,N/A,Dried 10%,Rail,315.0,315.0,315.0,$ Per Ton
2023-02-06,Distillers Grain,N/A,Dried 10%,Ocean Vessel,342.0,339.0,345.0,$ Per Ton
2023-02-06,Distillers Grain,N/A,Dried 10%,Rail/Barge,264.0,260.0,268.0,$ Per Ton
2023-02-06,Distillers Grain,Nebraska,Wet 65-70%,Truck,111.17,90.0,125.0,$ Per Ton
2023-02-06,Distillers Grain,Nebraska,Modified Wet 55-60%,Truck,144.0,135.0,156.0,$ Per Ton
2023-02-06,Distillers Grain,Nebraska,Dried 10%,Truck,295.57,275.0,305.0,$ Per Ton
2023-02-06,Distillers Grain,Ohio,Dried 10%,Truck,239.33,225.0,248.0,$ Per Ton
2023-02-06,Distillers Grain,South Dakota,Wet 65-70%,Truck,90.0,90.0,90.0,$ Per Ton
2023-02-06,Distillers Grain,South Dakota,Modified Wet 55-60%,Truck,155.0,155.0,155.0,$ Per Ton
2023-02-06,Distillers Grain,South Dakota,Dried 10%,Truck,290.0,285.0,295.0,$ Per Ton
2023-02-06,Distillers Grain,Wisconsin,Modified Wet 55-60%,Truck,122.0,122.0,122.0,$ Per Ton
2023-02-06,Distillers Grain,Wisconsin,Dried 10%,Truck,241.25,230.0,250.0,$ Per Ton
2023-02-06,Distillers Grain,Wisconsin,Wet 65-70%,Truck,96.0,75.0,117.0,$ Per Ton
2023-02-06,Ethanol,Illinois,,Truck,2.0888,1.98,2.175,$ Per Gallon
2023-02-06,Ethanol,Indiana,,Truck,2.18,2.18,2.18,$ Per Gallon
2023-02-06,Ethanol,Iowa,,Truck,2.0548,1.95,2.2,$ Per Gallon
2023-02-06,Ethanol,Iowa,,Rail,1.9775,1.93,2.025,$ Per Gallon
2023-02-06,Ethanol,Kansas,,Truck,2.0733,1.98,2.2,$ Per Gallon
2023-02-06,Ethanol,Minnesota,,Truck,2.0513,2.02,2.0825,$ Per Gallon
2023-02-06,Ethanol,Nebraska,,Truck,2.0329,1.97,2.095,$ Per Gallon
2023-02-06,Ethanol,Nebraska,,Rail,1.99,1.955,2.025,$ Per Gallon
2023-02-06,Ethanol,South Dakota,,Rail,2.0725,2.0725,2.0725,$ Per Gallon
2023-02-06,Ethanol,Wisconsin,,Truck,2.295,2.295,2.295,$ Per Gallon
2023-02-13,Biodiesel,Illinois,B100,Truck,5.79,5.79,5.79,$ Per Gallon
2023-02-13,Biodiesel,Minnesota,B100,Truck,5.64,5.64,5.64,$ Per Gallon
2023-02-13,Distillers Corn Oil,Illinois,,Truck,58.0,57.0,59.0,Cents Per Lb
2023-02-13,Distillers Corn Oil,Indiana,,Truck,60.0,60.0,60.0,Cents Per Lb
2023-02-13,Distillers Corn Oil,Iowa,,Truck,61.5,55.0,68.0,Cents Per Lb
2023-02-13,Distillers Corn Oil,Kansas,,Truck,66.33,59.0,70.0,Cents Per Lb
2023-02-13,Distillers Corn Oil,Michigan,,Truck,58.67,56.0,60.0,Cents Per Lb
2023-02-13,Distillers Corn Oil,Minnesota,,Truck,57.0,55.0,59.0,Cents Per Lb
2023-02-13,Distillers Corn Oil,Missouri,,Truck,62.0,62.0,62.0,Cents Per Lb
2023-02-13,Distillers Corn Oil,Nebraska,,Truck,61.0,56.0,67.0,Cents Per Lb
2023-02-13,Distillers Corn Oil,Ohio,,Truck,56.0,56.0,56.0,Cents Per Lb
2023-02-13,Distillers Corn Oil,South Dakota,,Truck,56.8,53.0,59.0,Cents Per Lb
2023-02-13,Distillers Corn Oil,Wisconsin,,Truck,59.5,59.0,60.0,Cents Per Lb
2023-02-13,Distillers Grain,Illinois,Dried 10%,Truck,265.0,250.0,295.0,$ Per Ton
2023-02-13,Distillers Grain,Illinois,Wet 65-70%,Truck,108.0,108.0,108.0,$ Per Ton
2023-02-13,Distillers Grain,Indiana,Dried 10%,Truck,246.75,240.0,255.0,$ Per Ton
2023-02-13,Distillers Grain,Iowa,Modified Wet 55-60%,Truck,133.5,125.0,142.0,$ Per Ton
2023-02-13,Distillers Grain,Iowa,Dried 10%,Truck,265.83,245.0,285.0,$ Per Ton
2023-02-13,Distillers Grain,Iowa,Wet 65-70%,Truck,88.25,85.0,95.0,$ Per Ton
2023-02-13,Distillers Grain,Kansas,Dried 10%,Truck,270.0,260.0,290.0,$ Per Ton
2023-02-13,Distillers Grain,Kansas,Wet 65-70%,Truck,111.67,110.0,115.0,$ Per Ton
2023-02-13,Distillers Grain,Michigan,Dried 10%,Truck,239.5,235.0,245.0,$ Per Ton
2023-02-13,Distillers Grain,Minnesota,Dried 10%,Truck,272.0,265.0,280.0,$ Per Ton
2023-02-13,Distillers Grain,Minnesota,Wet 65-70%,Truck,85.0,85.0,85.0,$ Per Ton
2023-02-13,Distillers Grain,Minnesota,Modified Wet 55-60%,Truck,140.0,135.0,145.0,$ Per Ton
2023-02-13,Distillers Grain,Missouri,Dried 10%,Truck,296.33,290.0,300.0,$ Per Ton
2023-02-13,Distillers Grain,Missouri,Modified Wet 55-60%,Truck,165.0,165.0,165.0,$ Per Ton
2023-02-13,Distillers Grain,Missouri,Wet 65-70%,Truck,91.5,88.0,95.0,$ Per Ton
2023-02-13,Distillers Grain,N/A,Dried 10%,Rail/Barge,270.0,270.0,270.0,$ Per Ton
2023-02-13,Distillers Grain,N/A,Dried 10%,Rail,315.0,315.0,315.0,$ Per Ton
2023-02-13,Distillers Grain,N/A,Dried 10%,Ocean Vessel,340.0,340.0,340.0,$ Per Ton
2023-02-13,Distillers Grain,Nebraska,Wet 65-70%,Truck,104.75,91.0,125.0,$ Per Ton
2023-02-13,Distillers Grain,Nebraska,Modified Wet 55-60%,Truck,135.75,120.0,150.0,$ Per Ton
2023-02-13,Distillers Grain,Nebraska,Dried 10%,Truck,290.4,270.0,300.0,$ Per Ton
2023-02-13,Distillers Grain,Ohio,Dried 10%,Truck,245.0,240.0,248.0,$ Per Ton
2023-02-13,Distillers Grain,South Dakota,Wet 65-70%,Truck,95.0,95.0,95.0,$ Per Ton
2023-02-13,Distillers Grain,South Dakota,Modified Wet 55-60%,Truck,140.0,130.0,155.0,$ Per Ton
2023-02-13,Distillers Grain,South Dakota,Dried 10%,Truck,276.25,265.0,290.0,$ Per Ton
2023-02-13,Distillers Grain,Wisconsin,Modified Wet 55-60%,Truck,122.0,122.0,122.0,$ Per Ton
2023-02-13,Distillers Grain,Wisconsin,Dried 10%,Truck,246.25,230.0,255.0,$ Per Ton
2023-02-13,Distillers Grain,Wisconsin,Wet 65-70%,Truck,75.0,75.0,75.0,$ Per Ton
2023-02-13,Ethanol,Illinois,,Truck,2.1683,2.16,2.175,$ Per Gallon
2023-02-13,Ethanol,Indiana,,Truck,2.18,2.18,2.18,$ Per Gallon
2023-02-13,Ethanol,Iowa,,Truck,2.0539,1.98,2.09,$ Per Gallon
2023-02-13,Ethanol,Iowa,,Rail,1.9983,1.97,2.025,$ Per Gallon
2023-02-13,Ethanol,Kansas,,Truck,2.0667,1.98,2.18,$ Per Gallon
2023-02-13,Ethanol,Minnesota,,Truck,2.0418,2.02,2.0635,$ Per Gallon
2023-02-13,Ethanol,Nebraska,,Rail,2.02,2.015,2.025,$ Per Gallon
2023-02-13,Ethanol,Nebraska,,Truck,2.055,1.98,2.09,$ Per Gallon
2023-02-13,Ethanol,South Dakota,,Rail,2.0535,2.0535,2.0535,$ Per Gallon
2023-02-13,Ethanol,Wisconsin,,Truck,2.295,2.295,2.295,$ Per Gallon
2023-02-20,Biodiesel,Minnesota,B100,Truck,4.78,4.78,4.78,$ Per Gallon
2023-02-20,Distillers Corn Oil,Illinois,,Truck,57.25,55.0,59.0,Cents Per Lb
2023-02-20,Distillers Corn Oil,Indiana,,Truck,60.0,60.0,60.0,Cents Per Lb
2023-02-20,Distillers Corn Oil,Iowa,,Truck,60.4,57.0,68.0,Cents Per Lb
2023-02-20,Distillers Corn Oil,Kansas,,Truck,59.67,59.0,60.0,Cents Per Lb
2023-02-20,Distillers Corn Oil,Michigan,,Truck,57.5,55.0,60.0,Cents Per Lb
2023-02-20,Distillers Corn Oil,Minnesota,,Truck,57.0,55.0,59.0,Cents Per Lb
2023-02-20,Distillers Corn Oil,Missouri,,Truck,57.0,57.0,57.0,Cents Per Lb
2023-02-20,Distillers Corn Oil,Nebraska,,Truck,58.0,56.0,60.0,Cents Per Lb
2023-02-20,Distillers Corn Oil,Ohio,,Truck,56.0,56.0,56.0,Cents Per Lb
2023-02-20,Distillers Corn Oil,South Dakota,,Truck,56.75,55.0,58.0,Cents Per Lb
2023-02-20,Distillers Corn Oil,Wisconsin,,Truck,56.5,56.0,57.0,Cents Per Lb
2023-02-20,Distillers Grain,Illinois,Dried 10%,Truck,261.0,255.0,270.0,$ Per Ton
2023-02-20,Distillers Grain,Illinois,Wet 65-70%,Truck,110.0,110.0,110.0,$ Per Ton
2023-02-20,Distillers Grain,Indiana,Dried 10%,Truck,253.0,245.0,270.0,$ Per Ton
2023-02-20,Distillers Grain,Iowa,Modified Wet 55-60%,Truck,138.33,130.0,145.0,$ Per Ton
2023-02-20,Distillers Grain,Iowa,Dried 10%,Truck,267.5,255.0,285.0,$ Per Ton
2023-02-20,Distillers Grain,Iowa,Wet 65-70%,Truck,89.5,85.0,95.0,$ Per Ton
2023-02-20,Distillers Grain,Kansas,Dried 10%,Truck,266.67,260.0,280.0,$ Per Ton
2023-02-20,Distillers Grain,Kansas,Wet 65-70%,Truck,111.67,110.0,115.0,$ Per Ton
2023-02-20,Distillers Grain,Michigan,Dried 10%,Truck,244.6,235.0,265.0,$ Per Ton
2023-02-20,Distillers Grain,Minnesota,Dried 10%,Truck,264.0,250.0,275.0,$ Per Ton
2023-02-20,Distillers Grain,Minnesota,Wet 65-70%,Truck,85.0,85.0,85.0,$ Per Ton
2023-02-20,Distillers Grain,Minnesota,Modified Wet 55-60%,Truck,139.0,133.0,145.0,$ Per Ton
2023-02-20,Distillers Grain,Missouri,Dried 10%,Truck,300.0,290.0,310.0,$ Per Ton
2023-02-20,Distillers Grain,Missouri,Modified Wet 55-60%,Truck,165.0,165.0,165.0,$ Per Ton
2023-02-20,Distillers Grain,Missouri,Wet 65-70%,Truck,90.5,86.0,95.0,$ Per Ton
2023-02-20,Distillers Grain,N/A,Dried 10%,Rail/Barge,271.0,271.0,271.0,$ Per Ton
2023-02-20,Distillers Grain,N/A,Dried 10%,Rail,310.0,310.0,310.0,$ Per Ton
2023-02-20,Distillers Grain,N/A,Dried 10%,Ocean Vessel,337.0,337.0,337.0,$ Per Ton
2023-02-20,Distillers Grain,Nebraska,Wet 65-70%,Truck,109.33,95.0,125.0,$ Per Ton
2023-02-20,Distillers Grain,Nebraska,Modified Wet 55-60%,Truck,135.0,120.0,150.0,$ Per Ton
2023-02-20,Distillers Grain,Nebraska,Dried 10%,Truck,288.4,280.0,300.0,$ Per Ton
2023-02-20,Distillers Grain,Ohio,Dried 10%,Truck,256.0,245.0,275.0,$ Per Ton
2023-02-20,Distillers Grain,South Dakota,Wet 65-70%,Truck,95.0,95.0,95.0,$ Per Ton
2023-02-20,Distillers Grain,South Dakota,Modified Wet 55-60%,Truck,141.25,134.0,155.0,$ Per Ton
2023-02-20,Distillers Grain,South Dakota,Dried 10%,Truck,275.33,265.0,290.0,$ Per Ton
2023-02-20,Distillers Grain,Wisconsin,Modified Wet 55-60%,Truck,122.0,122.0,122.0,$ Per Ton
2023-02-20,Distillers Grain,Wisconsin,Dried 10%,Truck,253.33,250.0,260.0,$ Per Ton
2023-02-20,Distillers Grain,Wisconsin,Wet 65-70%,Truck,96.0,75.0,117.0,$ Per Ton
2023-02-20,Ethanol,Illinois,,Truck,2.185,2.175,2.2,$ Per Gallon
2023-02-20,Ethanol,Indiana,,Truck,2.21,2.21,2.21,$ Per Gallon
2023-02-20,Ethanol,Iowa,,Truck,2.0886,2.04,2.15,$ Per Gallon
2023-02-20,Ethanol,Iowa,,Rail,2.0367,2.02,2.065,$ Per Gallon
2023-02-20,Ethanol,Kansas,,Truck,2.13,2.04,2.22,$ Per Gallon
2023-02-20,Ethanol,Minnesota,,Truck,2.0725,2.06,2.085,$ Per Gallon
2023-02-20,Ethanol,Nebraska,,Rail,2.025,2.025,2.025,$ Per Gallon
2023-02-20,Ethanol,Nebraska,,Truck,2.0683,2.04,2.105,$ Per Gallon
2023-02-20,Ethanol,South Dakota,,Rail,2.075,2.075,2.075,$ Per Gallon
2023-02-20,Ethanol,Wisconsin,,Truck,2.295,2.295,2.295,$ Per Gallon
2023-02-27,Biodiesel,Minnesota,B100,Truck,4.7,4.7,4.7,$ Per Gallon
2023-02-27,Distillers Corn Oil,Illinois,,Truck,57.0,55.0,58.0,Cents Per Lb
2023-02-27,Distillers Corn Oil,Indiana,,Truck,60.0,60.0,60.0,Cents Per Lb
2023-02-27,Distillers Corn Oil,Iowa,,Truck,57.0,53.0,60.0,Cents Per Lb
2023-02-27,Distillers Corn Oil,Kansas,,Truck,59.67,59.0,60.0,Cents Per Lb
2023-02-27,Distillers Corn Oil,Michigan,,Truck,55.0,52.0,58.0,Cents Per Lb
2023-02-27,Distillers Corn Oil,Minnesota,,Truck,55.0,55.0,55.0,Cents Per Lb
2023-02-27,Distillers Corn Oil,Missouri,,Truck,57.0,57.0,57.0,Cents Per Lb
2023-02-27,Distillers Corn Oil,Nebraska,,Truck,56.67,56.0,58.0,Cents Per Lb
2023-02-27,Distillers Corn Oil,Ohio,,Truck,56.0,56.0,56.0,Cents Per Lb
2023-02-27,Distillers Corn Oil,South Dakota,,Truck,56.0,55.0,57.0,Cents Per Lb
2023-02-27,Distillers Corn Oil,Wisconsin,,Truck,57.0,57.0,57.0,Cents Per Lb
2023-02-27,Distillers Grain,Illinois,Dried 10%,Truck,259.6,250.0,280.0,$ Per Ton
2023-02-27,Distillers Grain,Illinois,Wet 65-70%,Truck,115.0,115.0,115.0,$ Per Ton
2023-02-27,Distillers Grain,Indiana,Dried 10%,Truck,246.0,245.0,247.0,$ Per Ton
2023-02-27,Distillers Grain,Iowa,Modified Wet 55-60%,Truck,134.0,130.0,138.0,$ Per Ton
2023-02-27,Distillers Grain,Iowa,Wet 65-70%,Truck,96.0,80.0,130.0,$ Per Ton
2023-02-27,Distillers Grain,Iowa,Dried 10%,Truck,263.89,240.0,290.0,$ Per Ton
2023-02-27,Distillers Grain,Kansas,Dried 10%,Truck,272.5,260.0,290.0,$ Per Ton
2023-02-27,Distillers Grain,Kansas,Wet 65-70%,Truck,110.0,105.0,115.0,$ Per Ton
2023-02-27,Distillers Grain,Michigan,Dried 10%,Truck,238.75,235.0,242.0,$ Per Ton
2023-02-27,Distillers Grain,Minnesota,Dried 10%,Truck,262.5,250.0,275.0,$ Per Ton
2023-02-27,Distillers Grain,Minnesota,Modified Wet 55-60%,Truck,133.0,133.0,133.0,$ Per Ton
2023-02-27,Distillers Grain,Missouri,Wet 65-70%,Truck,105.0,95.0,115.0,$ Per Ton
2023-02-27,Distillers Grain,Missouri,Dried 10%,Truck,295.0,290.0,300.0,$ Per Ton
2023-02-27,Distillers Grain,Missouri,Modified Wet 55-60%,Truck,165.0,165.0,165.0,$ Per Ton
2023-02-27,Distillers Grain,N/A,Dried 10%,Rail,310.0,310.0,310.0,$ Per Ton
2023-02-27,Distillers Grain,N/A,Dried 10%,Rail/Barge,273.0,273.0,273.0,$ Per Ton
2023-02-27,Distillers Grain,N/A,Dried 10%,Ocean Vessel,240.0,240.0,240.0,$ Per Ton
2023-02-27,Distillers Grain,Nebraska,Modified Wet 55-60%,Truck,139.0,132.0,150.0,$ Per Ton
2023-02-27,Distillers Grain,Nebraska,Wet 65-70%,Truck,130.0,130.0,130.0,$ Per Ton
2023-02-27,Distillers Grain,Nebraska,Dried 10%,Truck,280.5,270.0,292.0,$ Per Ton
2023-02-27,Distillers Grain,Ohio,Dried 10%,Truck,242.5,240.0,245.0,$ Per Ton
2023-02-27,Distillers Grain,South Dakota,Modified Wet 55-60%,Truck,140.0,134.0,150.0,$ Per Ton
2023-02-27,Distillers Grain,South Dakota,Dried 10%,Truck,275.33,265.0,290.0,$ Per Ton
2023-02-27,Distillers Grain,Wisconsin,Modified Wet 55-60%,Truck,122.0,122.0,122.0,$ Per Ton
2023-02-27,Distillers Grain,Wisconsin,Dried 10%,Truck,246.67,230.0,260.0,$ Per Ton
2023-02-27,Distillers Grain,Wisconsin,Wet 65-70%,Truck,95.0,75.0,115.0,$ Per Ton
2023-02-27,Ethanol,Illinois,,Truck,2.1583,2.12,2.18,$ Per Gallon
2023-02-27,Ethanol,Indiana,,Truck,2.21,2.21,2.21,$ Per Gallon
2023-02-27,Ethanol,Iowa,,Truck,2.0736,2.03,2.15,$ Per Gallon
2023-02-27,Ethanol,Iowa,,Rail,2.0367,2.02,2.065,$ Per Gallon
2023-02-27,Ethanol,Kansas,,Truck,2.095,2.04,2.15,$ Per Gallon
2023-02-27,Ethanol,Minnesota,,Truck,2.045,2.03,2.06,$ Per Gallon
2023-02-27,Ethanol,Nebraska,,Truck,2.0683,2.04,2.105,$ Per Gallon
2023-02-27,Ethanol,Nebraska,,Rail,2.025,2.025,2.025,$ Per Gallon
2023-02-27,Ethanol,South Dakota,,Rail,2.02,2.02,2.02,$ Per Gallon
2023-02-27,Ethanol,Wisconsin,,Truck,2.295,2.295,2.295,$ Per Gallon
2023-03-06,Biodiesel,Minnesota,B100,Truck,4.7,4.7,4.7,$ Per Gallon
2023-03-06,Distillers Corn Oil,Illinois,,Truck,57.0,55.0,58.0,Cents Per Lb
2023-03-06,Distillers Corn Oil,Indiana,,Truck,57.0,56.0,58.0,Cents Per Lb
2023-03-06,Distillers Corn Oil,Iowa,,Truck,58.0,55.0,65.0,Cents Per Lb
2023-03-06,Distillers Corn Oil,Kansas,,Truck,65.0,65.0,65.0,Cents Per Lb
2023-03-06,Distillers Corn Oil,Michigan,,Truck,55.33,52.0,58.0,Cents Per Lb
2023-03-06,Distillers Corn Oil,Minnesota,,Truck,56.33,55.0,58.0,Cents Per Lb
2023-03-06,Distillers Corn Oil,Missouri,,Truck,56.67,56.0,57.0,Cents Per Lb
2023-03-06,Distillers Corn Oil,Nebraska,,Truck,56.67,56.0,58.0,Cents Per Lb
2023-03-06,Distillers Corn Oil,Ohio,,Truck,56.0,56.0,56.0,Cents Per Lb
2023-03-06,Distillers Corn Oil,South Dakota,,Truck,56.75,55.0,58.0,Cents Per Lb
2023-03-06,Distillers Corn Oil,Wisconsin,,Truck,57.5,57.0,58.0,Cents Per Lb
2023-03-06,Distillers Grain,Illinois,Dried 10%,Truck,264.0,255.0,290.0,$ Per Ton
2023-03-06,Distillers Grain,Illinois,Modified Wet 55-60%,Truck,165.0,165.0,165.0,$ Per Ton
2023-03-06,Distillers Grain,Indiana,Dried 10%,Truck,251.4,245.0,270.0,$ Per Ton
2023-03-06,Distillers Grain,Iowa,Dried 10%,Truck,250.0,240.0,270.0,$ Per Ton
2023-03-06,Distillers Grain,Iowa,Wet 65-70%,Truck,83.25,75.0,90.0,$ Per Ton
2023-03-06,Distillers Grain,Iowa,Modified Wet 55-60%,Truck,127.0,120.0,135.0,$ Per Ton
2023-03-06,Distillers Grain,Kansas,Wet 65-70%,Truck,111.67,110.0,115.0,$ Per Ton
2023-03-06,Distillers Grain,Kansas,Dried 10%,Truck,260.0,260.0,260.0,$ Per Ton
2023-03-06,Distillers Grain,Michigan,Dried 10%,Truck,246.0,235.0,265.0,$ Per Ton
2023-03-06,Distillers Grain,Minnesota,Dried 10%,Truck,258.0,245.0,275.0,$ Per Ton
2023-03-06,Distillers Grain,Minnesota,Modified Wet 55-60%,Truck,135.0,130.0,140.0,$ Per Ton
2023-03-06,Distillers Grain,Minnesota,Wet 65-70%,Truck,85.0,85.0,85.0,$ Per Ton
2023-03-06,Distillers Grain,Missouri,Dried 10%,Truck,296.67,290.0,300.0,$ Per Ton
2023-03-06,Distillers Grain,Missouri,Modified Wet 55-60%,Truck,165.0,165.0,165.0,$ Per Ton
2023-03-06,Distillers Grain,Missouri,Wet 65-70%,Truck,102.5,95.0,110.0,$ Per Ton
2023-03-06,Distillers Grain,N/A,Dried 10%,Rail,300.0,300.0,300.0,$ Per Ton
2023-03-06,Distillers Grain,N/A,Dried 10%,Ocean Vessel,325.0,325.0,325.0,$ Per Ton
2023-03-06,Distillers Grain,N/A,Dried 10%,Rail/Barge,280.0,280.0,280.0,$ Per Ton
2023-03-06,Distillers Grain,Nebraska,Wet 65-70%,Truck,108.75,105.0,120.0,$ Per Ton
2023-03-06,Distillers Grain,Nebraska,Modified Wet 55-60%,Truck,137.25,130.0,145.0,$ Per Ton
2023-03-06,Distillers Grain,Nebraska,Dried 10%,Truck,278.6,270.0,285.0,$ Per Ton
2023-03-06,Distillers Grain,Ohio,Dried 10%,Truck,250.75,240.0,270.0,$ Per Ton
2023-03-06,Distillers Grain,South Dakota,Wet 65-70%,Truck,95.0,95.0,95.0,$ Per Ton
2023-03-06,Distillers Grain,South Dakota,Modified Wet 55-60%,Truck,135.2,130.0,138.0,$ Per Ton
2023-03-06,Distillers Grain,South Dakota,Dried 10%,Truck,264.83,250.0,275.0,$ Per Ton
2023-03-06,Distillers Grain,Wisconsin,Modified Wet 55-60%,Truck,122.0,122.0,122.0,$ Per Ton
2023-03-06,Distillers Grain,Wisconsin,Dried 10%,Truck,251.67,245.0,260.0,$ Per Ton
2023-03-06,Distillers Grain,Wisconsin,Wet 65-70%,Truck,95.0,75.0,115.0,$ Per Ton
2023-03-06,Ethanol,Illinois,,Truck,2.18,2.18,2.18,$ Per Gallon
2023-03-06,Ethanol,Indiana,,Truck,2.21,2.21,2.21,$ Per Gallon
2023-03-06,Ethanol,Iowa,,Truck,2.0775,2.03,2.15,$ Per Gallon
2023-03-06,Ethanol,Iowa,,Rail,2.1,2.1,2.1,$ Per Gallon
2023-03-06,Ethanol,Kansas,,Truck,2.21,2.21,2.21,$ Per Gallon
2023-03-06,Ethanol,Minnesota,,Truck,2.045,2.03,2.06,$ Per Gallon
2023-03-06,Ethanol,Nebraska,,Truck,2.0863,2.08,2.095,$ Per Gallon
2023-03-06,Ethanol,Nebraska,,Rail,2.06,2.05,2.07,$ Per Gallon
2023-03-06,Ethanol,South Dakota,,Rail,2.02,2.02,2.02,$ Per Gallon
2023-03-13,Biodiesel,Illinois,B100,Truck,5.79,5.79,5.79,$ Per Gallon
2023-03-13,Distillers Corn Oil,Illinois,,Truck,56.0,52.0,58.0,Cents Per Lb
2023-03-13,Distillers Corn Oil,Indiana,,Truck,55.25,52.0,58.0,Cents Per Lb
2023-03-13,Distillers Corn Oil,Iowa,,Truck,56.89,53.0,65.0,Cents Per Lb
2023-03-13,Distillers Corn Oil,Kansas,,Truck,51.0,50.0,52.0,Cents Per Lb
2023-03-13,Distillers Corn Oil,Michigan,,Truck,54.6,52.0,58.0,Cents Per Lb
2023-03-13,Distillers Corn Oil,Minnesota,,Truck,54.33,53.0,55.0,Cents Per Lb
2023-03-13,Distillers Corn Oil,Missouri,,Truck,55.0,53.0,57.0,Cents Per Lb
2023-03-13,Distillers Corn Oil,Nebraska,,Truck,54.2,52.0,56.0,Cents Per Lb
2023-03-13,Distillers Corn Oil,Ohio,,Truck,54.33,52.0,56.0,Cents Per Lb
2023-03-13,Distillers Corn Oil,South Dakota,,Truck,54.83,53.0,58.0,Cents Per Lb
2023-03-13,Distillers Corn Oil,Wisconsin,,Truck,57.5,57.0,58.0,Cents Per Lb
2023-03-13,Distillers Grain,Illinois,Dried 10%,Truck,261.25,250.0,280.0,$ Per Ton
2023-03-13,Distillers Grain,Illinois,Modified Wet 55-60%,Truck,135.0,135.0,135.0,$ Per Ton
2023-03-13,Distillers Grain,Indiana,Dried 10%,Truck,253.17,245.0,271.0,$ Per Ton
2023-03-13,Distillers Grain,Iowa,Dried 10%,Truck,257.0,240.0,290.0,$ Per Ton
2023-03-13,Distillers Grain,Iowa,Wet 65-70%,Truck,82.75,75.0,90.0,$ Per Ton
2023-03-13,Distillers Grain,Iowa,Modified Wet 55-60%,Truck,126.25,120.0,135.0,$ Per Ton
2023-03-13,Distillers Grain,Kansas,Wet 65-70%,Truck,108.75,100.0,115.0,$ Per Ton
2023-03-13,Distillers Grain,Kansas,Dried 10%,Truck,265.5,260.0,280.0,$ Per Ton
2023-03-13,Distillers Grain,Michigan,Dried 10%,Truck,240.75,235.0,245.0,$ Per Ton
2023-03-13,Distillers Grain,Minnesota,Dried 10%,Truck,254.4,242.0,270.0,$ Per Ton
2023-03-13,Distillers Grain,Minnesota,Modified Wet 55-60%,Truck,135.0,130.0,140.0,$ Per Ton
2023-03-13,Distillers Grain,Minnesota,Wet 65-70%,Truck,85.0,85.0,85.0,$ Per Ton
2023-03-13,Distillers Grain,Missouri,Dried 10%,Truck,296.67,290.0,300.0,$ Per Ton
2023-03-13,Distillers Grain,Missouri,Modified Wet 55-60%,Truck,165.0,165.0,165.0,$ Per Ton
2023-03-13,Distillers Grain,Missouri,Wet 65-70%,Truck,105.0,95.0,115.0,$ Per Ton
2023-03-13,Distillers Grain,N/A,Dried 10%,Rail,298.0,298.0,298.0,$ Per Ton
2023-03-13,Distillers Grain,N/A,Dried 10%,Ocean Vessel,320.0,320.0,320.0,$ Per Ton
2023-03-13,Distillers Grain,N/A,Dried 10%,Rail/Barge,273.5,272.0,275.0,$ Per Ton
2023-03-13,Distillers Grain,Nebraska,Modified Wet 55-60%,Truck,140.5,132.0,145.0,$ Per Ton
2023-03-13,Distillers Grain,Nebraska,Dried 10%,Truck,279.4,270.0,285.0,$ Per Ton
2023-03-13,Distillers Grain,Nebraska,Wet 65-70%,Truck,104.33,89.0,120.0,$ Per Ton
2023-03-13,Distillers Grain,Ohio,Dried 10%,Truck,250.0,237.0,270.0,$ Per Ton
2023-03-13,Distillers Grain,South Dakota,Wet 65-70%,Truck,95.0,95.0,95.0,$ Per Ton
2023-03-13,Distillers Grain,South Dakota,Modified Wet 55-60%,Truck,132.0,125.0,135.0,$ Per Ton
2023-03-13,Distillers Grain,South Dakota,Dried 10%,Truck,257.83,245.0,275.0,$ Per Ton
2023-03-13,Distillers Grain,Wisconsin,Wet 65-70%,Truck,92.5,75.0,110.0,$ Per Ton
2023-03-13,Distillers Grain,Wisconsin,Modified Wet 55-60%,Truck,122.0,122.0,122.0,$ Per Ton
2023-03-13,Distillers Grain,Wisconsin,Dried 10%,Truck,243.75,230.0,260.0,$ Per Ton
2023-03-13,Ethanol,Illinois,,Truck,2.185,2.18,2.19,$ Per Gallon
2023-03-13,Ethanol,Indiana,,Truck,2.21,2.21,2.21,$ Per Gallon
2023-03-13,Ethanol,Iowa,,Truck,2.0851,2.01,2.15,$ Per Gallon
2023-03-13,Ethanol,Kansas,,Truck,2.0933,2.01,2.2,$ Per Gallon
2023-03-13,Ethanol,Minnesota,,Truck,2.0678,2.05,2.0855,$ Per Gallon
2023-03-13,Ethanol,Nebraska,,Rail,2.09,2.09,2.09,$ Per Gallon
2023-03-13,Ethanol,Nebraska,,Truck,2.0675,2.01,2.1,$ Per Gallon
2023-03-13,Ethanol,South Dakota,,Rail,2.0755,2.0755,2.0755,$ Per Gallon
2023-03-20,Biodiesel,Illinois,B100,Truck,5.79,5.79,5.79,$ Per Gallon
2023-03-20,Distillers Corn Oil,Illinois,,Truck,52.5,50.0,58.0,Cents Per Lb
2023-03-20,Distillers Corn Oil,Indiana,,Truck,51.67,50.0,54.0,Cents Per Lb
2023-03-20,Distillers Corn Oil,Iowa,,Truck,53.86,50.0,58.0,Cents Per Lb
2023-03-20,Distillers Corn Oil,Kansas,,Truck,51.0,50.0,52.0,Cents Per Lb
2023-03-20,Distillers Corn Oil,Michigan,,Truck,51.75,51.0,54.0,Cents Per Lb
2023-03-20,Distillers Corn Oil,Minnesota,,Truck,51.0,50.0,53.0,Cents Per Lb
2023-03-20,Distillers Corn Oil,Missouri,,Truck,52.67,50.0,55.0,Cents Per Lb
2023-03-20,Distillers Corn Oil,Nebraska,,Truck,51.33,50.0,53.0,Cents Per Lb
2023-03-20,Distillers Corn Oil,Ohio,,Truck,52.5,51.0,54.0,Cents Per Lb
2023-03-20,Distillers Corn Oil,South Dakota,,Truck,51.4,50.0,53.0,Cents Per Lb
2023-03-20,Distillers Corn Oil,Wisconsin,,Truck,53.0,49.0,57.0,Cents Per Lb
2023-03-20,Distillers Grain,Illinois,Dried 10%,Truck,262.4,250.0,287.0,$ Per Ton
2023-03-20,Distillers Grain,Illinois,Modified Wet 55-60%,Truck,139.0,139.0,139.0,$ Per Ton
2023-03-20,Distillers Grain,Indiana,Dried 10%,Truck,258.0,245.0,288.0,$ Per Ton
2023-03-20,Distillers Grain,Iowa,Dried 10%,Truck,243.33,235.0,260.0,$ Per Ton
2023-03-20,Distillers Grain,Iowa,Wet 65-70%,Truck,76.5,75.0,78.0,$ Per Ton
2023-03-20,Distillers Grain,Iowa,Modified Wet 55-60%,Truck,125.0,120.0,130.0,$ Per Ton
2023-03-20,Distillers Grain,Kansas,Wet 65-70%,Truck,108.75,100.0,115.0,$ Per Ton
2023-03-20,Distillers Grain,Kansas,Dried 10%,Truck,264.5,258.0,280.0,$ Per Ton
2023-03-20,Distillers Grain,Michigan,Dried 10%,Truck,240.75,235.0,245.0,$ Per Ton
2023-03-20,Distillers Grain,Minnesota,Wet 65-70%,Truck,85.0,85.0,85.0,$ Per Ton
2023-03-20,Distillers Grain,Minnesota,Modified Wet 55-60%,Truck,125.0,125.0,125.0,$ Per Ton
2023-03-20,Distillers Grain,Minnesota,Dried 10%,Truck,242.5,235.0,250.0,$ Per Ton
2023-03-20,Distillers Grain,Missouri,Wet 65-70%,Truck,107.5,95.0,120.0,$ Per Ton
2023-03-20,Distillers Grain,Missouri,Modified Wet 55-60%,Truck,165.0,165.0,165.0,$ Per Ton
2023-03-20,Distillers Grain,Missouri,Dried 10%,Truck,290.0,280.0,300.0,$ Per Ton
2023-03-20,Distillers Grain,N/A,Dried 10%,Rail/Barge,272.5,270.0,275.0,$ Per Ton
2023-03-20,Distillers Grain,N/A,Dried 10%,Rail,296.0,296.0,296.0,$ Per Ton
2023-03-20,Distillers Grain,N/A,Dried 10%,Ocean Vessel,306.5,305.0,308.0,$ Per Ton
2023-03-20,Distillers Grain,Nebraska,Wet 65-70%,Truck,104.5,89.0,130.0,$ Per Ton
2023-03-20,Distillers Grain,Nebraska,Modified Wet 55-60%,Truck,135.5,122.0,145.0,$ Per Ton
2023-03-20,Distillers Grain,Nebraska,Dried 10%,Truck,272.4,260.0,280.0,$ Per Ton
2023-03-20,Distillers Grain,Ohio,Dried 10%,Truck,251.25,235.0,277.0,$ Per Ton
2023-03-20,Distillers Grain,South Dakota,Wet 65-70%,Truck,95.0,95.0,95.0,$ Per Ton
2023-03-20,Distillers Grain,South Dakota,Modified Wet 55-60%,Truck,132.0,128.0,135.0,$ Per Ton
2023-03-20,Distillers Grain,South Dakota,Dried 10%,Truck,253.2,246.0,260.0,$ Per Ton
2023-03-20,Distillers Grain,Wisconsin,Wet 65-70%,Truck,75.0,75.0,75.0,$ Per Ton
2023-03-20,Distillers Grain,Wisconsin,Modified Wet 55-60%,Truck,119.0,114.0,124.0,$ Per Ton
2023-03-20,Distillers Grain,Wisconsin,Dried 10%,Truck,250.5,242.0,260.0,$ Per Ton
2023-03-20,Ethanol,Illinois,,Truck,2.2042,2.18,2.2475,$ Per Gallon
2023-03-20,Ethanol,Indiana,,Truck,2.21,2.21,2.21,$ Per Gallon
2023-03-20,Ethanol,Iowa,,Truck,2.118,2.03,2.2,$ Per Gallon
2023-03-20,Ethanol,Iowa,,Rail,2.125,2.125,2.125,$ Per Gallon
2023-03-20,Ethanol,Kansas,,Truck,2.1367,2.03,2.29,$ Per Gallon
2023-03-20,Ethanol,Minnesota,,Truck,2.0938,2.05,2.1375,$ Per Gallon
2023-03-20,Ethanol,Nebraska,,Truck,2.0967,2.03,2.15,$ Per Gallon
2023-03-20,Ethanol,Nebraska,,Rail,2.1633,2.09,2.3,$ Per Gallon
2023-03-20,Ethanol,South Dakota,,Rail,2.1275,2.1275,2.1275,$ Per Gallon
2023-03-27,Biodiesel,Illinois,B100,Truck,5.79,5.79,5.79,$ Per Gallon
2023-03-27,Distillers Corn Oil,Illinois,,Truck,52.0,50.0,58.0,Cents Per Lb
2023-03-27,Distillers Corn Oil,Indiana,,Truck,50.67,50.0,52.0,Cents Per Lb
2023-03-27,Distillers Corn Oil,Iowa,,Truck,52.89,50.0,58.0,Cents Per Lb
2023-03-27,Distillers Corn Oil,Kansas,,Truck,53.5,50.0,56.0,Cents Per Lb
2023-03-27,Distillers Corn Oil,Michigan,,Truck,51.0,50.0,52.0,Cents Per Lb
2023-03-27,Distillers Corn Oil,Minnesota,,Truck,50.67,50.0,52.0,Cents Per Lb
2023-03-27,Distillers Corn Oil,Missouri,,Truck,52.33,50.0,55.0,Cents Per Lb
2023-03-27,Distillers Corn Oil,Nebraska,,Truck,51.0,50.0,52.0,Cents Per Lb
2023-03-27,Distillers Corn Oil,Ohio,,Truck,51.0,50.0,52.0,Cents Per Lb
2023-03-27,Distillers Corn Oil,South Dakota,,Truck,51.0,49.0,52.0,Cents Per Lb
2023-03-27,Distillers Corn Oil,Wisconsin,,Truck,53.0,49.0,57.0,Cents Per Lb
2023-03-27,Distillers Grain,Illinois,Modified Wet 55-60%,Truck,109.0,109.0,109.0,$ Per Ton
2023-03-27,Distillers Grain,Illinois,Dried 10%,Truck,253.25,245.0,260.0,$ Per Ton
2023-03-27,Distillers Grain,Indiana,Dried 10%,Truck,245.5,245.0,247.0,$ Per Ton
2023-03-27,Distillers Grain,Iowa,Modified Wet 55-60%,Truck,124.5,118.0,130.0,$ Per Ton
2023-03-27,Distillers Grain,Iowa,Dried 10%,Truck,244.55,230.0,270.0,$ Per Ton
2023-03-27,Distillers Grain,Iowa,Wet 65-70%,Truck,98.25,75.0,120.0,$ Per Ton
2023-03-27,Distillers Grain,Kansas,Wet 65-70%,Truck,108.75,100.0,115.0,$ Per Ton
2023-03-27,Distillers Grain,Kansas,Dried 10%,Truck,267.0,258.0,280.0,$ Per Ton
2023-03-27,Distillers Grain,Michigan,Dried 10%,Truck,242.5,240.0,245.0,$ Per Ton
2023-03-27,Distillers Grain,Minnesota,Wet 65-70%,Truck,85.0,85.0,85.0,$ Per Ton
2023-03-27,Distillers Grain,Minnesota,Modified Wet 55-60%,Truck,130.0,130.0,130.0,$ Per Ton
2023-03-27,Distillers Grain,Minnesota,Dried 10%,Truck,246.25,240.0,255.0,$ Per Ton
2023-03-27,Distillers Grain,Missouri,Wet 65-70%,Truck,107.5,95.0,120.0,$ Per Ton
2023-03-27,Distillers Grain,Missouri,Modified Wet 55-60%,Truck,165.0,165.0,165.0,$ Per Ton
2023-03-27,Distillers Grain,Missouri,Dried 10%,Truck,286.67,280.0,300.0,$ Per Ton
2023-03-27,Distillers Grain,N/A,Dried 10%,Rail,229.0,229.0,229.0,$ Per Ton
2023-03-27,Distillers Grain,N/A,Dried 10%,Ocean Vessel,319.5,314.0,325.0,$ Per Ton
2023-03-27,Distillers Grain,N/A,Dried 10%,Rail/Barge,275.0,270.0,285.0,$ Per Ton
2023-03-27,Distillers Grain,Nebraska,Wet 65-70%,Truck,94.67,89.0,100.0,$ Per Ton
2023-03-27,Distillers Grain,Nebraska,Modified Wet 55-60%,Truck,134.4,122.0,145.0,$ Per Ton
2023-03-27,Distillers Grain,Nebraska,Dried 10%,Truck,272.0,260.0,280.0,$ Per Ton
2023-03-27,Distillers Grain,Ohio,Dried 10%,Truck,240.0,235.0,245.0,$ Per Ton
2023-03-27,Distillers Grain,South Dakota,Wet 65-70%,Truck,95.0,95.0,95.0,$ Per Ton
2023-03-27,Distillers Grain,South Dakota,Modified Wet 55-60%,Truck,132.5,128.0,135.0,$ Per Ton
2023-03-27,Distillers Grain,South Dakota,Dried 10%,Truck,255.2,246.0,260.0,$ Per Ton
2023-03-27,Distillers Grain,Wisconsin,Wet 65-70%,Truck,75.0,75.0,75.0,$ Per Ton
2023-03-27,Distillers Grain,Wisconsin,Modified Wet 55-60%,Truck,119.0,114.0,124.0,$ Per Ton
2023-03-27,Distillers Grain,Wisconsin,Dried 10%,Truck,250.5,242.0,260.0,$ Per Ton
2023-03-27,Ethanol,Illinois,,Truck,2.2417,2.18,2.36,$ Per Gallon
2023-03-27,Ethanol,Indiana,,Truck,2.21,2.21,2.21,$ Per Gallon
2023-03-27,Ethanol,Iowa,,Truck,2.1627,2.06,2.25,$ Per Gallon
2023-03-27,Ethanol,Iowa,,Rail,2.125,2.125,2.125,$ Per Gallon
2023-03-27,Ethanol,Kansas,,Truck,2.2467,2.16,2.36,$ Per Gallon
2023-03-27,Ethanol,Minnesota,,Truck,2.15,2.05,2.25,$ Per Gallon
2023-03-27,Ethanol,Nebraska,,Truck,2.14,2.07,2.22,$ Per Gallon
2023-03-27,Ethanol,Nebraska,,Rail,2.1633,2.09,2.3,$ Per Gallon
2023-03-27,Ethanol,South Dakota,,Rail,2.24,2.24,2.24,$ Per Gallon
2023-04-03,Biodiesel,Minnesota,B100,Truck,4.24,4.24,4.24,$ Per Gallon
2023-04-03,Distillers Corn Oil,Illinois,,Truck,53.25,51.0,55.0,Cents Per Lb
2023-04-03,Distillers Corn Oil,Indiana,,Truck,51.0,50.0,52.0,Cents Per Lb
2023-04-03,Distillers Corn Oil,Iowa,,Truck,53.29,50.0,57.0,Cents Per Lb
2023-04-03,Distillers Corn Oil,Kansas,,Truck,56.0,56.0,56.0,Cents Per Lb
2023-04-03,Distillers Corn Oil,Michigan,,Truck,51.0,50.0,52.0,Cents Per Lb
2023-04-03,Distillers Corn Oil,Minnesota,,Truck,50.67,50.0,52.0,Cents Per Lb
2023-04-03,Distillers Corn Oil,Missouri,,Truck,52.0,50.0,54.0,Cents Per Lb
2023-04-03,Distillers Corn Oil,Nebraska,,Truck,52.0,50.0,55.0,Cents Per Lb
2023-04-03,Distillers Corn Oil,Ohio,,Truck,51.0,50.0,52.0,Cents Per Lb
2023-04-03,Distillers Corn Oil,South Dakota,,Truck,51.6,50.0,53.0,Cents Per Lb
2023-04-03,Distillers Corn Oil,Wisconsin,,Truck,53.0,53.0,53.0,Cents Per Lb
2023-04-03,Distillers Grain,Illinois,Dried 10%,Truck,258.25,250.0,275.0,$ Per Ton
2023-04-03,Distillers Grain,Illinois,Modified Wet 55-60%,Truck,140.0,140.0,140.0,$ Per Ton
2023-04-03,Distillers Grain,Indiana,Dried 10%,Truck,253.33,245.0,270.0,$ Per Ton
2023-04-03,Distillers Grain,Iowa,Modified Wet 55-60%,Truck,122.75,118.0,128.0,$ Per Ton
2023-04-03,Distillers Grain,Iowa,Dried 10%,Truck,243.7,230.0,265.0,$ Per Ton
2023-04-03,Distillers Grain,Iowa,Wet 65-70%,Truck,82.75,75.0,90.0,$ Per Ton
2023-04-03,Distillers Grain,Kansas,Dried 10%,Truck,274.0,260.0,310.0,$ Per Ton
2023-04-03,Distillers Grain,Kansas,Wet 65-70%,Truck,110.2,100.0,120.0,$ Per Ton
2023-04-03,Distillers Grain,Michigan,Dried 10%,Truck,255.0,245.0,275.0,$ Per Ton
2023-04-03,Distillers Grain,Minnesota,Dried 10%,Truck,251.67,240.0,265.0,$ Per Ton
2023-04-03,Distillers Grain,Minnesota,Wet 65-70%,Truck,85.0,85.0,85.0,$ Per Ton
2023-04-03,Distillers Grain,Minnesota,Modified Wet 55-60%,Truck,129.0,128.0,130.0,$ Per Ton
2023-04-03,Distillers Grain,Missouri,Modified Wet 55-60%,Truck,155.0,155.0,155.0,$ Per Ton
2023-04-03,Distillers Grain,Missouri,Wet 65-70%,Truck,107.5,95.0,120.0,$ Per Ton
2023-04-03,Distillers Grain,Missouri,Dried 10%,Truck,276.25,275.0,280.0,$ Per Ton
2023-04-03,Distillers Grain,N/A,Dried 10%,Rail/Barge,285.0,285.0,285.0,$ Per Ton
2023-04-03,Distillers Grain,N/A,Dried 10%,Rail,296.0,296.0,296.0,$ Per Ton
2023-04-03,Distillers Grain,N/A,Dried 10%,Ocean Vessel,320.0,320.0,320.0,$ Per Ton
2023-04-03,Distillers Grain,Nebraska,Wet 65-70%,Truck,100.67,92.0,110.0,$ Per Ton
2023-04-03,Distillers Grain,Nebraska,Modified Wet 55-60%,Truck,134.29,121.0,145.0,$ Per Ton
2023-04-03,Distillers Grain,Nebraska,Dried 10%,Truck,271.33,255.0,300.0,$ Per Ton
2023-04-03,Distillers Grain,Ohio,Dried 10%,Truck,252.5,245.0,260.0,$ Per Ton
2023-04-03,Distillers Grain,South Dakota,Wet 65-70%,Truck,90.0,90.0,90.0,$ Per Ton
2023-04-03,Distillers Grain,South Dakota,Modified Wet 55-60%,Truck,135.0,135.0,135.0,$ Per Ton
2023-04-03,Distillers Grain,South Dakota,Dried 10%,Truck,261.67,255.0,270.0,$ Per Ton
2023-04-03,Distillers Grain,Wisconsin,Wet 65-70%,Truck,114.0,114.0,114.0,$ Per Ton
2023-04-03,Distillers Grain,Wisconsin,Modified Wet 55-60%,Truck,124.0,124.0,124.0,$ Per Ton
2023-04-03,Distillers Grain,Wisconsin,Dried 10%,Truck,249.0,242.0,255.0,$ Per Ton
2023-04-03,Ethanol,Illinois,,Truck,2.425,2.4,2.45,$ Per Gallon
2023-04-03,Ethanol,Indiana,,Truck,2.42,2.42,2.42,$ Per Gallon
2023-04-03,Ethanol,Iowa,,Truck,2.3707,2.3435,2.41,$ Per Gallon
2023-04-03,Ethanol,Kansas,,Truck,2.45,2.45,2.45,$ Per Gallon
2023-04-03,Ethanol,Minnesota,,Truck,2.3318,2.32,2.3435,$ Per Gallon
2023-04-03,Ethanol,Nebraska,,Truck,2.34,2.34,2.34,$ Per Gallon
2023-04-03,Ethanol,South Dakota,,Rail,2.3335,2.3335,2.3335,$ Per Gallon
2023-04-10,Biodiesel,Minnesota,B100,Truck,4.24,4.24,4.24,$ Per Gallon
2023-04-10,Distillers Corn Oil,Illinois,,Truck,55.67,54.0,57.0,Cents Per Lb
2023-04-10,Distillers Corn Oil,Indiana,,Truck,53.0,51.0,54.0,Cents Per Lb
2023-04-10,Distillers Corn Oil,Iowa,,Truck,53.5,51.0,55.0,Cents Per Lb
2023-04-10,Distillers Corn Oil,Kansas,,Truck,52.0,52.0,52.0,Cents Per Lb
2023-04-10,Distillers Corn Oil,Michigan,,Truck,53.0,51.0,55.0,Cents Per Lb
2023-04-10,Distillers Corn Oil,Minnesota,,Truck,53.4,51.0,55.0,Cents Per Lb
2023-04-10,Distillers Corn Oil,Missouri,,Truck,53.67,51.0,56.0,Cents Per Lb
2023-04-10,Distillers Corn Oil,Nebraska,,Truck,54.17,52.0,55.0,Cents Per Lb
2023-04-10,Distillers Corn Oil,Ohio,,Truck,53.0,51.0,54.0,Cents Per Lb
2023-04-10,Distillers Corn Oil,South Dakota,,Truck,53.63,51.0,55.0,Cents Per Lb
2023-04-10,Distillers Corn Oil,Wisconsin,,Truck,54.0,53.0,55.0,Cents Per Lb
2023-04-10,Distillers Grain,Illinois,Dried 10%,Truck,267.0,250.0,285.0,$ Per Ton
2023-04-10,Distillers Grain,Illinois,Modified Wet 55-60%,Truck,115.0,115.0,115.0,$ Per Ton
2023-04-10,Distillers Grain,Illinois,Wet 65-70%,Truck,92.0,92.0,92.0,$ Per Ton
2023-04-10,Distillers Grain,Indiana,Dried 10%,Truck,251.5,245.0,275.0,$ Per Ton
2023-04-10,Distillers Grain,Iowa,Dried 10%,Truck,249.25,240.0,270.0,$ Per Ton
2023-04-10,Distillers Grain,Iowa,Wet 65-70%,Truck,96.0,78.0,120.0,$ Per Ton
2023-04-10,Distillers Grain,Iowa,Modified Wet 55-60%,Truck,123.75,120.0,130.0,$ Per Ton
2023-04-10,Distillers Grain,Kansas,Dried 10%,Truck,264.5,258.0,280.0,$ Per Ton
2023-04-10,Distillers Grain,Kansas,Wet 65-70%,Truck,107.75,100.0,111.0,$ Per Ton
2023-04-10,Distillers Grain,Michigan,Dried 10%,Truck,246.75,240.0,255.0,$ Per Ton
2023-04-10,Distillers Grain,Minnesota,Dried 10%,Truck,260.0,240.0,285.0,$ Per Ton
2023-04-10,Distillers Grain,Minnesota,Wet 65-70%,Truck,90.0,90.0,90.0,$ Per Ton
2023-04-10,Distillers Grain,Minnesota,Modified Wet 55-60%,Truck,130.5,128.0,133.0,$ Per Ton
2023-04-10,Distillers Grain,Missouri,Dried 10%,Truck,283.33,270.0,300.0,$ Per Ton
2023-04-10,Distillers Grain,Missouri,Modified Wet 55-60%,Truck,155.0,155.0,155.0,$ Per Ton
2023-04-10,Distillers Grain,Missouri,Wet 65-70%,Truck,105.0,95.0,115.0,$ Per Ton
2023-04-10,Distillers Grain,N/A,Dried 10%,Rail,299.0,299.0,299.0,$ Per Ton
2023-04-10,Distillers Grain,N/A,Dried 10%,Rail/Barge,281.5,278.0,285.0,$ Per Ton
2023-04-10,Distillers Grain,N/A,Dried 10%,Truck,272.0,272.0,272.0,$ Per Ton
2023-04-10,Distillers Grain,N/A,Dried 10%,Ocean Vessel,321.0,321.0,321.0,$ Per Ton
2023-04-10,Distillers Grain,Nebraska,Wet 65-70%,Truck,103.0,100.0,109.0,$ Per Ton
2023-04-10,Distillers Grain,Nebraska,Modified Wet 55-60%,Truck,133.8,120.0,145.0,$ Per Ton
2023-04-10,Distillers Grain,Nebraska,Dried 10%,Truck,271.67,265.0,285.0,$ Per Ton
2023-04-10,Distillers Grain,Ohio,Dried 10%,Truck,246.33,245.0,249.0,$ Per Ton
2023-04-10,Distillers Grain,South Dakota,Wet 65-70%,Truck,90.0,90.0,90.0,$ Per Ton
2023-04-10,Distillers Grain,South Dakota,Modified Wet 55-60%,Truck,129.0,126.0,135.0,$ Per Ton
2023-04-10,Distillers Grain,South Dakota,Dried 10%,Truck,252.0,240.0,265.0,$ Per Ton
2023-04-10,Distillers Grain,Wisconsin,Modified Wet 55-60%,Truck,124.0,124.0,124.0,$ Per Ton
2023-04-10,Distillers Grain,Wisconsin,Dried 10%,Truck,249.25,242.0,255.0,$ Per Ton
2023-04-10,Distillers Grain,Wisconsin,Wet 65-70%,Truck,94.5,75.0,114.0,$ Per Ton
2023-04-10,Ethanol,Illinois,,Truck,2.425,2.4,2.45,$ Per Gallon
2023-04-10,Ethanol,Illinois,,Rail,2.46,2.46,2.46,$ Per Gallon
2023-04-10,Ethanol,Indiana,,Truck,2.42,2.42,2.42,$ Per Gallon
2023-04-10,Ethanol,Iowa,,Truck,2.3656,2.31,2.41,$ Per Gallon
2023-04-10,Ethanol,Kansas,,Truck,2.44,2.44,2.44,$ Per Gallon
2023-04-10,Ethanol,Minnesota,,Truck,2.3295,2.32,2.339,$ Per Gallon
2023-04-10,Ethanol,Nebraska,,Truck,2.3325,2.28,2.4,$ Per Gallon
2023-04-10,Ethanol,Nebraska,,Rail,2.3075,2.3,2.315,$ Per Gallon
2023-04-10,Ethanol,South Dakota,,Rail,2.329,2.329,2.329,$ Per Gallon
2023-04-17,Biodiesel,Minnesota,B100,Truck,4.24,4.24,4.24,$ Per Gallon
2023-04-17,Distillers Corn Oil,Illinois,,Truck,56.67,55.0,58.0,Cents Per Lb
2023-04-17,Distillers Corn Oil,Indiana,,Truck,55.0,54.0,56.0,Cents Per Lb
2023-04-17,Distillers Corn Oil,Iowa,,Truck,54.33,52.0,56.0,Cents Per Lb
2023-04-17,Distillers Corn Oil,Kansas,,Truck,55.0,53.0,56.0,Cents Per Lb
2023-04-17,Distillers Corn Oil,Michigan,,Truck,54.5,52.0,57.0,Cents Per Lb
2023-04-17,Distillers Corn Oil,Minnesota,,Truck,55.25,54.0,56.0,Cents Per Lb
2023-04-17,Distillers Corn Oil,Missouri,,Truck,55.0,54.0,56.0,Cents Per Lb
2023-04-17,Distillers Corn Oil,Nebraska,,Truck,54.83,54.0,56.0,Cents Per Lb
2023-04-17,Distillers Corn Oil,Ohio,,Truck,54.33,54.0,55.0,Cents Per Lb
2023-04-17,Distillers Corn Oil,South Dakota,,Truck,54.86,54.0,56.0,Cents Per Lb
2023-04-17,Distillers Corn Oil,Wisconsin,,Truck,55.5,55.0,56.0,Cents Per Lb
2023-04-17,Distillers Grain,Illinois,Dried 10%,Truck,264.0,248.0,285.0,$ Per Ton
2023-04-17,Distillers Grain,Illinois,Modified Wet 55-60%,Truck,115.0,115.0,115.0,$ Per Ton
2023-04-17,Distillers Grain,Illinois,Wet 65-70%,Truck,102.0,102.0,102.0,$ Per Ton
2023-04-17,Distillers Grain,Indiana,Dried 10%,Truck,246.8,245.0,252.0,$ Per Ton
2023-04-17,Distillers Grain,Iowa,Dried 10%,Truck,245.22,235.0,265.0,$ Per Ton
2023-04-17,Distillers Grain,Iowa,Wet 65-70%,Truck,81.0,75.0,88.0,$ Per Ton
2023-04-17,Distillers Grain,Iowa,Modified Wet 55-60%,Truck,125.75,120.0,138.0,$ Per Ton
2023-04-17,Distillers Grain,Kansas,Wet 65-70%,Truck,109.8,100.0,118.0,$ Per Ton
2023-04-17,Distillers Grain,Kansas,Dried 10%,Truck,271.0,260.0,295.0,$ Per Ton
2023-04-17,Distillers Grain,Michigan,Dried 10%,Truck,247.33,245.0,250.0,$ Per Ton
2023-04-17,Distillers Grain,Minnesota,Dried 10%,Truck,266.25,250.0,290.0,$ Per Ton
2023-04-17,Distillers Grain,Minnesota,Modified Wet 55-60%,Truck,130.5,128.0,133.0,$ Per Ton
2023-04-17,Distillers Grain,Minnesota,Wet 65-70%,Truck,90.0,90.0,90.0,$ Per Ton
2023-04-17,Distillers Grain,Missouri,Modified Wet 55-60%,Truck,155.0,155.0,155.0,$ Per Ton
2023-04-17,Distillers Grain,Missouri,Wet 65-70%,Truck,105.0,95.0,115.0,$ Per Ton
2023-04-17,Distillers Grain,Missouri,Dried 10%,Truck,278.33,255.0,300.0,$ Per Ton
2023-04-17,Distillers Grain,N/A,Dried 10%,Truck,272.0,272.0,272.0,$ Per Ton
2023-04-17,Distillers Grain,N/A,Dried 10%,Rail,298.0,298.0,298.0,$ Per Ton
2023-04-17,Distillers Grain,N/A,Dried 10%,Ocean Vessel,321.0,321.0,321.0,$ Per Ton
2023-04-17,Distillers Grain,N/A,Dried 10%,Rail/Barge,280.0,275.0,285.0,$ Per Ton
2023-04-17,Distillers Grain,Nebraska,Modified Wet 55-60%,Truck,137.25,125.0,145.0,$ Per Ton
2023-04-17,Distillers Grain,Nebraska,Dried 10%,Truck,270.0,265.0,280.0,$ Per Ton
2023-04-17,Distillers Grain,Nebraska,Wet 65-70%,Truck,106.0,100.0,115.0,$ Per Ton
2023-04-17,Distillers Grain,Ohio,Dried 10%,Truck,246.33,245.0,249.0,$ Per Ton
2023-04-17,Distillers Grain,South Dakota,Wet 65-70%,Truck,90.0,90.0,90.0,$ Per Ton
2023-04-17,Distillers Grain,South Dakota,Modified Wet 55-60%,Truck,129.0,126.0,135.0,$ Per Ton
2023-04-17,Distillers Grain,South Dakota,Dried 10%,Truck,253.75,250.0,265.0,$ Per Ton
2023-04-17,Distillers Grain,Wisconsin,Wet 65-70%,Truck,94.5,85.0,104.0,$ Per Ton
2023-04-17,Distillers Grain,Wisconsin,Modified Wet 55-60%,Truck,124.0,124.0,124.0,$ Per Ton
2023-04-17,Distillers Grain,Wisconsin,Dried 10%,Truck,249.25,242.0,255.0,$ Per Ton
2023-04-17,Ethanol,Illinois,,Truck,2.425,2.42,2.43,$ Per Gallon
2023-04-17,Ethanol,Illinois,,Rail,2.46,2.46,2.46,$ Per Gallon
2023-04-17,Ethanol,Indiana,,Truck,2.44,2.44,2.44,$ Per Gallon
2023-04-17,Ethanol,Iowa,,Truck,2.3488,2.28,2.41,$ Per Gallon
2023-04-17,Ethanol,Iowa,,Rail,2.2875,2.265,2.31,$ Per Gallon
2023-04-17,Ethanol,Kansas,,Truck,2.41,2.41,2.41,$ Per Gallon
2023-04-17,Ethanol,Minnesota,,Truck,2.305,2.3,2.31,$ Per Gallon
2023-04-17,Ethanol,Nebraska,,Rail,2.335,2.335,2.335,$ Per Gallon
2023-04-17,Ethanol,Nebraska,,Truck,2.327,2.28,2.4,$ Per Gallon
2023-04-17,Ethanol,South Dakota,,Rail,2.3,2.3,2.3,$ Per Gallon
2023-04-24,Biodiesel,Minnesota,B100,Truck,3.99,3.99,3.99,$ Per Gallon
2023-04-24,Distillers Corn Oil,Illinois,,Truck,56.0,54.0,58.0,Cents Per Lb
2023-04-24,Distillers Corn Oil,Indiana,,Truck,54.33,54.0,55.0,Cents Per Lb
2023-04-24,Distillers Corn Oil,Iowa,,Truck,54.71,53.0,56.0,Cents Per Lb
2023-04-24,Distillers Corn Oil,Kansas,,Truck,54.33,53.0,55.0,Cents Per Lb
2023-04-24,Distillers Corn Oil,Michigan,,Truck,54.75,54.0,55.0,Cents Per Lb
2023-04-24,Distillers Corn Oil,Minnesota,,Truck,55.0,54.0,56.0,Cents Per Lb
2023-04-24,Distillers Corn Oil,Missouri,,Truck,55.0,54.0,56.0,Cents Per Lb
2023-04-24,Distillers Corn Oil,Nebraska,,Truck,54.86,54.0,56.0,Cents Per Lb
2023-04-24,Distillers Corn Oil,Ohio,,Truck,54.67,54.0,55.0,Cents Per Lb
2023-04-24,Distillers Corn Oil,South Dakota,,Truck,54.86,54.0,56.0,Cents Per Lb
2023-04-24,Distillers Corn Oil,Wisconsin,,Truck,57.5,56.0,59.0,Cents Per Lb
2023-04-24,Distillers Grain,Illinois,Dried 10%,Truck,254.0,240.0,280.0,$ Per Ton
2023-04-24,Distillers Grain,Illinois,Modified Wet 55-60%,Truck,107.0,107.0,107.0,$ Per Ton
2023-04-24,Distillers Grain,Indiana,Dried 10%,Truck,249.8,240.0,270.0,$ Per Ton
2023-04-24,Distillers Grain,Iowa,Dried 10%,Truck,246.0,235.0,270.0,$ Per Ton
2023-04-24,Distillers Grain,Iowa,Wet 65-70%,Truck,77.5,75.0,80.0,$ Per Ton
2023-04-24,Distillers Grain,Iowa,Modified Wet 55-60%,Truck,125.25,120.0,133.0,$ Per Ton
2023-04-24,Distillers Grain,Kansas,Wet 65-70%,Truck,112.2,110.0,118.0,$ Per Ton
2023-04-24,Distillers Grain,Kansas,Dried 10%,Truck,270.0,255.0,295.0,$ Per Ton
2023-04-24,Distillers Grain,Michigan,Dried 10%,Truck,253.0,245.0,275.0,$ Per Ton
2023-04-24,Distillers Grain,Minnesota,Dried 10%,Truck,252.5,245.0,265.0,$ Per Ton
2023-04-24,Distillers Grain,Minnesota,Modified Wet 55-60%,Truck,125.0,125.0,125.0,$ Per Ton
2023-04-24,Distillers Grain,Minnesota,Wet 65-70%,Truck,90.0,90.0,90.0,$ Per Ton
2023-04-24,Distillers Grain,Missouri,Modified Wet 55-60%,Truck,155.0,155.0,155.0,$ Per Ton
2023-04-24,Distillers Grain,Missouri,Wet 65-70%,Truck,115.0,115.0,115.0,$ Per Ton
2023-04-24,Distillers Grain,Missouri,Dried 10%,Truck,281.67,265.0,300.0,$ Per Ton
2023-04-24,Distillers Grain,N/A,Dried 10%,Rail,328.0,328.0,328.0,$ Per Ton
2023-04-24,Distillers Grain,N/A,Dried 10%,Ocean Vessel,310.0,310.0,310.0,$ Per Ton
2023-04-24,Distillers Grain,N/A,Dried 10%,Rail/Barge,263.0,263.0,263.0,$ Per Ton
2023-04-24,Distillers Grain,N/A,Dried 10%,Truck,272.0,272.0,272.0,$ Per Ton
2023-04-24,Distillers Grain,Nebraska,Wet 65-70%,Truck,105.5,100.0,114.0,$ Per Ton
2023-04-24,Distillers Grain,Nebraska,Modified Wet 55-60%,Truck,135.4,125.0,142.0,$ Per Ton
2023-04-24,Distillers Grain,Nebraska,Dried 10%,Truck,266.67,260.0,285.0,$ Per Ton
2023-04-24,Distillers Grain,Ohio,Dried 10%,Truck,256.67,245.0,280.0,$ Per Ton
2023-04-24,Distillers Grain,South Dakota,Wet 65-70%,Truck,90.0,90.0,90.0,$ Per Ton
2023-04-24,Distillers Grain,South Dakota,Modified Wet 55-60%,Truck,121.33,120.0,122.0,$ Per Ton
2023-04-24,Distillers Grain,South Dakota,Dried 10%,Truck,247.67,244.0,255.0,$ Per Ton
2023-04-24,Distillers Grain,Wisconsin,Wet 65-70%,Truck,89.5,75.0,104.0,$ Per Ton
2023-04-24,Distillers Grain,Wisconsin,Modified Wet 55-60%,Truck,124.0,124.0,124.0,$ Per Ton
2023-04-24,Distillers Grain,Wisconsin,Dried 10%,Truck,246.25,240.0,250.0,$ Per Ton
2023-04-24,Ethanol,Illinois,,Truck,2.405,2.4,2.41,$ Per Gallon
2023-04-24,Ethanol,Illinois,,Rail,2.46,2.46,2.46,$ Per Gallon
2023-04-24,Ethanol,Indiana,,Truck,2.43,2.43,2.43,$ Per Gallon
2023-04-24,Ethanol,Iowa,,Truck,2.33,2.21,2.41,$ Per Gallon
2023-04-24,Ethanol,Iowa,,Rail,2.2875,2.265,2.31,$ Per Gallon
2023-04-24,Ethanol,Kansas,,Truck,2.335,2.27,2.4,$ Per Gallon
2023-04-24,Ethanol,Minnesota,,Truck,2.3,2.29,2.31,$ Per Gallon
2023-04-24,Ethanol,Nebraska,,Truck,2.3025,2.21,2.4,$ Per Gallon
2023-04-24,Ethanol,Nebraska,,Rail,2.335,2.335,2.335,$ Per Gallon
2023-04-24,Ethanol,South Dakota,,Rail,2.3,2.3,2.3,$ Per Gallon
2023-05-01,Biodiesel,Minnesota,B100,Truck,4.02,4.02,4.02,$ Per Gallon
2023-05-01,Distillers Corn Oil,Illinois,,Truck,55.0,54.0,57.0,Cents Per Lb
2023-05-01,Distillers Corn Oil,Indiana,,Truck,55.5,55.0,56.0,Cents Per Lb
2023-05-01,Distillers Corn Oil,Iowa,,Truck,54.86,53.0,56.0,Cents Per Lb
2023-05-01,Distillers Corn Oil,Kansas,,Truck,53.33,53.0,54.0,Cents Per Lb
2023-05-01,Distillers Corn Oil,Michigan,,Truck,54.75,53.0,56.0,Cents Per Lb
2023-05-01,Distillers Corn Oil,Minnesota,,Truck,55.33,55.0,56.0,Cents Per Lb
2023-05-01,Distillers Corn Oil,Missouri,,Truck,55.33,55.0,56.0,Cents Per Lb
2023-05-01,Distillers Corn Oil,Nebraska,,Truck,55.17,54.0,56.0,Cents Per Lb
2023-05-01,Distillers Corn Oil,Ohio,,Truck,55.5,55.0,56.0,Cents Per Lb
2023-05-01,Distillers Corn Oil,South Dakota,,Truck,55.38,55.0,56.0,Cents Per Lb
2023-05-01,Distillers Corn Oil,Wisconsin,,Truck,57.0,56.0,58.0,Cents Per Lb
2023-05-01,Distillers Grain,Illinois,Modified Wet 55-60%,Truck,107.0,107.0,107.0,$ Per Ton
2023-05-01,Distillers Grain,Illinois,Dried 10%,Truck,236.67,230.0,240.0,$ Per Ton
2023-05-01,Distillers Grain,Illinois,Wet 65-70%,Truck,80.0,80.0,80.0,$ Per Ton
2023-05-01,Distillers Grain,Indiana,Dried 10%,Truck,236.75,235.0,240.0,$ Per Ton
2023-05-01,Distillers Grain,Iowa,Modified Wet 55-60%,Truck,123.75,120.0,130.0,$ Per Ton
2023-05-01,Distillers Grain,Iowa,Dried 10%,Truck,239.57,230.0,250.0,$ Per Ton
2023-05-01,Distillers Grain,Iowa,Wet 65-70%,Truck,77.5,75.0,80.0,$ Per Ton
2023-05-01,Distillers Grain,Kansas,Dried 10%,Truck,267.0,250.0,285.0,$ Per Ton
2023-05-01,Distillers Grain,Kansas,Wet 65-70%,Truck,108.6,100.0,112.0,$ Per Ton
2023-05-01,Distillers Grain,Michigan,Dried 10%,Truck,237.67,233.0,240.0,$ Per Ton
2023-05-01,Distillers Grain,Minnesota,Dried 10%,Truck,240.0,230.0,245.0,$ Per Ton
2023-05-01,Distillers Grain,Minnesota,Wet 65-70%,Truck,90.0,90.0,90.0,$ Per Ton
2023-05-01,Distillers Grain,Minnesota,Modified Wet 55-60%,Truck,125.0,125.0,125.0,$ Per Ton
2023-05-01,Distillers Grain,Missouri,Dried 10%,Truck,257.5,250.0,265.0,$ Per Ton
2023-05-01,Distillers Grain,Missouri,Modified Wet 55-60%,Truck,150.0,150.0,150.0,$ Per Ton
2023-05-01,Distillers Grain,Missouri,Wet 65-70%,Truck,99.0,99.0,99.0,$ Per Ton
2023-05-01,Distillers Grain,N/A,Dried 10%,Rail/Barge,250.0,250.0,250.0,$ Per Ton
2023-05-01,Distillers Grain,N/A,Dried 10%,Rail,288.0,288.0,288.0,$ Per Ton
2023-05-01,Distillers Grain,N/A,Dried 10%,Ocean Vessel,298.0,298.0,298.0,$ Per Ton
2023-05-01,Distillers Grain,Nebraska,Wet 65-70%,Truck,100.2,92.0,110.0,$ Per Ton
2023-05-01,Distillers Grain,Nebraska,Modified Wet 55-60%,Truck,135.75,125.0,143.0,$ Per Ton
2023-05-01,Distillers Grain,Nebraska,Dried 10%,Truck,268.4,252.0,280.0,$ Per Ton
2023-05-01,Distillers Grain,Ohio,Dried 10%,Truck,238.33,235.0,245.0,$ Per Ton
2023-05-01,Distillers Grain,South Dakota,Wet 65-70%,Truck,90.0,90.0,90.0,$ Per Ton
2023-05-01,Distillers Grain,South Dakota,Modified Wet 55-60%,Truck,118.8,117.0,122.0,$ Per Ton
2023-05-01,Distillers Grain,South Dakota,Dried 10%,Truck,234.8,231.0,240.0,$ Per Ton
2023-05-01,Distillers Grain,Wisconsin,Wet 65-70%,Truck,93.5,75.0,112.0,$ Per Ton
2023-05-01,Distillers Grain,Wisconsin,Dried 10%,Truck,238.33,235.0,245.0,$ Per Ton
2023-05-01,Distillers Grain,Wisconsin,Modified Wet 55-60%,Truck,124.0,124.0,124.0,$ Per Ton
2023-05-01,Ethanol,Illinois,,Truck,2.415,2.41,2.42,$ Per Gallon
2023-05-01,Ethanol,Illinois,,Rail,2.46,2.46,2.46,$ Per Gallon
2023-05-01,Ethanol,Indiana,,Truck,2.43,2.43,2.43,$ Per Gallon
2023-05-01,Ethanol,Iowa,,Truck,2.3269,2.21,2.41,$ Per Gallon
2023-05-01,Ethanol,Iowa,,Rail,2.2875,2.265,2.31,$ Per Gallon
2023-05-01,Ethanol,Kansas,,Truck,2.2967,2.21,2.41,$ Per Gallon
2023-05-01,Ethanol,Minnesota,,Truck,2.2995,2.29,2.309,$ Per Gallon
2023-05-01,Ethanol,Nebraska,,Truck,2.3058,2.21,2.4,$ Per Gallon
2023-05-01,Ethanol,Nebraska,,Rail,2.335,2.335,2.335,$ Per Gallon
2023-05-01,Ethanol,South Dakota,,Rail,2.299,2.299,2.299,$ Per Gallon
2023-05-08,Biodiesel,Minnesota,B100,Truck,4.06,4.06,4.06,$ Per Gallon
2023-05-08,Distillers Corn Oil,Illinois,,Truck,56.0,54.0,60.0,Cents Per Lb
2023-05-08,Distillers Corn Oil,Indiana,,Truck,56.5,56.0,57.0,Cents Per Lb
2023-05-08,Distillers Corn Oil,Iowa,,Truck,55.86,54.0,58.0,Cents Per Lb
2023-05-08,Distillers Corn Oil,Kansas,,Truck,54.0,54.0,54.0,Cents Per Lb
2023-05-08,Distillers Corn Oil,Michigan,,Truck,55.25,53.0,57.0,Cents Per Lb
2023-05-08,Distillers Corn Oil,Minnesota,,Truck,56.0,55.0,57.0,Cents Per Lb
2023-05-08,Distillers Corn Oil,Missouri,,Truck,56.0,55.0,57.0,Cents Per Lb
2023-05-08,Distillers Corn Oil,Nebraska,,Truck,55.83,54.0,57.0,Cents Per Lb
2023-05-08,Distillers Corn Oil,Ohio,,Truck,56.0,55.0,57.0,Cents Per Lb
2023-05-08,Distillers Corn Oil,South Dakota,,Truck,56.17,55.0,57.0,Cents Per Lb
2023-05-08,Distillers Corn Oil,Wisconsin,,Truck,57.0,56.0,58.0,Cents Per Lb
2023-05-08,Distillers Grain,Illinois,Wet 65-70%,Truck,80.0,80.0,80.0,$ Per Ton
2023-05-08,Distillers Grain,Illinois,Dried 10%,Truck,231.67,225.0,240.0,$ Per Ton
2023-05-08,Distillers Grain,Illinois,Modified Wet 55-60%,Truck,107.0,107.0,107.0,$ Per Ton
2023-05-08,Distillers Grain,Indiana,Dried 10%,Truck,237.4,230.0,255.0,$ Per Ton
2023-05-08,Distillers Grain,Iowa,Modified Wet 55-60%,Truck,120.0,115.0,130.0,$ Per Ton
2023-05-08,Distillers Grain,Iowa,Dried 10%,Truck,232.5,225.0,242.0,$ Per Ton
2023-05-08,Distillers Grain,Iowa,Wet 65-70%,Truck,77.5,75.0,80.0,$ Per Ton
2023-05-08,Distillers Grain,Kansas,Dried 10%,Truck,271.67,240.0,305.0,$ Per Ton
2023-05-08,Distillers Grain,Kansas,Wet 65-70%,Truck,104.67,100.0,112.0,$ Per Ton
2023-05-08,Distillers Grain,Michigan,Dried 10%,Truck,242.5,230.0,260.0,$ Per Ton
2023-05-08,Distillers Grain,Minnesota,Modified Wet 55-60%,Truck,125.0,125.0,125.0,$ Per Ton
2023-05-08,Distillers Grain,Minnesota,Dried 10%,Truck,236.25,225.0,245.0,$ Per Ton
2023-05-08,Distillers Grain,Minnesota,Wet 65-70%,Truck,90.0,90.0,90.0,$ Per Ton
2023-05-08,Distillers Grain,Missouri,Dried 10%,Truck,257.5,250.0,265.0,$ Per Ton
2023-05-08,Distillers Grain,Missouri,Modified Wet 55-60%,Truck,150.0,150.0,150.0,$ Per Ton
2023-05-08,Distillers Grain,Missouri,Wet 65-70%,Truck,99.0,99.0,99.0,$ Per Ton
2023-05-08,Distillers Grain,N/A,Dried 10%,Rail,280.0,280.0,280.0,$ Per Ton
2023-05-08,Distillers Grain,N/A,Dried 10%,Ocean Vessel,293.0,293.0,293.0,$ Per Ton
2023-05-08,Distillers Grain,N/A,Dried 10%,Rail/Barge,245.0,245.0,245.0,$ Per Ton
2023-05-08,Distillers Grain,Nebraska,Wet 65-70%,Truck,103.5,100.0,110.0,$ Per Ton
2023-05-08,Distillers Grain,Nebraska,Modified Wet 55-60%,Truck,128.33,120.0,135.0,$ Per Ton
2023-05-08,Distillers Grain,Nebraska,Dried 10%,Truck,268.0,250.0,280.0,$ Per Ton
2023-05-08,Distillers Grain,Ohio,Dried 10%,Truck,240.0,230.0,260.0,$ Per Ton
2023-05-08,Distillers Grain,South Dakota,Wet 65-70%,Truck,90.0,90.0,90.0,$ Per Ton
2023-05-08,Distillers Grain,South Dakota,Modified Wet 55-60%,Truck,116.8,110.0,122.0,$ Per Ton
2023-05-08,Distillers Grain,South Dakota,Dried 10%,Truck,234.8,231.0,240.0,$ Per Ton
2023-05-08,Distillers Grain,Wisconsin,Wet 65-70%,Truck,93.0,75.0,111.0,$ Per Ton
2023-05-08,Distillers Grain,Wisconsin,Modified Wet 55-60%,Truck,130.0,130.0,130.0,$ Per Ton
2023-05-08,Distillers Grain,Wisconsin,Dried 10%,Truck,234.5,228.0,245.0,$ Per Ton
2023-05-08,Ethanol,Illinois,,Truck,2.41,2.39,2.43,$ Per Gallon
2023-05-08,Ethanol,Illinois,,Rail,2.46,2.46,2.46,$ Per Gallon
2023-05-08,Ethanol,Indiana,,Truck,2.44,2.44,2.44,$ Per Gallon
2023-05-08,Ethanol,Iowa,,Truck,2.3095,2.23,2.4,$ Per Gallon
2023-05-08,Ethanol,Iowa,,Rail,2.2875,2.265,2.31,$ Per Gallon
2023-05-08,Ethanol,Kansas,,Truck,2.3033,2.23,2.39,$ Per Gallon
2023-05-08,Ethanol,Minnesota,,Truck,2.3028,2.2855,2.32,$ Per Gallon
2023-05-08,Ethanol,Nebraska,,Rail,2.335,2.335,2.335,$ Per Gallon
2023-05-08,Ethanol,Nebraska,,Truck,2.303,2.23,2.35,$ Per Gallon
2023-05-08,Ethanol,South Dakota,,Rail,2.2755,2.2755,2.2755,$ Per Gallon
2023-05-15,Biodiesel,Minnesota,B100,Truck,3.82,3.82,3.82,$ Per Gallon
2023-05-15,Distillers Corn Oil,Illinois,,Truck,54.0,54.0,54.0,Cents Per Lb
2023-05-15,Distillers Corn Oil,Indiana,,Truck,56.0,55.0,57.0,Cents Per Lb
2023-05-15,Distillers Corn Oil,Iowa,,Truck,55.29,54.0,57.0,Cents Per Lb
2023-05-15,Distillers Corn Oil,Kansas,,Truck,54.0,54.0,54.0,Cents Per Lb
2023-05-15,Distillers Corn Oil,Michigan,,Truck,55.5,55.0,57.0,Cents Per Lb
2023-05-15,Distillers Corn Oil,Minnesota,,Truck,55.67,55.0,57.0,Cents Per Lb
2023-05-15,Distillers Corn Oil,Missouri,,Truck,55.67,55.0,57.0,Cents Per Lb
2023-05-15,Distillers Corn Oil,Nebraska,,Truck,55.33,53.0,58.0,Cents Per Lb
2023-05-15,Distillers Corn Oil,Ohio,,Truck,56.0,55.0,57.0,Cents Per Lb
2023-05-15,Distillers Corn Oil,South Dakota,,Truck,55.67,55.0,57.0,Cents Per Lb
2023-05-15,Distillers Corn Oil,Wisconsin,,Truck,54.5,53.0,56.0,Cents Per Lb
2023-05-15,Distillers Grain,Illinois,Dried 10%,Truck,228.33,215.0,240.0,$ Per Ton
2023-05-15,Distillers Grain,Illinois,Modified Wet 55-60%,Truck,107.0,107.0,107.0,$ Per Ton
2023-05-15,Distillers Grain,Illinois,Wet 65-70%,Truck,80.0,80.0,80.0,$ Per Ton
2023-05-15,Distillers Grain,Indiana,Dried 10%,Truck,237.4,230.0,255.0,$ Per Ton
2023-05-15,Distillers Grain,Iowa,Dried 10%,Truck,230.88,215.0,250.0,$ Per Ton
2023-05-15,Distillers Grain,Iowa,Wet 65-70%,Truck,80.0,75.0,85.0,$ Per Ton
2023-05-15,Distillers Grain,Iowa,Modified Wet 55-60%,Truck,116.75,110.0,122.0,$ Per Ton
2023-05-15,Distillers Grain,Kansas,Wet 65-70%,Truck,104.4,100.0,112.0,$ Per Ton
2023-05-15,Distillers Grain,Kansas,Dried 10%,Truck,271.25,265.0,280.0,$ Per Ton
2023-05-15,Distillers Grain,Michigan,Dried 10%,Truck,236.25,230.0,250.0,$ Per Ton
2023-05-15,Distillers Grain,Minnesota,Dried 10%,Truck,241.0,220.0,270.0,$ Per Ton
2023-05-15,Distillers Grain,Minnesota,Modified Wet 55-60%,Truck,122.5,120.0,125.0,$ Per Ton
2023-05-15,Distillers Grain,Minnesota,Wet 65-70%,Truck,80.0,80.0,80.0,$ Per Ton
2023-05-15,Distillers Grain,Missouri,Modified Wet 55-60%,Truck,148.0,148.0,148.0,$ Per Ton
2023-05-15,Distillers Grain,Missouri,Wet 65-70%,Truck,82.5,80.0,85.0,$ Per Ton
2023-05-15,Distillers Grain,Missouri,Dried 10%,Truck,254.33,243.0,260.0,$ Per Ton
2023-05-15,Distillers Grain,N/A,Dried 10%,Rail,267.0,267.0,267.0,$ Per Ton
2023-05-15,Distillers Grain,N/A,Dried 10%,Ocean Vessel,280.0,280.0,280.0,$ Per Ton
2023-05-15,Distillers Grain,N/A,Dried 10%,Rail/Barge,245.0,245.0,245.0,$ Per Ton
2023-05-15,Distillers Grain,Nebraska,Wet 65-70%,Truck,101.0,90.0,110.0,$ Per Ton
2023-05-15,Distillers Grain,Nebraska,Modified Wet 55-60%,Truck,131.25,125.0,135.0,$ Per Ton
2023-05-15,Distillers Grain,Nebraska,Dried 10%,Truck,260.0,250.0,265.0,$ Per Ton
2023-05-15,Distillers Grain,Ohio,Dried 10%,Truck,235.0,220.0,255.0,$ Per Ton
2023-05-15,Distillers Grain,South Dakota,Wet 65-70%,Truck,85.0,85.0,85.0,$ Per Ton
2023-05-15,Distillers Grain,South Dakota,Modified Wet 55-60%,Truck,114.0,110.0,122.0,$ Per Ton
2023-05-15,Distillers Grain,South Dakota,Dried 10%,Truck,226.67,214.0,250.0,$ Per Ton
2023-05-15,Distillers Grain,Wisconsin,Wet 65-70%,Truck,90.0,75.0,105.0,$ Per Ton
2023-05-15,Distillers Grain,Wisconsin,Modified Wet 55-60%,Truck,130.0,130.0,130.0,$ Per Ton
2023-05-15,Distillers Grain,Wisconsin,Dried 10%,Truck,227.5,210.0,235.0,$ Per Ton
2023-05-15,Ethanol,Illinois,,Truck,2.44,2.43,2.45,$ Per Gallon
2023-05-15,Ethanol,Illinois,,Rail,2.46,2.46,2.46,$ Per Gallon
2023-05-15,Ethanol,Indiana,,Truck,2.44,2.44,2.44,$ Per Gallon
2023-05-15,Ethanol,Iowa,,Truck,2.3438,2.3,2.4,$ Per Gallon
2023-05-15,Ethanol,Kansas,,Truck,2.43,2.43,2.43,$ Per Gallon
2023-05-15,Ethanol,Minnesota,,Truck,2.3313,2.32,2.3425,$ Per Gallon
2023-05-15,Ethanol,Nebraska,,Truck,2.3417,2.325,2.35,$ Per Gallon
2023-05-15,Ethanol,South Dakota,,Rail,2.3325,2.3325,2.3325,$ Per Gallon
2023-05-22,Biodiesel,Minnesota,B100,Truck,3.82,3.82,3.82,$ Per Gallon
2023-05-22,Distillers Corn Oil,Illinois,,Truck,54.67,54.0,56.0,Cents Per Lb
2023-05-22,Distillers Corn Oil,Indiana,,Truck,56.0,55.0,57.0,Cents Per Lb
2023-05-22,Distillers Corn Oil,Iowa,,Truck,54.83,54.0,56.0,Cents Per Lb
2023-05-22,Distillers Corn Oil,Kansas,,Truck,53.75,53.0,55.0,Cents Per Lb
2023-05-22,Distillers Corn Oil,Michigan,,Truck,55.5,55.0,57.0,Cents Per Lb
2023-05-22,Distillers Corn Oil,Minnesota,,Truck,55.67,55.0,57.0,Cents Per Lb
2023-05-22,Distillers Corn Oil,Missouri,,Truck,55.67,55.0,57.0,Cents Per Lb
2023-05-22,Distillers Corn Oil,Nebraska,,Truck,55.33,53.0,58.0,Cents Per Lb
2023-05-22,Distillers Corn Oil,Ohio,,Truck,56.0,55.0,57.0,Cents Per Lb
2023-05-22,Distillers Corn Oil,South Dakota,,Truck,54.71,54.0,55.0,Cents Per Lb
2023-05-22,Distillers Corn Oil,Wisconsin,,Truck,54.5,53.0,56.0,Cents Per Lb
2023-05-22,Distillers Grain,Illinois,Wet 65-70%,Truck,86.0,86.0,86.0,$ Per Ton
2023-05-22,Distillers Grain,Illinois,Dried 10%,Truck,228.33,215.0,240.0,$ Per Ton
2023-05-22,Distillers Grain,Indiana,Dried 10%,Truck,231.4,220.0,245.0,$ Per Ton
2023-05-22,Distillers Grain,Iowa,Modified Wet 55-60%,Truck,113.25,110.0,118.0,$ Per Ton
2023-05-22,Distillers Grain,Iowa,Dried 10%,Truck,217.5,215.0,220.0,$ Per Ton
2023-05-22,Distillers Grain,Iowa,Wet 65-70%,Truck,81.25,75.0,85.0,$ Per Ton
2023-05-22,Distillers Grain,Kansas,Dried 10%,Truck,262.0,230.0,285.0,$ Per Ton
2023-05-22,Distillers Grain,Kansas,Wet 65-70%,Truck,102.5,100.0,105.0,$ Per Ton
2023-05-22,Distillers Grain,Michigan,Dried 10%,Truck,230.0,215.0,240.0,$ Per Ton
2023-05-22,Distillers Grain,Minnesota,Wet 65-70%,Truck,80.0,80.0,80.0,$ Per Ton
2023-05-22,Distillers Grain,Minnesota,Modified Wet 55-60%,Truck,112.5,105.0,120.0,$ Per Ton
2023-05-22,Distillers Grain,Minnesota,Dried 10%,Truck,215.0,200.0,235.0,$ Per Ton
2023-05-22,Distillers Grain,Missouri,Modified Wet 55-60%,Truck,148.0,148.0,148.0,$ Per Ton
2023-05-22,Distillers Grain,Missouri,Wet 65-70%,Truck,81.5,80.0,83.0,$ Per Ton
2023-05-22,Distillers Grain,Missouri,Dried 10%,Truck,252.67,243.0,260.0,$ Per Ton
2023-05-22,Distillers Grain,N/A,Dried 10%,Rail,287.0,287.0,287.0,$ Per Ton
2023-05-22,Distillers Grain,N/A,Dried 10%,Rail/Barge,233.0,230.0,236.0,$ Per Ton
2023-05-22,Distillers Grain,N/A,Dried 10%,Ocean Vessel,272.0,272.0,272.0,$ Per Ton
2023-05-22,Distillers Grain,Nebraska,Wet 65-70%,Truck,100.2,90.0,115.0,$ Per Ton
2023-05-22,Distillers Grain,Nebraska,Modified Wet 55-60%,Truck,129.8,124.0,135.0,$ Per Ton
2023-05-22,Distillers Grain,Nebraska,Dried 10%,Truck,259.5,242.0,280.0,$ Per Ton
2023-05-22,Distillers Grain,Ohio,Dried 10%,Truck,225.0,215.0,240.0,$ Per Ton
2023-05-22,Distillers Grain,South Dakota,Wet 65-70%,Truck,85.0,85.0,85.0,$ Per Ton
2023-05-22,Distillers Grain,South Dakota,Modified Wet 55-60%,Truck,115.0,110.0,122.0,$ Per Ton
2023-05-22,Distillers Grain,South Dakota,Dried 10%,Truck,229.25,224.0,240.0,$ Per Ton
2023-05-22,Distillers Grain,Wisconsin,Wet 65-70%,Truck,91.0,75.0,107.0,$ Per Ton
2023-05-22,Distillers Grain,Wisconsin,Modified Wet 55-60%,Truck,130.0,130.0,130.0,$ Per Ton
2023-05-22,Distillers Grain,Wisconsin,Dried 10%,Truck,227.67,213.0,235.0,$ Per Ton
2023-05-22,Ethanol,Illinois,,Truck,2.435,2.43,2.44,$ Per Gallon
2023-05-22,Ethanol,Illinois,,Rail,2.49,2.49,2.49,$ Per Gallon
2023-05-22,Ethanol,Indiana,,Truck,2.44,2.44,2.44,$ Per Gallon
2023-05-22,Ethanol,Iowa,,Truck,2.3494,2.3,2.4,$ Per Gallon
2023-05-22,Ethanol,Kansas,,Truck,2.39,2.34,2.43,$ Per Gallon
2023-05-22,Ethanol,Minnesota,,Truck,2.3275,2.32,2.335,$ Per Gallon
2023-05-22,Ethanol,Nebraska,,Truck,2.344,2.28,2.4,$ Per Gallon
2023-05-22,Ethanol,South Dakota,,Rail,2.325,2.325,2.325,$ Per Gallon
2023-05-22,Ethanol,Wisconsin,,Truck,2.475,2.475,2.475,$ Per Gallon
2023-05-29,Biodiesel,Minnesota,B100,Truck,3.82,3.82,3.82,$ Per Gallon
2023-05-29,Distillers Corn Oil,Illinois,,Truck,54.75,54.0,56.0,Cents Per Lb
2023-05-29,Distillers Corn Oil,Indiana,,Truck,56.0,55.0,57.0,Cents Per Lb
2023-05-29,Distillers Corn Oil,Iowa,,Truck,54.0,45.0,57.0,Cents Per Lb
2023-05-29,Distillers Corn Oil,Kansas,,Truck,53.75,53.0,55.0,Cents Per Lb
2023-05-29,Distillers Corn Oil,Michigan,,Truck,55.4,54.0,57.0,Cents Per Lb
2023-05-29,Distillers Corn Oil,Minnesota,,Truck,55.67,55.0,57.0,Cents Per Lb
2023-05-29,Distillers Corn Oil,Missouri,,Truck,55.67,55.0,57.0,Cents Per Lb
2023-05-29,Distillers Corn Oil,Nebraska,,Truck,56.0,55.0,58.0,Cents Per Lb
2023-05-29,Distillers Corn Oil,Ohio,,Truck,56.0,55.0,57.0,Cents Per Lb
2023-05-29,Distillers Corn Oil,South Dakota,,Truck,54.5,53.0,57.0,Cents Per Lb
2023-05-29,Distillers Corn Oil,Wisconsin,,Truck,55.5,55.0,56.0,Cents Per Lb
2023-05-29,Distillers Grain,Illinois,Dried 10%,Truck,219.0,210.0,232.0,$ Per Ton
2023-05-29,Distillers Grain,Illinois,Wet 65-70%,Truck,86.0,86.0,86.0,$ Per Ton
2023-05-29,Distillers Grain,Indiana,Dried 10%,Truck,226.8,207.0,245.0,$ Per Ton
2023-05-29,Distillers Grain,Iowa,Dried 10%,Truck,216.33,190.0,235.0,$ Per Ton
2023-05-29,Distillers Grain,Iowa,Wet 65-70%,Truck,77.5,72.0,83.0,$ Per Ton
2023-05-29,Distillers Grain,Iowa,Modified Wet 55-60%,Truck,108.75,100.0,115.0,$ Per Ton
2023-05-29,Distillers Grain,Kansas,Wet 65-70%,Truck,102.0,100.0,105.0,$ Per Ton
2023-05-29,Distillers Grain,Kansas,Dried 10%,Truck,258.0,254.0,260.0,$ Per Ton
2023-05-29,Distillers Grain,Michigan,Dried 10%,Truck,213.75,200.0,240.0,$ Per Ton
2023-05-29,Distillers Grain,Minnesota,Dried 10%,Truck,210.0,205.0,225.0,$ Per Ton
2023-05-29,Distillers Grain,Minnesota,Modified Wet 55-60%,Truck,112.5,110.0,115.0,$ Per Ton
2023-05-29,Distillers Grain,Minnesota,Wet 65-70%,Truck,80.0,80.0,80.0,$ Per Ton
2023-05-29,Distillers Grain,Missouri,Dried 10%,Truck,247.67,243.0,250.0,$ Per Ton
2023-05-29,Distillers Grain,Missouri,Wet 65-70%,Truck,80.0,80.0,80.0,$ Per Ton
2023-05-29,Distillers Grain,N/A,Dried 10%,Rail,283.0,283.0,283.0,$ Per Ton
2023-05-29,Distillers Grain,N/A,Dried 10%,Ocean Vessel,269.0,268.0,270.0,$ Per Ton
2023-05-29,Distillers Grain,N/A,Dried 10%,Rail/Barge,229.0,228.0,230.0,$ Per Ton
2023-05-29,Distillers Grain,Nebraska,Wet 65-70%,Truck,99.2,90.0,115.0,$ Per Ton
2023-05-29,Distillers Grain,Nebraska,Modified Wet 55-60%,Truck,125.83,122.0,135.0,$ Per Ton
2023-05-29,Distillers Grain,Nebraska,Dried 10%,Truck,248.33,235.0,265.0,$ Per Ton
2023-05-29,Distillers Grain,Ohio,Dried 10%,Truck,220.0,210.0,240.0,$ Per Ton
2023-05-29,Distillers Grain,South Dakota,Wet 65-70%,Truck,83.0,83.0,83.0,$ Per Ton
2023-05-29,Distillers Grain,South Dakota,Modified Wet 55-60%,Truck,114.17,110.0,122.0,$ Per Ton
2023-05-29,Distillers Grain,South Dakota,Dried 10%,Truck,226.75,215.0,240.0,$ Per Ton
2023-05-29,Distillers Grain,Wisconsin,Modified Wet 55-60%,Truck,114.0,114.0,114.0,$ Per Ton
2023-05-29,Distillers Grain,Wisconsin,Dried 10%,Truck,218.25,210.0,230.0,$ Per Ton
2023-05-29,Distillers Grain,Wisconsin,Wet 65-70%,Truck,91.0,75.0,107.0,$ Per Ton
2023-05-29,Ethanol,Illinois,,Truck,2.39,2.34,2.43,$ Per Gallon
2023-05-29,Ethanol,Indiana,,Truck,2.44,2.44,2.44,$ Per Gallon
2023-05-29,Ethanol,Iowa,,Truck,2.3739,2.32,2.45,$ Per Gallon
2023-05-29,Ethanol,Kansas,,Truck,2.41,2.34,2.49,$ Per Gallon
2023-05-29,Ethanol,Minnesota,,Truck,2.3507,2.32,2.3813,$ Per Gallon
2023-05-29,Ethanol,Nebraska,,Truck,2.362,2.34,2.4,$ Per Gallon
2023-05-29,Ethanol,South Dakota,,Rail,2.3713,2.3713,2.3713,$ Per Gallon
2023-05-29,Ethanol,Wisconsin,,Truck,2.475,2.475,2.475,$ Per Gallon
2023-06-05,Biodiesel,Minnesota,B100,Truck,3.82,3.82,3.82,$ Per Gallon
2023-06-05,Distillers Corn Oil,Illinois,,Truck,55.25,52.0,58.0,Cents Per Lb
2023-06-05,Distillers Corn Oil,Indiana,,Truck,55.0,55.0,55.0,Cents Per Lb
2023-06-05,Distillers Corn Oil,Iowa,,Truck,55.33,54.0,56.0,Cents Per Lb
2023-06-05,Distillers Corn Oil,Kansas,,Truck,53.33,53.0,54.0,Cents Per Lb
2023-06-05,Distillers Corn Oil,Michigan,,Truck,55.0,53.0,57.0,Cents Per Lb
2023-06-05,Distillers Corn Oil,Minnesota,,Truck,55.0,55.0,55.0,Cents Per Lb
2023-06-05,Distillers Corn Oil,Missouri,,Truck,55.67,55.0,57.0,Cents Per Lb
2023-06-05,Distillers Corn Oil,Nebraska,,Truck,56.2,55.0,58.0,Cents Per Lb
2023-06-05,Distillers Corn Oil,Ohio,,Truck,55.0,55.0,55.0,Cents Per Lb
2023-06-05,Distillers Corn Oil,South Dakota,,Truck,55.8,55.0,57.0,Cents Per Lb
2023-06-05,Distillers Corn Oil,Wisconsin,,Truck,57.0,55.0,59.0,Cents Per Lb
2023-06-05,Distillers Grain,Illinois,Dried 10%,Truck,214.25,205.0,230.0,$ Per Ton
2023-06-05,Distillers Grain,Illinois,Wet 65-70%,Truck,86.0,86.0,86.0,$ Per Ton
2023-06-05,Distillers Grain,Indiana,Dried 10%,Truck,218.75,200.0,240.0,$ Per Ton
2023-06-05,Distillers Grain,Iowa,Modified Wet 55-60%,Truck,104.6,100.0,113.0,$ Per Ton
2023-06-05,Distillers Grain,Iowa,Dried 10%,Truck,201.8,175.0,245.0,$ Per Ton
2023-06-05,Distillers Grain,Iowa,Wet 65-70%,Truck,78.75,70.0,90.0,$ Per Ton
2023-06-05,Distillers Grain,Kansas,Dried 10%,Truck,248.0,245.0,254.0,$ Per Ton
2023-06-05,Distillers Grain,Kansas,Wet 65-70%,Truck,88.6,66.0,95.0,$ Per Ton
2023-06-05,Distillers Grain,Michigan,Dried 10%,Truck,203.75,190.0,230.0,$ Per Ton
2023-06-05,Distillers Grain,Minnesota,Dried 10%,Truck,201.25,195.0,210.0,$ Per Ton
2023-06-05,Distillers Grain,Minnesota,Modified Wet 55-60%,Truck,105.0,105.0,105.0,$ Per Ton
2023-06-05,Distillers Grain,Minnesota,Wet 65-70%,Truck,80.0,80.0,80.0,$ Per Ton
2023-06-05,Distillers Grain,Missouri,Dried 10%,Truck,245.0,240.0,250.0,$ Per Ton
2023-06-05,Distillers Grain,Missouri,Modified Wet 55-60%,Truck,140.0,140.0,140.0,$ Per Ton
2023-06-05,Distillers Grain,Missouri,Wet 65-70%,Truck,80.0,80.0,80.0,$ Per Ton
2023-06-05,Distillers Grain,N/A,Dried 10%,Rail/Barge,225.0,225.0,225.0,$ Per Ton
2023-06-05,Distillers Grain,N/A,Dried 10%,Rail,279.0,279.0,279.0,$ Per Ton
2023-06-05,Distillers Grain,N/A,Dried 10%,Ocean Vessel,268.0,268.0,268.0,$ Per Ton
2023-06-05,Distillers Grain,Nebraska,Wet 65-70%,Truck,92.2,90.0,101.0,$ Per Ton
2023-06-05,Distillers Grain,Nebraska,Modified Wet 55-60%,Truck,115.25,110.0,125.0,$ Per Ton
2023-06-05,Distillers Grain,Nebraska,Dried 10%,Truck,232.0,220.0,240.0,$ Per Ton
2023-06-05,Distillers Grain,Ohio,Dried 10%,Truck,214.0,200.0,235.0,$ Per Ton
2023-06-05,Distillers Grain,South Dakota,Wet 65-70%,Truck,83.0,83.0,83.0,$ Per Ton
2023-06-05,Distillers Grain,South Dakota,Modified Wet 55-60%,Truck,112.0,110.0,118.0,$ Per Ton
2023-06-05,Distillers Grain,South Dakota,Dried 10%,Truck,222.33,215.0,228.0,$ Per Ton
2023-06-05,Distillers Grain,Wisconsin,Modified Wet 55-60%,Truck,105.0,105.0,105.0,$ Per Ton
2023-06-05,Distillers Grain,Wisconsin,Dried 10%,Truck,209.5,198.0,220.0,$ Per Ton
2023-06-05,Distillers Grain,Wisconsin,Wet 65-70%,Truck,86.0,75.0,97.0,$ Per Ton
2023-06-05,Ethanol,Illinois,,Truck,2.44,2.43,2.45,$ Per Gallon
2023-06-05,Ethanol,Indiana,,Truck,2.44,2.44,2.44,$ Per Gallon
2023-06-05,Ethanol,Iowa,,Truck,2.3475,2.3,2.4,$ Per Gallon
2023-06-05,Ethanol,Iowa,,Rail,2.325,2.32,2.33,$ Per Gallon
2023-06-05,Ethanol,Kansas,,Truck,2.4,2.34,2.46,$ Per Gallon
2023-06-05,Ethanol,Minnesota,,Truck,2.325,2.32,2.33,$ Per Gallon
2023-06-05,Ethanol,Nebraska,,Truck,2.3657,2.325,2.425,$ Per Gallon
2023-06-05,Ethanol,South Dakota,,Rail,2.32,2.32,2.32,$ Per Gallon
2023-06-05,Ethanol,Wisconsin,,Truck,2.475,2.475,2.475,$ Per Gallon
2023-06-12,Biodiesel,Minnesota,B100,Truck,4.81,4.81,4.81,$ Per Gallon
2023-06-12,Distillers Corn Oil,Illinois,,Truck,59.5,58.0,62.0,Cents Per Lb
2023-06-12,Distillers Corn Oil,Indiana,,Truck,59.5,59.0,60.0,Cents Per Lb
2023-06-12,Distillers Corn Oil,Iowa,,Truck,57.1,55.0,60.0,Cents Per Lb
2023-06-12,Distillers Corn Oil,Kansas,,Truck,54.67,54.0,55.0,Cents Per Lb
2023-06-12,Distillers Corn Oil,Michigan,,Truck,58.2,55.0,60.0,Cents Per Lb
2023-06-12,Distillers Corn Oil,Minnesota,,Truck,59.0,58.0,60.0,Cents Per Lb
2023-06-12,Distillers Corn Oil,Missouri,,Truck,59.33,59.0,60.0,Cents Per Lb
2023-06-12,Distillers Corn Oil,Nebraska,,Truck,59.2,58.0,60.0,Cents Per Lb
2023-06-12,Distillers Corn Oil,Ohio,,Truck,59.5,59.0,60.0,Cents Per Lb
2023-06-12,Distillers Corn Oil,South Dakota,,Truck,59.5,58.0,62.0,Cents Per Lb
2023-06-12,Distillers Corn Oil,Wisconsin,,Truck,59.5,58.0,61.0,Cents Per Lb
2023-06-12,Distillers Grain,Illinois,Dried 10%,Truck,210.0,205.0,215.0,$ Per Ton
2023-06-12,Distillers Grain,Illinois,Wet 65-70%,Truck,82.0,82.0,82.0,$ Per Ton
2023-06-12,Distillers Grain,Indiana,Dried 10%,Truck,196.83,176.0,230.0,$ Per Ton
2023-06-12,Distillers Grain,Iowa,Modified Wet 55-60%,Truck,96.25,90.0,100.0,$ Per Ton
2023-06-12,Distillers Grain,Iowa,Dried 10%,Truck,195.33,170.0,225.0,$ Per Ton
2023-06-12,Distillers Grain,Iowa,Wet 65-70%,Truck,74.25,70.0,77.0,$ Per Ton
2023-06-12,Distillers Grain,Kansas,Dried 10%,Truck,235.0,235.0,235.0,$ Per Ton
2023-06-12,Distillers Grain,Kansas,Wet 65-70%,Truck,91.75,90.0,95.0,$ Per Ton
2023-06-12,Distillers Grain,Michigan,Dried 10%,Truck,191.67,190.0,195.0,$ Per Ton
2023-06-12,Distillers Grain,Minnesota,Dried 10%,Truck,197.5,185.0,215.0,$ Per Ton
2023-06-12,Distillers Grain,Minnesota,Wet 65-70%,Truck,75.0,75.0,75.0,$ Per Ton
2023-06-12,Distillers Grain,Minnesota,Modified Wet 55-60%,Truck,107.5,105.0,110.0,$ Per Ton
2023-06-12,Distillers Grain,Missouri,Dried 10%,Truck,235.0,215.0,250.0,$ Per Ton
2023-06-12,Distillers Grain,Missouri,Modified Wet 55-60%,Truck,135.0,135.0,135.0,$ Per Ton
2023-06-12,Distillers Grain,Missouri,Wet 65-70%,Truck,77.5,75.0,80.0,$ Per Ton
2023-06-12,Distillers Grain,N/A,Dried 10%,Rail/Barge,220.0,220.0,220.0,$ Per Ton
2023-06-12,Distillers Grain,N/A,Dried 10%,Rail,250.0,250.0,250.0,$ Per Ton
2023-06-12,Distillers Grain,N/A,Dried 10%,Ocean Vessel,260.0,260.0,260.0,$ Per Ton
2023-06-12,Distillers Grain,Nebraska,Wet 65-70%,Truck,87.75,85.0,90.0,$ Per Ton
2023-06-12,Distillers Grain,Nebraska,Modified Wet 55-60%,Truck,111.8,105.0,127.0,$ Per Ton
2023-06-12,Distillers Grain,Nebraska,Dried 10%,Truck,230.5,218.0,240.0,$ Per Ton
2023-06-12,Distillers Grain,Ohio,Dried 10%,Truck,196.33,192.0,202.0,$ Per Ton
2023-06-12,Distillers Grain,South Dakota,Wet 65-70%,Truck,80.0,80.0,80.0,$ Per Ton
2023-06-12,Distillers Grain,South Dakota,Modified Wet 55-60%,Truck,107.0,100.0,110.0,$ Per Ton
2023-06-12,Distillers Grain,South Dakota,Dried 10%,Truck,204.0,190.0,220.0,$ Per Ton
2023-06-12,Distillers Grain,Wisconsin,Modified Wet 55-60%,Truck,105.0,105.0,105.0,$ Per Ton
2023-06-12,Distillers Grain,Wisconsin,Dried 10%,Truck,202.0,198.0,205.0,$ Per Ton
2023-06-12,Distillers Grain,Wisconsin,Wet 65-70%,Truck,86.0,75.0,97.0,$ Per Ton
2023-06-12,Ethanol,Illinois,,Truck,2.45,2.43,2.47,$ Per Gallon
2023-06-12,Ethanol,Indiana,,Truck,2.44,2.44,2.44,$ Per Gallon
2023-06-12,Ethanol,Iowa,,Truck,2.367,2.32,2.44,$ Per Gallon
2023-06-12,Ethanol,Iowa,,Rail,2.345,2.31,2.38,$ Per Gallon
2023-06-12,Ethanol,Kansas,,Truck,2.43,2.38,2.47,$ Per Gallon
2023-06-12,Ethanol,Minnesota,,Truck,2.338,2.32,2.356,$ Per Gallon
2023-06-12,Ethanol,Nebraska,,Truck,2.3793,2.325,2.44,$ Per Gallon
2023-06-12,Ethanol,Nebraska,,Rail,2.3875,2.36,2.415,$ Per Gallon
2023-06-12,Ethanol,South Dakota,,Rail,2.336,2.336,2.336,$ Per Gallon
2023-06-12,Ethanol,Wisconsin,,Truck,2.449,2.449,2.449,$ Per Gallon
2023-06-19,Biodiesel,Illinois,B100,Truck,6.07,6.07,6.07,$ Per Gallon
2023-06-19,Biodiesel,Minnesota,B100,Truck,4.9,4.9,4.9,$ Per Gallon
2023-06-19,Distillers Corn Oil,Illinois,,Truck,59.0,58.0,60.0,Cents Per Lb
2023-06-19,Distillers Corn Oil,Indiana,,Truck,59.5,59.0,60.0,Cents Per Lb
2023-06-19,Distillers Corn Oil,Iowa,,Truck,58.88,55.0,63.0,Cents Per Lb
2023-06-19,Distillers Corn Oil,Kansas,,Truck,54.67,54.0,55.0,Cents Per Lb
2023-06-19,Distillers Corn Oil,Michigan,,Truck,58.2,55.0,60.0,Cents Per Lb
2023-06-19,Distillers Corn Oil,Minnesota,,Truck,59.0,58.0,60.0,Cents Per Lb
2023-06-19,Distillers Corn Oil,Missouri,,Truck,59.67,59.0,60.0,Cents Per Lb
2023-06-19,Distillers Corn Oil,Nebraska,,Truck,59.2,58.0,60.0,Cents Per Lb
2023-06-19,Distillers Corn Oil,Ohio,,Truck,59.5,59.0,60.0,Cents Per Lb
2023-06-19,Distillers Corn Oil,South Dakota,,Truck,61.43,58.0,64.0,Cents Per Lb
2023-06-19,Distillers Corn Oil,Wisconsin,,Truck,59.0,58.0,60.0,Cents Per Lb
2023-06-19,Distillers Grain,Illinois,Dried 10%,Truck,213.8,210.0,220.0,$ Per Ton
2023-06-19,Distillers Grain,Illinois,Wet 65-70%,Truck,82.0,82.0,82.0,$ Per Ton
2023-06-19,Distillers Grain,Indiana,Dried 10%,Truck,213.2,195.0,245.0,$ Per Ton
2023-06-19,Distillers Grain,Iowa,Dried 10%,Truck,199.0,175.0,225.0,$ Per Ton
2023-06-19,Distillers Grain,Iowa,Wet 65-70%,Truck,70.75,60.0,78.0,$ Per Ton
2023-06-19,Distillers Grain,Iowa,Modified Wet 55-60%,Truck,96.25,90.0,100.0,$ Per Ton
2023-06-19,Distillers Grain,Kansas,Wet 65-70%,Truck,86.0,85.0,88.0,$ Per Ton
2023-06-19,Distillers Grain,Kansas,Dried 10%,Truck,226.67,210.0,235.0,$ Per Ton
2023-06-19,Distillers Grain,Michigan,Dried 10%,Truck,207.5,190.0,240.0,$ Per Ton
2023-06-19,Distillers Grain,Minnesota,Dried 10%,Truck,205.0,190.0,220.0,$ Per Ton
2023-06-19,Distillers Grain,Minnesota,Modified Wet 55-60%,Truck,107.5,105.0,110.0,$ Per Ton
2023-06-19,Distillers Grain,Minnesota,Wet 65-70%,Truck,75.0,75.0,75.0,$ Per Ton
2023-06-19,Distillers Grain,Missouri,Modified Wet 55-60%,Truck,125.0,125.0,125.0,$ Per Ton
2023-06-19,Distillers Grain,Missouri,Wet 65-70%,Truck,75.0,75.0,75.0,$ Per Ton
2023-06-19,Distillers Grain,Missouri,Dried 10%,Truck,228.33,215.0,240.0,$ Per Ton
2023-06-19,Distillers Grain,N/A,Dried 10%,Rail,290.0,290.0,290.0,$ Per Ton
2023-06-19,Distillers Grain,N/A,Dried 10%,Ocean Vessel,272.5,270.0,275.0,$ Per Ton
2023-06-19,Distillers Grain,N/A,Dried 10%,Rail/Barge,222.5,220.0,225.0,$ Per Ton
2023-06-19,Distillers Grain,Nebraska,Wet 65-70%,Truck,80.2,65.0,90.0,$ Per Ton
2023-06-19,Distillers Grain,Nebraska,Modified Wet 55-60%,Truck,111.6,106.0,125.0,$ Per Ton
2023-06-19,Distillers Grain,Nebraska,Dried 10%,Truck,221.71,199.0,230.0,$ Per Ton
2023-06-19,Distillers Grain,Ohio,Dried 10%,Truck,217.33,202.0,245.0,$ Per Ton
2023-06-19,Distillers Grain,South Dakota,Wet 65-70%,Truck,78.0,78.0,78.0,$ Per Ton
2023-06-19,Distillers Grain,South Dakota,Modified Wet 55-60%,Truck,108.0,100.0,110.0,$ Per Ton
2023-06-19,Distillers Grain,South Dakota,Dried 10%,Truck,202.75,190.0,220.0,$ Per Ton
2023-06-19,Distillers Grain,Wisconsin,Wet 65-70%,Truck,86.0,75.0,97.0,$ Per Ton
2023-06-19,Distillers Grain,Wisconsin,Modified Wet 55-60%,Truck,105.0,105.0,105.0,$ Per Ton
2023-06-19,Distillers Grain,Wisconsin,Dried 10%,Truck,205.75,198.0,210.0,$ Per Ton
2023-06-19,Ethanol,Illinois,,Truck,2.54,2.54,2.54,$ Per Gallon
2023-06-19,Ethanol,Illinois,,Rail,2.64,2.64,2.64,$ Per Gallon
2023-06-19,Ethanol,Iowa,,Truck,2.4754,2.4225,2.54,$ Per Gallon
2023-06-19,Ethanol,Kansas,,Truck,2.5233,2.48,2.55,$ Per Gallon
2023-06-19,Ethanol,Minnesota,,Truck,2.4225,2.4225,2.4225,$ Per Gallon
2023-06-19,Ethanol,Nebraska,,Truck,2.4562,2.3446,2.54,$ Per Gallon
2023-06-19,Ethanol,South Dakota,,Rail,2.4125,2.4125,2.4125,$ Per Gallon
2023-06-19,Ethanol,Wisconsin,,Truck,2.449,2.449,2.449,$ Per Gallon
2023-06-26,Biodiesel,Illinois,B100,Truck,6.07,6.07,6.07,$ Per Gallon
2023-06-26,Biodiesel,Minnesota,B100,Truck,5.05,5.05,5.05,$ Per Gallon
2023-06-26,Distillers Corn Oil,Illinois,,Truck,60.2,58.0,65.0,Cents Per Lb
2023-06-26,Distillers Corn Oil,Indiana,,Truck,59.5,59.0,60.0,Cents Per Lb
2023-06-26,Distillers Corn Oil,Iowa,,Truck,59.71,58.0,63.0,Cents Per Lb
2023-06-26,Distillers Corn Oil,Kansas,,Truck,54.67,54.0,55.0,Cents Per Lb
2023-06-26,Distillers Corn Oil,Michigan,,Truck,58.17,56.0,60.0,Cents Per Lb
2023-06-26,Distillers Corn Oil,Minnesota,,Truck,59.0,58.0,60.0,Cents Per Lb
2023-06-26,Distillers Corn Oil,Missouri,,Truck,60.67,59.0,63.0,Cents Per Lb
2023-06-26,Distillers Corn Oil,Nebraska,,Truck,59.5,58.0,63.0,Cents Per Lb
2023-06-26,Distillers Corn Oil,Ohio,,Truck,59.5,59.0,60.0,Cents Per Lb
2023-06-26,Distillers Corn Oil,South Dakota,,Truck,62.67,60.0,64.0,Cents Per Lb
2023-06-26,Distillers Corn Oil,Wisconsin,,Truck,59.5,58.0,61.0,Cents Per Lb
2023-06-26,Distillers Grain,Illinois,Dried 10%,Truck,213.75,200.0,220.0,$ Per Ton
2023-06-26,Distillers Grain,Illinois,Wet 65-70%,Truck,82.0,82.0,82.0,$ Per Ton
2023-06-26,Distillers Grain,Indiana,Dried 10%,Truck,216.25,200.0,245.0,$ Per Ton
2023-06-26,Distillers Grain,Iowa,Modified Wet 55-60%,Truck,95.0,90.0,100.0,$ Per Ton
2023-06-26,Distillers Grain,Iowa,Dried 10%,Truck,198.0,175.0,220.0,$ Per Ton
2023-06-26,Distillers Grain,Iowa,Wet 65-70%,Truck,68.25,55.0,75.0,$ Per Ton
2023-06-26,Distillers Grain,Kansas,Dried 10%,Truck,226.67,210.0,235.0,$ Per Ton
2023-06-26,Distillers Grain,Kansas,Wet 65-70%,Truck,85.75,85.0,88.0,$ Per Ton
2023-06-26,Distillers Grain,Michigan,Dried 10%,Truck,203.75,195.0,220.0,$ Per Ton
2023-06-26,Distillers Grain,Minnesota,Dried 10%,Truck,200.0,190.0,210.0,$ Per Ton
2023-06-26,Distillers Grain,Minnesota,Modified Wet 55-60%,Truck,105.0,100.0,110.0,$ Per Ton
2023-06-26,Distillers Grain,Minnesota,Wet 65-70%,Truck,75.0,75.0,75.0,$ Per Ton
2023-06-26,Distillers Grain,Missouri,Dried 10%,Truck,230.0,220.0,240.0,$ Per Ton
2023-06-26,Distillers Grain,Missouri,Modified Wet 55-60%,Truck,125.0,125.0,125.0,$ Per Ton
2023-06-26,Distillers Grain,Missouri,Wet 65-70%,Truck,75.0,75.0,75.0,$ Per Ton
2023-06-26,Distillers Grain,N/A,Dried 10%,Rail,275.0,275.0,275.0,$ Per Ton
2023-06-26,Distillers Grain,N/A,Dried 10%,Ocean Vessel,271.5,270.0,273.0,$ Per Ton
2023-06-26,Distillers Grain,N/A,Dried 10%,Rail/Barge,217.5,215.0,220.0,$ Per Ton
2023-06-26,Distillers Grain,Nebraska,Wet 65-70%,Truck,83.0,75.0,92.0,$ Per Ton
2023-06-26,Distillers Grain,Nebraska,Modified Wet 55-60%,Truck,107.29,98.0,115.0,$ Per Ton
2023-06-26,Distillers Grain,Nebraska,Dried 10%,Truck,211.13,199.0,225.0,$ Per Ton
2023-06-26,Distillers Grain,Ohio,Dried 10%,Truck,220.0,205.0,245.0,$ Per Ton
2023-06-26,Distillers Grain,South Dakota,Wet 65-70%,Truck,75.0,75.0,75.0,$ Per Ton
2023-06-26,Distillers Grain,South Dakota,Modified Wet 55-60%,Truck,106.4,100.0,110.0,$ Per Ton
2023-06-26,Distillers Grain,South Dakota,Dried 10%,Truck,205.33,196.0,215.0,$ Per Ton
2023-06-26,Distillers Grain,Wisconsin,Wet 65-70%,Truck,86.5,75.0,98.0,$ Per Ton
2023-06-26,Distillers Grain,Wisconsin,Modified Wet 55-60%,Truck,105.0,105.0,105.0,$ Per Ton
2023-06-26,Distillers Grain,Wisconsin,Dried 10%,Truck,203.25,198.0,205.0,$ Per Ton
2023-06-26,Ethanol,Illinois,,Truck,2.595,2.595,2.595,$ Per Gallon
2023-06-26,Ethanol,Illinois,,Rail,2.59,2.59,2.59,$ Per Gallon
2023-06-26,Ethanol,Iowa,,Truck,2.4725,2.43,2.495,$ Per Gallon
2023-06-26,Ethanol,Kansas,,Truck,2.5067,2.43,2.6,$ Per Gallon
2023-06-26,Ethanol,Minnesota,,Truck,2.475,2.475,2.475,$ Per Gallon
2023-06-26,Ethanol,Nebraska,,Truck,2.4213,2.27,2.495,$ Per Gallon
2023-06-26,Ethanol,South Dakota,,Rail,2.475,2.475,2.475,$ Per Gallon
2023-06-26,Ethanol,Wisconsin,,Truck,2.449,2.449,2.449,$ Per Gallon
2023-07-03,Biodiesel,Illinois,B100,Truck,6.07,6.07,6.07,$ Per Gallon
2023-07-03,Biodiesel,Minnesota,B100,Truck,5.05,5.05,5.05,$ Per Gallon
2023-07-03,Distillers Corn Oil,Illinois,,Truck,62.8,59.0,65.0,Cents Per Lb
2023-07-03,Distillers Corn Oil,Indiana,,Truck,59.5,59.0,60.0,Cents Per Lb
2023-07-03,Distillers Corn Oil,Iowa,,Truck,60.0,58.0,63.0,Cents Per Lb
2023-07-03,Distillers Corn Oil,Kansas,,Truck,54.67,54.0,55.0,Cents Per Lb
2023-07-03,Distillers Corn Oil,Michigan,,Truck,58.6,57.0,60.0,Cents Per Lb
2023-07-03,Distillers Corn Oil,Minnesota,,Truck,59.0,58.0,60.0,Cents Per Lb
2023-07-03,Distillers Corn Oil,Missouri,,Truck,61.0,59.0,64.0,Cents Per Lb
2023-07-03,Distillers Corn Oil,Nebraska,,Truck,59.83,58.0,65.0,Cents Per Lb
2023-07-03,Distillers Corn Oil,Ohio,,Truck,59.5,59.0,60.0,Cents Per Lb
2023-07-03,Distillers Corn Oil,South Dakota,,Truck,62.67,60.0,64.0,Cents Per Lb
2023-07-03,Distillers Corn Oil,Wisconsin,,Truck,63.5,61.0,66.0,Cents Per Lb
2023-07-03,Distillers Grain,Illinois,Dried 10%,Truck,208.75,200.0,220.0,$ Per Ton
2023-07-03,Distillers Grain,Illinois,Wet 65-70%,Truck,85.0,85.0,85.0,$ Per Ton
2023-07-03,Distillers Grain,Indiana,Dried 10%,Truck,206.67,200.0,215.0,$ Per Ton
2023-07-03,Distillers Grain,Iowa,Dried 10%,Truck,196.82,175.0,220.0,$ Per Ton
2023-07-03,Distillers Grain,Iowa,Modified Wet 55-60%,Truck,96.25,90.0,100.0,$ Per Ton
2023-07-03,Distillers Grain,Iowa,Wet 65-70%,Truck,69.5,60.0,75.0,$ Per Ton
2023-07-03,Distillers Grain,Kansas,Wet 65-70%,Truck,85.75,85.0,88.0,$ Per Ton
2023-07-03,Distillers Grain,Kansas,Dried 10%,Truck,226.67,210.0,235.0,$ Per Ton
2023-07-03,Distillers Grain,Michigan,Dried 10%,Truck,201.25,195.0,210.0,$ Per Ton
2023-07-03,Distillers Grain,Minnesota,Wet 65-70%,Truck,75.0,75.0,75.0,$ Per Ton
2023-07-03,Distillers Grain,Minnesota,Modified Wet 55-60%,Truck,105.0,100.0,110.0,$ Per Ton
2023-07-03,Distillers Grain,Minnesota,Dried 10%,Truck,200.0,190.0,210.0,$ Per Ton
2023-07-03,Distillers Grain,Missouri,Wet 65-70%,Truck,70.0,65.0,75.0,$ Per Ton
2023-07-03,Distillers Grain,Missouri,Modified Wet 55-60%,Truck,125.0,125.0,125.0,$ Per Ton
2023-07-03,Distillers Grain,Missouri,Dried 10%,Truck,212.5,210.0,215.0,$ Per Ton
2023-07-03,Distillers Grain,N/A,Dried 10%,Rail/Barge,217.5,215.0,220.0,$ Per Ton
2023-07-03,Distillers Grain,N/A,Dried 10%,Ocean Vessel,271.5,270.0,273.0,$ Per Ton
2023-07-03,Distillers Grain,N/A,Dried 10%,Rail,275.0,275.0,275.0,$ Per Ton
2023-07-03,Distillers Grain,Nebraska,Modified Wet 55-60%,Truck,102.5,90.0,115.0,$ Per Ton
2023-07-03,Distillers Grain,Nebraska,Dried 10%,Truck,208.63,199.0,225.0,$ Per Ton
2023-07-03,Distillers Grain,Nebraska,Wet 65-70%,Truck,79.75,65.0,92.0,$ Per Ton
2023-07-03,Distillers Grain,Ohio,Dried 10%,Truck,207.5,205.0,210.0,$ Per Ton
2023-07-03,Distillers Grain,South Dakota,Wet 65-70%,Truck,75.0,75.0,75.0,$ Per Ton
2023-07-03,Distillers Grain,South Dakota,Modified Wet 55-60%,Truck,106.4,100.0,110.0,$ Per Ton
2023-07-03,Distillers Grain,South Dakota,Dried 10%,Truck,205.33,196.0,215.0,$ Per Ton
2023-07-03,Distillers Grain,Wisconsin,Modified Wet 55-60%,Truck,105.0,105.0,105.0,$ Per Ton
2023-07-03,Distillers Grain,Wisconsin,Dried 10%,Truck,201.25,190.0,205.0,$ Per Ton
2023-07-03,Distillers Grain,Wisconsin,Wet 65-70%,Truck,84.0,75.0,93.0,$ Per Ton
2023-07-03,Ethanol,Illinois,,Truck,2.39,2.39,2.39,$ Per Gallon
2023-07-03,Ethanol,Iowa,,Truck,2.2875,2.2725,2.3,$ Per Gallon
2023-07-03,Ethanol,Kansas,,Truck,2.4,2.4,2.4,$ Per Gallon
2023-07-03,Ethanol,Minnesota,,Truck,2.2725,2.2725,2.2725,$ Per Gallon
2023-07-03,Ethanol,Nebraska,,Truck,2.28,2.27,2.29,$ Per Gallon
2023-07-03,Ethanol,South Dakota,,Rail,2.2625,2.2625,2.2625,$ Per Gallon
2023-07-03,Ethanol,Wisconsin,,Truck,2.3,2.3,2.3,$ Per Gallon
2023-07-10,Biodiesel,Illinois,B100,Truck,5.73,5.73,5.73,$ Per Gallon
2023-07-10,Biodiesel,Minnesota,B100,Truck,5.6,5.6,5.6,$ Per Gallon
2023-07-10,Distillers Corn Oil,Illinois,,Truck,64.25,59.0,68.0,Cents Per Lb
2023-07-10,Distillers Corn Oil,Indiana,,Truck,59.5,59.0,60.0,Cents Per Lb
2023-07-10,Distillers Corn Oil,Iowa,,Truck,63.25,59.0,70.0,Cents Per Lb
2023-07-10,Distillers Corn Oil,Kansas,,Truck,63.5,63.0,64.0,Cents Per Lb
2023-07-10,Distillers Corn Oil,Michigan,,Truck,58.6,57.0,60.0,Cents Per Lb
2023-07-10,Distillers Corn Oil,Minnesota,,Truck,59.0,58.0,60.0,Cents Per Lb
2023-07-10,Distillers Corn Oil,Missouri,,Truck,61.0,59.0,64.0,Cents Per Lb
2023-07-10,Distillers Corn Oil,Nebraska,,Truck,62.0,58.0,65.0,Cents Per Lb
2023-07-10,Distillers Corn Oil,Ohio,,Truck,59.5,59.0,60.0,Cents Per Lb
2023-07-10,Distillers Corn Oil,South Dakota,,Truck,63.5,60.0,66.0,Cents Per Lb
2023-07-10,Distillers Corn Oil,Wisconsin,,Truck,63.5,61.0,66.0,Cents Per Lb
2023-07-10,Distillers Grain,Illinois,Dried 10%,Truck,208.25,200.0,218.0,$ Per Ton
2023-07-10,Distillers Grain,Illinois,Wet 65-70%,Truck,85.0,85.0,85.0,$ Per Ton
2023-07-10,Distillers Grain,Indiana,Dried 10%,Truck,200.0,190.0,205.0,$ Per Ton
2023-07-10,Distillers Grain,Iowa,Dried 10%,Truck,185.0,165.0,210.0,$ Per Ton
2023-07-10,Distillers Grain,Iowa,Wet 65-70%,Truck,65.0,60.0,70.0,$ Per Ton
2023-07-10,Distillers Grain,Iowa,Modified Wet 55-60%,Truck,95.6,90.0,105.0,$ Per Ton
2023-07-10,Distillers Grain,Kansas,Dried 10%,Truck,230.0,200.0,250.0,$ Per Ton
2023-07-10,Distillers Grain,Kansas,Wet 65-70%,Truck,85.75,85.0,88.0,$ Per Ton
2023-07-10,Distillers Grain,Michigan,Dried 10%,Truck,198.75,185.0,210.0,$ Per Ton
2023-07-10,Distillers Grain,Minnesota,Modified Wet 55-60%,Truck,100.0,95.0,105.0,$ Per Ton
2023-07-10,Distillers Grain,Minnesota,Dried 10%,Truck,198.0,190.0,210.0,$ Per Ton
2023-07-10,Distillers Grain,Minnesota,Wet 65-70%,Truck,70.0,70.0,70.0,$ Per Ton
2023-07-10,Distillers Grain,Missouri,Dried 10%,Truck,210.0,210.0,210.0,$ Per Ton
2023-07-10,Distillers Grain,Missouri,Modified Wet 55-60%,Truck,125.0,125.0,125.0,$ Per Ton
2023-07-10,Distillers Grain,Missouri,Wet 65-70%,Truck,67.0,59.0,75.0,$ Per Ton
2023-07-10,Distillers Grain,N/A,Dried 10%,Rail,247.0,247.0,247.0,$ Per Ton
2023-07-10,Distillers Grain,N/A,Dried 10%,Ocean Vessel,253.5,252.0,255.0,$ Per Ton
2023-07-10,Distillers Grain,N/A,Dried 10%,Rail/Barge,210.5,210.0,211.0,$ Per Ton
2023-07-10,Distillers Grain,Nebraska,Wet 65-70%,Truck,74.0,65.0,92.0,$ Per Ton
2023-07-10,Distillers Grain,Nebraska,Modified Wet 55-60%,Truck,94.29,75.0,107.0,$ Per Ton
2023-07-10,Distillers Grain,Nebraska,Dried 10%,Truck,200.13,185.0,215.0,$ Per Ton
2023-07-10,Distillers Grain,Ohio,Dried 10%,Truck,200.0,190.0,210.0,$ Per Ton
2023-07-10,Distillers Grain,South Dakota,Wet 65-70%,Truck,75.0,75.0,75.0,$ Per Ton
2023-07-10,Distillers Grain,South Dakota,Modified Wet 55-60%,Truck,105.4,97.0,110.0,$ Per Ton
2023-07-10,Distillers Grain,South Dakota,Dried 10%,Truck,199.67,188.0,215.0,$ Per Ton
2023-07-10,Distillers Grain,Wisconsin,Modified Wet 55-60%,Truck,105.0,105.0,105.0,$ Per Ton
2023-07-10,Distillers Grain,Wisconsin,Dried 10%,Truck,201.25,190.0,205.0,$ Per Ton
2023-07-10,Distillers Grain,Wisconsin,Wet 65-70%,Truck,84.0,75.0,93.0,$ Per Ton
2023-07-10,Ethanol,Illinois,,Truck,2.27,2.24,2.3,$ Per Gallon
2023-07-10,Ethanol,Iowa,,Truck,2.3383,2.29,2.4,$ Per Gallon
2023-07-10,Ethanol,Kansas,,Truck,2.42,2.42,2.42,$ Per Gallon
2023-07-10,Ethanol,Minnesota,,Truck,2.3,2.3,2.3,$ Per Gallon
2023-07-10,Ethanol,Nebraska,,Truck,2.28,2.27,2.29,$ Per Gallon
2023-07-10,Ethanol,South Dakota,,Rail,2.3,2.3,2.3,$ Per Gallon
2023-07-10,Ethanol,Wisconsin,,Truck,2.3,2.3,2.3,$ Per Gallon
2023-07-17,Biodiesel,Illinois,B100,Truck,5.72,5.72,5.72,$ Per Gallon
2023-07-17,Biodiesel,Minnesota,B100,Truck,5.66,5.66,5.66,$ Per Gallon
2023-07-17,Distillers Corn Oil,Illinois,,Truck,68.5,67.0,70.0,Cents Per Lb
2023-07-17,Distillers Corn Oil,Indiana,,Truck,59.5,59.0,60.0,Cents Per Lb
2023-07-17,Distillers Corn Oil,Iowa,,Truck,67.75,64.0,70.0,Cents Per Lb
2023-07-17,Distillers Corn Oil,Kansas,,Truck,63.5,63.0,64.0,Cents Per Lb
2023-07-17,Distillers Corn Oil,Michigan,,Truck,60.6,58.0,67.0,Cents Per Lb
2023-07-17,Distillers Corn Oil,Minnesota,,Truck,59.0,58.0,60.0,Cents Per Lb
2023-07-17,Distillers Corn Oil,Missouri,,Truck,62.0,59.0,67.0,Cents Per Lb
2023-07-17,Distillers Corn Oil,Nebraska,,Truck,63.67,59.0,69.0,Cents Per Lb
2023-07-17,Distillers Corn Oil,Ohio,,Truck,59.5,59.0,60.0,Cents Per Lb
2023-07-17,Distillers Corn Oil,South Dakota,,Truck,66.0,60.0,68.0,Cents Per Lb
2023-07-17,Distillers Corn Oil,Wisconsin,,Truck,65.0,61.0,69.0,Cents Per Lb
2023-07-17,Distillers Grain,Illinois,Dried 10%,Truck,225.0,210.0,255.0,$ Per Ton
2023-07-17,Distillers Grain,Illinois,Wet 65-70%,Truck,82.0,82.0,82.0,$ Per Ton
2023-07-17,Distillers Grain,Indiana,Dried 10%,Truck,200.0,195.0,210.0,$ Per Ton
2023-07-17,Distillers Grain,Iowa,Modified Wet 55-60%,Truck,100.0,95.0,105.0,$ Per Ton
2023-07-17,Distillers Grain,Iowa,Dried 10%,Truck,191.67,170.0,215.0,$ Per Ton
2023-07-17,Distillers Grain,Iowa,Wet 65-70%,Truck,61.67,50.0,70.0,$ Per Ton
2023-07-17,Distillers Grain,Kansas,Dried 10%,Truck,229.5,198.0,250.0,$ Per Ton
2023-07-17,Distillers Grain,Kansas,Wet 65-70%,Truck,85.75,85.0,88.0,$ Per Ton
2023-07-17,Distillers Grain,Michigan,Dried 10%,Truck,195.0,190.0,200.0,$ Per Ton
2023-07-17,Distillers Grain,Minnesota,Dried 10%,Truck,197.0,190.0,210.0,$ Per Ton
2023-07-17,Distillers Grain,Minnesota,Wet 65-70%,Truck,70.0,70.0,70.0,$ Per Ton
2023-07-17,Distillers Grain,Minnesota,Modified Wet 55-60%,Truck,100.0,95.0,105.0,$ Per Ton
2023-07-17,Distillers Grain,Missouri,Dried 10%,Truck,203.5,197.0,210.0,$ Per Ton
2023-07-17,Distillers Grain,Missouri,Modified Wet 55-60%,Truck,125.0,125.0,125.0,$ Per Ton
2023-07-17,Distillers Grain,Missouri,Wet 65-70%,Truck,71.0,67.0,75.0,$ Per Ton
2023-07-17,Distillers Grain,N/A,Dried 10%,Rail/Barge,225.0,225.0,225.0,$ Per Ton
2023-07-17,Distillers Grain,N/A,Dried 10%,Rail,258.0,258.0,258.0,$ Per Ton
2023-07-17,Distillers Grain,N/A,Dried 10%,Ocean Vessel,270.0,270.0,270.0,$ Per Ton
2023-07-17,Distillers Grain,Nebraska,Wet 65-70%,Truck,72.0,65.0,83.0,$ Per Ton
2023-07-17,Distillers Grain,Nebraska,Modified Wet 55-60%,Truck,97.17,90.0,107.0,$ Per Ton
2023-07-17,Distillers Grain,Nebraska,Dried 10%,Truck,195.67,190.0,205.0,$ Per Ton
2023-07-17,Distillers Grain,Ohio,Dried 10%,Truck,191.67,190.0,195.0,$ Per Ton
2023-07-17,Distillers Grain,South Dakota,Wet 65-70%,Truck,75.0,75.0,75.0,$ Per Ton
2023-07-17,Distillers Grain,South Dakota,Modified Wet 55-60%,Truck,106.0,100.0,110.0,$ Per Ton
2023-07-17,Distillers Grain,South Dakota,Dried 10%,Truck,205.33,196.0,215.0,$ Per Ton
2023-07-17,Distillers Grain,Wisconsin,Modified Wet 55-60%,Truck,97.0,97.0,97.0,$ Per Ton
2023-07-17,Distillers Grain,Wisconsin,Dried 10%,Truck,194.5,185.0,205.0,$ Per Ton
2023-07-17,Distillers Grain,Wisconsin,Wet 65-70%,Truck,82.5,75.0,90.0,$ Per Ton
2023-07-17,Ethanol,Illinois,,Truck,2.56,2.56,2.56,$ Per Gallon
2023-07-17,Ethanol,Illinois,,Rail,2.48,2.48,2.48,$ Per Gallon
2023-07-17,Ethanol,Iowa,,Truck,2.4333,2.37,2.5,$ Per Gallon
2023-07-17,Ethanol,Kansas,,Truck,2.46,2.37,2.58,$ Per Gallon
2023-07-17,Ethanol,Minnesota,,Truck,2.3,2.3,2.3,$ Per Gallon
2023-07-17,Ethanol,Nebraska,,Truck,2.426,2.37,2.48,$ Per Gallon
2023-07-17,Ethanol,South Dakota,,Rail,2.3,2.3,2.3,$ Per Gallon
2023-07-17,Ethanol,Wisconsin,,Truck,2.3,2.3,2.3,$ Per Gallon
2023-07-24,Biodiesel,Illinois,B100,Truck,5.72,5.72,5.72,$ Per Gallon
2023-07-24,Biodiesel,Minnesota,B100,Truck,5.73,5.73,5.73,$ Per Gallon
2023-07-24,Distillers Corn Oil,Illinois,,Truck,68.5,67.0,70.0,Cents Per Lb
2023-07-24,Distillers Corn Oil,Indiana,,Truck,70.0,69.0,71.0,Cents Per Lb
2023-07-24,Distillers Corn Oil,Iowa,,Truck,69.29,67.0,71.0,Cents Per Lb
2023-07-24,Distillers Corn Oil,Kansas,,Truck,62.75,62.0,64.0,Cents Per Lb
2023-07-24,Distillers Corn Oil,Michigan,,Truck,69.33,68.0,71.0,Cents Per Lb
2023-07-24,Distillers Corn Oil,Minnesota,,Truck,69.5,68.0,71.0,Cents Per Lb
2023-07-24,Distillers Corn Oil,Missouri,,Truck,68.67,67.0,71.0,Cents Per Lb
2023-07-24,Distillers Corn Oil,Nebraska,,Truck,67.67,60.0,70.0,Cents Per Lb
2023-07-24,Distillers Corn Oil,Ohio,,Truck,70.0,69.0,71.0,Cents Per Lb
2023-07-24,Distillers Corn Oil,South Dakota,,Truck,70.2,68.0,72.0,Cents Per Lb
2023-07-24,Distillers Corn Oil,Wisconsin,,Truck,69.5,68.0,71.0,Cents Per Lb
2023-07-24,Distillers Grain,Illinois,Dried 10%,Truck,219.33,208.0,240.0,$ Per Ton
2023-07-24,Distillers Grain,Illinois,Wet 65-70%,Truck,85.0,85.0,85.0,$ Per Ton
2023-07-24,Distillers Grain,Indiana,Dried 10%,Truck,203.6,195.0,220.0,$ Per Ton
2023-07-24,Distillers Grain,Iowa,Wet 65-70%,Truck,62.5,55.0,70.0,$ Per Ton
2023-07-24,Distillers Grain,Iowa,Modified Wet 55-60%,Truck,101.75,95.0,105.0,$ Per Ton
2023-07-24,Distillers Grain,Iowa,Dried 10%,Truck,195.0,185.0,205.0,$ Per Ton
2023-07-24,Distillers Grain,Kansas,Wet 65-70%,Truck,88.25,85.0,90.0,$ Per Ton
2023-07-24,Distillers Grain,Kansas,Dried 10%,Truck,233.75,205.0,250.0,$ Per Ton
2023-07-24,Distillers Grain,Michigan,Dried 10%,Truck,203.75,190.0,230.0,$ Per Ton
2023-07-24,Distillers Grain,Minnesota,Wet 65-70%,Truck,70.0,70.0,70.0,$ Per Ton
2023-07-24,Distillers Grain,Minnesota,Modified Wet 55-60%,Truck,96.0,90.0,102.0,$ Per Ton
2023-07-24,Distillers Grain,Minnesota,Dried 10%,Truck,203.0,190.0,220.0,$ Per Ton
2023-07-24,Distillers Grain,Missouri,Wet 65-70%,Truck,68.0,63.0,73.0,$ Per Ton
2023-07-24,Distillers Grain,Missouri,Modified Wet 55-60%,Truck,125.0,125.0,125.0,$ Per Ton
2023-07-24,Distillers Grain,Missouri,Dried 10%,Truck,225.0,210.0,240.0,$ Per Ton
2023-07-24,Distillers Grain,N/A,Dried 10%,Ocean Vessel,240.25,226.0,255.0,$ Per Ton
2023-07-24,Distillers Grain,N/A,Dried 10%,Rail/Barge,225.0,225.0,225.0,$ Per Ton
2023-07-24,Distillers Grain,Nebraska,Wet 65-70%,Truck,73.75,65.0,89.0,$ Per Ton
2023-07-24,Distillers Grain,Nebraska,Modified Wet 55-60%,Truck,90.14,75.0,101.0,$ Per Ton
2023-07-24,Distillers Grain,Nebraska,Dried 10%,Truck,204.38,190.0,215.0,$ Per Ton
2023-07-24,Distillers Grain,Ohio,Dried 10%,Truck,200.75,190.0,220.0,$ Per Ton
2023-07-24,Distillers Grain,South Dakota,Wet 65-70%,Truck,75.0,75.0,75.0,$ Per Ton
2023-07-24,Distillers Grain,South Dakota,Modified Wet 55-60%,Truck,101.67,95.0,110.0,$ Per Ton
2023-07-24,Distillers Grain,South Dakota,Dried 10%,Truck,207.0,196.0,215.0,$ Per Ton
2023-07-24,Distillers Grain,Wisconsin,Wet 65-70%,Truck,85.5,75.0,96.0,$ Per Ton
2023-07-24,Distillers Grain,Wisconsin,Modified Wet 55-60%,Truck,106.0,106.0,106.0,$ Per Ton
2023-07-24,Distillers Grain,Wisconsin,Dried 10%,Truck,201.75,197.0,205.0,$ Per Ton
2023-07-24,Ethanol,Illinois,,Truck,2.515,2.51,2.52,$ Per Gallon
2023-07-24,Ethanol,Illinois,,Rail,2.48,2.48,2.48,$ Per Gallon
2023-07-24,Ethanol,Indiana,,Truck,2.53,2.53,2.53,$ Per Gallon
2023-07-24,Ethanol,Iowa,,Truck,2.415,2.33,2.55,$ Per Gallon
2023-07-24,Ethanol,Kansas,,Truck,2.42,2.33,2.54,$ Per Gallon
2023-07-24,Ethanol,Minnesota,,Truck,2.33,2.3,2.36,$ Per Gallon
2023-07-24,Ethanol,Nebraska,,Truck,2.395,2.33,2.43,$ Per Gallon
2023-07-24,Ethanol,South Dakota,,Rail,2.3,2.3,2.3,$ Per Gallon
2023-07-24,Ethanol,Wisconsin,,Truck,2.3,2.3,2.3,$ Per Gallon
2023-07-31,Biodiesel,Illinois,B100,Truck,5.72,5.72,5.72,$ Per Gallon
2023-07-31,Biodiesel,Minnesota,B100,Truck,5.73,5.73,5.73,$ Per Gallon
2023-07-31,Distillers Corn Oil,Illinois,,Truck,68.33,67.0,69.0,Cents Per Lb
2023-07-31,Distillers Corn Oil,Indiana,,Truck,69.5,69.0,70.0,Cents Per Lb
2023-07-31,Distillers Corn Oil,Iowa,,Truck,69.38,67.0,73.0,Cents Per Lb
2023-07-31,Distillers Corn Oil,Kansas,,Truck,66.75,63.0,70.0,Cents Per Lb
2023-07-31,Distillers Corn Oil,Michigan,,Truck,68.67,68.0,70.0,Cents Per Lb
2023-07-31,Distillers Corn Oil,Minnesota,,Truck,69.0,68.0,70.0,Cents Per Lb
2023-07-31,Distillers Corn Oil,Missouri,,Truck,69.67,69.0,70.0,Cents Per Lb
2023-07-31,Distillers Corn Oil,Nebraska,,Truck,67.67,60.0,70.0,Cents Per Lb
2023-07-31,Distillers Corn Oil,Ohio,,Truck,69.5,69.0,70.0,Cents Per Lb
2023-07-31,Distillers Corn Oil,South Dakota,,Truck,68.71,68.0,70.0,Cents Per Lb
2023-07-31,Distillers Corn Oil,Wisconsin,,Truck,69.0,67.0,71.0,Cents Per Lb
2023-07-31,Distillers Grain,Illinois,Dried 10%,Truck,207.67,200.0,215.0,$ Per Ton
2023-07-31,Distillers Grain,Illinois,Wet 65-70%,Truck,85.0,85.0,85.0,$ Per Ton
2023-07-31,Distillers Grain,Indiana,Dried 10%,Truck,200.0,190.0,220.0,$ Per Ton
2023-07-31,Distillers Grain,Iowa,Wet 65-70%,Truck,64.67,59.0,70.0,$ Per Ton
2023-07-31,Distillers Grain,Iowa,Dried 10%,Truck,192.0,170.0,210.0,$ Per Ton
2023-07-31,Distillers Grain,Iowa,Modified Wet 55-60%,Truck,96.25,90.0,100.0,$ Per Ton
2023-07-31,Distillers Grain,Kansas,Wet 65-70%,Truck,86.25,85.0,87.0,$ Per Ton
2023-07-31,Distillers Grain,Kansas,Dried 10%,Truck,228.5,200.0,250.0,$ Per Ton
2023-07-31,Distillers Grain,Michigan,Dried 10%,Truck,202.5,190.0,230.0,$ Per Ton
2023-07-31,Distillers Grain,Minnesota,Wet 65-70%,Truck,70.0,70.0,70.0,$ Per Ton
2023-07-31,Distillers Grain,Minnesota,Modified Wet 55-60%,Truck,98.5,95.0,102.0,$ Per Ton
2023-07-31,Distillers Grain,Minnesota,Dried 10%,Truck,202.0,190.0,220.0,$ Per Ton
2023-07-31,Distillers Grain,Missouri,Wet 65-70%,Truck,69.0,65.0,73.0,$ Per Ton
2023-07-31,Distillers Grain,Missouri,Dried 10%,Truck,230.0,225.0,240.0,$ Per Ton
2023-07-31,Distillers Grain,Missouri,Modified Wet 55-60%,Truck,120.0,120.0,120.0,$ Per Ton
2023-07-31,Distillers Grain,N/A,Dried 10%,Ocean Vessel,238.5,226.0,248.0,$ Per Ton
2023-07-31,Distillers Grain,N/A,Dried 10%,Rail/Barge,218.0,218.0,218.0,$ Per Ton
2023-07-31,Distillers Grain,Nebraska,Wet 65-70%,Truck,70.5,70.0,71.0,$ Per Ton
2023-07-31,Distillers Grain,Nebraska,Modified Wet 55-60%,Truck,88.43,75.0,95.0,$ Per Ton
2023-07-31,Distillers Grain,Nebraska,Dried 10%,Truck,201.5,190.0,215.0,$ Per Ton
2023-07-31,Distillers Grain,Ohio,Dried 10%,Truck,200.0,190.0,220.0,$ Per Ton
2023-07-31,Distillers Grain,South Dakota,Wet 65-70%,Truck,75.0,75.0,75.0,$ Per Ton
2023-07-31,Distillers Grain,South Dakota,Modified Wet 55-60%,Truck,106.67,95.0,135.0,$ Per Ton
2023-07-31,Distillers Grain,South Dakota,Dried 10%,Truck,201.0,196.0,215.0,$ Per Ton
2023-07-31,Distillers Grain,Wisconsin,Wet 65-70%,Truck,84.0,75.0,93.0,$ Per Ton
2023-07-31,Distillers Grain,Wisconsin,Modified Wet 55-60%,Truck,106.0,106.0,106.0,$ Per Ton
2023-07-31,Distillers Grain,Wisconsin,Dried 10%,Truck,199.5,193.0,205.0,$ Per Ton
2023-07-31,Ethanol,Illinois,,Truck,2.36,2.21,2.51,$ Per Gallon
2023-07-31,Ethanol,Illinois,,Rail,2.2,2.2,2.2,$ Per Gallon
2023-07-31,Ethanol,Indiana,,Truck,2.53,2.53,2.53,$ Per Gallon
2023-07-31,Ethanol,Iowa,,Truck,2.2413,2.02,2.43,$ Per Gallon
2023-07-31,Ethanol,Kansas,,Truck,2.04,2.02,2.08,$ Per Gallon
2023-07-31,Ethanol,Minnesota,,Truck,2.33,2.3,2.36,$ Per Gallon
2023-07-31,Ethanol,Nebraska,,Truck,2.28,2.02,2.43,$ Per Gallon
2023-07-31,Ethanol,South Dakota,,Rail,2.3,2.3,2.3,$ Per Gallon
2023-07-31,Ethanol,Wisconsin,,Truck,2.3,2.3,2.3,$ Per Gallon
2023-08-07,Biodiesel,Minnesota,B100,Truck,5.17,5.17,5.17,$ Per Gallon
2023-08-07,Distillers Corn Oil,Illinois,,Truck,68.25,67.0,70.0,Cents Per Lb
2023-08-07,Distillers Corn Oil,Indiana,,Truck,68.33,67.0,70.0,Cents Per Lb
2023-08-07,Distillers Corn Oil,Iowa,,Truck,68.13,65.0,72.0,Cents Per Lb
2023-08-07,Distillers Corn Oil,Kansas,,Truck,62.75,62.0,64.0,Cents Per Lb
2023-08-07,Distillers Corn Oil,Michigan,,Truck,68.2,67.0,70.0,Cents Per Lb
2023-08-07,Distillers Corn Oil,Minnesota,,Truck,68.0,67.0,70.0,Cents Per Lb
2023-08-07,Distillers Corn Oil,Missouri,,Truck,68.67,67.0,70.0,Cents Per Lb
2023-08-07,Distillers Corn Oil,Nebraska,,Truck,68.33,67.0,70.0,Cents Per Lb
2023-08-07,Distillers Corn Oil,Ohio,,Truck,69.0,68.0,70.0,Cents Per Lb
2023-08-07,Distillers Corn Oil,South Dakota,,Truck,67.71,67.0,70.0,Cents Per Lb
2023-08-07,Distillers Corn Oil,Wisconsin,,Truck,69.5,68.0,71.0,Cents Per Lb
2023-08-07,Distillers Grain,Illinois,Dried 10%,Truck,207.67,200.0,215.0,$ Per Ton
2023-08-07,Distillers Grain,Illinois,Wet 65-70%,Truck,70.0,70.0,70.0,$ Per Ton
2023-08-07,Distillers Grain,Indiana,Dried 10%,Truck,197.6,185.0,220.0,$ Per Ton
2023-08-07,Distillers Grain,Iowa,Dried 10%,Truck,193.18,170.0,210.0,$ Per Ton
2023-08-07,Distillers Grain,Iowa,Modified Wet 55-60%,Truck,98.6,90.0,105.0,$ Per Ton
2023-08-07,Distillers Grain,Iowa,Wet 65-70%,Truck,63.33,60.0,70.0,$ Per Ton
2023-08-07,Distillers Grain,Kansas,Wet 65-70%,Truck,86.6,82.0,90.0,$ Per Ton
2023-08-07,Distillers Grain,Kansas,Dried 10%,Truck,230.0,200.0,250.0,$ Per Ton
2023-08-07,Distillers Grain,Michigan,Dried 10%,Truck,202.5,190.0,230.0,$ Per Ton
2023-08-07,Distillers Grain,Minnesota,Wet 65-70%,Truck,70.0,70.0,70.0,$ Per Ton
2023-08-07,Distillers Grain,Minnesota,Modified Wet 55-60%,Truck,96.0,90.0,102.0,$ Per Ton
2023-08-07,Distillers Grain,Minnesota,Dried 10%,Truck,202.0,190.0,220.0,$ Per Ton
2023-08-07,Distillers Grain,Missouri,Wet 65-70%,Truck,69.0,65.0,73.0,$ Per Ton
2023-08-07,Distillers Grain,Missouri,Modified Wet 55-60%,Truck,120.0,120.0,120.0,$ Per Ton
2023-08-07,Distillers Grain,Missouri,Dried 10%,Truck,228.33,220.0,240.0,$ Per Ton
2023-08-07,Distillers Grain,N/A,Dried 10%,Rail,248.0,248.0,248.0,$ Per Ton
2023-08-07,Distillers Grain,N/A,Dried 10%,Ocean Vessel,265.0,265.0,265.0,$ Per Ton
2023-08-07,Distillers Grain,N/A,Dried 10%,Rail/Barge,218.0,218.0,218.0,$ Per Ton
2023-08-07,Distillers Grain,Nebraska,Wet 65-70%,Truck,71.4,60.0,85.0,$ Per Ton
2023-08-07,Distillers Grain,Nebraska,Modified Wet 55-60%,Truck,90.0,82.0,100.0,$ Per Ton
2023-08-07,Distillers Grain,Nebraska,Dried 10%,Truck,196.13,185.0,215.0,$ Per Ton
2023-08-07,Distillers Grain,Ohio,Dried 10%,Truck,211.67,185.0,230.0,$ Per Ton
2023-08-07,Distillers Grain,South Dakota,Wet 65-70%,Truck,75.0,75.0,75.0,$ Per Ton
2023-08-07,Distillers Grain,South Dakota,Modified Wet 55-60%,Truck,101.67,100.0,110.0,$ Per Ton
2023-08-07,Distillers Grain,South Dakota,Dried 10%,Truck,202.0,196.0,215.0,$ Per Ton
2023-08-07,Distillers Grain,Wisconsin,Modified Wet 55-60%,Truck,106.0,106.0,106.0,$ Per Ton
2023-08-07,Distillers Grain,Wisconsin,Dried 10%,Truck,195.75,193.0,200.0,$ Per Ton
2023-08-07,Distillers Grain,Wisconsin,Wet 65-70%,Truck,80.5,68.0,93.0,$ Per Ton
2023-08-07,Ethanol,Illinois,,Truck,2.1775,2.1775,2.1775,$ Per Gallon
2023-08-07,Ethanol,Illinois,,Rail,2.2,2.2,2.2,$ Per Gallon
2023-08-07,Ethanol,Iowa,,Truck,2.1011,2.02,2.21,$ Per Gallon
2023-08-07,Ethanol,Kansas,,Truck,2.0933,2.02,2.18,$ Per Gallon
2023-08-07,Ethanol,Minnesota,,Truck,2.0675,2.0675,2.0675,$ Per Gallon
2023-08-07,Ethanol,Nebraska,,Truck,2.3575,2.21,2.42,$ Per Gallon
2023-08-07,Ethanol,South Dakota,,Rail,2.0575,2.0575,2.0575,$ Per Gallon
2023-08-07,Ethanol,Wisconsin,,Truck,2.3,2.3,2.3,$ Per Gallon
2023-08-14,Biodiesel,Minnesota,B100,Truck,5.17,5.17,5.17,$ Per Gallon
2023-08-14,Distillers Corn Oil,Illinois,,Truck,69.33,67.0,72.0,Cents Per Lb
2023-08-14,Distillers Corn Oil,Indiana,,Truck,68.33,67.0,70.0,Cents Per Lb
2023-08-14,Distillers Corn Oil,Iowa,,Truck,67.88,67.0,70.0,Cents Per Lb
2023-08-14,Distillers Corn Oil,Kansas,,Truck,72.0,72.0,72.0,Cents Per Lb
2023-08-14,Distillers Corn Oil,Michigan,,Truck,68.2,67.0,70.0,Cents Per Lb
2023-08-14,Distillers Corn Oil,Minnesota,,Truck,68.0,67.0,70.0,Cents Per Lb
2023-08-14,Distillers Corn Oil,Missouri,,Truck,68.33,67.0,70.0,Cents Per Lb
2023-08-14,Distillers Corn Oil,Nebraska,,Truck,69.0,67.0,71.0,Cents Per Lb
2023-08-14,Distillers Corn Oil,Ohio,,Truck,69.0,68.0,70.0,Cents Per Lb
2023-08-14,Distillers Corn Oil,South Dakota,,Truck,68.29,67.0,70.0,Cents Per Lb
2023-08-14,Distillers Corn Oil,Wisconsin,,Truck,70.0,69.0,71.0,Cents Per Lb
2023-08-14,Distillers Grain,Illinois,Dried 10%,Truck,205.0,195.0,215.0,$ Per Ton
2023-08-14,Distillers Grain,Illinois,Wet 65-70%,Truck,73.5,65.0,82.0,$ Per Ton
2023-08-14,Distillers Grain,Indiana,Dried 10%,Truck,198.75,190.0,220.0,$ Per Ton
2023-08-14,Distillers Grain,Iowa,Dried 10%,Truck,187.09,165.0,210.0,$ Per Ton
2023-08-14,Distillers Grain,Iowa,Modified Wet 55-60%,Truck,96.0,90.0,105.0,$ Per Ton
2023-08-14,Distillers Grain,Iowa,Wet 65-70%,Truck,61.33,55.0,70.0,$ Per Ton
2023-08-14,Distillers Grain,Kansas,Wet 65-70%,Truck,82.8,79.0,85.0,$ Per Ton
2023-08-14,Distillers Grain,Kansas,Dried 10%,Truck,227.5,220.0,235.0,$ Per Ton
2023-08-14,Distillers Grain,Michigan,Dried 10%,Truck,202.5,190.0,230.0,$ Per Ton
2023-08-14,Distillers Grain,Minnesota,Wet 65-70%,Truck,70.0,70.0,70.0,$ Per Ton
2023-08-14,Distillers Grain,Minnesota,Modified Wet 55-60%,Truck,96.0,90.0,102.0,$ Per Ton
2023-08-14,Distillers Grain,Minnesota,Dried 10%,Truck,197.0,185.0,210.0,$ Per Ton
2023-08-14,Distillers Grain,Missouri,Wet 65-70%,Truck,69.0,65.0,73.0,$ Per Ton
2023-08-14,Distillers Grain,Missouri,Modified Wet 55-60%,Truck,120.0,120.0,120.0,$ Per Ton
2023-08-14,Distillers Grain,Missouri,Dried 10%,Truck,225.0,210.0,240.0,$ Per Ton
2023-08-14,Distillers Grain,N/A,Dried 10%,Rail,240.0,240.0,240.0,$ Per Ton
2023-08-14,Distillers Grain,N/A,Dried 10%,Ocean Vessel,257.0,255.0,259.0,$ Per Ton
2023-08-14,Distillers Grain,N/A,Dried 10%,Rail/Barge,217.5,215.0,220.0,$ Per Ton
2023-08-14,Distillers Grain,Nebraska,Wet 65-70%,Truck,73.6,60.0,85.0,$ Per Ton
2023-08-14,Distillers Grain,Nebraska,Modified Wet 55-60%,Truck,90.57,82.0,100.0,$ Per Ton
2023-08-14,Distillers Grain,Nebraska,Dried 10%,Truck,195.25,185.0,215.0,$ Per Ton
2023-08-14,Distillers Grain,Ohio,Dried 10%,Truck,197.0,183.0,220.0,$ Per Ton
2023-08-14,Distillers Grain,South Dakota,Wet 65-70%,Truck,75.0,75.0,75.0,$ Per Ton
2023-08-14,Distillers Grain,South Dakota,Modified Wet 55-60%,Truck,93.33,80.0,100.0,$ Per Ton
2023-08-14,Distillers Grain,South Dakota,Dried 10%,Truck,195.67,185.0,215.0,$ Per Ton
2023-08-14,Distillers Grain,Wisconsin,Modified Wet 55-60%,Truck,95.0,95.0,95.0,$ Per Ton
2023-08-14,Distillers Grain,Wisconsin,Dried 10%,Truck,189.0,185.0,195.0,$ Per Ton
2023-08-14,Distillers Grain,Wisconsin,Wet 65-70%,Truck,79.0,68.0,90.0,$ Per Ton
2023-08-14,Ethanol,Illinois,,Truck,2.13,2.13,2.13,$ Per Gallon
2023-08-14,Ethanol,Illinois,,Rail,2.2,2.2,2.2,$ Per Gallon
2023-08-14,Ethanol,Iowa,,Truck,2.1371,2.0,2.39,$ Per Gallon
2023-08-14,Ethanol,Kansas,,Truck,2.28,2.12,2.39,$ Per Gallon
2023-08-14,Ethanol,Minnesota,,Truck,2.0,2.0,2.0,$ Per Gallon
2023-08-14,Ethanol,Nebraska,,Truck,2.246,2.03,2.42,$ Per Gallon
2023-08-14,Ethanol,South Dakota,,Rail,1.99,1.99,1.99,$ Per Gallon
2023-08-14,Ethanol,Wisconsin,,Truck,2.3,2.3,2.3,$ Per Gallon
2023-08-21,Biodiesel,Minnesota,B100,Truck,5.15,5.15,5.15,$ Per Gallon
2023-08-21,Distillers Corn Oil,Illinois,,Truck,69.67,68.0,72.0,Cents Per Lb
2023-08-21,Distillers Corn Oil,Indiana,,Truck,68.67,68.0,70.0,Cents Per Lb
2023-08-21,Distillers Corn Oil,Iowa,,Truck,68.22,67.0,70.0,Cents Per Lb
2023-08-21,Distillers Corn Oil,Kansas,,Truck,72.0,72.0,72.0,Cents Per Lb
2023-08-21,Distillers Corn Oil,Michigan,,Truck,67.8,65.0,70.0,Cents Per Lb
2023-08-21,Distillers Corn Oil,Minnesota,,Truck,68.75,68.0,70.0,Cents Per Lb
2023-08-21,Distillers Corn Oil,Missouri,,Truck,69.0,68.0,70.0,Cents Per Lb
2023-08-21,Distillers Corn Oil,Nebraska,,Truck,69.33,68.0,71.0,Cents Per Lb
2023-08-21,Distillers Corn Oil,Ohio,,Truck,69.0,68.0,70.0,Cents Per Lb
2023-08-21,Distillers Corn Oil,South Dakota,,Truck,68.67,68.0,70.0,Cents Per Lb
2023-08-21,Distillers Corn Oil,Wisconsin,,Truck,69.0,68.0,70.0,Cents Per Lb
2023-08-21,Distillers Grain,Illinois,Dried 10%,Truck,205.67,200.0,215.0,$ Per Ton
2023-08-21,Distillers Grain,Illinois,Wet 65-70%,Truck,60.0,60.0,60.0,$ Per Ton
2023-08-21,Distillers Grain,Indiana,Dried 10%,Truck,198.25,188.0,220.0,$ Per Ton
2023-08-21,Distillers Grain,Iowa,Dried 10%,Truck,192.14,180.0,210.0,$ Per Ton
2023-08-21,Distillers Grain,Iowa,Modified Wet 55-60%,Truck,94.2,88.0,105.0,$ Per Ton
2023-08-21,Distillers Grain,Iowa,Wet 65-70%,Truck,61.33,55.0,70.0,$ Per Ton
2023-08-21,Distillers Grain,Kansas,Wet 65-70%,Truck,81.6,75.0,88.0,$ Per Ton
2023-08-21,Distillers Grain,Kansas,Dried 10%,Truck,232.5,220.0,240.0,$ Per Ton
2023-08-21,Distillers Grain,Michigan,Dried 10%,Truck,200.4,190.0,230.0,$ Per Ton
2023-08-21,Distillers Grain,Minnesota,Wet 65-70%,Truck,70.0,70.0,70.0,$ Per Ton
2023-08-21,Distillers Grain,Minnesota,Modified Wet 55-60%,Truck,95.0,88.0,102.0,$ Per Ton
2023-08-21,Distillers Grain,Minnesota,Dried 10%,Truck,192.0,180.0,210.0,$ Per Ton
2023-08-21,Distillers Grain,Missouri,Wet 65-70%,Truck,63.33,57.0,73.0,$ Per Ton
2023-08-21,Distillers Grain,Missouri,Modified Wet 55-60%,Truck,115.0,115.0,115.0,$ Per Ton
2023-08-21,Distillers Grain,Missouri,Dried 10%,Truck,217.75,199.0,240.0,$ Per Ton
2023-08-21,Distillers Grain,N/A,Dried 10%,Rail,240.0,240.0,240.0,$ Per Ton
2023-08-21,Distillers Grain,N/A,Dried 10%,Ocean Vessel,259.0,259.0,259.0,$ Per Ton
2023-08-21,Distillers Grain,N/A,Dried 10%,Rail/Barge,215.0,215.0,215.0,$ Per Ton
2023-08-21,Distillers Grain,Nebraska,Modified Wet 55-60%,Truck,91.86,82.0,100.0,$ Per Ton
2023-08-21,Distillers Grain,Nebraska,Dried 10%,Truck,195.88,185.0,210.0,$ Per Ton
2023-08-21,Distillers Grain,Nebraska,Wet 65-70%,Truck,75.75,65.0,85.0,$ Per Ton
2023-08-21,Distillers Grain,Ohio,Dried 10%,Truck,197.0,183.0,220.0,$ Per Ton
2023-08-21,Distillers Grain,South Dakota,Wet 65-70%,Truck,73.0,73.0,73.0,$ Per Ton
2023-08-21,Distillers Grain,South Dakota,Modified Wet 55-60%,Truck,95.0,85.0,100.0,$ Per Ton
2023-08-21,Distillers Grain,South Dakota,Dried 10%,Truck,193.5,178.0,215.0,$ Per Ton
2023-08-21,Distillers Grain,Wisconsin,Wet 65-70%,Truck,79.0,68.0,90.0,$ Per Ton
2023-08-21,Distillers Grain,Wisconsin,Modified Wet 55-60%,Truck,95.0,95.0,95.0,$ Per Ton
2023-08-21,Distillers Grain,Wisconsin,Dried 10%,Truck,189.0,185.0,195.0,$ Per Ton
2023-08-21,Ethanol,Illinois,,Truck,2.11,2.11,2.11,$ Per Gallon
2023-08-21,Ethanol,Iowa,,Truck,2.0254,2.0,2.06,$ Per Gallon
2023-08-21,Ethanol,Iowa,,Rail,2.08,2.08,2.08,$ Per Gallon
2023-08-21,Ethanol,Kansas,,Truck,2.12,2.12,2.12,$ Per Gallon
2023-08-21,Ethanol,Minnesota,,Truck,2.0025,2.0025,2.0025,$ Per Gallon
2023-08-21,Ethanol,Nebraska,,Rail,2.06,2.06,2.06,$ Per Gallon
2023-08-21,Ethanol,Nebraska,,Truck,2.0567,2.03,2.08,$ Per Gallon
2023-08-21,Ethanol,South Dakota,,Rail,1.9925,1.9925,1.9925,$ Per Gallon
2023-08-28,Biodiesel,Minnesota,B100,Truck,5.02,5.02,5.02,$ Per Gallon
2023-08-28,Distillers Corn Oil,Illinois,,Truck,68.25,66.0,71.0,Cents Per Lb
2023-08-28,Distillers Corn Oil,Indiana,,Truck,67.33,66.0,69.0,Cents Per Lb
2023-08-28,Distillers Corn Oil,Iowa,,Truck,67.43,65.0,70.0,Cents Per Lb
2023-08-28,Distillers Corn Oil,Kansas,,Truck,72.0,72.0,72.0,Cents Per Lb
2023-08-28,Distillers Corn Oil,Michigan,,Truck,67.4,66.0,69.0,Cents Per Lb
2023-08-28,Distillers Corn Oil,Minnesota,,Truck,67.33,66.0,69.0,Cents Per Lb
2023-08-28,Distillers Corn Oil,Missouri,,Truck,68.33,67.0,69.0,Cents Per Lb
2023-08-28,Distillers Corn Oil,Nebraska,,Truck,69.0,67.0,71.0,Cents Per Lb
2023-08-28,Distillers Corn Oil,Ohio,,Truck,68.0,67.0,69.0,Cents Per Lb
2023-08-28,Distillers Corn Oil,South Dakota,,Truck,68.0,66.0,69.0,Cents Per Lb
2023-08-28,Distillers Corn Oil,Wisconsin,,Truck,69.5,68.0,71.0,Cents Per Lb
2023-08-28,Distillers Grain,Illinois,Dried 10%,Truck,212.33,200.0,235.0,$ Per Ton
2023-08-28,Distillers Grain,Illinois,Wet 65-70%,Truck,50.0,50.0,50.0,$ Per Ton
2023-08-28,Distillers Grain,Indiana,Dried 10%,Truck,194.33,188.0,200.0,$ Per Ton
2023-08-28,Distillers Grain,Iowa,Modified Wet 55-60%,Truck,92.6,88.0,95.0,$ Per Ton
2023-08-28,Distillers Grain,Iowa,Dried 10%,Truck,190.8,175.0,210.0,$ Per Ton
2023-08-28,Distillers Grain,Iowa,Wet 65-70%,Truck,64.0,59.0,68.0,$ Per Ton
2023-08-28,Distillers Grain,Kansas,Dried 10%,Truck,226.0,200.0,240.0,$ Per Ton
2023-08-28,Distillers Grain,Kansas,Wet 65-70%,Truck,78.8,75.0,81.0,$ Per Ton
2023-08-28,Distillers Grain,Michigan,Dried 10%,Truck,194.25,190.0,200.0,$ Per Ton
2023-08-28,Distillers Grain,Minnesota,Dried 10%,Truck,191.4,185.0,205.0,$ Per Ton
2023-08-28,Distillers Grain,Minnesota,Wet 65-70%,Truck,70.0,70.0,70.0,$ Per Ton
2023-08-28,Distillers Grain,Minnesota,Modified Wet 55-60%,Truck,92.5,85.0,100.0,$ Per Ton
2023-08-28,Distillers Grain,Missouri,Dried 10%,Truck,218.67,207.0,240.0,$ Per Ton
2023-08-28,Distillers Grain,Missouri,Modified Wet 55-60%,Truck,115.0,115.0,115.0,$ Per Ton
2023-08-28,Distillers Grain,Missouri,Wet 65-70%,Truck,66.5,60.0,73.0,$ Per Ton
2023-08-28,Distillers Grain,N/A,Dried 10%,Rail/Barge,215.0,215.0,215.0,$ Per Ton
2023-08-28,Distillers Grain,N/A,Dried 10%,Rail,240.0,240.0,240.0,$ Per Ton
2023-08-28,Distillers Grain,N/A,Dried 10%,Ocean Vessel,259.0,259.0,259.0,$ Per Ton
2023-08-28,Distillers Grain,Nebraska,Wet 65-70%,Truck,75.75,65.0,85.0,$ Per Ton
2023-08-28,Distillers Grain,Nebraska,Modified Wet 55-60%,Truck,89.0,82.0,100.0,$ Per Ton
2023-08-28,Distillers Grain,Nebraska,Dried 10%,Truck,196.5,185.0,210.0,$ Per Ton
2023-08-28,Distillers Grain,Ohio,Dried 10%,Truck,192.0,183.0,200.0,$ Per Ton
2023-08-28,Distillers Grain,South Dakota,Wet 65-70%,Truck,70.0,70.0,70.0,$ Per Ton
2023-08-28,Distillers Grain,South Dakota,Dried 10%,Truck,192.0,176.0,210.0,$ Per Ton
2023-08-28,Distillers Grain,South Dakota,Modified Wet 55-60%,Truck,96.17,85.0,100.0,$ Per Ton
2023-08-28,Distillers Grain,Wisconsin,Wet 65-70%,Truck,79.0,68.0,90.0,$ Per Ton
2023-08-28,Distillers Grain,Wisconsin,Modified Wet 55-60%,Truck,94.0,94.0,94.0,$ Per Ton
2023-08-28,Distillers Grain,Wisconsin,Dried 10%,Truck,188.5,183.0,195.0,$ Per Ton
2023-08-28,Ethanol,Illinois,,Truck,2.2,2.2,2.2,$ Per Gallon
2023-08-28,Ethanol,Iowa,,Truck,2.0863,2.02,2.15,$ Per Gallon
2023-08-28,Ethanol,Iowa,,Rail,2.08,2.08,2.08,$ Per Gallon
2023-08-28,Ethanol,Kansas,,Truck,2.0967,2.02,2.22,$ Per Gallon
2023-08-28,Ethanol,Minnesota,,Truck,2.09,2.09,2.09,$ Per Gallon
2023-08-28,Ethanol,Nebraska,,Truck,2.07,2.02,2.11,$ Per Gallon
2023-08-28,Ethanol,Nebraska,,Rail,2.06,2.06,2.06,$ Per Gallon
2023-08-28,Ethanol,South Dakota,,Rail,2.08,2.08,2.08,$ Per Gallon
2023-09-04,Biodiesel,Illinois,B100,Truck,6.15,6.15,6.15,$ Per Gallon
2023-09-04,Biodiesel,Minnesota,B100,Truck,4.85,4.85,4.85,$ Per Gallon
2023-09-04,Distillers Corn Oil,Illinois,,Truck,67.6,66.0,69.0,Cents Per Lb
2023-09-04,Distillers Corn Oil,Indiana,,Truck,68.0,67.0,69.0,Cents Per Lb
2023-09-04,Distillers Corn Oil,Iowa,,Truck,67.45,65.0,70.0,Cents Per Lb
2023-09-04,Distillers Corn Oil,Kansas,,Truck,75.0,75.0,75.0,Cents Per Lb
2023-09-04,Distillers Corn Oil,Michigan,,Truck,67.25,66.0,69.0,Cents Per Lb
2023-09-04,Distillers Corn Oil,Minnesota,,Truck,67.5,66.0,69.0,Cents Per Lb
2023-09-04,Distillers Corn Oil,Missouri,,Truck,68.33,67.0,69.0,Cents Per Lb
2023-09-04,Distillers Corn Oil,Nebraska,,Truck,68.5,67.0,70.0,Cents Per Lb
2023-09-04,Distillers Corn Oil,Ohio,,Truck,68.0,67.0,69.0,Cents Per Lb
2023-09-04,Distillers Corn Oil,South Dakota,,Truck,67.89,66.0,69.0,Cents Per Lb
2023-09-04,Distillers Corn Oil,Wisconsin,,Truck,69.5,68.0,71.0,Cents Per Lb
2023-09-04,Distillers Grain,Illinois,Wet 65-70%,Truck,50.0,50.0,50.0,$ Per Ton
2023-09-04,Distillers Grain,Illinois,Dried 10%,Truck,213.33,200.0,235.0,$ Per Ton
2023-09-04,Distillers Grain,Indiana,Dried 10%,Truck,198.33,190.0,210.0,$ Per Ton
2023-09-04,Distillers Grain,Iowa,Dried 10%,Truck,194.09,180.0,215.0,$ Per Ton
2023-09-04,Distillers Grain,Iowa,Wet 65-70%,Truck,69.25,59.0,90.0,$ Per Ton
2023-09-04,Distillers Grain,Iowa,Modified Wet 55-60%,Truck,90.6,80.0,95.0,$ Per Ton
2023-09-04,Distillers Grain,Kansas,Dried 10%,Truck,226.0,200.0,240.0,$ Per Ton
2023-09-04,Distillers Grain,Kansas,Wet 65-70%,Truck,78.8,75.0,81.0,$ Per Ton
2023-09-04,Distillers Grain,Michigan,Dried 10%,Truck,201.0,190.0,220.0,$ Per Ton
2023-09-04,Distillers Grain,Minnesota,Dried 10%,Truck,189.0,180.0,205.0,$ Per Ton
2023-09-04,Distillers Grain,Minnesota,Modified Wet 55-60%,Truck,92.5,85.0,100.0,$ Per Ton
2023-09-04,Distillers Grain,Minnesota,Wet 65-70%,Truck,70.0,70.0,70.0,$ Per Ton
2023-09-04,Distillers Grain,Missouri,Dried 10%,Truck,212.75,195.0,240.0,$ Per Ton
2023-09-04,Distillers Grain,Missouri,Modified Wet 55-60%,Truck,115.0,115.0,115.0,$ Per Ton
2023-09-04,Distillers Grain,Missouri,Wet 65-70%,Truck,60.33,53.0,73.0,$ Per Ton
2023-09-04,Distillers Grain,N/A,Dried 10%,Rail/Barge,218.0,218.0,218.0,$ Per Ton
2023-09-04,Distillers Grain,N/A,Dried 10%,Rail,240.0,240.0,240.0,$ Per Ton
2023-09-04,Distillers Grain,N/A,Dried 10%,Ocean Vessel,259.0,259.0,259.0,$ Per Ton
2023-09-04,Distillers Grain,Nebraska,Modified Wet 55-60%,Truck,88.83,80.0,100.0,$ Per Ton
2023-09-04,Distillers Grain,Nebraska,Dried 10%,Truck,198.13,190.0,210.0,$ Per Ton
2023-09-04,Distillers Grain,Nebraska,Wet 65-70%,Truck,63.2,54.0,85.0,$ Per Ton
2023-09-04,Distillers Grain,Ohio,Dried 10%,Truck,193.75,180.0,210.0,$ Per Ton
2023-09-04,Distillers Grain,South Dakota,Wet 65-70%,Truck,70.0,70.0,70.0,$ Per Ton
2023-09-04,Distillers Grain,South Dakota,Modified Wet 55-60%,Truck,96.17,85.0,100.0,$ Per Ton
2023-09-04,Distillers Grain,South Dakota,Dried 10%,Truck,192.83,176.0,210.0,$ Per Ton
2023-09-04,Distillers Grain,Wisconsin,Wet 65-70%,Truck,80.0,68.0,92.0,$ Per Ton
2023-09-04,Distillers Grain,Wisconsin,Modified Wet 55-60%,Truck,94.0,94.0,94.0,$ Per Ton
2023-09-04,Distillers Grain,Wisconsin,Dried 10%,Truck,189.5,183.0,195.0,$ Per Ton
2023-09-04,Ethanol,Illinois,,Truck,2.28,2.28,2.28,$ Per Gallon
2023-09-04,Ethanol,Illinois,,Rail,2.285,2.28,2.29,$ Per Gallon
2023-09-04,Ethanol,Iowa,,Truck,2.175,2.08,2.3,$ Per Gallon
2023-09-04,Ethanol,Kansas,,Truck,2.1867,2.11,2.28,$ Per Gallon
2023-09-04,Ethanol,Minnesota,,Truck,2.17,2.17,2.17,$ Per Gallon
2023-09-04,Ethanol,Nebraska,,Truck,2.1563,2.11,2.195,$ Per Gallon
2023-09-04,Ethanol,South Dakota,,Rail,2.16,2.16,2.16,$ Per Gallon
2023-09-11,Biodiesel,Illinois,B100,Truck,6.15,6.15,6.15,$ Per Gallon
2023-09-11,Biodiesel,Minnesota,B100,Truck,4.85,4.85,4.85,$ Per Gallon
2023-09-11,Distillers Corn Oil,Illinois,,Truck,67.6,66.0,69.0,Cents Per Lb
2023-09-11,Distillers Corn Oil,Indiana,,Truck,68.0,67.0,69.0,Cents Per Lb
2023-09-11,Distillers Corn Oil,Iowa,,Truck,67.55,65.0,70.0,Cents Per Lb
2023-09-11,Distillers Corn Oil,Kansas,,Truck,68.0,68.0,68.0,Cents Per Lb
2023-09-11,Distillers Corn Oil,Michigan,,Truck,67.25,66.0,69.0,Cents Per Lb
2023-09-11,Distillers Corn Oil,Minnesota,,Truck,67.67,66.0,69.0,Cents Per Lb
2023-09-11,Distillers Corn Oil,Missouri,,Truck,68.33,67.0,69.0,Cents Per Lb
2023-09-11,Distillers Corn Oil,Nebraska,,Truck,69.22,67.0,72.0,Cents Per Lb
2023-09-11,Distillers Corn Oil,Ohio,,Truck,67.75,67.0,69.0,Cents Per Lb
2023-09-11,Distillers Corn Oil,South Dakota,,Truck,67.75,66.0,69.0,Cents Per Lb
2023-09-11,Distillers Corn Oil,Wisconsin,,Truck,68.5,68.0,69.0,Cents Per Lb
2023-09-11,Distillers Grain,Illinois,Wet 65-70%,Truck,50.0,50.0,50.0,$ Per Ton
2023-09-11,Distillers Grain,Illinois,Dried 10%,Truck,208.2,200.0,235.0,$ Per Ton
2023-09-11,Distillers Grain,Indiana,Dried 10%,Truck,198.33,190.0,210.0,$ Per Ton
2023-09-11,Distillers Grain,Iowa,Modified Wet 55-60%,Truck,93.0,88.0,97.0,$ Per Ton
2023-09-11,Distillers Grain,Iowa,Dried 10%,Truck,195.0,180.0,215.0,$ Per Ton
2023-09-11,Distillers Grain,Iowa,Wet 65-70%,Truck,67.5,55.0,90.0,$ Per Ton
2023-09-11,Distillers Grain,Kansas,Wet 65-70%,Truck,77.17,55.0,89.0,$ Per Ton
2023-09-11,Distillers Grain,Kansas,Dried 10%,Truck,225.83,205.0,240.0,$ Per Ton
2023-09-11,Distillers Grain,Michigan,Dried 10%,Truck,202.0,190.0,220.0,$ Per Ton
2023-09-11,Distillers Grain,Minnesota,Modified Wet 55-60%,Truck,92.5,85.0,100.0,$ Per Ton
2023-09-11,Distillers Grain,Minnesota,Dried 10%,Truck,194.0,190.0,205.0,$ Per Ton
2023-09-11,Distillers Grain,Minnesota,Wet 65-70%,Truck,70.0,70.0,70.0,$ Per Ton
2023-09-11,Distillers Grain,Missouri,Wet 65-70%,Truck,65.0,57.0,73.0,$ Per Ton
2023-09-11,Distillers Grain,Missouri,Dried 10%,Truck,218.67,207.0,240.0,$ Per Ton
2023-09-11,Distillers Grain,Missouri,Modified Wet 55-60%,Truck,115.0,115.0,115.0,$ Per Ton
2023-09-11,Distillers Grain,N/A,Dried 10%,Ocean Vessel,265.0,265.0,265.0,$ Per Ton
2023-09-11,Distillers Grain,N/A,Dried 10%,Rail/Barge,215.0,215.0,215.0,$ Per Ton
2023-09-11,Distillers Grain,N/A,Dried 10%,Rail,245.0,245.0,245.0,$ Per Ton
2023-09-11,Distillers Grain,Nebraska,Wet 65-70%,Truck,72.5,60.0,85.0,$ Per Ton
2023-09-11,Distillers Grain,Nebraska,Modified Wet 55-60%,Truck,88.5,78.0,100.0,$ Per Ton
2023-09-11,Distillers Grain,Nebraska,Dried 10%,Truck,201.88,190.0,220.0,$ Per Ton
2023-09-11,Distillers Grain,Ohio,Dried 10%,Truck,194.6,183.0,210.0,$ Per Ton
2023-09-11,Distillers Grain,South Dakota,Wet 65-70%,Truck,70.0,70.0,70.0,$ Per Ton
2023-09-11,Distillers Grain,South Dakota,Modified Wet 55-60%,Truck,96.17,85.0,100.0,$ Per Ton
2023-09-11,Distillers Grain,South Dakota,Dried 10%,Truck,192.83,176.0,210.0,$ Per Ton
2023-09-11,Distillers Grain,Wisconsin,Wet 65-70%,Truck,80.0,68.0,92.0,$ Per Ton
2023-09-11,Distillers Grain,Wisconsin,Modified Wet 55-60%,Truck,94.0,94.0,94.0,$ Per Ton
2023-09-11,Distillers Grain,Wisconsin,Dried 10%,Truck,189.5,183.0,195.0,$ Per Ton
2023-09-11,Ethanol,Illinois,,Truck,2.28,2.28,2.28,$ Per Gallon
2023-09-11,Ethanol,Illinois,,Rail,2.285,2.28,2.29,$ Per Gallon
2023-09-11,Ethanol,Iowa,,Truck,2.2342,2.16,2.35,$ Per Gallon
2023-09-11,Ethanol,Iowa,,Rail,2.2375,2.175,2.3,$ Per Gallon
2023-09-11,Ethanol,Kansas,,Truck,2.2367,2.16,2.33,$ Per Gallon
2023-09-11,Ethanol,Minnesota,,Truck,2.195,2.195,2.195,$ Per Gallon
2023-09-11,Ethanol,Nebraska,,Truck,2.205,2.14,2.29,$ Per Gallon
2023-09-11,Ethanol,Nebraska,,Rail,2.2,2.2,2.2,$ Per Gallon
2023-09-11,Ethanol,South Dakota,,Rail,2.185,2.185,2.185,$ Per Gallon
2023-09-18,Biodiesel,Illinois,B100,Truck,6.15,6.15,6.15,$ Per Gallon
2023-09-18,Biodiesel,Minnesota,B100,Truck,4.85,4.85,4.85,$ Per Gallon
2023-09-18,Distillers Corn Oil,Illinois,,Truck,68.25,67.0,70.0,Cents Per Lb
2023-09-18,Distillers Corn Oil,Indiana,,Truck,69.5,69.0,70.0,Cents Per Lb
2023-09-18,Distillers Corn Oil,Iowa,,Truck,68.22,66.0,70.0,Cents Per Lb
2023-09-18,Distillers Corn Oil,Kansas,,Truck,68.0,68.0,68.0,Cents Per Lb
2023-09-18,Distillers Corn Oil,Michigan,,Truck,68.0,66.0,70.0,Cents Per Lb
2023-09-18,Distillers Corn Oil,Minnesota,,Truck,68.4,66.0,70.0,Cents Per Lb
2023-09-18,Distillers Corn Oil,Missouri,,Truck,69.33,69.0,70.0,Cents Per Lb
2023-09-18,Distillers Corn Oil,Nebraska,,Truck,69.43,68.0,72.0,Cents Per Lb
2023-09-18,Distillers Corn Oil,Ohio,,Truck,68.5,67.0,70.0,Cents Per Lb
2023-09-18,Distillers Corn Oil,South Dakota,,Truck,68.83,66.0,70.0,Cents Per Lb
2023-09-18,Distillers Corn Oil,Wisconsin,,Truck,68.5,68.0,69.0,Cents Per Lb
2023-09-18,Distillers Grain,Illinois,Dried 10%,Truck,203.25,198.0,210.0,$ Per Ton
2023-09-18,Distillers Grain,Indiana,Dried 10%,Truck,198.33,190.0,210.0,$ Per Ton
2023-09-18,Distillers Grain,Iowa,Modified Wet 55-60%,Truck,95.6,80.0,105.0,$ Per Ton
2023-09-18,Distillers Grain,Iowa,Dried 10%,Truck,195.5,180.0,220.0,$ Per Ton
2023-09-18,Distillers Grain,Iowa,Wet 65-70%,Truck,69.25,59.0,90.0,$ Per Ton
2023-09-18,Distillers Grain,Kansas,Wet 65-70%,Truck,81.6,75.0,89.0,$ Per Ton
2023-09-18,Distillers Grain,Kansas,Dried 10%,Truck,225.83,205.0,240.0,$ Per Ton
2023-09-18,Distillers Grain,Michigan,Dried 10%,Truck,201.0,190.0,220.0,$ Per Ton
2023-09-18,Distillers Grain,Minnesota,Wet 65-70%,Truck,65.0,65.0,65.0,$ Per Ton
2023-09-18,Distillers Grain,Minnesota,Modified Wet 55-60%,Truck,90.0,85.0,95.0,$ Per Ton
2023-09-18,Distillers Grain,Minnesota,Dried 10%,Truck,190.0,180.0,200.0,$ Per Ton
2023-09-18,Distillers Grain,Missouri,Wet 65-70%,Truck,68.5,67.0,70.0,$ Per Ton
2023-09-18,Distillers Grain,Missouri,Dried 10%,Truck,232.5,230.0,235.0,$ Per Ton
2023-09-18,Distillers Grain,N/A,Dried 10%,Rail,242.0,242.0,242.0,$ Per Ton
2023-09-18,Distillers Grain,N/A,Dried 10%,Ocean Vessel,257.0,257.0,257.0,$ Per Ton
2023-09-18,Distillers Grain,N/A,Dried 10%,Rail/Barge,215.0,215.0,215.0,$ Per Ton
2023-09-18,Distillers Grain,Nebraska,Wet 65-70%,Truck,70.0,60.0,85.0,$ Per Ton
2023-09-18,Distillers Grain,Nebraska,Modified Wet 55-60%,Truck,91.8,78.0,106.0,$ Per Ton
2023-09-18,Distillers Grain,Nebraska,Dried 10%,Truck,209.83,205.0,220.0,$ Per Ton
2023-09-18,Distillers Grain,Ohio,Dried 10%,Truck,195.0,185.0,210.0,$ Per Ton
2023-09-18,Distillers Grain,South Dakota,Wet 65-70%,Truck,65.0,65.0,65.0,$ Per Ton
2023-09-18,Distillers Grain,South Dakota,Modified Wet 55-60%,Truck,97.5,95.0,100.0,$ Per Ton
2023-09-18,Distillers Grain,South Dakota,Dried 10%,Truck,198.5,195.0,205.0,$ Per Ton
2023-09-18,Distillers Grain,Wisconsin,Wet 65-70%,Truck,80.0,68.0,92.0,$ Per Ton
2023-09-18,Distillers Grain,Wisconsin,Modified Wet 55-60%,Truck,94.0,94.0,94.0,$ Per Ton
2023-09-18,Distillers Grain,Wisconsin,Dried 10%,Truck,189.5,183.0,195.0,$ Per Ton
2023-09-18,Ethanol,Illinois,,Truck,2.38,2.38,2.38,$ Per Gallon
2023-09-18,Ethanol,Illinois,,Rail,2.285,2.28,2.29,$ Per Gallon
2023-09-18,Ethanol,Iowa,,Truck,2.285,2.15,2.45,$ Per Gallon
2023-09-18,Ethanol,Iowa,,Rail,2.2375,2.175,2.3,$ Per Gallon
2023-09-18,Ethanol,Kansas,,Truck,2.23,2.15,2.33,$ Per Gallon
2023-09-18,Ethanol,Minnesota,,Truck,2.27,2.27,2.27,$ Per Gallon
2023-09-18,Ethanol,Nebraska,,Rail,2.2,2.2,2.2,$ Per Gallon
2023-09-18,Ethanol,Nebraska,,Truck,2.21,2.14,2.29,$ Per Gallon
2023-09-18,Ethanol,South Dakota,,Rail,2.26,2.26,2.26,$ Per Gallon
2023-09-25,Biodiesel,Illinois,B100,Truck,6.15,6.15,6.15,$ Per Gallon
2023-09-25,Biodiesel,Minnesota,B100,Truck,4.85,4.85,4.85,$ Per Gallon
2023-09-25,Distillers Corn Oil,Illinois,,Truck,68.0,67.0,69.0,Cents Per Lb
2023-09-25,Distillers Corn Oil,Indiana,,Truck,67.5,67.0,68.0,Cents Per Lb
2023-09-25,Distillers Corn Oil,Iowa,,Truck,67.6,65.0,70.0,Cents Per Lb
2023-09-25,Distillers Corn Oil,Kansas,,Truck,68.0,68.0,68.0,Cents Per Lb
2023-09-25,Distillers Corn Oil,Michigan,,Truck,67.0,66.0,68.0,Cents Per Lb
2023-09-25,Distillers Corn Oil,Minnesota,,Truck,67.6,66.0,69.0,Cents Per Lb
2023-09-25,Distillers Corn Oil,Missouri,,Truck,67.5,67.0,68.0,Cents Per Lb
2023-09-25,Distillers Corn Oil,Nebraska,,Truck,69.43,68.0,72.0,Cents Per Lb
2023-09-25,Distillers Corn Oil,Ohio,,Truck,67.5,67.0,68.0,Cents Per Lb
2023-09-25,Distillers Corn Oil,South Dakota,,Truck,68.0,66.0,69.0,Cents Per Lb
2023-09-25,Distillers Corn Oil,Wisconsin,,Truck,66.67,65.0,69.0,Cents Per Lb
2023-09-25,Distillers Grain,Illinois,Dried 10%,Truck,198.75,195.0,200.0,$ Per Ton
2023-09-25,Distillers Grain,Indiana,Dried 10%,Truck,198.0,185.0,210.0,$ Per Ton
2023-09-25,Distillers Grain,Iowa,Dried 10%,Truck,191.18,167.0,220.0,$ Per Ton
2023-09-25,Distillers Grain,Iowa,Wet 65-70%,Truck,69.67,59.0,90.0,$ Per Ton
2023-09-25,Distillers Grain,Iowa,Modified Wet 55-60%,Truck,95.0,80.0,105.0,$ Per Ton
2023-09-25,Distillers Grain,Kansas,Wet 65-70%,Truck,83.25,80.0,89.0,$ Per Ton
2023-09-25,Distillers Grain,Kansas,Dried 10%,Truck,223.0,205.0,240.0,$ Per Ton
2023-09-25,Distillers Grain,Michigan,Dried 10%,Truck,200.0,190.0,220.0,$ Per Ton
2023-09-25,Distillers Grain,Minnesota,Wet 65-70%,Truck,65.0,65.0,65.0,$ Per Ton
2023-09-25,Distillers Grain,Minnesota,Modified Wet 55-60%,Truck,90.0,85.0,95.0,$ Per Ton
2023-09-25,Distillers Grain,Minnesota,Dried 10%,Truck,193.0,180.0,200.0,$ Per Ton
2023-09-25,Distillers Grain,Missouri,Dried 10%,Truck,242.5,235.0,250.0,$ Per Ton
2023-09-25,Distillers Grain,Missouri,Wet 65-70%,Truck,70.5,70.0,71.0,$ Per Ton
2023-09-25,Distillers Grain,N/A,Dried 10%,Rail,242.0,242.0,242.0,$ Per Ton
2023-09-25,Distillers Grain,N/A,Dried 10%,Rail/Barge,210.0,210.0,210.0,$ Per Ton
2023-09-25,Distillers Grain,N/A,Dried 10%,Ocean Vessel,257.0,257.0,257.0,$ Per Ton
2023-09-25,Distillers Grain,Nebraska,Wet 65-70%,Truck,66.25,60.0,75.0,$ Per Ton
2023-09-25,Distillers Grain,Nebraska,Modified Wet 55-60%,Truck,91.4,80.0,102.0,$ Per Ton
2023-09-25,Distillers Grain,Nebraska,Dried 10%,Truck,204.8,195.0,210.0,$ Per Ton
2023-09-25,Distillers Grain,Ohio,Dried 10%,Truck,196.25,190.0,210.0,$ Per Ton
2023-09-25,Distillers Grain,South Dakota,Modified Wet 55-60%,Truck,97.5,95.0,100.0,$ Per Ton
2023-09-25,Distillers Grain,South Dakota,Wet 65-70%,Truck,65.0,65.0,65.0,$ Per Ton
2023-09-25,Distillers Grain,South Dakota,Dried 10%,Truck,198.5,195.0,205.0,$ Per Ton
2023-09-25,Distillers Grain,Wisconsin,Modified Wet 55-60%,Truck,92.0,92.0,92.0,$ Per Ton
2023-09-25,Distillers Grain,Wisconsin,Wet 65-70%,Truck,78.0,66.0,90.0,$ Per Ton
2023-09-25,Distillers Grain,Wisconsin,Dried 10%,Truck,187.5,182.0,190.0,$ Per Ton
2023-09-25,Ethanol,Illinois,,Truck,2.39,2.39,2.39,$ Per Gallon
2023-09-25,Ethanol,Illinois,,Rail,2.38,2.38,2.38,$ Per Gallon
2023-09-25,Ethanol,Iowa,,Truck,2.28,2.2,2.35,$ Per Gallon
2023-09-25,Ethanol,Iowa,,Rail,2.2375,2.175,2.3,$ Per Gallon
2023-09-25,Ethanol,Kansas,,Truck,2.28,2.2,2.38,$ Per Gallon
2023-09-25,Ethanol,Minnesota,,Truck,2.28,2.28,2.28,$ Per Gallon
2023-09-25,Ethanol,Nebraska,,Rail,2.2,2.2,2.2,$ Per Gallon
2023-09-25,Ethanol,Nebraska,,Truck,2.2433,2.19,2.3,$ Per Gallon
2023-09-25,Ethanol,South Dakota,,Rail,2.27,2.27,2.27,$ Per Gallon
2023-10-02,Biodiesel,Minnesota,B100,Truck,4.12,4.12,4.12,$ Per Gallon
2023-10-02,Distillers Corn Oil,Illinois,,Truck,67.5,66.0,70.0,Cents Per Lb
2023-10-02,Distillers Corn Oil,Indiana,,Truck,67.5,67.0,68.0,Cents Per Lb
2023-10-02,Distillers Corn Oil,Iowa,,Truck,67.0,65.0,70.0,Cents Per Lb
2023-10-02,Distillers Corn Oil,Kansas,,Truck,68.0,68.0,68.0,Cents Per Lb
2023-10-02,Distillers Corn Oil,Michigan,,Truck,66.5,65.0,68.0,Cents Per Lb
2023-10-02,Distillers Corn Oil,Minnesota,,Truck,67.0,66.0,68.0,Cents Per Lb
2023-10-02,Distillers Corn Oil,Missouri,,Truck,67.5,67.0,68.0,Cents Per Lb
2023-10-02,Distillers Corn Oil,Nebraska,,Truck,67.5,63.0,70.0,Cents Per Lb
2023-10-02,Distillers Corn Oil,Ohio,,Truck,67.0,66.0,68.0,Cents Per Lb
2023-10-02,Distillers Corn Oil,South Dakota,,Truck,67.5,66.0,70.0,Cents Per Lb
2023-10-02,Distillers Corn Oil,Wisconsin,,Truck,65.0,65.0,65.0,Cents Per Lb
2023-10-02,Distillers Grain,Illinois,Dried 10%,Truck,200.0,190.0,215.0,$ Per Ton
2023-10-02,Distillers Grain,Illinois,Wet 65-70%,Truck,70.0,70.0,70.0,$ Per Ton
2023-10-02,Distillers Grain,Indiana,Dried 10%,Truck,188.0,180.0,205.0,$ Per Ton
2023-10-02,Distillers Grain,Iowa,Modified Wet 55-60%,Truck,94.6,80.0,105.0,$ Per Ton
2023-10-02,Distillers Grain,Iowa,Dried 10%,Truck,186.64,167.0,206.0,$ Per Ton
2023-10-02,Distillers Grain,Iowa,Wet 65-70%,Truck,67.33,55.0,88.0,$ Per Ton
2023-10-02,Distillers Grain,Kansas,Dried 10%,Truck,225.5,198.0,245.0,$ Per Ton
2023-10-02,Distillers Grain,Kansas,Wet 65-70%,Truck,83.6,80.0,89.0,$ Per Ton
2023-10-02,Distillers Grain,Michigan,Dried 10%,Truck,187.5,175.0,200.0,$ Per Ton
2023-10-02,Distillers Grain,Minnesota,Dried 10%,Truck,187.0,180.0,200.0,$ Per Ton
2023-10-02,Distillers Grain,Minnesota,Wet 65-70%,Truck,65.0,65.0,65.0,$ Per Ton
2023-10-02,Distillers Grain,Minnesota,Modified Wet 55-60%,Truck,90.0,85.0,95.0,$ Per Ton
2023-10-02,Distillers Grain,Missouri,Dried 10%,Truck,237.5,225.0,250.0,$ Per Ton
2023-10-02,Distillers Grain,Missouri,Wet 65-70%,Truck,70.0,69.0,71.0,$ Per Ton
2023-10-02,Distillers Grain,N/A,Dried 10%,Rail/Barge,207.0,207.0,207.0,$ Per Ton
2023-10-02,Distillers Grain,N/A,Dried 10%,Rail,242.0,242.0,242.0,$ Per Ton
2023-10-02,Distillers Grain,N/A,Dried 10%,Ocean Vessel,265.0,265.0,265.0,$ Per Ton
2023-10-02,Distillers Grain,Nebraska,Wet 65-70%,Truck,68.0,60.0,82.0,$ Per Ton
2023-10-02,Distillers Grain,Nebraska,Modified Wet 55-60%,Truck,91.6,80.0,103.0,$ Per Ton
2023-10-02,Distillers Grain,Nebraska,Dried 10%,Truck,206.33,200.0,220.0,$ Per Ton
2023-10-02,Distillers Grain,Ohio,Dried 10%,Truck,187.5,180.0,195.0,$ Per Ton
2023-10-02,Distillers Grain,South Dakota,Wet 65-70%,Truck,65.0,65.0,65.0,$ Per Ton
2023-10-02,Distillers Grain,South Dakota,Modified Wet 55-60%,Truck,97.5,95.0,100.0,$ Per Ton
2023-10-02,Distillers Grain,South Dakota,Dried 10%,Truck,193.67,182.0,205.0,$ Per Ton
2023-10-02,Distillers Grain,Wisconsin,Wet 65-70%,Truck,77.0,66.0,88.0,$ Per Ton
2023-10-02,Distillers Grain,Wisconsin,Dried 10%,Truck,186.75,182.0,190.0,$ Per Ton
2023-10-02,Distillers Grain,Wisconsin,Modified Wet 55-60%,Truck,92.0,92.0,92.0,$ Per Ton
2023-10-02,Ethanol,Illinois,,Truck,2.39,2.39,2.39,$ Per Gallon
2023-10-02,Ethanol,Illinois,,Rail,2.38,2.38,2.38,$ Per Gallon
2023-10-02,Ethanol,Iowa,,Truck,2.2639,2.19,2.35,$ Per Gallon
2023-10-02,Ethanol,Iowa,,Rail,2.3,2.3,2.3,$ Per Gallon
2023-10-02,Ethanol,Kansas,,Truck,2.2733,2.19,2.38,$ Per Gallon
2023-10-02,Ethanol,Minnesota,,Truck,2.2675,2.2675,2.2675,$ Per Gallon
2023-10-02,Ethanol,Nebraska,,Truck,2.2583,2.19,2.36,$ Per Gallon
2023-10-02,Ethanol,Nebraska,,Rail,2.2,2.2,2.2,$ Per Gallon
2023-10-02,Ethanol,South Dakota,,Rail,2.2575,2.2575,2.2575,$ Per Gallon
2023-10-09,Biodiesel,Minnesota,B100,Truck,3.7,3.7,3.7,$ Per Gallon
2023-10-09,Distillers Corn Oil,Illinois,,Truck,63.25,60.0,66.0,Cents Per Lb
2023-10-09,Distillers Corn Oil,Indiana,,Truck,64.67,59.0,68.0,Cents Per Lb
2023-10-09,Distillers Corn Oil,Iowa,,Truck,63.82,58.0,68.0,Cents Per Lb
2023-10-09,Distillers Corn Oil,Kansas,,Truck,65.0,65.0,65.0,Cents Per Lb
2023-10-09,Distillers Corn Oil,Michigan,,Truck,58.67,58.0,60.0,Cents Per Lb
2023-10-09,Distillers Corn Oil,Minnesota,,Truck,65.8,60.0,68.0,Cents Per Lb
2023-10-09,Distillers Corn Oil,Missouri,,Truck,67.5,67.0,68.0,Cents Per Lb
2023-10-09,Distillers Corn Oil,Nebraska,,Truck,64.38,58.0,69.0,Cents Per Lb
2023-10-09,Distillers Corn Oil,Ohio,,Truck,65.4,59.0,68.0,Cents Per Lb
2023-10-09,Distillers Corn Oil,South Dakota,,Truck,60.75,58.0,63.0,Cents Per Lb
2023-10-09,Distillers Corn Oil,Wisconsin,,Truck,65.0,65.0,65.0,Cents Per Lb
2023-10-09,Distillers Grain,Illinois,Dried 10%,Truck,195.2,190.0,200.0,$ Per Ton
2023-10-09,Distillers Grain,Indiana,Dried 10%,Truck,192.17,180.0,210.0,$ Per Ton
2023-10-09,Distillers Grain,Iowa,Dried 10%,Truck,184.23,165.0,215.0,$ Per Ton
2023-10-09,Distillers Grain,Iowa,Wet 65-70%,Truck,65.0,50.0,88.0,$ Per Ton
2023-10-09,Distillers Grain,Iowa,Modified Wet 55-60%,Truck,91.25,85.0,95.0,$ Per Ton
2023-10-09,Distillers Grain,Kansas,Wet 65-70%,Truck,83.2,78.0,89.0,$ Per Ton
2023-10-09,Distillers Grain,Kansas,Dried 10%,Truck,225.17,200.0,245.0,$ Per Ton
2023-10-09,Distillers Grain,Michigan,Dried 10%,Truck,195.0,175.0,220.0,$ Per Ton
2023-10-09,Distillers Grain,Minnesota,Modified Wet 55-60%,Truck,85.0,85.0,85.0,$ Per Ton
2023-10-09,Distillers Grain,Minnesota,Dried 10%,Truck,188.0,180.0,200.0,$ Per Ton
2023-10-09,Distillers Grain,Missouri,Wet 65-70%,Truck,71.0,71.0,71.0,$ Per Ton
2023-10-09,Distillers Grain,Missouri,Dried 10%,Truck,237.5,225.0,250.0,$ Per Ton
2023-10-09,Distillers Grain,N/A,Dried 10%,Rail/Barge,205.0,205.0,205.0,$ Per Ton
2023-10-09,Distillers Grain,N/A,Dried 10%,Ocean Vessel,265.0,265.0,265.0,$ Per Ton
2023-10-09,Distillers Grain,N/A,Dried 10%,Rail,242.0,242.0,242.0,$ Per Ton
2023-10-09,Distillers Grain,Nebraska,Wet 65-70%,Truck,68.4,60.0,80.0,$ Per Ton
2023-10-09,Distillers Grain,Nebraska,Modified Wet 55-60%,Truck,90.83,78.0,104.0,$ Per Ton
2023-10-09,Distillers Grain,Nebraska,Dried 10%,Truck,202.86,190.0,220.0,$ Per Ton
2023-10-09,Distillers Grain,Ohio,Dried 10%,Truck,191.0,180.0,210.0,$ Per Ton
2023-10-09,Distillers Grain,South Dakota,Modified Wet 55-60%,Truck,93.6,85.0,100.0,$ Per Ton
2023-10-09,Distillers Grain,South Dakota,Dried 10%,Truck,189.8,180.0,197.0,$ Per Ton
2023-10-09,Distillers Grain,Wisconsin,Modified Wet 55-60%,Truck,92.0,92.0,92.0,$ Per Ton
2023-10-09,Distillers Grain,Wisconsin,Dried 10%,Truck,185.5,180.0,190.0,$ Per Ton
2023-10-09,Distillers Grain,Wisconsin,Wet 65-70%,Truck,75.5,66.0,85.0,$ Per Ton
2023-10-09,Ethanol,Illinois,,Truck,2.385,2.38,2.39,$ Per Gallon
2023-10-09,Ethanol,Illinois,,Rail,2.29,2.29,2.29,$ Per Gallon
2023-10-09,Ethanol,Indiana,,Truck,2.4,2.4,2.4,$ Per Gallon
2023-10-09,Ethanol,Iowa,,Truck,2.205,2.09,2.35,$ Per Gallon
2023-10-09,Ethanol,Iowa,,Rail,2.13,2.05,2.21,$ Per Gallon
2023-10-09,Ethanol,Kansas,,Truck,2.21,2.09,2.39,$ Per Gallon
2023-10-09,Ethanol,Minnesota,,Truck,2.215,2.15,2.28,$ Per Gallon
2023-10-09,Ethanol,Nebraska,,Truck,2.1938,2.09,2.32,$ Per Gallon
2023-10-09,Ethanol,South Dakota,,Rail,2.27,2.27,2.27,$ Per Gallon
2023-10-16,Biodiesel,Minnesota,B100,Truck,3.7,3.7,3.7,$ Per Gallon
2023-10-16,Distillers Corn Oil,Illinois,,Truck,61.0,58.0,66.0,Cents Per Lb
2023-10-16,Distillers Corn Oil,Indiana,,Truck,62.0,62.0,62.0,Cents Per Lb
2023-10-16,Distillers Corn Oil,Iowa,,Truck,60.14,57.0,65.0,Cents Per Lb
2023-10-16,Distillers Corn Oil,Kansas,,Truck,70.0,70.0,70.0,Cents Per Lb
2023-10-16,Distillers Corn Oil,Michigan,,Truck,60.0,58.0,62.0,Cents Per Lb
2023-10-16,Distillers Corn Oil,Minnesota,,Truck,58.0,56.0,60.0,Cents Per Lb
2023-10-16,Distillers Corn Oil,Missouri,,Truck,63.0,63.0,63.0,Cents Per Lb
2023-10-16,Distillers Corn Oil,Nebraska,,Truck,60.4,56.0,65.0,Cents Per Lb
2023-10-16,Distillers Corn Oil,Ohio,,Truck,62.0,62.0,62.0,Cents Per Lb
2023-10-16,Distillers Corn Oil,South Dakota,,Truck,58.25,58.0,59.0,Cents Per Lb
2023-10-16,Distillers Corn Oil,Wisconsin,,Truck,65.0,65.0,65.0,Cents Per Lb
2023-10-16,Distillers Grain,Illinois,Dried 10%,Truck,192.4,185.0,200.0,$ Per Ton
2023-10-16,Distillers Grain,Indiana,Dried 10%,Truck,183.25,175.0,190.0,$ Per Ton
2023-10-16,Distillers Grain,Iowa,Dried 10%,Truck,183.08,165.0,215.0,$ Per Ton
2023-10-16,Distillers Grain,Iowa,Wet 65-70%,Truck,58.33,50.0,68.0,$ Per Ton
2023-10-16,Distillers Grain,Iowa,Modified Wet 55-60%,Truck,91.6,85.0,95.0,$ Per Ton
2023-10-16,Distillers Grain,Kansas,Wet 65-70%,Truck,86.4,78.0,90.0,$ Per Ton
2023-10-16,Distillers Grain,Kansas,Dried 10%,Truck,228.33,205.0,245.0,$ Per Ton
2023-10-16,Distillers Grain,Michigan,Dried 10%,Truck,188.75,175.0,200.0,$ Per Ton
2023-10-16,Distillers Grain,Minnesota,Dried 10%,Truck,186.6,180.0,195.0,$ Per Ton
2023-10-16,Distillers Grain,Minnesota,Modified Wet 55-60%,Truck,91.5,85.0,98.0,$ Per Ton
2023-10-16,Distillers Grain,Minnesota,Wet 65-70%,Truck,68.0,68.0,68.0,$ Per Ton
2023-10-16,Distillers Grain,Missouri,Modified Wet 55-60%,Truck,110.0,110.0,110.0,$ Per Ton
2023-10-16,Distillers Grain,Missouri,Wet 65-70%,Truck,68.5,65.0,72.0,$ Per Ton
2023-10-16,Distillers Grain,Missouri,Dried 10%,Truck,226.67,210.0,250.0,$ Per Ton
2023-10-16,Distillers Grain,N/A,Dried 10%,Rail,242.0,242.0,242.0,$ Per Ton
2023-10-16,Distillers Grain,N/A,Dried 10%,Ocean Vessel,265.0,265.0,265.0,$ Per Ton
2023-10-16,Distillers Grain,N/A,Dried 10%,Rail/Barge,205.0,205.0,205.0,$ Per Ton
2023-10-16,Distillers Grain,Nebraska,Wet 65-70%,Truck,71.75,65.0,79.0,$ Per Ton
2023-10-16,Distillers Grain,Nebraska,Modified Wet 55-60%,Truck,91.17,78.0,104.0,$ Per Ton
2023-10-16,Distillers Grain,Nebraska,Dried 10%,Truck,204.0,190.0,220.0,$ Per Ton
2023-10-16,Distillers Grain,Ohio,Dried 10%,Truck,182.5,175.0,190.0,$ Per Ton
2023-10-16,Distillers Grain,South Dakota,Wet 65-70%,Truck,68.0,68.0,68.0,$ Per Ton
2023-10-16,Distillers Grain,South Dakota,Modified Wet 55-60%,Truck,93.67,84.0,100.0,$ Per Ton
2023-10-16,Distillers Grain,South Dakota,Dried 10%,Truck,191.5,180.0,200.0,$ Per Ton
2023-10-16,Distillers Grain,Wisconsin,Wet 65-70%,Truck,75.5,66.0,85.0,$ Per Ton
2023-10-16,Distillers Grain,Wisconsin,Modified Wet 55-60%,Truck,92.0,92.0,92.0,$ Per Ton
2023-10-16,Distillers Grain,Wisconsin,Dried 10%,Truck,185.5,180.0,190.0,$ Per Ton
2023-10-16,Ethanol,Illinois,,Truck,2.385,2.38,2.39,$ Per Gallon
2023-10-16,Ethanol,Illinois,,Rail,2.29,2.29,2.29,$ Per Gallon
2023-10-16,Ethanol,Indiana,,Truck,2.4,2.4,2.4,$ Per Gallon
2023-10-16,Ethanol,Iowa,,Truck,2.1489,2.06,2.3,$ Per Gallon
2023-10-16,Ethanol,Iowa,,Rail,2.105,2.02,2.21,$ Per Gallon
2023-10-16,Ethanol,Kansas,,Truck,2.1667,2.09,2.26,$ Per Gallon
2023-10-16,Ethanol,Minnesota,,Truck,2.1595,2.15,2.169,$ Per Gallon
2023-10-16,Ethanol,Nebraska,,Truck,2.18,2.09,2.37,$ Per Gallon
2023-10-16,Ethanol,South Dakota,,Rail,2.159,2.159,2.159,$ Per Gallon
2023-10-23,Biodiesel,Illinois,B100,Truck,5.11,5.11,5.11,$ Per Gallon
2023-10-23,Biodiesel,Minnesota,B100,Truck,3.62,3.62,3.62,$ Per Gallon
2023-10-23,Distillers Corn Oil,Illinois,,Truck,58.75,57.0,60.0,Cents Per Lb
2023-10-23,Distillers Corn Oil,Indiana,,Truck,62.0,62.0,62.0,Cents Per Lb
2023-10-23,Distillers Corn Oil,Iowa,,Truck,58.43,57.0,62.0,Cents Per Lb
2023-10-23,Distillers Corn Oil,Kansas,,Truck,70.0,70.0,70.0,Cents Per Lb
2023-10-23,Distillers Corn Oil,Michigan,,Truck,58.25,56.0,62.0,Cents Per Lb
2023-10-23,Distillers Corn Oil,Minnesota,,Truck,56.5,56.0,57.0,Cents Per Lb
2023-10-23,Distillers Corn Oil,Missouri,,Truck,57.0,57.0,57.0,Cents Per Lb
2023-10-23,Distillers Corn Oil,Nebraska,,Truck,61.4,56.0,65.0,Cents Per Lb
2023-10-23,Distillers Corn Oil,Ohio,,Truck,62.0,62.0,62.0,Cents Per Lb
2023-10-23,Distillers Corn Oil,South Dakota,,Truck,58.75,57.0,60.0,Cents Per Lb
2023-10-23,Distillers Corn Oil,Wisconsin,,Truck,60.0,60.0,60.0,Cents Per Lb
2023-10-23,Distillers Grain,Illinois,Dried 10%,Truck,198.75,190.0,210.0,$ Per Ton
2023-10-23,Distillers Grain,Illinois,Wet 65-70%,Truck,65.0,65.0,65.0,$ Per Ton
2023-10-23,Distillers Grain,Indiana,Dried 10%,Truck,185.0,180.0,190.0,$ Per Ton
2023-10-23,Distillers Grain,Iowa,Modified Wet 55-60%,Truck,91.33,85.0,95.0,$ Per Ton
2023-10-23,Distillers Grain,Iowa,Dried 10%,Truck,186.36,165.0,222.0,$ Per Ton
2023-10-23,Distillers Grain,Iowa,Wet 65-70%,Truck,59.33,52.0,68.0,$ Per Ton
2023-10-23,Distillers Grain,Kansas,Dried 10%,Truck,233.6,208.0,245.0,$ Per Ton
2023-10-23,Distillers Grain,Kansas,Wet 65-70%,Truck,85.4,80.0,90.0,$ Per Ton
2023-10-23,Distillers Grain,Michigan,Dried 10%,Truck,188.75,175.0,200.0,$ Per Ton
2023-10-23,Distillers Grain,Minnesota,Dried 10%,Truck,188.0,185.0,195.0,$ Per Ton
2023-10-23,Distillers Grain,Minnesota,Wet 65-70%,Truck,68.0,68.0,68.0,$ Per Ton
2023-10-23,Distillers Grain,Minnesota,Modified Wet 55-60%,Truck,91.5,85.0,98.0,$ Per Ton
2023-10-23,Distillers Grain,Missouri,Dried 10%,Truck,228.33,215.0,250.0,$ Per Ton
2023-10-23,Distillers Grain,Missouri,Modified Wet 55-60%,Truck,115.0,115.0,115.0,$ Per Ton
2023-10-23,Distillers Grain,Missouri,Wet 65-70%,Truck,68.5,65.0,72.0,$ Per Ton
2023-10-23,Distillers Grain,N/A,Dried 10%,Rail/Barge,215.0,215.0,215.0,$ Per Ton
2023-10-23,Distillers Grain,N/A,Dried 10%,Rail,242.0,242.0,242.0,$ Per Ton
2023-10-23,Distillers Grain,N/A,Dried 10%,Ocean Vessel,265.0,265.0,265.0,$ Per Ton
2023-10-23,Distillers Grain,Nebraska,Wet 65-70%,Truck,71.0,65.0,79.0,$ Per Ton
2023-10-23,Distillers Grain,Nebraska,Modified Wet 55-60%,Truck,92.83,78.0,109.0,$ Per Ton
2023-10-23,Distillers Grain,Nebraska,Dried 10%,Truck,206.43,190.0,220.0,$ Per Ton
2023-10-23,Distillers Grain,Ohio,Dried 10%,Truck,187.5,180.0,195.0,$ Per Ton
2023-10-23,Distillers Grain,South Dakota,Dried 10%,Truck,191.83,178.0,200.0,$ Per Ton
2023-10-23,Distillers Grain,South Dakota,Wet 65-70%,Truck,68.0,68.0,68.0,$ Per Ton
2023-10-23,Distillers Grain,South Dakota,Modified Wet 55-60%,Truck,94.0,86.0,100.0,$ Per Ton
2023-10-23,Distillers Grain,Wisconsin,Wet 65-70%,Truck,74.5,63.0,86.0,$ Per Ton
2023-10-23,Distillers Grain,Wisconsin,Modified Wet 55-60%,Truck,98.0,98.0,98.0,$ Per Ton
2023-10-23,Distillers Grain,Wisconsin,Dried 10%,Truck,188.0,183.0,195.0,$ Per Ton
2023-10-23,Ethanol,Illinois,,Truck,2.25,2.25,2.25,$ Per Gallon
2023-10-23,Ethanol,Indiana,,Truck,2.4,2.4,2.4,$ Per Gallon
2023-10-23,Ethanol,Iowa,,Truck,2.0781,1.93,2.16,$ Per Gallon
2023-10-23,Ethanol,Iowa,,Rail,2.0525,2.02,2.085,$ Per Gallon
2023-10-23,Ethanol,Kansas,,Truck,2.0567,1.93,2.25,$ Per Gallon
2023-10-23,Ethanol,Minnesota,,Truck,2.1475,2.145,2.15,$ Per Gallon
2023-10-23,Ethanol,Nebraska,,Truck,2.1129,1.93,2.27,$ Per Gallon
2023-10-23,Ethanol,South Dakota,,Rail,2.135,2.135,2.135,$ Per Gallon
2023-10-30,Biodiesel,Illinois,B100,Truck,5.47,5.47,5.47,$ Per Gallon
2023-10-30,Biodiesel,Minnesota,B100,Truck,3.62,3.62,3.62,$ Per Gallon
2023-10-30,Distillers Corn Oil,Illinois,,Truck,57.0,54.0,60.0,Cents Per Lb
2023-10-30,Distillers Corn Oil,Indiana,,Truck,55.0,55.0,55.0,Cents Per Lb
2023-10-30,Distillers Corn Oil,Iowa,,Truck,55.5,52.0,59.0,Cents Per Lb
2023-10-30,Distillers Corn Oil,Michigan,,Truck,54.67,54.0,55.0,Cents Per Lb
2023-10-30,Distillers Corn Oil,Minnesota,,Truck,54.0,53.0,55.0,Cents Per Lb
2023-10-30,Distillers Corn Oil,Missouri,,Truck,54.0,54.0,54.0,Cents Per Lb
2023-10-30,Distillers Corn Oil,Nebraska,,Truck,56.0,53.0,60.0,Cents Per Lb
2023-10-30,Distillers Corn Oil,Ohio,,Truck,53.0,53.0,53.0,Cents Per Lb
2023-10-30,Distillers Corn Oil,South Dakota,,Truck,54.4,53.0,58.0,Cents Per Lb
2023-10-30,Distillers Corn Oil,Wisconsin,,Truck,64.0,64.0,64.0,Cents Per Lb
2023-10-30,Distillers Grain,Illinois,Dried 10%,Truck,204.5,195.0,225.0,$ Per Ton
2023-10-30,Distillers Grain,Illinois,Modified Wet 55-60%,Truck,84.0,84.0,84.0,$ Per Ton
2023-10-30,Distillers Grain,Indiana,Dried 10%,Truck,193.33,190.0,200.0,$ Per Ton
2023-10-30,Distillers Grain,Iowa,Dried 10%,Truck,191.08,175.0,235.0,$ Per Ton
2023-10-30,Distillers Grain,Iowa,Modified Wet 55-60%,Truck,92.6,85.0,98.0,$ Per Ton
2023-10-30,Distillers Grain,Iowa,Wet 65-70%,Truck,66.67,55.0,85.0,$ Per Ton
2023-10-30,Distillers Grain,Kansas,Dried 10%,Truck,235.0,205.0,245.0,$ Per Ton
2023-10-30,Distillers Grain,Kansas,Wet 65-70%,Truck,85.0,85.0,85.0,$ Per Ton
2023-10-30,Distillers Grain,Michigan,Dried 10%,Truck,186.25,180.0,195.0,$ Per Ton
2023-10-30,Distillers Grain,Minnesota,Dried 10%,Truck,190.0,185.0,200.0,$ Per Ton
2023-10-30,Distillers Grain,Minnesota,Wet 65-70%,Truck,68.0,68.0,68.0,$ Per Ton
2023-10-30,Distillers Grain,Minnesota,Modified Wet 55-60%,Truck,85.0,85.0,85.0,$ Per Ton
2023-10-30,Distillers Grain,Missouri,Wet 65-70%,Truck,73.0,73.0,73.0,$ Per Ton
2023-10-30,Distillers Grain,Missouri,Dried 10%,Truck,235.0,220.0,250.0,$ Per Ton
2023-10-30,Distillers Grain,Missouri,Modified Wet 55-60%,Truck,120.0,120.0,120.0,$ Per Ton
2023-10-30,Distillers Grain,N/A,Dried 10%,Rail,258.0,258.0,258.0,$ Per Ton
2023-10-30,Distillers Grain,N/A,Dried 10%,Ocean Vessel,275.0,275.0,275.0,$ Per Ton
2023-10-30,Distillers Grain,N/A,Dried 10%,Rail/Barge,218.0,218.0,218.0,$ Per Ton
2023-10-30,Distillers Grain,Nebraska,Wet 65-70%,Truck,67.5,65.0,70.0,$ Per Ton
2023-10-30,Distillers Grain,Nebraska,Dried 10%,Truck,209.25,205.0,215.0,$ Per Ton
2023-10-30,Distillers Grain,Nebraska,Modified Wet 55-60%,Truck,96.75,90.0,109.0,$ Per Ton
2023-10-30,Distillers Grain,Ohio,Dried 10%,Truck,191.67,185.0,200.0,$ Per Ton
2023-10-30,Distillers Grain,South Dakota,Wet 65-70%,Truck,68.0,68.0,68.0,$ Per Ton
2023-10-30,Distillers Grain,South Dakota,Modified Wet 55-60%,Truck,91.75,88.0,95.0,$ Per Ton
2023-10-30,Distillers Grain,South Dakota,Dried 10%,Truck,191.2,184.0,197.0,$ Per Ton
2023-10-30,Distillers Grain,Wisconsin,Modified Wet 55-60%,Truck,98.0,98.0,98.0,$ Per Ton
2023-10-30,Distillers Grain,Wisconsin,Dried 10%,Truck,189.33,183.0,195.0,$ Per Ton
2023-10-30,Distillers Grain,Wisconsin,Wet 65-70%,Truck,64.5,63.0,66.0,$ Per Ton
2023-10-30,Ethanol,Illinois,,Truck,1.98,1.98,1.98,$ Per Gallon
2023-10-30,Ethanol,Illinois,,Rail,1.94,1.94,1.94,$ Per Gallon
2023-10-30,Ethanol,Iowa,,Truck,1.9788,1.865,2.15,$ Per Gallon
2023-10-30,Ethanol,Iowa,,Rail,1.89,1.89,1.89,$ Per Gallon
2023-10-30,Ethanol,Kansas,,Truck,1.98,1.98,1.98,$ Per Gallon
2023-10-30,Ethanol,Minnesota,,Truck,1.865,1.865,1.865,$ Per Gallon
2023-10-30,Ethanol,Nebraska,,Truck,1.9267,1.8,2.08,$ Per Gallon
2023-10-30,Ethanol,Nebraska,,Rail,1.8825,1.875,1.89,$ Per Gallon
2023-10-30,Ethanol,South Dakota,,Rail,1.855,1.855,1.855,$ Per Gallon
2023-11-06,Biodiesel,Illinois,B100,Truck,5.47,5.47,5.47,$ Per Gallon
2023-11-06,Biodiesel,Minnesota,B100,Truck,3.62,3.62,3.62,$ Per Gallon
2023-11-06,Distillers Corn Oil,Illinois,,Truck,56.67,53.0,60.0,Cents Per Lb
2023-11-06,Distillers Corn Oil,Indiana,,Truck,55.0,55.0,55.0,Cents Per Lb
2023-11-06,Distillers Corn Oil,Iowa,,Truck,55.14,53.0,58.0,Cents Per Lb
2023-11-06,Distillers Corn Oil,Kansas,,Truck,57.0,57.0,57.0,Cents Per Lb
2023-11-06,Distillers Corn Oil,Michigan,,Truck,54.33,54.0,55.0,Cents Per Lb
2023-11-06,Distillers Corn Oil,Minnesota,,Truck,53.67,53.0,55.0,Cents Per Lb
2023-11-06,Distillers Corn Oil,Missouri,,Truck,54.0,54.0,54.0,Cents Per Lb
2023-11-06,Distillers Corn Oil,Nebraska,,Truck,55.5,53.0,60.0,Cents Per Lb
2023-11-06,Distillers Corn Oil,Ohio,,Truck,53.0,53.0,53.0,Cents Per Lb
2023-11-06,Distillers Corn Oil,South Dakota,,Truck,53.5,53.0,54.0,Cents Per Lb
2023-11-06,Distillers Corn Oil,Wisconsin,,Truck,53.0,53.0,53.0,Cents Per Lb
2023-11-06,Distillers Grain,Illinois,Modified Wet 55-60%,Truck,84.0,84.0,84.0,$ Per Ton
2023-11-06,Distillers Grain,Illinois,Dried 10%,Truck,209.0,198.0,228.0,$ Per Ton
2023-11-06,Distillers Grain,Illinois,Wet 65-70%,Truck,84.0,84.0,84.0,$ Per Ton
2023-11-06,Distillers Grain,Indiana,Dried 10%,Truck,203.75,190.0,235.0,$ Per Ton
2023-11-06,Distillers Grain,Iowa,Dried 10%,Truck,192.29,175.0,235.0,$ Per Ton
2023-11-06,Distillers Grain,Iowa,Modified Wet 55-60%,Truck,96.83,90.0,107.0,$ Per Ton
2023-11-06,Distillers Grain,Iowa,Wet 65-70%,Truck,57.5,55.0,60.0,$ Per Ton
2023-11-06,Distillers Grain,Kansas,Wet 65-70%,Truck,82.5,75.0,85.0,$ Per Ton
2023-11-06,Distillers Grain,Kansas,Dried 10%,Truck,231.25,210.0,245.0,$ Per Ton
2023-11-06,Distillers Grain,Michigan,Modified Wet 55-60%,Truck,125.0,125.0,125.0,$ Per Ton
2023-11-06,Distillers Grain,Michigan,Dried 10%,Truck,195.0,180.0,220.0,$ Per Ton
2023-11-06,Distillers Grain,Minnesota,Dried 10%,Truck,190.0,180.0,200.0,$ Per Ton
2023-11-06,Distillers Grain,Minnesota,Modified Wet 55-60%,Truck,85.0,85.0,85.0,$ Per Ton
2023-11-06,Distillers Grain,Minnesota,Wet 65-70%,Truck,68.0,68.0,68.0,$ Per Ton
2023-11-06,Distillers Grain,Missouri,Wet 65-70%,Truck,75.0,75.0,75.0,$ Per Ton
2023-11-06,Distillers Grain,Missouri,Modified Wet 55-60%,Truck,120.0,120.0,120.0,$ Per Ton
2023-11-06,Distillers Grain,Missouri,Dried 10%,Truck,235.0,220.0,250.0,$ Per Ton
2023-11-06,Distillers Grain,N/A,Dried 10%,Rail/Barge,225.0,225.0,225.0,$ Per Ton
2023-11-06,Distillers Grain,N/A,Dried 10%,Ocean Vessel,290.0,290.0,290.0,$ Per Ton
2023-11-06,Distillers Grain,Nebraska,Wet 65-70%,Truck,73.5,70.0,76.0,$ Per Ton
2023-11-06,Distillers Grain,Nebraska,Modified Wet 55-60%,Truck,100.33,90.0,111.0,$ Per Ton
2023-11-06,Distillers Grain,Nebraska,Dried 10%,Truck,213.4,205.0,225.0,$ Per Ton
2023-11-06,Distillers Grain,Ohio,Dried 10%,Truck,203.75,190.0,235.0,$ Per Ton
2023-11-06,Distillers Grain,South Dakota,Wet 65-70%,Truck,68.0,68.0,68.0,$ Per Ton
2023-11-06,Distillers Grain,South Dakota,Modified Wet 55-60%,Truck,96.75,94.0,99.0,$ Per Ton
2023-11-06,Distillers Grain,South Dakota,Dried 10%,Truck,192.0,188.0,195.0,$ Per Ton
2023-11-06,Distillers Grain,Wisconsin,Modified Wet 55-60%,Truck,98.0,98.0,98.0,$ Per Ton
2023-11-06,Distillers Grain,Wisconsin,Dried 10%,Truck,189.25,183.0,195.0,$ Per Ton
2023-11-06,Distillers Grain,Wisconsin,Wet 65-70%,Truck,69.5,63.0,76.0,$ Per Ton
2023-11-06,Ethanol,Illinois,,Truck,1.86,1.86,1.86,$ Per Gallon
2023-11-06,Ethanol,Illinois,,Rail,1.94,1.94,1.94,$ Per Gallon
2023-11-06,Ethanol,Iowa,,Truck,1.82,1.7,2.15,$ Per Gallon
2023-11-06,Ethanol,Iowa,,Rail,1.89,1.89,1.89,$ Per Gallon
2023-11-06,Ethanol,Kansas,,Truck,1.7733,1.7,1.86,$ Per Gallon
2023-11-06,Ethanol,Minnesota,,Truck,1.75,1.75,1.75,$ Per Gallon
2023-11-06,Ethanol,Nebraska,,Truck,1.79,1.7,1.9,$ Per Gallon
2023-11-06,Ethanol,Nebraska,,Rail,1.82,1.75,1.89,$ Per Gallon
2023-11-06,Ethanol,South Dakota,,Rail,1.74,1.74,1.74,$ Per Gallon
2023-11-13,Biodiesel,Illinois,B100,Truck,5.47,5.47,5.47,$ Per Gallon
2023-11-13,Biodiesel,Minnesota,B100,Truck,3.62,3.62,3.62,$ Per Gallon
2023-11-13,Distillers Corn Oil,Illinois,,Truck,55.33,53.0,59.0,Cents Per Lb
2023-11-13,Distillers Corn Oil,Indiana,,Truck,56.0,56.0,56.0,Cents Per Lb
2023-11-13,Distillers Corn Oil,Iowa,,Truck,55.38,53.0,57.0,Cents Per Lb
2023-11-13,Distillers Corn Oil,Kansas,,Truck,57.0,57.0,57.0,Cents Per Lb
2023-11-13,Distillers Corn Oil,Michigan,,Truck,54.5,53.0,56.0,Cents Per Lb
2023-11-13,Distillers Corn Oil,Minnesota,,Truck,54.0,53.0,55.0,Cents Per Lb
2023-11-13,Distillers Corn Oil,Missouri,,Truck,54.0,54.0,54.0,Cents Per Lb
2023-11-13,Distillers Corn Oil,Nebraska,,Truck,56.25,54.0,60.0,Cents Per Lb
2023-11-13,Distillers Corn Oil,Ohio,,Truck,54.5,53.0,56.0,Cents Per Lb
2023-11-13,Distillers Corn Oil,South Dakota,,Truck,54.17,52.0,58.0,Cents Per Lb
2023-11-13,Distillers Corn Oil,Wisconsin,,Truck,53.0,53.0,53.0,Cents Per Lb
2023-11-13,Distillers Grain,Illinois,Dried 10%,Truck,218.33,210.0,235.0,$ Per Ton
2023-11-13,Distillers Grain,Illinois,Modified Wet 55-60%,Truck,89.0,89.0,89.0,$ Per Ton
2023-11-13,Distillers Grain,Indiana,Dried 10%,Truck,203.75,190.0,235.0,$ Per Ton
2023-11-13,Distillers Grain,Iowa,Wet 65-70%,Truck,75.0,65.0,82.0,$ Per Ton
2023-11-13,Distillers Grain,Iowa,Modified Wet 55-60%,Truck,102.29,92.0,110.0,$ Per Ton
2023-11-13,Distillers Grain,Iowa,Dried 10%,Truck,201.92,175.0,225.0,$ Per Ton
2023-11-13,Distillers Grain,Kansas,Wet 65-70%,Truck,84.0,80.0,85.0,$ Per Ton
2023-11-13,Distillers Grain,Kansas,Dried 10%,Truck,241.4,212.0,255.0,$ Per Ton
2023-11-13,Distillers Grain,Michigan,Dried 10%,Truck,197.5,180.0,230.0,$ Per Ton
2023-11-13,Distillers Grain,Minnesota,Wet 65-70%,Truck,75.0,75.0,75.0,$ Per Ton
2023-11-13,Distillers Grain,Minnesota,Modified Wet 55-60%,Truck,100.0,90.0,110.0,$ Per Ton
2023-11-13,Distillers Grain,Minnesota,Dried 10%,Truck,202.0,190.0,220.0,$ Per Ton
2023-11-13,Distillers Grain,Missouri,Wet 65-70%,Truck,77.5,75.0,80.0,$ Per Ton
2023-11-13,Distillers Grain,Missouri,Modified Wet 55-60%,Truck,125.0,125.0,125.0,$ Per Ton
2023-11-13,Distillers Grain,Missouri,Dried 10%,Truck,238.33,225.0,250.0,$ Per Ton
2023-11-13,Distillers Grain,N/A,Dried 10%,Rail/Barge,227.5,225.0,230.0,$ Per Ton
2023-11-13,Distillers Grain,N/A,Dried 10%,Ocean Vessel,293.0,293.0,293.0,$ Per Ton
2023-11-13,Distillers Grain,Nebraska,Wet 65-70%,Truck,73.2,66.0,80.0,$ Per Ton
2023-11-13,Distillers Grain,Nebraska,Modified Wet 55-60%,Truck,103.6,85.0,120.0,$ Per Ton
2023-11-13,Distillers Grain,Nebraska,Dried 10%,Truck,225.0,220.0,235.0,$ Per Ton
2023-11-13,Distillers Grain,Ohio,Dried 10%,Truck,206.25,190.0,235.0,$ Per Ton
2023-11-13,Distillers Grain,South Dakota,Wet 65-70%,Truck,78.0,78.0,78.0,$ Per Ton
2023-11-13,Distillers Grain,South Dakota,Modified Wet 55-60%,Truck,97.8,90.0,105.0,$ Per Ton
2023-11-13,Distillers Grain,South Dakota,Dried 10%,Truck,199.0,190.0,210.0,$ Per Ton
2023-11-13,Distillers Grain,Wisconsin,Wet 65-70%,Truck,72.5,65.0,80.0,$ Per Ton
2023-11-13,Distillers Grain,Wisconsin,Modified Wet 55-60%,Truck,98.0,98.0,98.0,$ Per Ton
2023-11-13,Distillers Grain,Wisconsin,Dried 10%,Truck,195.75,189.0,205.0,$ Per Ton
2023-11-13,Ethanol,Illinois,,Truck,1.86,1.86,1.86,$ Per Gallon
2023-11-13,Ethanol,Illinois,,Rail,1.93,1.93,1.93,$ Per Gallon
2023-11-13,Ethanol,Iowa,,Truck,1.801,1.7,2.0,$ Per Gallon
2023-11-13,Ethanol,Iowa,,Rail,1.89,1.89,1.89,$ Per Gallon
2023-11-13,Ethanol,Kansas,,Truck,1.7833,1.7,1.89,$ Per Gallon
2023-11-13,Ethanol,Minnesota,,Truck,1.78,1.78,1.78,$ Per Gallon
2023-11-13,Ethanol,Nebraska,,Truck,1.77,1.7,1.89,$ Per Gallon
2023-11-13,Ethanol,Nebraska,,Rail,1.81,1.73,1.89,$ Per Gallon
2023-11-13,Ethanol,South Dakota,,Rail,1.77,1.77,1.77,$ Per Gallon
2023-11-13,Ethanol,Wisconsin,,Truck,1.9,1.9,1.9,$ Per Gallon
2023-11-27,Biodiesel,Illinois,B100,Truck,5.47,5.47,5.47,$ Per Gallon
2023-11-27,Distillers Corn Oil,Illinois,,Truck,55.8,53.0,60.0,Cents Per Lb
2023-11-27,Distillers Corn Oil,Indiana,,Truck,56.0,56.0,56.0,Cents Per Lb
2023-11-27,Distillers Corn Oil,Iowa,,Truck,54.29,52.0,57.0,Cents Per Lb
2023-11-27,Distillers Corn Oil,Kansas,,Truck,56.0,56.0,56.0,Cents Per Lb
2023-11-27,Distillers Corn Oil,Michigan,,Truck,54.5,53.0,56.0,Cents Per Lb
2023-11-27,Distillers Corn Oil,Minnesota,,Truck,54.0,53.0,55.0,Cents Per Lb
2023-11-27,Distillers Corn Oil,Missouri,,Truck,54.0,54.0,54.0,Cents Per Lb
2023-11-27,Distillers Corn Oil,Nebraska,,Truck,55.75,54.0,58.0,Cents Per Lb
2023-11-27,Distillers Corn Oil,Ohio,,Truck,54.5,53.0,56.0,Cents Per Lb
2023-11-27,Distillers Corn Oil,South Dakota,,Truck,54.25,52.0,56.0,Cents Per Lb
2023-11-27,Distillers Corn Oil,Wisconsin,,Truck,50.0,50.0,50.0,Cents Per Lb
2023-11-27,Distillers Grain,Illinois,Modified Wet 55-60%,Truck,89.0,89.0,89.0,$ Per Ton
2023-11-27,Distillers Grain,Illinois,Dried 10%,Truck,216.0,210.0,228.0,$ Per Ton
2023-11-27,Distillers Grain,Indiana,Dried 10%,Truck,204.0,185.0,235.0,$ Per Ton
2023-11-27,Distillers Grain,Iowa,Modified Wet 55-60%,Truck,105.0,98.0,110.0,$ Per Ton
2023-11-27,Distillers Grain,Iowa,Dried 10%,Truck,211.8,195.0,228.0,$ Per Ton
2023-11-27,Distillers Grain,Iowa,Wet 65-70%,Truck,60.0,55.0,65.0,$ Per Ton
2023-11-27,Distillers Grain,Kansas,Dried 10%,Truck,243.33,220.0,265.0,$ Per Ton
2023-11-27,Distillers Grain,Kansas,Wet 65-70%,Truck,81.5,75.0,85.0,$ Per Ton
2023-11-27,Distillers Grain,Michigan,Dried 10%,Truck,205.0,190.0,240.0,$ Per Ton
2023-11-27,Distillers Grain,Minnesota,Dried 10%,Truck,212.0,210.0,220.0,$ Per Ton
2023-11-27,Distillers Grain,Minnesota,Wet 65-70%,Truck,75.0,75.0,75.0,$ Per Ton
2023-11-27,Distillers Grain,Minnesota,Modified Wet 55-60%,Truck,100.0,90.0,110.0,$ Per Ton
2023-11-27,Distillers Grain,Missouri,Wet 65-70%,Truck,78.0,76.0,80.0,$ Per Ton
2023-11-27,Distillers Grain,Missouri,Dried 10%,Truck,246.67,225.0,275.0,$ Per Ton
2023-11-27,Distillers Grain,Missouri,Modified Wet 55-60%,Truck,125.0,125.0,125.0,$ Per Ton
2023-11-27,Distillers Grain,N/A,Dried 10%,Rail/Barge,226.0,222.0,230.0,$ Per Ton
2023-11-27,Distillers Grain,N/A,Dried 10%,Ocean Vessel,285.0,285.0,285.0,$ Per Ton
2023-11-27,Distillers Grain,Nebraska,Modified Wet 55-60%,Truck,103.25,90.0,118.0,$ Per Ton
2023-11-27,Distillers Grain,Nebraska,Dried 10%,Truck,227.0,225.0,230.0,$ Per Ton
2023-11-27,Distillers Grain,Nebraska,Wet 65-70%,Truck,75.8,67.0,85.0,$ Per Ton
2023-11-27,Distillers Grain,Ohio,Dried 10%,Truck,210.75,200.0,235.0,$ Per Ton
2023-11-27,Distillers Grain,South Dakota,Wet 65-70%,Truck,78.0,78.0,78.0,$ Per Ton
2023-11-27,Distillers Grain,South Dakota,Modified Wet 55-60%,Truck,104.4,96.0,115.0,$ Per Ton
2023-11-27,Distillers Grain,South Dakota,Dried 10%,Truck,213.2,212.0,215.0,$ Per Ton
2023-11-27,Distillers Grain,Wisconsin,Wet 65-70%,Truck,65.0,65.0,65.0,$ Per Ton
2023-11-27,Distillers Grain,Wisconsin,Modified Wet 55-60%,Truck,95.0,92.0,98.0,$ Per Ton
2023-11-27,Distillers Grain,Wisconsin,Dried 10%,Truck,198.25,189.0,205.0,$ Per Ton
2023-11-27,Ethanol,Iowa,,Truck,1.725,1.63,1.9,$ Per Gallon
2023-11-27,Ethanol,Iowa,,Rail,1.61,1.605,1.615,$ Per Gallon
2023-11-27,Ethanol,Kansas,,Truck,1.7467,1.7,1.78,$ Per Gallon
2023-11-27,Ethanol,Minnesota,,Truck,1.655,1.655,1.655,$ Per Gallon
2023-11-27,Ethanol,Nebraska,,Truck,1.731,1.67,1.766,$ Per Gallon
2023-11-27,Ethanol,South Dakota,,Rail,1.645,1.645,1.645,$ Per Gallon
2023-12-04,Biodiesel,Illinois,B100,Truck,5.47,5.47,5.47,$ Per Gallon
2023-12-04,Biodiesel,Minnesota,B100,Truck,3.35,3.35,3.35,$ Per Gallon
2023-12-04,Distillers Corn Oil,Illinois,,Truck,55.75,53.0,58.0,Cents Per Lb
2023-12-04,Distillers Corn Oil,Indiana,,Truck,56.0,56.0,56.0,Cents Per Lb
2023-12-04,Distillers Corn Oil,Iowa,,Truck,52.4,52.0,53.0,Cents Per Lb
2023-12-04,Distillers Corn Oil,Kansas,,Truck,56.0,56.0,56.0,Cents Per Lb
2023-12-04,Distillers Corn Oil,Michigan,,Truck,54.0,53.0,55.0,Cents Per Lb
2023-12-04,Distillers Corn Oil,Minnesota,,Truck,54.0,53.0,55.0,Cents Per Lb
2023-12-04,Distillers Corn Oil,Missouri,,Truck,52.0,52.0,52.0,Cents Per Lb
2023-12-04,Distillers Corn Oil,Nebraska,,Truck,54.67,54.0,55.0,Cents Per Lb
2023-12-04,Distillers Corn Oil,Ohio,,Truck,54.5,53.0,56.0,Cents Per Lb
2023-12-04,Distillers Corn Oil,South Dakota,,Truck,53.0,52.0,54.0,Cents Per Lb
2023-12-04,Distillers Corn Oil,Wisconsin,,Truck,51.0,51.0,51.0,Cents Per Lb
2023-12-04,Distillers Grain,Illinois,Dried 10%,Truck,216.4,210.0,237.0,$ Per Ton
2023-12-04,Distillers Grain,Indiana,Dried 10%,Truck,198.33,190.0,205.0,$ Per Ton
2023-12-04,Distillers Grain,Iowa,Dried 10%,Truck,208.45,195.0,228.0,$ Per Ton
2023-12-04,Distillers Grain,Iowa,Wet 65-70%,Truck,60.0,55.0,65.0,$ Per Ton
2023-12-04,Distillers Grain,Iowa,Modified Wet 55-60%,Truck,104.5,98.0,110.0,$ Per Ton
2023-12-04,Distillers Grain,Kansas,Wet 65-70%,Truck,82.8,80.0,85.0,$ Per Ton
2023-12-04,Distillers Grain,Kansas,Dried 10%,Truck,255.0,240.0,265.0,$ Per Ton
2023-12-04,Distillers Grain,Michigan,Dried 10%,Truck,186.25,170.0,195.0,$ Per Ton
2023-12-04,Distillers Grain,Minnesota,Wet 65-70%,Truck,75.0,75.0,75.0,$ Per Ton
2023-12-04,Distillers Grain,Minnesota,Modified Wet 55-60%,Truck,100.0,90.0,110.0,$ Per Ton
2023-12-04,Distillers Grain,Minnesota,Dried 10%,Truck,211.0,205.0,220.0,$ Per Ton
2023-12-04,Distillers Grain,Missouri,Wet 65-70%,Truck,78.5,77.0,80.0,$ Per Ton
2023-12-04,Distillers Grain,Missouri,Modified Wet 55-60%,Truck,125.0,125.0,125.0,$ Per Ton
2023-12-04,Distillers Grain,Missouri,Dried 10%,Truck,246.67,225.0,275.0,$ Per Ton
2023-12-04,Distillers Grain,N/A,Dried 10%,Rail/Barge,225.0,225.0,225.0,$ Per Ton
2023-12-04,Distillers Grain,N/A,Dried 10%,Ocean Vessel,285.0,285.0,285.0,$ Per Ton
2023-12-04,Distillers Grain,N/A,Dried 10%,Rail,272.0,272.0,272.0,$ Per Ton
2023-12-04,Distillers Grain,Nebraska,Wet 65-70%,Truck,75.2,66.0,85.0,$ Per Ton
2023-12-04,Distillers Grain,Nebraska,Modified Wet 55-60%,Truck,102.75,90.0,116.0,$ Per Ton
2023-12-04,Distillers Grain,Nebraska,Dried 10%,Truck,225.0,220.0,230.0,$ Per Ton
2023-12-04,Distillers Grain,Ohio,Dried 10%,Truck,201.0,195.0,208.0,$ Per Ton
2023-12-04,Distillers Grain,South Dakota,Wet 65-70%,Truck,78.0,78.0,78.0,$ Per Ton
2023-12-04,Distillers Grain,South Dakota,Modified Wet 55-60%,Truck,106.75,105.0,110.0,$ Per Ton
2023-12-04,Distillers Grain,South Dakota,Dried 10%,Truck,212.2,210.0,215.0,$ Per Ton
2023-12-04,Distillers Grain,Wisconsin,Modified Wet 55-60%,Truck,95.0,92.0,98.0,$ Per Ton
2023-12-04,Distillers Grain,Wisconsin,Dried 10%,Truck,197.0,189.0,205.0,$ Per Ton
2023-12-04,Distillers Grain,Wisconsin,Wet 65-70%,Truck,62.0,62.0,62.0,$ Per Ton
2023-12-04,Ethanol,Illinois,,Truck,1.78,1.78,1.78,$ Per Gallon
2023-12-04,Ethanol,Iowa,,Truck,1.6712,1.54,1.85,$ Per Gallon
2023-12-04,Ethanol,Iowa,,Rail,1.585,1.585,1.585,$ Per Gallon
2023-12-04,Ethanol,Kansas,,Truck,1.64,1.54,1.78,$ Per Gallon
2023-12-04,Ethanol,Minnesota,,Truck,1.6785,1.6785,1.6785,$ Per Gallon
2023-12-04,Ethanol,Nebraska,,Truck,1.6485,1.54,1.7125,$ Per Gallon
2023-12-04,Ethanol,South Dakota,,Rail,1.6685,1.6685,1.6685,$ Per Gallon
2023-12-04,Ethanol,Wisconsin,,Truck,1.877,1.877,1.877,$ Per Gallon
2023-12-11,Biodiesel,Illinois,B100,Truck,5.88,5.88,5.88,$ Per Gallon
2023-12-11,Distillers Corn Oil,Illinois,,Truck,53.0,49.0,56.0,Cents Per Lb
2023-12-11,Distillers Corn Oil,Indiana,,Truck,53.0,52.0,54.0,Cents Per Lb
2023-12-11,Distillers Corn Oil,Iowa,,Truck,52.43,49.0,56.0,Cents Per Lb
2023-12-11,Distillers Corn Oil,Kansas,,Truck,56.0,56.0,56.0,Cents Per Lb
2023-12-11,Distillers Corn Oil,Michigan,,Truck,52.5,51.0,54.0,Cents Per Lb
2023-12-11,Distillers Corn Oil,Minnesota,,Truck,52.0,49.0,54.0,Cents Per Lb
2023-12-11,Distillers Corn Oil,Missouri,,Truck,52.67,52.0,54.0,Cents Per Lb
2023-12-11,Distillers Corn Oil,Nebraska,,Truck,53.4,52.0,54.0,Cents Per Lb
2023-12-11,Distillers Corn Oil,Ohio,,Truck,53.0,52.0,54.0,Cents Per Lb
2023-12-11,Distillers Corn Oil,South Dakota,,Truck,52.0,50.0,55.0,Cents Per Lb
2023-12-11,Distillers Corn Oil,Wisconsin,,Truck,50.0,50.0,50.0,Cents Per Lb
2023-12-11,Distillers Grain,Illinois,Dried 10%,Truck,216.25,210.0,235.0,$ Per Ton
2023-12-11,Distillers Grain,Illinois,Wet 65-70%,Truck,89.0,89.0,89.0,$ Per Ton
2023-12-11,Distillers Grain,Indiana,Dried 10%,Truck,197.5,185.0,220.0,$ Per Ton
2023-12-11,Distillers Grain,Iowa,Modified Wet 55-60%,Truck,103.0,95.0,110.0,$ Per Ton
2023-12-11,Distillers Grain,Iowa,Dried 10%,Truck,210.0,200.0,228.0,$ Per Ton
2023-12-11,Distillers Grain,Iowa,Wet 65-70%,Truck,74.8,63.0,95.0,$ Per Ton
2023-12-11,Distillers Grain,Kansas,Dried 10%,Truck,252.5,230.0,260.0,$ Per Ton
2023-12-11,Distillers Grain,Kansas,Wet 65-70%,Truck,81.8,75.0,85.0,$ Per Ton
2023-12-11,Distillers Grain,Michigan,Dried 10%,Truck,194.0,175.0,225.0,$ Per Ton
2023-12-11,Distillers Grain,Minnesota,Dried 10%,Truck,206.0,190.0,215.0,$ Per Ton
2023-12-11,Distillers Grain,Minnesota,Wet 65-70%,Truck,70.0,70.0,70.0,$ Per Ton
2023-12-11,Distillers Grain,Minnesota,Modified Wet 55-60%,Truck,97.5,90.0,105.0,$ Per Ton
2023-12-11,Distillers Grain,Missouri,Dried 10%,Truck,245.0,225.0,275.0,$ Per Ton
2023-12-11,Distillers Grain,Missouri,Modified Wet 55-60%,Truck,125.0,125.0,125.0,$ Per Ton
2023-12-11,Distillers Grain,Missouri,Wet 65-70%,Truck,77.5,77.0,78.0,$ Per Ton
2023-12-11,Distillers Grain,N/A,Dried 10%,Rail/Barge,221.0,220.0,222.0,$ Per Ton
2023-12-11,Distillers Grain,N/A,Dried 10%,Rail,272.0,272.0,272.0,$ Per Ton
2023-12-11,Distillers Grain,N/A,Dried 10%,Ocean Vessel,285.0,285.0,285.0,$ Per Ton
2023-12-11,Distillers Grain,Nebraska,Wet 65-70%,Truck,79.25,75.0,90.0,$ Per Ton
2023-12-11,Distillers Grain,Nebraska,Modified Wet 55-60%,Truck,110.25,100.0,120.0,$ Per Ton
2023-12-11,Distillers Grain,Nebraska,Dried 10%,Truck,225.83,220.0,235.0,$ Per Ton
2023-12-11,Distillers Grain,Ohio,Dried 10%,Truck,205.75,195.0,220.0,$ Per Ton
2023-12-11,Distillers Grain,South Dakota,Wet 65-70%,Truck,78.0,78.0,78.0,$ Per Ton
2023-12-11,Distillers Grain,South Dakota,Modified Wet 55-60%,Truck,106.75,105.0,110.0,$ Per Ton
2023-12-11,Distillers Grain,South Dakota,Dried 10%,Truck,213.4,210.0,218.0,$ Per Ton
2023-12-11,Distillers Grain,Wisconsin,Dried 10%,Truck,197.0,189.0,205.0,$ Per Ton
2023-12-11,Distillers Grain,Wisconsin,Modified Wet 55-60%,Truck,95.5,93.0,98.0,$ Per Ton
2023-12-11,Distillers Grain,Wisconsin,Wet 65-70%,Truck,62.0,62.0,62.0,$ Per Ton
2023-12-11,Ethanol,Illinois,,Rail,1.65,1.65,1.65,$ Per Gallon
2023-12-11,Ethanol,Iowa,,Truck,1.6421,1.54,1.85,$ Per Gallon
2023-12-11,Ethanol,Iowa,,Rail,1.46,1.46,1.46,$ Per Gallon
2023-12-11,Ethanol,Kansas,,Truck,1.61,1.54,1.69,$ Per Gallon
2023-12-11,Ethanol,Minnesota,,Truck,1.585,1.585,1.585,$ Per Gallon
2023-12-11,Ethanol,Nebraska,,Rail,1.47,1.47,1.47,$ Per Gallon
2023-12-11,Ethanol,Nebraska,,Truck,1.5897,1.52,1.6985,$ Per Gallon
2023-12-11,Ethanol,South Dakota,,Rail,1.575,1.575,1.575,$ Per Gallon
2023-12-11,Ethanol,Wisconsin,,Truck,1.68,1.68,1.68,$ Per Gallon
2023-12-18,Biodiesel,Illinois,B100,Truck,5.88,5.88,5.88,$ Per Gallon
2023-12-18,Distillers Corn Oil,Illinois,,Truck,51.75,49.0,56.0,Cents Per Lb
2023-12-18,Distillers Corn Oil,Indiana,,Truck,52.67,52.0,54.0,Cents Per Lb
2023-12-18,Distillers Corn Oil,Iowa,,Truck,50.91,45.0,55.0,Cents Per Lb
2023-12-18,Distillers Corn Oil,Kansas,,Truck,56.0,56.0,56.0,Cents Per Lb
2023-12-18,Distillers Corn Oil,Michigan,,Truck,52.25,51.0,54.0,Cents Per Lb
2023-12-18,Distillers Corn Oil,Minnesota,,Truck,50.8,49.0,54.0,Cents Per Lb
2023-12-18,Distillers Corn Oil,Missouri,,Truck,52.67,52.0,54.0,Cents Per Lb
2023-12-18,Distillers Corn Oil,Nebraska,,Truck,51.71,48.0,55.0,Cents Per Lb
2023-12-18,Distillers Corn Oil,Ohio,,Truck,50.5,48.0,52.0,Cents Per Lb
2023-12-18,Distillers Corn Oil,South Dakota,,Truck,50.2,47.0,54.0,Cents Per Lb
2023-12-18,Distillers Corn Oil,Wisconsin,,Truck,50.0,50.0,50.0,Cents Per Lb
2023-12-18,Distillers Grain,Illinois,Wet 65-70%,Truck,89.0,89.0,89.0,$ Per Ton
2023-12-18,Distillers Grain,Illinois,Dried 10%,Truck,212.5,210.0,220.0,$ Per Ton
2023-12-18,Distillers Grain,Indiana,Dried 10%,Truck,198.33,185.0,220.0,$ Per Ton
2023-12-18,Distillers Grain,Iowa,Dried 10%,Truck,212.07,200.0,240.0,$ Per Ton
2023-12-18,Distillers Grain,Iowa,Modified Wet 55-60%,Truck,101.67,95.0,110.0,$ Per Ton
2023-12-18,Distillers Grain,Iowa,Wet 65-70%,Truck,69.5,63.0,75.0,$ Per Ton
2023-12-18,Distillers Grain,Kansas,Dried 10%,Truck,250.0,230.0,260.0,$ Per Ton
2023-12-18,Distillers Grain,Kansas,Wet 65-70%,Truck,81.5,75.0,85.0,$ Per Ton
2023-12-18,Distillers Grain,Michigan,Dried 10%,Truck,205.0,195.0,225.0,$ Per Ton
2023-12-18,Distillers Grain,Michigan,Modified Wet 55-60%,Truck,115.0,115.0,115.0,$ Per Ton
2023-12-18,Distillers Grain,Minnesota,Modified Wet 55-60%,Truck,97.5,90.0,105.0,$ Per Ton
2023-12-18,Distillers Grain,Minnesota,Dried 10%,Truck,205.0,190.0,215.0,$ Per Ton
2023-12-18,Distillers Grain,Minnesota,Wet 65-70%,Truck,70.0,70.0,70.0,$ Per Ton
2023-12-18,Distillers Grain,Missouri,Dried 10%,Truck,246.67,230.0,275.0,$ Per Ton
2023-12-18,Distillers Grain,Missouri,Modified Wet 55-60%,Truck,127.0,127.0,127.0,$ Per Ton
2023-12-18,Distillers Grain,Missouri,Wet 65-70%,Truck,77.5,77.0,78.0,$ Per Ton
2023-12-18,Distillers Grain,N/A,Dried 10%,Rail,272.0,272.0,272.0,$ Per Ton
2023-12-18,Distillers Grain,N/A,Dried 10%,Ocean Vessel,285.0,285.0,285.0,$ Per Ton
2023-12-18,Distillers Grain,N/A,Dried 10%,Rail/Barge,223.5,222.0,225.0,$ Per Ton
2023-12-18,Distillers Grain,Nebraska,Wet 65-70%,Truck,72.8,69.0,77.0,$ Per Ton
2023-12-18,Distillers Grain,Nebraska,Modified Wet 55-60%,Truck,103.5,90.0,120.0,$ Per Ton
2023-12-18,Distillers Grain,Nebraska,Dried 10%,Truck,225.83,220.0,235.0,$ Per Ton
2023-12-18,Distillers Grain,Ohio,Dried 10%,Truck,207.0,200.0,220.0,$ Per Ton
2023-12-18,Distillers Grain,South Dakota,Wet 65-70%,Truck,78.0,78.0,78.0,$ Per Ton
2023-12-18,Distillers Grain,South Dakota,Modified Wet 55-60%,Truck,106.75,105.0,110.0,$ Per Ton
2023-12-18,Distillers Grain,South Dakota,Dried 10%,Truck,212.4,210.0,218.0,$ Per Ton
2023-12-18,Distillers Grain,Wisconsin,Modified Wet 55-60%,Truck,95.5,93.0,98.0,$ Per Ton
2023-12-18,Distillers Grain,Wisconsin,Dried 10%,Truck,197.5,189.0,205.0,$ Per Ton
2023-12-18,Distillers Grain,Wisconsin,Wet 65-70%,Truck,62.0,62.0,62.0,$ Per Ton
2023-12-18,Ethanol,Illinois,,Rail,1.5763,1.5725,1.58,$ Per Gallon
2023-12-18,Ethanol,Iowa,,Truck,1.5683,1.4815,1.75,$ Per Gallon
2023-12-18,Ethanol,Iowa,,Rail,1.46,1.46,1.46,$ Per Gallon
2023-12-18,Ethanol,Kansas,,Truck,1.6,1.6,1.6,$ Per Gallon
2023-12-18,Ethanol,Minnesota,,Truck,1.4815,1.4815,1.4815,$ Per Gallon
2023-12-18,Ethanol,Nebraska,,Truck,1.5438,1.51,1.6015,$ Per Gallon
2023-12-18,Ethanol,Nebraska,,Rail,1.47,1.47,1.47,$ Per Gallon
2023-12-18,Ethanol,South Dakota,,Rail,1.4715,1.4715,1.4715,$ Per Gallon
2024-01-01,Biodiesel,Illinois,B100,Truck,5.88,5.88,5.88,$ Per Gallon
2024-01-01,Distillers Corn Oil,Illinois,,Truck,49.5,45.0,52.0,Cents Per Lb
2024-01-01,Distillers Corn Oil,Indiana,,Truck,52.67,52.0,54.0,Cents Per Lb
2024-01-01,Distillers Corn Oil,Iowa,,Truck,50.89,45.0,56.0,Cents Per Lb
2024-01-01,Distillers Corn Oil,Kansas,,Truck,49.0,49.0,49.0,Cents Per Lb
2024-01-01,Distillers Corn Oil,Michigan,,Truck,49.75,47.0,52.0,Cents Per Lb
2024-01-01,Distillers Corn Oil,Minnesota,,Truck,48.0,45.0,50.0,Cents Per Lb
2024-01-01,Distillers Corn Oil,Missouri,,Truck,52.67,52.0,54.0,Cents Per Lb
2024-01-01,Distillers Corn Oil,Nebraska,,Truck,50.6,48.0,55.0,Cents Per Lb
2024-01-01,Distillers Corn Oil,Ohio,,Truck,50.5,48.0,52.0,Cents Per Lb
2024-01-01,Distillers Corn Oil,South Dakota,,Truck,47.83,45.0,50.0,Cents Per Lb
2024-01-01,Distillers Corn Oil,Wisconsin,,Truck,47.0,47.0,47.0,Cents Per Lb
2024-01-01,Distillers Grain,Illinois,Wet 65-70%,Truck,89.0,89.0,89.0,$ Per Ton
2024-01-01,Distillers Grain,Illinois,Dried 10%,Truck,216.67,210.0,230.0,$ Per Ton
2024-01-01,Distillers Grain,Indiana,Dried 10%,Truck,202.5,185.0,220.0,$ Per Ton
2024-01-01,Distillers Grain,Iowa,Dried 10%,Truck,208.08,190.0,250.0,$ Per Ton
2024-01-01,Distillers Grain,Iowa,Modified Wet 55-60%,Truck,99.6,90.0,105.0,$ Per Ton
2024-01-01,Distillers Grain,Iowa,Wet 65-70%,Truck,68.75,63.0,75.0,$ Per Ton
2024-01-01,Distillers Grain,Kansas,Dried 10%,Truck,246.67,240.0,250.0,$ Per Ton
2024-01-01,Distillers Grain,Kansas,Wet 65-70%,Truck,83.25,80.0,85.0,$ Per Ton
2024-01-01,Distillers Grain,Michigan,Dried 10%,Truck,193.75,170.0,225.0,$ Per Ton
2024-01-01,Distillers Grain,Minnesota,Modified Wet 55-60%,Truck,105.0,105.0,105.0,$ Per Ton
2024-01-01,Distillers Grain,Minnesota,Wet 65-70%,Truck,70.0,70.0,70.0,$ Per Ton
2024-01-01,Distillers Grain,Minnesota,Dried 10%,Truck,196.25,185.0,205.0,$ Per Ton
2024-01-01,Distillers Grain,Missouri,Dried 10%,Truck,245.0,230.0,275.0,$ Per Ton
2024-01-01,Distillers Grain,Missouri,Wet 65-70%,Truck,78.0,78.0,78.0,$ Per Ton
2024-01-01,Distillers Grain,N/A,Dried 10%,Rail/Barge,225.0,225.0,225.0,$ Per Ton
2024-01-01,Distillers Grain,N/A,Dried 10%,Rail,260.0,260.0,260.0,$ Per Ton
2024-01-01,Distillers Grain,N/A,Dried 10%,Ocean Vessel,278.0,278.0,278.0,$ Per Ton
2024-01-01,Distillers Grain,Nebraska,Wet 65-70%,Truck,73.5,68.0,82.0,$ Per Ton
2024-01-01,Distillers Grain,Nebraska,Modified Wet 55-60%,Truck,107.75,90.0,120.0,$ Per Ton
2024-01-01,Distillers Grain,Nebraska,Dried 10%,Truck,223.83,218.0,235.0,$ Per Ton
2024-01-01,Distillers Grain,Ohio,Dried 10%,Truck,205.0,195.0,220.0,$ Per Ton
2024-01-01,Distillers Grain,South Dakota,Wet 65-70%,Truck,78.0,78.0,78.0,$ Per Ton
2024-01-01,Distillers Grain,South Dakota,Modified Wet 55-60%,Truck,105.5,105.0,106.0,$ Per Ton
2024-01-01,Distillers Grain,South Dakota,Dried 10%,Truck,209.75,200.0,215.0,$ Per Ton
2024-01-01,Distillers Grain,Wisconsin,Modified Wet 55-60%,Truck,95.5,93.0,98.0,$ Per Ton
2024-01-01,Distillers Grain,Wisconsin,Dried 10%,Truck,196.0,189.0,205.0,$ Per Ton
2024-01-01,Distillers Grain,Wisconsin,Wet 65-70%,Truck,60.0,60.0,60.0,$ Per Ton
2024-01-01,Ethanol,Illinois,,Truck,1.52,1.52,1.52,$ Per Gallon
2024-01-01,Ethanol,Illinois,,Rail,1.5,1.5,1.5,$ Per Gallon
2024-01-01,Ethanol,Indiana,,Truck,1.54,1.54,1.54,$ Per Gallon
2024-01-01,Ethanol,Iowa,,Truck,1.3904,1.28,1.5,$ Per Gallon
2024-01-01,Ethanol,Kansas,,Truck,1.3733,1.28,1.5,$ Per Gallon
2024-01-01,Ethanol,Minnesota,,Truck,1.3515,1.3,1.403,$ Per Gallon
2024-01-01,Ethanol,Nebraska,,Truck,1.348,1.28,1.42,$ Per Gallon
2024-01-01,Ethanol,Nebraska,,Rail,1.295,1.29,1.3,$ Per Gallon
2024-01-01,Ethanol,South Dakota,,Rail,1.393,1.393,1.393,$ Per Gallon
2024-01-01,Ethanol,Wisconsin,,Truck,1.53,1.53,1.53,$ Per Gallon
2024-01-08,Biodiesel,Illinois,B100,Truck,5.88,5.88,5.88,$ Per Gallon
2024-01-08,Distillers Corn Oil,Illinois,,Truck,47.25,45.0,49.0,Cents Per Lb
2024-01-08,Distillers Corn Oil,Indiana,,Truck,48.0,46.0,50.0,Cents Per Lb
2024-01-08,Distillers Corn Oil,Iowa,,Truck,49.4,45.0,52.0,Cents Per Lb
2024-01-08,Distillers Corn Oil,Kansas,,Truck,49.0,49.0,49.0,Cents Per Lb
2024-01-08,Distillers Corn Oil,Michigan,,Truck,47.6,46.0,50.0,Cents Per Lb
2024-01-08,Distillers Corn Oil,Minnesota,,Truck,46.0,45.0,48.0,Cents Per Lb
2024-01-08,Distillers Corn Oil,Missouri,,Truck,48.67,46.0,52.0,Cents Per Lb
2024-01-08,Distillers Corn Oil,Nebraska,,Truck,48.2,45.0,50.0,Cents Per Lb
2024-01-08,Distillers Corn Oil,Ohio,,Truck,48.0,46.0,50.0,Cents Per Lb
2024-01-08,Distillers Corn Oil,South Dakota,,Truck,46.0,45.0,48.0,Cents Per Lb
2024-01-08,Distillers Corn Oil,Wisconsin,,Truck,47.0,47.0,47.0,Cents Per Lb
2024-01-08,Distillers Grain,Illinois,Dried 10%,Truck,210.0,205.0,220.0,$ Per Ton
2024-01-08,Distillers Grain,Illinois,Wet 65-70%,Truck,89.0,89.0,89.0,$ Per Ton
2024-01-08,Distillers Grain,Indiana,Dried 10%,Truck,188.33,180.0,200.0,$ Per Ton
2024-01-08,Distillers Grain,Iowa,Dried 10%,Truck,198.92,180.0,235.0,$ Per Ton
2024-01-08,Distillers Grain,Iowa,Wet 65-70%,Truck,65.0,55.0,75.0,$ Per Ton
2024-01-08,Distillers Grain,Iowa,Modified Wet 55-60%,Truck,98.0,90.0,103.0,$ Per Ton
2024-01-08,Distillers Grain,Kansas,Dried 10%,Truck,235.0,230.0,240.0,$ Per Ton
2024-01-08,Distillers Grain,Kansas,Wet 65-70%,Truck,80.0,70.0,85.0,$ Per Ton
2024-01-08,Distillers Grain,Michigan,Dried 10%,Truck,183.33,170.0,195.0,$ Per Ton
2024-01-08,Distillers Grain,Minnesota,Dried 10%,Truck,193.75,190.0,205.0,$ Per Ton
2024-01-08,Distillers Grain,Minnesota,Modified Wet 55-60%,Truck,105.0,105.0,105.0,$ Per Ton
2024-01-08,Distillers Grain,Minnesota,Wet 65-70%,Truck,70.0,70.0,70.0,$ Per Ton
2024-01-08,Distillers Grain,Missouri,Dried 10%,Truck,244.0,225.0,277.0,$ Per Ton
2024-01-08,Distillers Grain,Missouri,Modified Wet 55-60%,Truck,127.0,127.0,127.0,$ Per Ton
2024-01-08,Distillers Grain,Missouri,Wet 65-70%,Truck,78.5,78.0,79.0,$ Per Ton
2024-01-08,Distillers Grain,N/A,Dried 10%,Rail/Barge,225.0,225.0,225.0,$ Per Ton
2024-01-08,Distillers Grain,N/A,Dried 10%,Rail,250.0,250.0,250.0,$ Per Ton
2024-01-08,Distillers Grain,N/A,Dried 10%,Ocean Vessel,272.0,272.0,272.0,$ Per Ton
2024-01-08,Distillers Grain,Nebraska,Wet 65-70%,Truck,71.5,67.0,75.0,$ Per Ton
2024-01-08,Distillers Grain,Nebraska,Modified Wet 55-60%,Truck,105.75,90.0,115.0,$ Per Ton
2024-01-08,Distillers Grain,Nebraska,Dried 10%,Truck,216.0,200.0,225.0,$ Per Ton
2024-01-08,Distillers Grain,Ohio,Dried 10%,Truck,192.5,185.0,200.0,$ Per Ton
2024-01-08,Distillers Grain,South Dakota,Wet 65-70%,Truck,75.0,75.0,75.0,$ Per Ton
2024-01-08,Distillers Grain,South Dakota,Modified Wet 55-60%,Truck,104.25,100.0,106.0,$ Per Ton
2024-01-08,Distillers Grain,South Dakota,Dried 10%,Truck,207.25,195.0,212.0,$ Per Ton
2024-01-08,Distillers Grain,Wisconsin,Wet 65-70%,Truck,60.0,60.0,60.0,$ Per Ton
2024-01-08,Distillers Grain,Wisconsin,Dried 10%,Truck,194.75,189.0,205.0,$ Per Ton
2024-01-08,Distillers Grain,Wisconsin,Modified Wet 55-60%,Truck,93.5,89.0,98.0,$ Per Ton
2024-01-08,Ethanol,Illinois,,Truck,1.654,1.638,1.67,$ Per Gallon
2024-01-08,Ethanol,Indiana,,Truck,1.68,1.68,1.68,$ Per Gallon
2024-01-08,Ethanol,Iowa,,Truck,1.5187,1.42,1.6,$ Per Gallon
2024-01-08,Ethanol,Kansas,,Truck,1.5067,1.42,1.62,$ Per Gallon
2024-01-08,Ethanol,Minnesota,,Truck,1.519,1.518,1.52,$ Per Gallon
2024-01-08,Ethanol,Nebraska,,Truck,1.4571,1.37,1.55,$ Per Gallon
2024-01-08,Ethanol,Nebraska,,Rail,1.38,1.36,1.4,$ Per Gallon
2024-01-08,Ethanol,South Dakota,,Rail,1.508,1.508,1.508,$ Per Gallon
2024-01-15,Distillers Corn Oil,Illinois,,Truck,47.5,45.0,50.0,Cents Per Lb
2024-01-15,Distillers Corn Oil,Indiana,,Truck,48.0,46.0,50.0,Cents Per Lb
2024-01-15,Distillers Corn Oil,Iowa,,Truck,47.78,42.0,52.0,Cents Per Lb
2024-01-15,Distillers Corn Oil,Kansas,,Truck,49.0,49.0,49.0,Cents Per Lb
2024-01-15,Distillers Corn Oil,Michigan,,Truck,46.8,45.0,50.0,Cents Per Lb
2024-01-15,Distillers Corn Oil,Minnesota,,Truck,46.0,45.0,48.0,Cents Per Lb
2024-01-15,Distillers Corn Oil,Missouri,,Truck,48.33,46.0,51.0,Cents Per Lb
2024-01-15,Distillers Corn Oil,Nebraska,,Truck,47.8,45.0,50.0,Cents Per Lb
2024-01-15,Distillers Corn Oil,Ohio,,Truck,48.0,46.0,50.0,Cents Per Lb
2024-01-15,Distillers Corn Oil,South Dakota,,Truck,45.83,43.0,48.0,Cents Per Lb
2024-01-15,Distillers Corn Oil,Wisconsin,,Truck,47.0,47.0,47.0,Cents Per Lb
2024-01-15,Distillers Grain,Illinois,Modified Wet 55-60%,Truck,89.0,89.0,89.0,$ Per Ton
2024-01-15,Distillers Grain,Illinois,Dried 10%,Truck,209.5,205.0,220.0,$ Per Ton
2024-01-15,Distillers Grain,Indiana,Dried 10%,Truck,197.71,180.0,220.0,$ Per Ton
2024-01-15,Distillers Grain,Iowa,Dried 10%,Truck,200.08,180.0,240.0,$ Per Ton
2024-01-15,Distillers Grain,Iowa,Modified Wet 55-60%,Truck,98.5,90.0,103.0,$ Per Ton
2024-01-15,Distillers Grain,Iowa,Wet 65-70%,Truck,51.5,50.0,53.0,$ Per Ton
2024-01-15,Distillers Grain,Kansas,Dried 10%,Truck,235.0,230.0,240.0,$ Per Ton
2024-01-15,Distillers Grain,Kansas,Wet 65-70%,Truck,81.0,70.0,85.0,$ Per Ton
2024-01-15,Distillers Grain,Michigan,Dried 10%,Truck,193.75,170.0,225.0,$ Per Ton
2024-01-15,Distillers Grain,Minnesota,Dried 10%,Truck,196.0,185.0,205.0,$ Per Ton
2024-01-15,Distillers Grain,Minnesota,Modified Wet 55-60%,Truck,100.0,95.0,105.0,$ Per Ton
2024-01-15,Distillers Grain,Minnesota,Wet 65-70%,Truck,70.0,70.0,70.0,$ Per Ton
2024-01-15,Distillers Grain,Missouri,Modified Wet 55-60%,Truck,127.0,127.0,127.0,$ Per Ton
2024-01-15,Distillers Grain,Missouri,Wet 65-70%,Truck,78.5,78.0,79.0,$ Per Ton
2024-01-15,Distillers Grain,Missouri,Dried 10%,Truck,240.67,225.0,267.0,$ Per Ton
2024-01-15,Distillers Grain,N/A,Dried 10%,Rail,250.0,250.0,250.0,$ Per Ton
2024-01-15,Distillers Grain,N/A,Dried 10%,Ocean Vessel,272.0,272.0,272.0,$ Per Ton
2024-01-15,Distillers Grain,N/A,Dried 10%,Rail/Barge,225.0,225.0,225.0,$ Per Ton
2024-01-15,Distillers Grain,Nebraska,Wet 65-70%,Truck,69.83,65.0,75.0,$ Per Ton
2024-01-15,Distillers Grain,Nebraska,Modified Wet 55-60%,Truck,105.6,90.0,115.0,$ Per Ton
2024-01-15,Distillers Grain,Nebraska,Dried 10%,Truck,215.83,200.0,225.0,$ Per Ton
2024-01-15,Distillers Grain,Ohio,Dried 10%,Truck,198.2,185.0,220.0,$ Per Ton
2024-01-15,Distillers Grain,South Dakota,Wet 65-70%,Truck,75.0,75.0,75.0,$ Per Ton
2024-01-15,Distillers Grain,South Dakota,Modified Wet 55-60%,Truck,106.75,105.0,110.0,$ Per Ton
2024-01-15,Distillers Grain,South Dakota,Dried 10%,Truck,207.25,195.0,212.0,$ Per Ton
2024-01-15,Distillers Grain,Wisconsin,Wet 65-70%,Truck,60.0,60.0,60.0,$ Per Ton
2024-01-15,Distillers Grain,Wisconsin,Modified Wet 55-60%,Truck,93.5,89.0,98.0,$ Per Ton
2024-01-15,Distillers Grain,Wisconsin,Dried 10%,Truck,194.75,189.0,205.0,$ Per Ton
2024-01-15,Ethanol,Illinois,,Truck,1.62,1.62,1.62,$ Per Gallon
2024-01-15,Ethanol,Iowa,,Truck,1.5111,1.44,1.6,$ Per Gallon
2024-01-15,Ethanol,Kansas,,Truck,1.5133,1.44,1.6,$ Per Gallon
2024-01-15,Ethanol,Minnesota,,Truck,1.519,1.518,1.52,$ Per Gallon
2024-01-15,Ethanol,Nebraska,,Truck,1.438,1.41,1.5,$ Per Gallon
2024-01-15,Ethanol,Nebraska,,Rail,1.435,1.36,1.51,$ Per Gallon
2024-01-15,Ethanol,South Dakota,,Rail,1.508,1.508,1.508,$ Per Gallon
2024-01-22,Distillers Corn Oil,Illinois,,Truck,46.8,45.0,49.0,Cents Per Lb
2024-01-22,Distillers Corn Oil,Indiana,,Truck,47.0,46.0,48.0,Cents Per Lb
2024-01-22,Distillers Corn Oil,Iowa,,Truck,46.71,42.0,50.0,Cents Per Lb
2024-01-22,Distillers Corn Oil,Kansas,,Truck,49.0,49.0,49.0,Cents Per Lb
2024-01-22,Distillers Corn Oil,Michigan,,Truck,46.0,45.0,48.0,Cents Per Lb
2024-01-22,Distillers Corn Oil,Minnesota,,Truck,46.33,45.0,48.0,Cents Per Lb
2024-01-22,Distillers Corn Oil,Missouri,,Truck,48.67,46.0,52.0,Cents Per Lb
2024-01-22,Distillers Corn Oil,Nebraska,,Truck,46.75,46.0,48.0,Cents Per Lb
2024-01-22,Distillers Corn Oil,Ohio,,Truck,47.33,46.0,48.0,Cents Per Lb
2024-01-22,Distillers Corn Oil,South Dakota,,Truck,45.38,45.0,46.0,Cents Per Lb
2024-01-22,Distillers Corn Oil,Wisconsin,,Truck,47.0,47.0,47.0,Cents Per Lb
2024-01-22,Distillers Grain,Illinois,Modified Wet 55-60%,Truck,89.0,89.0,89.0,$ Per Ton
2024-01-22,Distillers Grain,Illinois,Dried 10%,Truck,209.5,200.0,225.0,$ Per Ton
2024-01-22,Distillers Grain,Indiana,Dried 10%,Truck,197.29,180.0,220.0,$ Per Ton
2024-01-22,Distillers Grain,Iowa,Dried 10%,Truck,185.0,185.0,185.0,$ Per Ton
2024-01-22,Distillers Grain,Iowa,Modified Wet 55-60%,Truck,99.17,90.0,105.0,$ Per Ton
2024-01-22,Distillers Grain,Iowa,Wet 65-70%,Truck,53.5,50.0,57.0,$ Per Ton
2024-01-22,Distillers Grain,Kansas,Dried 10%,Truck,235.0,230.0,240.0,$ Per Ton
2024-01-22,Distillers Grain,Kansas,Wet 65-70%,Truck,83.75,80.0,85.0,$ Per Ton
2024-01-22,Distillers Grain,Michigan,Dried 10%,Truck,201.67,185.0,225.0,$ Per Ton
2024-01-22,Distillers Grain,Minnesota,Wet 65-70%,Truck,70.0,70.0,70.0,$ Per Ton
2024-01-22,Distillers Grain,Minnesota,Modified Wet 55-60%,Truck,92.5,85.0,100.0,$ Per Ton
2024-01-22,Distillers Grain,Minnesota,Dried 10%,Truck,187.5,185.0,190.0,$ Per Ton
2024-01-22,Distillers Grain,Missouri,Dried 10%,Truck,244.67,225.0,279.0,$ Per Ton
2024-01-22,Distillers Grain,Missouri,Wet 65-70%,Truck,78.5,78.0,79.0,$ Per Ton
2024-01-22,Distillers Grain,Missouri,Modified Wet 55-60%,Truck,127.0,127.0,127.0,$ Per Ton
2024-01-22,Distillers Grain,N/A,Dried 10%,Rail,250.0,250.0,250.0,$ Per Ton
2024-01-22,Distillers Grain,N/A,Dried 10%,Rail/Barge,225.0,225.0,225.0,$ Per Ton
2024-01-22,Distillers Grain,N/A,Dried 10%,Ocean Vessel,265.0,265.0,265.0,$ Per Ton
2024-01-22,Distillers Grain,Nebraska,Wet 65-70%,Truck,66.8,64.0,72.0,$ Per Ton
2024-01-22,Distillers Grain,Nebraska,Modified Wet 55-60%,Truck,109.5,100.0,115.0,$ Per Ton
2024-01-22,Distillers Grain,Nebraska,Dried 10%,Truck,218.33,205.0,230.0,$ Per Ton
2024-01-22,Distillers Grain,Ohio,Dried 10%,Truck,197.4,182.0,220.0,$ Per Ton
2024-01-22,Distillers Grain,South Dakota,Wet 65-70%,Truck,75.0,75.0,75.0,$ Per Ton
2024-01-22,Distillers Grain,South Dakota,Modified Wet 55-60%,Truck,98.33,95.0,100.0,$ Per Ton
2024-01-22,Distillers Grain,South Dakota,Dried 10%,Truck,201.25,195.0,210.0,$ Per Ton
2024-01-22,Distillers Grain,Wisconsin,Wet 65-70%,Truck,60.0,60.0,60.0,$ Per Ton
2024-01-22,Distillers Grain,Wisconsin,Modified Wet 55-60%,Truck,92.5,87.0,98.0,$ Per Ton
2024-01-22,Distillers Grain,Wisconsin,Dried 10%,Truck,191.33,185.0,200.0,$ Per Ton
2024-01-22,Ethanol,Illinois,,Truck,1.595,1.59,1.6,$ Per Gallon
2024-01-22,Ethanol,Illinois,,Rail,1.565,1.565,1.565,$ Per Gallon
2024-01-22,Ethanol,Indiana,,Truck,1.62,1.62,1.62,$ Per Gallon
2024-01-22,Ethanol,Iowa,,Truck,1.4943,1.43,1.6,$ Per Gallon
2024-01-22,Ethanol,Kansas,,Truck,1.4967,1.43,1.57,$ Per Gallon
2024-01-22,Ethanol,Minnesota,,Truck,1.4595,1.44,1.479,$ Per Gallon
2024-01-22,Ethanol,Nebraska,,Truck,1.48,1.43,1.51,$ Per Gallon
2024-01-22,Ethanol,South Dakota,,Rail,1.469,1.469,1.469,$ Per Gallon
2024-01-22,Ethanol,Wisconsin,,Truck,1.58,1.58,1.58,$ Per Gallon
2024-01-29,Distillers Corn Oil,Illinois,,Truck,46.6,45.0,50.0,Cents Per Lb
2024-01-29,Distillers Corn Oil,Indiana,,Truck,45.5,45.0,46.0,Cents Per Lb
2024-01-29,Distillers Corn Oil,Iowa,,Truck,45.88,42.0,50.0,Cents Per Lb
2024-01-29,Distillers Corn Oil,Kansas,,Truck,49.0,49.0,49.0,Cents Per Lb
2024-01-29,Distillers Corn Oil,Michigan,,Truck,45.25,45.0,46.0,Cents Per Lb
2024-01-29,Distillers Corn Oil,Minnesota,,Truck,45.33,45.0,46.0,Cents Per Lb
2024-01-29,Distillers Corn Oil,Missouri,,Truck,46.0,45.0,47.0,Cents Per Lb
2024-01-29,Distillers Corn Oil,Nebraska,,Truck,46.0,45.0,47.0,Cents Per Lb
2024-01-29,Distillers Corn Oil,Ohio,,Truck,46.33,45.0,48.0,Cents Per Lb
2024-01-29,Distillers Corn Oil,South Dakota,,Truck,45.17,45.0,46.0,Cents Per Lb
2024-01-29,Distillers Corn Oil,Wisconsin,,Truck,47.0,47.0,47.0,Cents Per Lb
2024-01-29,Distillers Grain,Illinois,Modified Wet 55-60%,Truck,89.0,89.0,89.0,$ Per Ton
2024-01-29,Distillers Grain,Illinois,Dried 10%,Truck,205.75,195.0,225.0,$ Per Ton
2024-01-29,Distillers Grain,Indiana,Dried 10%,Truck,196.25,175.0,220.0,$ Per Ton
2024-01-29,Distillers Grain,Iowa,Dried 10%,Truck,201.64,180.0,240.0,$ Per Ton
2024-01-29,Distillers Grain,Iowa,Wet 65-70%,Truck,55.0,50.0,60.0,$ Per Ton
2024-01-29,Distillers Grain,Iowa,Modified Wet 55-60%,Truck,97.2,85.0,105.0,$ Per Ton
2024-01-29,Distillers Grain,Kansas,Wet 65-70%,Truck,79.0,72.0,82.0,$ Per Ton
2024-01-29,Distillers Grain,Kansas,Dried 10%,Truck,235.0,230.0,240.0,$ Per Ton
2024-01-29,Distillers Grain,Michigan,Dried 10%,Truck,201.67,185.0,225.0,$ Per Ton
2024-01-29,Distillers Grain,Minnesota,Dried 10%,Truck,188.75,185.0,190.0,$ Per Ton
2024-01-29,Distillers Grain,Minnesota,Modified Wet 55-60%,Truck,92.5,85.0,100.0,$ Per Ton
2024-01-29,Distillers Grain,Minnesota,Wet 65-70%,Truck,70.0,70.0,70.0,$ Per Ton
2024-01-29,Distillers Grain,Missouri,Dried 10%,Truck,243.0,225.0,279.0,$ Per Ton
2024-01-29,Distillers Grain,Missouri,Modified Wet 55-60%,Truck,125.0,125.0,125.0,$ Per Ton
2024-01-29,Distillers Grain,Missouri,Wet 65-70%,Truck,78.5,78.0,79.0,$ Per Ton
2024-01-29,Distillers Grain,N/A,Dried 10%,Rail,245.0,245.0,245.0,$ Per Ton
2024-01-29,Distillers Grain,N/A,Dried 10%,Ocean Vessel,240.5,235.0,250.0,$ Per Ton
2024-01-29,Distillers Grain,Nebraska,Wet 65-70%,Truck,66.8,64.0,72.0,$ Per Ton
2024-01-29,Distillers Grain,Nebraska,Modified Wet 55-60%,Truck,109.5,100.0,115.0,$ Per Ton
2024-01-29,Distillers Grain,Nebraska,Dried 10%,Truck,218.33,205.0,230.0,$ Per Ton
2024-01-29,Distillers Grain,Ohio,Dried 10%,Truck,199.0,185.0,220.0,$ Per Ton
2024-01-29,Distillers Grain,South Dakota,Wet 65-70%,Truck,75.0,75.0,75.0,$ Per Ton
2024-01-29,Distillers Grain,South Dakota,Modified Wet 55-60%,Truck,107.33,106.0,110.0,$ Per Ton
2024-01-29,Distillers Grain,South Dakota,Dried 10%,Truck,208.5,200.0,212.0,$ Per Ton
2024-01-29,Distillers Grain,Wisconsin,Wet 65-70%,Truck,72.0,60.0,84.0,$ Per Ton
2024-01-29,Distillers Grain,Wisconsin,Dried 10%,Truck,189.25,180.0,195.0,$ Per Ton
2024-01-29,Distillers Grain,Wisconsin,Modified Wet 55-60%,Truck,89.0,89.0,89.0,$ Per Ton
2024-01-29,Ethanol,Illinois,,Truck,1.605,1.6,1.61,$ Per Gallon
2024-01-29,Ethanol,Illinois,,Rail,1.565,1.565,1.565,$ Per Gallon
2024-01-29,Ethanol,Indiana,,Truck,1.62,1.62,1.62,$ Per Gallon
2024-01-29,Ethanol,Iowa,,Truck,1.5021,1.47,1.6,$ Per Gallon
2024-01-29,Ethanol,Kansas,,Truck,1.5367,1.47,1.61,$ Per Gallon
2024-01-29,Ethanol,Minnesota,,Truck,1.4595,1.44,1.479,$ Per Gallon
2024-01-29,Ethanol,Nebraska,,Truck,1.496,1.47,1.53,$ Per Gallon
2024-01-29,Ethanol,South Dakota,,Rail,1.469,1.469,1.469,$ Per Gallon
2024-01-29,Ethanol,Wisconsin,,Truck,1.58,1.58,1.58,$ Per Gallon
2024-02-05,Distillers Corn Oil,Illinois,,Truck,46.2,45.0,48.0,Cents Per Lb
2024-02-05,Distillers Corn Oil,Indiana,,Truck,45.5,45.0,46.0,Cents Per Lb
2024-02-05,Distillers Corn Oil,Iowa,,Truck,45.0,42.0,47.0,Cents Per Lb
2024-02-05,Distillers Corn Oil,Kansas,,Truck,49.0,49.0,49.0,Cents Per Lb
2024-02-05,Distillers Corn Oil,Michigan,,Truck,45.25,45.0,46.0,Cents Per Lb
2024-02-05,Distillers Corn Oil,Minnesota,,Truck,45.33,45.0,46.0,Cents Per Lb
2024-02-05,Distillers Corn Oil,Missouri,,Truck,45.5,45.0,46.0,Cents Per Lb
2024-02-05,Distillers Corn Oil,Nebraska,,Truck,45.5,45.0,46.0,Cents Per Lb
2024-02-05,Distillers Corn Oil,Ohio,,Truck,46.33,45.0,48.0,Cents Per Lb
2024-02-05,Distillers Corn Oil,South Dakota,,Truck,45.43,45.0,46.0,Cents Per Lb
2024-02-05,Distillers Corn Oil,Wisconsin,,Truck,47.0,47.0,47.0,Cents Per Lb
2024-02-05,Distillers Grain,Illinois,Modified Wet 55-60%,Truck,89.0,89.0,89.0,$ Per Ton
2024-02-05,Distillers Grain,Illinois,Dried 10%,Truck,208.0,200.0,220.0,$ Per Ton
2024-02-05,Distillers Grain,Indiana,Dried 10%,Truck,194.0,180.0,220.0,$ Per Ton
2024-02-05,Distillers Grain,Iowa,Dried 10%,Truck,198.21,180.0,240.0,$ Per Ton
2024-02-05,Distillers Grain,Iowa,Wet 65-70%,Truck,50.0,50.0,50.0,$ Per Ton
2024-02-05,Distillers Grain,Iowa,Modified Wet 55-60%,Truck,97.17,85.0,105.0,$ Per Ton
2024-02-05,Distillers Grain,Kansas,Wet 65-70%,Truck,79.8,75.0,82.0,$ Per Ton
2024-02-05,Distillers Grain,Kansas,Dried 10%,Truck,234.0,225.0,245.0,$ Per Ton
2024-02-05,Distillers Grain,Michigan,Dried 10%,Truck,188.0,170.0,225.0,$ Per Ton
2024-02-05,Distillers Grain,Minnesota,Wet 65-70%,Truck,70.0,70.0,70.0,$ Per Ton
2024-02-05,Distillers Grain,Minnesota,Modified Wet 55-60%,Truck,92.5,85.0,100.0,$ Per Ton
2024-02-05,Distillers Grain,Minnesota,Dried 10%,Truck,187.5,185.0,190.0,$ Per Ton
2024-02-05,Distillers Grain,Missouri,Wet 65-70%,Truck,78.5,78.0,79.0,$ Per Ton
2024-02-05,Distillers Grain,Missouri,Modified Wet 55-60%,Truck,125.0,125.0,125.0,$ Per Ton
2024-02-05,Distillers Grain,Missouri,Dried 10%,Truck,243.0,225.0,279.0,$ Per Ton
2024-02-05,Distillers Grain,N/A,Dried 10%,Ocean Vessel,280.0,280.0,280.0,$ Per Ton
2024-02-05,Distillers Grain,N/A,Dried 10%,Rail,250.0,250.0,250.0,$ Per Ton
2024-02-05,Distillers Grain,Nebraska,Wet 65-70%,Truck,65.5,60.0,70.0,$ Per Ton
2024-02-05,Distillers Grain,Nebraska,Modified Wet 55-60%,Truck,97.5,85.0,105.0,$ Per Ton
2024-02-05,Distillers Grain,Nebraska,Dried 10%,Truck,210.0,205.0,220.0,$ Per Ton
2024-02-05,Distillers Grain,Ohio,Dried 10%,Truck,196.25,185.0,220.0,$ Per Ton
2024-02-05,Distillers Grain,South Dakota,Wet 65-70%,Truck,75.0,75.0,75.0,$ Per Ton
2024-02-05,Distillers Grain,South Dakota,Modified Wet 55-60%,Truck,103.25,96.0,106.0,$ Per Ton
2024-02-05,Distillers Grain,South Dakota,Dried 10%,Truck,202.4,192.0,212.0,$ Per Ton
2024-02-05,Distillers Grain,Wisconsin,Modified Wet 55-60%,Truck,87.0,87.0,87.0,$ Per Ton
2024-02-05,Distillers Grain,Wisconsin,Dried 10%,Truck,189.0,185.0,192.0,$ Per Ton
2024-02-05,Distillers Grain,Wisconsin,Wet 65-70%,Truck,60.0,60.0,60.0,$ Per Ton
2024-02-05,Ethanol,Illinois,,Truck,1.58,1.58,1.58,$ Per Gallon
2024-02-05,Ethanol,Indiana,,Truck,1.6,1.6,1.6,$ Per Gallon
2024-02-05,Ethanol,Iowa,,Truck,1.468,1.37,1.6,$ Per Gallon
2024-02-05,Ethanol,Kansas,,Truck,1.4467,1.37,1.54,$ Per Gallon
2024-02-05,Ethanol,Minnesota,,Truck,1.428,1.4,1.456,$ Per Gallon
2024-02-05,Ethanol,Nebraska,,Truck,1.4317,1.37,1.48,$ Per Gallon
2024-02-05,Ethanol,South Dakota,,Rail,1.446,1.446,1.446,$ Per Gallon
2024-02-05,Ethanol,Wisconsin,,Truck,1.57,1.57,1.57,$ Per Gallon
2024-02-12,Distillers Corn Oil,Illinois,,Truck,46.0,45.0,47.0,Cents Per Lb
2024-02-12,Distillers Corn Oil,Indiana,,Truck,46.0,45.0,47.0,Cents Per Lb
2024-02-12,Distillers Corn Oil,Iowa,,Truck,45.14,42.0,47.0,Cents Per Lb
2024-02-12,Distillers Corn Oil,Kansas,,Truck,49.0,49.0,49.0,Cents Per Lb
2024-02-12,Distillers Corn Oil,Michigan,,Truck,45.75,45.0,47.0,Cents Per Lb
2024-02-12,Distillers Corn Oil,Minnesota,,Truck,45.4,44.0,47.0,Cents Per Lb
2024-02-12,Distillers Corn Oil,Missouri,,Truck,46.33,45.0,47.0,Cents Per Lb
2024-02-12,Distillers Corn Oil,Nebraska,,Truck,45.38,44.0,47.0,Cents Per Lb
2024-02-12,Distillers Corn Oil,Ohio,,Truck,45.33,44.0,47.0,Cents Per Lb
2024-02-12,Distillers Corn Oil,South Dakota,,Truck,44.82,43.0,47.0,Cents Per Lb
2024-02-12,Distillers Corn Oil,Wisconsin,,Truck,45.0,45.0,45.0,Cents Per Lb
2024-02-12,Distillers Grain,Illinois,Modified Wet 55-60%,Truck,89.0,89.0,89.0,$ Per Ton
2024-02-12,Distillers Grain,Illinois,Dried 10%,Truck,209.25,200.0,225.0,$ Per Ton
2024-02-12,Distillers Grain,Indiana,Dried 10%,Truck,193.75,180.0,210.0,$ Per Ton
2024-02-12,Distillers Grain,Iowa,Dried 10%,Truck,199.17,185.0,240.0,$ Per Ton
2024-02-12,Distillers Grain,Iowa,Modified Wet 55-60%,Truck,96.33,90.0,105.0,$ Per Ton
2024-02-12,Distillers Grain,Iowa,Wet 65-70%,Truck,62.67,50.0,70.0,$ Per Ton
2024-02-12,Distillers Grain,Kansas,Dried 10%,Truck,234.0,225.0,245.0,$ Per Ton
2024-02-12,Distillers Grain,Kansas,Wet 65-70%,Truck,79.8,75.0,82.0,$ Per Ton
2024-02-12,Distillers Grain,Michigan,Dried 10%,Truck,185.0,160.0,215.0,$ Per Ton
2024-02-12,Distillers Grain,Minnesota,Dried 10%,Truck,188.0,180.0,195.0,$ Per Ton
2024-02-12,Distillers Grain,Minnesota,Modified Wet 55-60%,Truck,93.5,85.0,102.0,$ Per Ton
2024-02-12,Distillers Grain,Minnesota,Wet 65-70%,Truck,68.0,68.0,68.0,$ Per Ton
2024-02-12,Distillers Grain,Missouri,Modified Wet 55-60%,Truck,120.0,120.0,120.0,$ Per Ton
2024-02-12,Distillers Grain,Missouri,Wet 65-70%,Truck,77.0,75.0,79.0,$ Per Ton
2024-02-12,Distillers Grain,Missouri,Dried 10%,Truck,236.67,215.0,270.0,$ Per Ton
2024-02-12,Distillers Grain,N/A,Dried 10%,Ocean Vessel,280.0,280.0,280.0,$ Per Ton
2024-02-12,Distillers Grain,N/A,Dried 10%,Rail,250.0,250.0,250.0,$ Per Ton
2024-02-12,Distillers Grain,Nebraska,Wet 65-70%,Truck,64.25,60.0,68.0,$ Per Ton
2024-02-12,Distillers Grain,Nebraska,Modified Wet 55-60%,Truck,99.0,85.0,115.0,$ Per Ton
2024-02-12,Distillers Grain,Nebraska,Dried 10%,Truck,207.17,195.0,220.0,$ Per Ton
2024-02-12,Distillers Grain,Ohio,Dried 10%,Truck,196.67,185.0,210.0,$ Per Ton
2024-02-12,Distillers Grain,South Dakota,Wet 65-70%,Truck,70.0,70.0,70.0,$ Per Ton
2024-02-12,Distillers Grain,South Dakota,Modified Wet 55-60%,Truck,98.17,84.0,106.0,$ Per Ton
2024-02-12,Distillers Grain,South Dakota,Dried 10%,Truck,194.5,186.0,205.0,$ Per Ton
2024-02-12,Distillers Grain,Wisconsin,Wet 65-70%,Truck,60.0,60.0,60.0,$ Per Ton
2024-02-12,Distillers Grain,Wisconsin,Modified Wet 55-60%,Truck,90.0,87.0,93.0,$ Per Ton
2024-02-12,Distillers Grain,Wisconsin,Dried 10%,Truck,188.75,185.0,195.0,$ Per Ton
2024-02-12,Ethanol,Illinois,,Truck,1.56,1.56,1.56,$ Per Gallon
2024-02-12,Ethanol,Indiana,,Truck,1.59,1.59,1.59,$ Per Gallon
2024-02-12,Ethanol,Iowa,,Truck,1.4568,1.37,1.6,$ Per Gallon
2024-02-12,Ethanol,Kansas,,Truck,1.4425,1.37,1.5275,$ Per Gallon
2024-02-12,Ethanol,Minnesota,,Truck,1.4038,1.37,1.4375,$ Per Gallon
2024-02-12,Ethanol,Nebraska,,Truck,1.4217,1.37,1.46,$ Per Gallon
2024-02-12,Ethanol,South Dakota,,Rail,1.4275,1.4275,1.4275,$ Per Gallon
2024-02-12,Ethanol,Wisconsin,,Truck,1.57,1.57,1.57,$ Per Gallon
2024-02-19,Biodiesel,Illinois,B100,Truck,5.23,5.23,5.23,$ Per Gallon
2024-02-19,Distillers Corn Oil,Illinois,,Truck,46.0,45.0,47.0,Cents Per Lb
2024-02-19,Distillers Corn Oil,Indiana,,Truck,45.67,45.0,47.0,Cents Per Lb
2024-02-19,Distillers Corn Oil,Iowa,,Truck,45.14,42.0,47.0,Cents Per Lb
2024-02-19,Distillers Corn Oil,Kansas,,Truck,49.0,49.0,49.0,Cents Per Lb
2024-02-19,Distillers Corn Oil,Michigan,,Truck,45.75,45.0,47.0,Cents Per Lb
2024-02-19,Distillers Corn Oil,Minnesota,,Truck,45.4,44.0,47.0,Cents Per Lb
2024-02-19,Distillers Corn Oil,Missouri,,Truck,46.33,45.0,47.0,Cents Per Lb
2024-02-19,Distillers Corn Oil,Nebraska,,Truck,45.38,44.0,47.0,Cents Per Lb
2024-02-19,Distillers Corn Oil,Ohio,,Truck,45.33,44.0,47.0,Cents Per Lb
2024-02-19,Distillers Corn Oil,South Dakota,,Truck,44.33,43.0,47.0,Cents Per Lb
2024-02-19,Distillers Corn Oil,Wisconsin,,Truck,45.0,45.0,45.0,Cents Per Lb
2024-02-19,Distillers Grain,Illinois,Modified Wet 55-60%,Truck,89.0,89.0,89.0,$ Per Ton
2024-02-19,Distillers Grain,Illinois,Dried 10%,Truck,209.25,200.0,225.0,$ Per Ton
2024-02-19,Distillers Grain,Indiana,Dried 10%,Truck,193.75,180.0,210.0,$ Per Ton
2024-02-19,Distillers Grain,Iowa,Dried 10%,Truck,197.92,180.0,240.0,$ Per Ton
2024-02-19,Distillers Grain,Iowa,Wet 65-70%,Truck,62.67,50.0,70.0,$ Per Ton
2024-02-19,Distillers Grain,Iowa,Modified Wet 55-60%,Truck,94.33,90.0,100.0,$ Per Ton
2024-02-19,Distillers Grain,Kansas,Wet 65-70%,Truck,79.4,75.0,82.0,$ Per Ton
2024-02-19,Distillers Grain,Kansas,Dried 10%,Truck,232.0,225.0,235.0,$ Per Ton
2024-02-19,Distillers Grain,Michigan,Dried 10%,Truck,185.0,160.0,215.0,$ Per Ton
2024-02-19,Distillers Grain,Minnesota,Dried 10%,Truck,185.0,180.0,195.0,$ Per Ton
2024-02-19,Distillers Grain,Minnesota,Modified Wet 55-60%,Truck,93.5,85.0,102.0,$ Per Ton
2024-02-19,Distillers Grain,Minnesota,Wet 65-70%,Truck,68.0,68.0,68.0,$ Per Ton
2024-02-19,Distillers Grain,Missouri,Dried 10%,Truck,236.67,215.0,270.0,$ Per Ton
2024-02-19,Distillers Grain,Missouri,Modified Wet 55-60%,Truck,120.0,120.0,120.0,$ Per Ton
2024-02-19,Distillers Grain,Missouri,Wet 65-70%,Truck,77.0,75.0,79.0,$ Per Ton
2024-02-19,Distillers Grain,N/A,Dried 10%,Rail,250.0,250.0,250.0,$ Per Ton
2024-02-19,Distillers Grain,N/A,Dried 10%,Ocean Vessel,280.0,280.0,280.0,$ Per Ton
2024-02-19,Distillers Grain,Nebraska,Wet 65-70%,Truck,63.75,60.0,68.0,$ Per Ton
2024-02-19,Distillers Grain,Nebraska,Modified Wet 55-60%,Truck,98.2,85.0,115.0,$ Per Ton
2024-02-19,Distillers Grain,Nebraska,Dried 10%,Truck,205.83,195.0,220.0,$ Per Ton
2024-02-19,Distillers Grain,Ohio,Dried 10%,Truck,196.67,185.0,210.0,$ Per Ton
2024-02-19,Distillers Grain,South Dakota,Wet 65-70%,Truck,70.0,70.0,70.0,$ Per Ton
2024-02-19,Distillers Grain,South Dakota,Modified Wet 55-60%,Truck,98.17,84.0,106.0,$ Per Ton
2024-02-19,Distillers Grain,South Dakota,Dried 10%,Truck,193.25,186.0,205.0,$ Per Ton
2024-02-19,Distillers Grain,Wisconsin,Modified Wet 55-60%,Truck,90.0,87.0,93.0,$ Per Ton
2024-02-19,Distillers Grain,Wisconsin,Dried 10%,Truck,188.75,185.0,195.0,$ Per Ton
2024-02-19,Distillers Grain,Wisconsin,Wet 65-70%,Truck,60.0,60.0,60.0,$ Per Ton
2024-02-19,Ethanol,Illinois,,Truck,1.5375,1.515,1.56,$ Per Gallon
2024-02-19,Ethanol,Indiana,,Truck,1.59,1.59,1.59,$ Per Gallon
2024-02-19,Ethanol,Iowa,,Truck,1.4168,1.33,1.5,$ Per Gallon
2024-02-19,Ethanol,Kansas,,Truck,1.39,1.33,1.45,$ Per Gallon
2024-02-19,Ethanol,Minnesota,,Truck,1.365,1.36,1.37,$ Per Gallon
2024-02-19,Ethanol,Nebraska,,Truck,1.4083,1.33,1.46,$ Per Gallon
2024-02-19,Ethanol,South Dakota,,Rail,1.35,1.35,1.35,$ Per Gallon
2024-02-19,Ethanol,Wisconsin,,Truck,1.57,1.57,1.57,$ Per Gallon
2024-02-26,Biodiesel,Illinois,B100,Truck,5.23,5.23,5.23,$ Per Gallon
2024-02-26,Distillers Corn Oil,Illinois,,Truck,45.25,42.0,47.0,Cents Per Lb
2024-02-26,Distillers Corn Oil,Indiana,,Truck,44.33,42.0,46.0,Cents Per Lb
2024-02-26,Distillers Corn Oil,Iowa,,Truck,43.3,40.0,46.0,Cents Per Lb
2024-02-26,Distillers Corn Oil,Kansas,,Truck,49.0,49.0,49.0,Cents Per Lb
2024-02-26,Distillers Corn Oil,Michigan,,Truck,43.75,42.0,46.0,Cents Per Lb
2024-02-26,Distillers Corn Oil,Minnesota,,Truck,43.6,42.0,46.0,Cents Per Lb
2024-02-26,Distillers Corn Oil,Missouri,,Truck,45.0,42.0,47.0,Cents Per Lb
2024-02-26,Distillers Corn Oil,Nebraska,,Truck,44.14,42.0,46.0,Cents Per Lb
2024-02-26,Distillers Corn Oil,Ohio,,Truck,43.67,42.0,46.0,Cents Per Lb
2024-02-26,Distillers Corn Oil,South Dakota,,Truck,43.2,42.0,45.0,Cents Per Lb
2024-02-26,Distillers Corn Oil,Wisconsin,,Truck,43.0,43.0,43.0,Cents Per Lb
2024-02-26,Distillers Grain,Illinois,Modified Wet 55-60%,Truck,89.0,89.0,89.0,$ Per Ton
2024-02-26,Distillers Grain,Illinois,Dried 10%,Truck,207.5,195.0,225.0,$ Per Ton
2024-02-26,Distillers Grain,Indiana,Dried 10%,Truck,187.5,175.0,200.0,$ Per Ton
2024-02-26,Distillers Grain,Iowa,Dried 10%,Truck,185.0,170.0,215.0,$ Per Ton
2024-02-26,Distillers Grain,Iowa,Modified Wet 55-60%,Truck,88.33,85.0,95.0,$ Per Ton
2024-02-26,Distillers Grain,Iowa,Wet 65-70%,Truck,55.2,43.0,70.0,$ Per Ton
2024-02-26,Distillers Grain,Kansas,Dried 10%,Truck,216.5,180.0,242.0,$ Per Ton
2024-02-26,Distillers Grain,Kansas,Wet 65-70%,Truck,73.0,60.0,78.0,$ Per Ton
2024-02-26,Distillers Grain,Michigan,Dried 10%,Truck,180.0,165.0,195.0,$ Per Ton
2024-02-26,Distillers Grain,Minnesota,Wet 65-70%,Truck,68.0,68.0,68.0,$ Per Ton
2024-02-26,Distillers Grain,Minnesota,Modified Wet 55-60%,Truck,82.5,75.0,90.0,$ Per Ton
2024-02-26,Distillers Grain,Minnesota,Dried 10%,Truck,179.0,160.0,190.0,$ Per Ton
2024-02-26,Distillers Grain,Missouri,Wet 65-70%,Truck,75.0,75.0,75.0,$ Per Ton
2024-02-26,Distillers Grain,Missouri,Modified Wet 55-60%,Truck,120.0,120.0,120.0,$ Per Ton
2024-02-26,Distillers Grain,Missouri,Dried 10%,Truck,231.67,215.0,265.0,$ Per Ton
2024-02-26,Distillers Grain,N/A,Dried 10%,Rail,234.0,234.0,234.0,$ Per Ton
2024-02-26,Distillers Grain,N/A,Dried 10%,Ocean Vessel,236.67,230.0,250.0,$ Per Ton
2024-02-26,Distillers Grain,Nebraska,Wet 65-70%,Truck,64.2,60.0,70.0,$ Per Ton
2024-02-26,Distillers Grain,Nebraska,Modified Wet 55-60%,Truck,100.0,95.0,105.0,$ Per Ton
2024-02-26,Distillers Grain,Nebraska,Dried 10%,Truck,191.67,185.0,195.0,$ Per Ton
2024-02-26,Distillers Grain,Ohio,Dried 10%,Truck,185.67,177.0,195.0,$ Per Ton
2024-02-26,Distillers Grain,South Dakota,Wet 65-70%,Truck,75.0,75.0,75.0,$ Per Ton
2024-02-26,Distillers Grain,South Dakota,Modified Wet 55-60%,Truck,96.0,88.0,100.0,$ Per Ton
2024-02-26,Distillers Grain,South Dakota,Dried 10%,Truck,187.0,175.0,195.0,$ Per Ton
2024-02-26,Distillers Grain,Wisconsin,Modified Wet 55-60%,Truck,87.0,85.0,89.0,$ Per Ton
2024-02-26,Distillers Grain,Wisconsin,Dried 10%,Truck,191.25,180.0,200.0,$ Per Ton
2024-02-26,Distillers Grain,Wisconsin,Wet 65-70%,Truck,60.0,60.0,60.0,$ Per Ton
2024-02-26,Ethanol,Iowa,,Truck,1.3022,1.24,1.4,$ Per Gallon
2024-02-26,Ethanol,Kansas,,Truck,1.3,1.24,1.36,$ Per Gallon
2024-02-26,Ethanol,Minnesota,,Truck,1.2675,1.2675,1.2675,$ Per Gallon
2024-02-26,Ethanol,Nebraska,,Truck,1.2975,1.24,1.35,$ Per Gallon
2024-02-26,Ethanol,South Dakota,,Rail,1.2575,1.2575,1.2575,$ Per Gallon
2024-03-04,Biodiesel,Illinois,B100,Truck,5.23,5.23,5.23,$ Per Gallon
2024-03-04,Distillers Corn Oil,Illinois,,Truck,45.0,42.0,46.0,Cents Per Lb
2024-03-04,Distillers Corn Oil,Indiana,,Truck,44.33,42.0,46.0,Cents Per Lb
2024-03-04,Distillers Corn Oil,Iowa,,Truck,44.78,42.0,50.0,Cents Per Lb
2024-03-04,Distillers Corn Oil,Kansas,,Truck,49.0,49.0,49.0,Cents Per Lb
2024-03-04,Distillers Corn Oil,Michigan,,Truck,44.0,42.0,46.0,Cents Per Lb
2024-03-04,Distillers Corn Oil,Minnesota,,Truck,43.6,42.0,46.0,Cents Per Lb
2024-03-04,Distillers Corn Oil,Missouri,,Truck,43.67,42.0,46.0,Cents Per Lb
2024-03-04,Distillers Corn Oil,Nebraska,,Truck,43.75,42.0,47.0,Cents Per Lb
2024-03-04,Distillers Corn Oil,Ohio,,Truck,43.67,42.0,46.0,Cents Per Lb
2024-03-04,Distillers Corn Oil,South Dakota,,Truck,43.3,42.0,46.0,Cents Per Lb
2024-03-04,Distillers Corn Oil,Wisconsin,,Truck,42.5,42.0,43.0,Cents Per Lb
2024-03-04,Distillers Grain,Illinois,Dried 10%,Truck,202.5,195.0,215.0,$ Per Ton
2024-03-04,Distillers Grain,Illinois,Modified Wet 55-60%,Truck,75.0,75.0,75.0,$ Per Ton
2024-03-04,Distillers Grain,Indiana,Dried 10%,Truck,190.0,175.0,210.0,$ Per Ton
2024-03-04,Distillers Grain,Iowa,Dried 10%,Truck,175.2,160.0,190.0,$ Per Ton
2024-03-04,Distillers Grain,Iowa,Wet 65-70%,Truck,48.75,45.0,55.0,$ Per Ton
2024-03-04,Distillers Grain,Iowa,Modified Wet 55-60%,Truck,86.67,80.0,95.0,$ Per Ton
2024-03-04,Distillers Grain,Kansas,Wet 65-70%,Truck,73.0,60.0,78.0,$ Per Ton
2024-03-04,Distillers Grain,Kansas,Dried 10%,Truck,203.75,180.0,235.0,$ Per Ton
2024-03-04,Distillers Grain,Michigan,Dried 10%,Truck,185.0,165.0,215.0,$ Per Ton
2024-03-04,Distillers Grain,Minnesota,Dried 10%,Truck,178.8,160.0,190.0,$ Per Ton
2024-03-04,Distillers Grain,Minnesota,Modified Wet 55-60%,Truck,82.5,75.0,90.0,$ Per Ton
2024-03-04,Distillers Grain,Minnesota,Wet 65-70%,Truck,68.0,68.0,68.0,$ Per Ton
2024-03-04,Distillers Grain,Missouri,Dried 10%,Truck,228.33,205.0,265.0,$ Per Ton
2024-03-04,Distillers Grain,Missouri,Modified Wet 55-60%,Truck,105.0,105.0,105.0,$ Per Ton
2024-03-04,Distillers Grain,Missouri,Wet 65-70%,Truck,75.0,75.0,75.0,$ Per Ton
2024-03-04,Distillers Grain,N/A,Dried 10%,Rail,231.0,231.0,231.0,$ Per Ton
2024-03-04,Distillers Grain,N/A,Dried 10%,Ocean Vessel,224.67,218.0,230.0,$ Per Ton
2024-03-04,Distillers Grain,Nebraska,Wet 65-70%,Truck,62.0,55.0,68.0,$ Per Ton
2024-03-04,Distillers Grain,Nebraska,Modified Wet 55-60%,Truck,82.0,70.0,95.0,$ Per Ton
2024-03-04,Distillers Grain,Nebraska,Dried 10%,Truck,190.29,180.0,205.0,$ Per Ton
2024-03-04,Distillers Grain,Ohio,Dried 10%,Truck,190.0,175.0,210.0,$ Per Ton
2024-03-04,Distillers Grain,South Dakota,Wet 65-70%,Truck,75.0,75.0,75.0,$ Per Ton
2024-03-04,Distillers Grain,South Dakota,Modified Wet 55-60%,Truck,98.5,97.0,100.0,$ Per Ton
2024-03-04,Distillers Grain,South Dakota,Dried 10%,Truck,188.33,175.0,195.0,$ Per Ton
2024-03-04,Distillers Grain,Wisconsin,Wet 65-70%,Truck,60.0,60.0,60.0,$ Per Ton
2024-03-04,Distillers Grain,Wisconsin,Modified Wet 55-60%,Truck,87.0,85.0,89.0,$ Per Ton
2024-03-04,Distillers Grain,Wisconsin,Dried 10%,Truck,190.0,180.0,200.0,$ Per Ton
2024-03-04,Ethanol,Illinois,,Truck,1.4735,1.4735,1.4735,$ Per Gallon
2024-03-04,Ethanol,Iowa,,Truck,1.3619,1.3,1.4,$ Per Gallon
2024-03-04,Ethanol,Iowa,,Rail,1.365,1.35,1.38,$ Per Gallon
2024-03-04,Ethanol,Kansas,,Truck,1.39,1.33,1.45,$ Per Gallon
2024-03-04,Ethanol,Minnesota,,Truck,1.3635,1.3635,1.3635,$ Per Gallon
2024-03-04,Ethanol,Nebraska,,Truck,1.3833,1.29,1.55,$ Per Gallon
2024-03-04,Ethanol,Nebraska,,Rail,1.335,1.335,1.335,$ Per Gallon
2024-03-04,Ethanol,South Dakota,,Rail,1.3535,1.3535,1.3535,$ Per Gallon
2024-03-11,Biodiesel,Illinois,B100,Truck,5.24,5.24,5.24,$ Per Gallon
2024-03-11,Distillers Corn Oil,Illinois,,Truck,45.67,43.0,48.0,Cents Per Lb
2024-03-11,Distillers Corn Oil,Indiana,,Truck,45.5,45.0,46.0,Cents Per Lb
2024-03-11,Distillers Corn Oil,Iowa,,Truck,43.22,40.0,45.0,Cents Per Lb
2024-03-11,Distillers Corn Oil,Kansas,,Truck,45.0,45.0,45.0,Cents Per Lb
2024-03-11,Distillers Corn Oil,Michigan,,Truck,44.67,43.0,46.0,Cents Per Lb
2024-03-11,Distillers Corn Oil,Minnesota,,Truck,44.0,43.0,45.0,Cents Per Lb
2024-03-11,Distillers Corn Oil,Missouri,,Truck,43.67,43.0,45.0,Cents Per Lb
2024-03-11,Distillers Corn Oil,Nebraska,,Truck,43.29,42.0,45.0,Cents Per Lb
2024-03-11,Distillers Corn Oil,Ohio,,Truck,43.67,42.0,46.0,Cents Per Lb
2024-03-11,Distillers Corn Oil,South Dakota,,Truck,43.13,42.0,45.0,Cents Per Lb
2024-03-11,Distillers Corn Oil,Wisconsin,,Truck,44.0,44.0,44.0,Cents Per Lb
2024-03-11,Distillers Grain,Illinois,Modified Wet 55-60%,Truck,89.0,89.0,89.0,$ Per Ton
2024-03-11,Distillers Grain,Illinois,Dried 10%,Truck,199.25,195.0,205.0,$ Per Ton
2024-03-11,Distillers Grain,Indiana,Dried 10%,Truck,181.67,175.0,190.0,$ Per Ton
2024-03-11,Distillers Grain,Iowa,Dried 10%,Truck,170.5,160.0,180.0,$ Per Ton
2024-03-11,Distillers Grain,Iowa,Wet 65-70%,Truck,51.25,45.0,65.0,$ Per Ton
2024-03-11,Distillers Grain,Iowa,Modified Wet 55-60%,Truck,85.4,80.0,92.0,$ Per Ton
2024-03-11,Distillers Grain,Kansas,Wet 65-70%,Truck,73.0,60.0,78.0,$ Per Ton
2024-03-11,Distillers Grain,Kansas,Dried 10%,Truck,219.8,180.0,242.0,$ Per Ton
2024-03-11,Distillers Grain,Michigan,Dried 10%,Truck,175.0,165.0,180.0,$ Per Ton
2024-03-11,Distillers Grain,Minnesota,Wet 65-70%,Truck,60.0,60.0,60.0,$ Per Ton
2024-03-11,Distillers Grain,Minnesota,Modified Wet 55-60%,Truck,81.5,75.0,88.0,$ Per Ton
2024-03-11,Distillers Grain,Minnesota,Dried 10%,Truck,172.5,155.0,190.0,$ Per Ton
2024-03-11,Distillers Grain,Missouri,Wet 65-70%,Truck,75.0,75.0,75.0,$ Per Ton
2024-03-11,Distillers Grain,Missouri,Modified Wet 55-60%,Truck,105.0,105.0,105.0,$ Per Ton
2024-03-11,Distillers Grain,Missouri,Dried 10%,Truck,231.67,215.0,265.0,$ Per Ton
2024-03-11,Distillers Grain,N/A,Dried 10%,Rail,231.0,231.0,231.0,$ Per Ton
2024-03-11,Distillers Grain,N/A,Dried 10%,Ocean Vessel,224.67,218.0,230.0,$ Per Ton
2024-03-11,Distillers Grain,Nebraska,Wet 65-70%,Truck,59.5,55.0,62.0,$ Per Ton
2024-03-11,Distillers Grain,Nebraska,Modified Wet 55-60%,Truck,85.75,80.0,90.0,$ Per Ton
2024-03-11,Distillers Grain,Nebraska,Dried 10%,Truck,178.0,170.0,182.0,$ Per Ton
2024-03-11,Distillers Grain,Ohio,Dried 10%,Truck,183.33,175.0,190.0,$ Per Ton
2024-03-11,Distillers Grain,South Dakota,Wet 65-70%,Truck,75.0,75.0,75.0,$ Per Ton
2024-03-11,Distillers Grain,South Dakota,Modified Wet 55-60%,Truck,88.8,76.0,100.0,$ Per Ton
2024-03-11,Distillers Grain,South Dakota,Dried 10%,Truck,175.2,165.0,182.0,$ Per Ton
2024-03-11,Distillers Grain,Wisconsin,Wet 65-70%,Truck,60.0,60.0,60.0,$ Per Ton
2024-03-11,Distillers Grain,Wisconsin,Modified Wet 55-60%,Truck,87.0,85.0,89.0,$ Per Ton
2024-03-11,Distillers Grain,Wisconsin,Dried 10%,Truck,186.67,180.0,195.0,$ Per Ton
2024-03-11,Ethanol,Illinois,,Truck,1.6,1.6,1.6,$ Per Gallon
2024-03-11,Ethanol,Iowa,,Truck,1.4708,1.36,1.55,$ Per Gallon
2024-03-11,Ethanol,Iowa,,Rail,1.5,1.5,1.5,$ Per Gallon
2024-03-11,Ethanol,Kansas,,Truck,1.4533,1.36,1.58,$ Per Gallon
2024-03-11,Ethanol,Minnesota,,Truck,1.4965,1.4965,1.4965,$ Per Gallon
2024-03-11,Ethanol,Nebraska,,Truck,1.45,1.36,1.55,$ Per Gallon
2024-03-11,Ethanol,Nebraska,,Rail,1.41,1.41,1.41,$ Per Gallon
2024-03-11,Ethanol,South Dakota,,Rail,1.4865,1.4865,1.4865,$ Per Gallon
2024-03-18,Biodiesel,Illinois,B100,Truck,5.24,5.24,5.24,$ Per Gallon
2024-03-18,Distillers Corn Oil,Illinois,,Truck,45.0,43.0,46.0,Cents Per Lb
2024-03-18,Distillers Corn Oil,Indiana,,Truck,45.0,45.0,45.0,Cents Per Lb
2024-03-18,Distillers Corn Oil,Iowa,,Truck,43.63,40.0,45.0,Cents Per Lb
2024-03-18,Distillers Corn Oil,Kansas,,Truck,45.0,45.0,45.0,Cents Per Lb
2024-03-18,Distillers Corn Oil,Michigan,,Truck,43.33,42.0,45.0,Cents Per Lb
2024-03-18,Distillers Corn Oil,Minnesota,,Truck,44.33,43.0,45.0,Cents Per Lb
2024-03-18,Distillers Corn Oil,Missouri,,Truck,44.0,43.0,45.0,Cents Per Lb
2024-03-18,Distillers Corn Oil,Nebraska,,Truck,43.8,43.0,45.0,Cents Per Lb
2024-03-18,Distillers Corn Oil,Ohio,,Truck,44.0,42.0,46.0,Cents Per Lb
2024-03-18,Distillers Corn Oil,South Dakota,,Truck,44.22,43.0,45.0,Cents Per Lb
2024-03-18,Distillers Corn Oil,Wisconsin,,Truck,44.0,44.0,44.0,Cents Per Lb
2024-03-18,Distillers Grain,Illinois,Dried 10%,Truck,198.75,190.0,210.0,$ Per Ton
2024-03-18,Distillers Grain,Illinois,Modified Wet 55-60%,Truck,89.0,89.0,89.0,$ Per Ton
2024-03-18,Distillers Grain,Indiana,Dried 10%,Truck,181.67,175.0,190.0,$ Per Ton
2024-03-18,Distillers Grain,Iowa,Dried 10%,Truck,169.3,160.0,180.0,$ Per Ton
2024-03-18,Distillers Grain,Iowa,Wet 65-70%,Truck,51.75,45.0,65.0,$ Per Ton
2024-03-18,Distillers Grain,Iowa,Modified Wet 55-60%,Truck,85.6,80.0,90.0,$ Per Ton
2024-03-18,Distillers Grain,Kansas,Wet 65-70%,Truck,76.4,70.0,78.0,$ Per Ton
2024-03-18,Distillers Grain,Kansas,Dried 10%,Truck,231.25,200.0,245.0,$ Per Ton
2024-03-18,Distillers Grain,Michigan,Dried 10%,Truck,173.33,160.0,180.0,$ Per Ton
2024-03-18,Distillers Grain,Minnesota,Wet 65-70%,Truck,65.0,65.0,65.0,$ Per Ton
2024-03-18,Distillers Grain,Minnesota,Modified Wet 55-60%,Truck,82.5,75.0,90.0,$ Per Ton
2024-03-18,Distillers Grain,Minnesota,Dried 10%,Truck,174.0,160.0,185.0,$ Per Ton
2024-03-18,Distillers Grain,Missouri,Wet 65-70%,Truck,70.0,65.0,75.0,$ Per Ton
2024-03-18,Distillers Grain,Missouri,Modified Wet 55-60%,Truck,105.0,105.0,105.0,$ Per Ton
2024-03-18,Distillers Grain,Missouri,Dried 10%,Truck,226.67,215.0,250.0,$ Per Ton
2024-03-18,Distillers Grain,N/A,Dried 10%,Rail,231.0,231.0,231.0,$ Per Ton
2024-03-18,Distillers Grain,N/A,Dried 10%,Ocean Vessel,229.33,223.0,235.0,$ Per Ton
2024-03-18,Distillers Grain,Nebraska,Wet 65-70%,Truck,64.33,58.0,70.0,$ Per Ton
2024-03-18,Distillers Grain,Nebraska,Modified Wet 55-60%,Truck,83.25,80.0,85.0,$ Per Ton
2024-03-18,Distillers Grain,Nebraska,Dried 10%,Truck,177.4,170.0,185.0,$ Per Ton
2024-03-18,Distillers Grain,Ohio,Dried 10%,Truck,187.5,175.0,200.0,$ Per Ton
2024-03-18,Distillers Grain,South Dakota,Wet 65-70%,Truck,75.0,75.0,75.0,$ Per Ton
2024-03-18,Distillers Grain,South Dakota,Modified Wet 55-60%,Truck,96.0,94.0,100.0,$ Per Ton
2024-03-18,Distillers Grain,South Dakota,Dried 10%,Truck,177.75,172.0,182.0,$ Per Ton
2024-03-18,Distillers Grain,Wisconsin,Wet 65-70%,Truck,60.0,60.0,60.0,$ Per Ton
2024-03-18,Distillers Grain,Wisconsin,Modified Wet 55-60%,Truck,87.0,85.0,89.0,$ Per Ton
2024-03-18,Distillers Grain,Wisconsin,Dried 10%,Truck,186.67,180.0,195.0,$ Per Ton
2024-03-18,Ethanol,Illinois,,Truck,1.63,1.63,1.63,$ Per Gallon
2024-03-18,Ethanol,Iowa,,Truck,1.4615,1.36,1.55,$ Per Gallon
2024-03-18,Ethanol,Iowa,,Rail,1.5,1.5,1.5,$ Per Gallon
2024-03-18,Ethanol,Kansas,,Truck,1.4533,1.36,1.58,$ Per Gallon
2024-03-18,Ethanol,Minnesota,,Truck,1.4705,1.4705,1.4705,$ Per Gallon
2024-03-18,Ethanol,Nebraska,,Truck,1.4483,1.36,1.55,$ Per Gallon
2024-03-18,Ethanol,Nebraska,,Rail,1.41,1.41,1.41,$ Per Gallon
2024-03-18,Ethanol,South Dakota,,Rail,1.4605,1.4605,1.4605,$ Per Gallon
2024-03-25,Biodiesel,Illinois,B100,Truck,5.24,5.24,5.24,$ Per Gallon
2024-03-25,Distillers Corn Oil,Illinois,,Truck,44.67,43.0,46.0,Cents Per Lb
2024-03-25,Distillers Corn Oil,Indiana,,Truck,45.0,45.0,45.0,Cents Per Lb
2024-03-25,Distillers Corn Oil,Iowa,,Truck,44.13,43.0,46.0,Cents Per Lb
2024-03-25,Distillers Corn Oil,Kansas,,Truck,44.0,44.0,44.0,Cents Per Lb
2024-03-25,Distillers Corn Oil,Michigan,,Truck,43.33,42.0,45.0,Cents Per Lb
2024-03-25,Distillers Corn Oil,Minnesota,,Truck,44.33,43.0,45.0,Cents Per Lb
2024-03-25,Distillers Corn Oil,Missouri,,Truck,44.0,43.0,45.0,Cents Per Lb
2024-03-25,Distillers Corn Oil,Nebraska,,Truck,43.8,43.0,45.0,Cents Per Lb
2024-03-25,Distillers Corn Oil,Ohio,,Truck,44.0,42.0,46.0,Cents Per Lb
2024-03-25,Distillers Corn Oil,South Dakota,,Truck,44.0,43.0,45.0,Cents Per Lb
2024-03-25,Distillers Corn Oil,Wisconsin,,Truck,44.0,44.0,44.0,Cents Per Lb
2024-03-25,Distillers Grain,Illinois,Modified Wet 55-60%,Truck,89.0,89.0,89.0,$ Per Ton
2024-03-25,Distillers Grain,Illinois,Dried 10%,Truck,195.0,185.0,210.0,$ Per Ton
2024-03-25,Distillers Grain,Indiana,Dried 10%,Truck,178.33,165.0,190.0,$ Per Ton
2024-03-25,Distillers Grain,Iowa,Modified Wet 55-60%,Truck,83.0,80.0,90.0,$ Per Ton
2024-03-25,Distillers Grain,Iowa,Dried 10%,Truck,167.92,150.0,195.0,$ Per Ton
2024-03-25,Distillers Grain,Iowa,Wet 65-70%,Truck,63.0,52.0,80.0,$ Per Ton
2024-03-25,Distillers Grain,Kansas,Wet 65-70%,Truck,74.8,70.0,78.0,$ Per Ton
2024-03-25,Distillers Grain,Kansas,Dried 10%,Truck,223.75,200.0,235.0,$ Per Ton
2024-03-25,Distillers Grain,Michigan,Dried 10%,Truck,171.67,160.0,180.0,$ Per Ton
2024-03-25,Distillers Grain,Minnesota,Wet 65-70%,Truck,65.0,65.0,65.0,$ Per Ton
2024-03-25,Distillers Grain,Minnesota,Modified Wet 55-60%,Truck,82.5,75.0,90.0,$ Per Ton
2024-03-25,Distillers Grain,Minnesota,Dried 10%,Truck,173.0,160.0,185.0,$ Per Ton
2024-03-25,Distillers Grain,Missouri,Wet 65-70%,Truck,70.0,65.0,75.0,$ Per Ton
2024-03-25,Distillers Grain,Missouri,Modified Wet 55-60%,Truck,105.0,105.0,105.0,$ Per Ton
2024-03-25,Distillers Grain,Missouri,Dried 10%,Truck,226.67,215.0,250.0,$ Per Ton
2024-03-25,Distillers Grain,N/A,Dried 10%,Ocean Vessel,246.0,246.0,246.0,$ Per Ton
2024-03-25,Distillers Grain,N/A,Dried 10%,Rail,222.0,222.0,222.0,$ Per Ton
2024-03-25,Distillers Grain,Nebraska,Wet 65-70%,Truck,64.5,58.0,70.0,$ Per Ton
2024-03-25,Distillers Grain,Nebraska,Modified Wet 55-60%,Truck,85.0,80.0,90.0,$ Per Ton
2024-03-25,Distillers Grain,Nebraska,Dried 10%,Truck,178.4,170.0,185.0,$ Per Ton
2024-03-25,Distillers Grain,Ohio,Dried 10%,Truck,187.5,175.0,200.0,$ Per Ton
2024-03-25,Distillers Grain,South Dakota,Wet 65-70%,Truck,75.0,75.0,75.0,$ Per Ton
2024-03-25,Distillers Grain,South Dakota,Modified Wet 55-60%,Truck,89.33,80.0,94.0,$ Per Ton
2024-03-25,Distillers Grain,South Dakota,Dried 10%,Truck,176.5,170.0,182.0,$ Per Ton
2024-03-25,Distillers Grain,Wisconsin,Wet 65-70%,Truck,60.0,60.0,60.0,$ Per Ton
2024-03-25,Distillers Grain,Wisconsin,Modified Wet 55-60%,Truck,87.0,85.0,89.0,$ Per Ton
2024-03-25,Distillers Grain,Wisconsin,Dried 10%,Truck,186.67,180.0,195.0,$ Per Ton
2024-03-25,Ethanol,Illinois,,Truck,1.63,1.63,1.63,$ Per Gallon
2024-03-25,Ethanol,Iowa,,Truck,1.4614,1.4,1.55,$ Per Gallon
2024-03-25,Ethanol,Iowa,,Rail,1.5,1.5,1.5,$ Per Gallon
2024-03-25,Ethanol,Kansas,,Truck,1.4667,1.4,1.54,$ Per Gallon
2024-03-25,Ethanol,Minnesota,,Truck,1.45,1.45,1.45,$ Per Gallon
2024-03-25,Ethanol,Nebraska,,Truck,1.4567,1.4,1.55,$ Per Gallon
2024-03-25,Ethanol,Nebraska,,Rail,1.41,1.41,1.41,$ Per Gallon
2024-03-25,Ethanol,South Dakota,,Rail,1.44,1.44,1.44,$ Per Gallon
2024-04-01,Biodiesel,Illinois,B100,Truck,5.24,5.24,5.24,$ Per Gallon
2024-04-01,Distillers Corn Oil,Illinois,,Truck,43.2,42.0,45.0,Cents Per Lb
2024-04-01,Distillers Corn Oil,Indiana,,Truck,44.0,43.0,45.0,Cents Per Lb
2024-04-01,Distillers Corn Oil,Iowa,,Truck,44.22,43.0,46.0,Cents Per Lb
2024-04-01,Distillers Corn Oil,Kansas,,Truck,44.0,44.0,44.0,Cents Per Lb
2024-04-01,Distillers Corn Oil,Michigan,,Truck,43.5,42.0,45.0,Cents Per Lb
2024-04-01,Distillers Corn Oil,Minnesota,,Truck,43.9,43.0,45.0,Cents Per Lb
2024-04-01,Distillers Corn Oil,Missouri,,Truck,45.67,43.0,49.0,Cents Per Lb
2024-04-01,Distillers Corn Oil,Nebraska,,Truck,43.86,43.0,45.0,Cents Per Lb
2024-04-01,Distillers Corn Oil,Ohio,,Truck,43.67,43.0,45.0,Cents Per Lb
2024-04-01,Distillers Corn Oil,South Dakota,,Truck,43.75,42.0,45.0,Cents Per Lb
2024-04-01,Distillers Corn Oil,Wisconsin,,Truck,44.0,44.0,44.0,Cents Per Lb
2024-04-01,Distillers Grain,Illinois,Dried 10%,Truck,185.0,175.0,200.0,$ Per Ton
2024-04-01,Distillers Grain,Illinois,Modified Wet 55-60%,Truck,89.0,89.0,89.0,$ Per Ton
2024-04-01,Distillers Grain,Indiana,Dried 10%,Truck,173.33,160.0,180.0,$ Per Ton
2024-04-01,Distillers Grain,Iowa,Dried 10%,Truck,163.67,145.0,195.0,$ Per Ton
2024-04-01,Distillers Grain,Iowa,Modified Wet 55-60%,Truck,81.0,80.0,85.0,$ Per Ton
2024-04-01,Distillers Grain,Iowa,Wet 65-70%,Truck,61.75,52.0,80.0,$ Per Ton
2024-04-01,Distillers Grain,Kansas,Wet 65-70%,Truck,74.4,70.0,78.0,$ Per Ton
2024-04-01,Distillers Grain,Kansas,Dried 10%,Truck,217.5,200.0,230.0,$ Per Ton
2024-04-01,Distillers Grain,Michigan,Dried 10%,Truck,170.0,160.0,175.0,$ Per Ton
2024-04-01,Distillers Grain,Minnesota,Wet 65-70%,Truck,60.0,60.0,60.0,$ Per Ton
2024-04-01,Distillers Grain,Minnesota,Modified Wet 55-60%,Truck,77.5,75.0,80.0,$ Per Ton
2024-04-01,Distillers Grain,Minnesota,Dried 10%,Truck,169.0,160.0,185.0,$ Per Ton
2024-04-01,Distillers Grain,Missouri,Wet 65-70%,Truck,60.0,60.0,60.0,$ Per Ton
2024-04-01,Distillers Grain,Missouri,Modified Wet 55-60%,Truck,95.0,95.0,95.0,$ Per Ton
2024-04-01,Distillers Grain,Missouri,Dried 10%,Truck,185.0,185.0,185.0,$ Per Ton
2024-04-01,Distillers Grain,N/A,Dried 10%,Rail,217.0,217.0,217.0,$ Per Ton
2024-04-01,Distillers Grain,N/A,Dried 10%,Ocean Vessel,241.0,241.0,241.0,$ Per Ton
2024-04-01,Distillers Grain,N/A,Dried 10%,Rail/Barge,191.0,187.0,195.0,$ Per Ton
2024-04-01,Distillers Grain,Nebraska,Wet 65-70%,Truck,64.5,58.0,70.0,$ Per Ton
2024-04-01,Distillers Grain,Nebraska,Modified Wet 55-60%,Truck,84.4,70.0,94.0,$ Per Ton
2024-04-01,Distillers Grain,Nebraska,Dried 10%,Truck,179.4,170.0,190.0,$ Per Ton
2024-04-01,Distillers Grain,Ohio,Dried 10%,Truck,186.67,180.0,200.0,$ Per Ton
2024-04-01,Distillers Grain,South Dakota,Modified Wet 55-60%,Truck,83.4,75.0,90.0,$ Per Ton
2024-04-01,Distillers Grain,South Dakota,Dried 10%,Truck,167.0,158.0,174.0,$ Per Ton
2024-04-01,Distillers Grain,Wisconsin,Modified Wet 55-60%,Truck,86.0,83.0,89.0,$ Per Ton
2024-04-01,Distillers Grain,Wisconsin,Dried 10%,Truck,186.75,175.0,200.0,$ Per Ton
2024-04-01,Distillers Grain,Wisconsin,Wet 65-70%,Truck,56.0,56.0,56.0,$ Per Ton
2024-04-01,Ethanol,Illinois,,Truck,1.63,1.63,1.63,$ Per Gallon
2024-04-01,Ethanol,Iowa,,Truck,1.4957,1.43,1.6,$ Per Gallon
2024-04-01,Ethanol,Iowa,,Rail,1.5,1.5,1.5,$ Per Gallon
2024-04-01,Ethanol,Kansas,,Truck,1.5033,1.43,1.59,$ Per Gallon
2024-04-01,Ethanol,Minnesota,,Truck,1.49,1.49,1.49,$ Per Gallon
2024-04-01,Ethanol,Nebraska,,Rail,1.41,1.41,1.41,$ Per Gallon
2024-04-01,Ethanol,Nebraska,,Truck,1.4667,1.4,1.55,$ Per Gallon
2024-04-01,Ethanol,South Dakota,,Rail,1.48,1.48,1.48,$ Per Gallon
2024-04-08,Biodiesel,Illinois,B100,Truck,4.66,4.66,4.66,$ Per Gallon
2024-04-08,Distillers Corn Oil,Illinois,,Truck,43.2,42.0,45.0,Cents Per Lb
2024-04-08,Distillers Corn Oil,Indiana,,Truck,44.0,43.0,45.0,Cents Per Lb
2024-04-08,Distillers Corn Oil,Iowa,,Truck,44.22,43.0,46.0,Cents Per Lb
2024-04-08,Distillers Corn Oil,Kansas,,Truck,44.0,44.0,44.0,Cents Per Lb
2024-04-08,Distillers Corn Oil,Michigan,,Truck,43.5,42.0,45.0,Cents Per Lb
2024-04-08,Distillers Corn Oil,Minnesota,,Truck,43.9,43.0,45.0,Cents Per Lb
2024-04-08,Distillers Corn Oil,Missouri,,Truck,45.67,43.0,49.0,Cents Per Lb
2024-04-08,Distillers Corn Oil,Nebraska,,Truck,43.86,43.0,45.0,Cents Per Lb
2024-04-08,Distillers Corn Oil,Ohio,,Truck,43.67,43.0,45.0,Cents Per Lb
2024-04-08,Distillers Corn Oil,South Dakota,,Truck,43.75,42.0,45.0,Cents Per Lb
2024-04-08,Distillers Corn Oil,Wisconsin,,Truck,44.0,44.0,44.0,Cents Per Lb
2024-04-08,Distillers Grain,Illinois,Dried 10%,Truck,185.0,175.0,200.0,$ Per Ton
2024-04-08,Distillers Grain,Illinois,Modified Wet 55-60%,Truck,89.0,89.0,89.0,$ Per Ton
2024-04-08,Distillers Grain,Indiana,Dried 10%,Truck,173.33,160.0,180.0,$ Per Ton
2024-04-08,Distillers Grain,Iowa,Dried 10%,Truck,163.67,145.0,195.0,$ Per Ton
2024-04-08,Distillers Grain,Iowa,Modified Wet 55-60%,Truck,81.0,80.0,85.0,$ Per Ton
2024-04-08,Distillers Grain,Iowa,Wet 65-70%,Truck,61.75,52.0,80.0,$ Per Ton
2024-04-08,Distillers Grain,Kansas,Wet 65-70%,Truck,74.4,70.0,78.0,$ Per Ton
2024-04-08,Distillers Grain,Kansas,Dried 10%,Truck,217.5,200.0,230.0,$ Per Ton
2024-04-08,Distillers Grain,Michigan,Dried 10%,Truck,170.0,160.0,175.0,$ Per Ton
2024-04-08,Distillers Grain,Minnesota,Wet 65-70%,Truck,60.0,60.0,60.0,$ Per Ton
2024-04-08,Distillers Grain,Minnesota,Modified Wet 55-60%,Truck,77.5,75.0,80.0,$ Per Ton
2024-04-08,Distillers Grain,Minnesota,Dried 10%,Truck,166.0,160.0,175.0,$ Per Ton
2024-04-08,Distillers Grain,Missouri,Wet 65-70%,Truck,60.0,60.0,60.0,$ Per Ton
2024-04-08,Distillers Grain,Missouri,Modified Wet 55-60%,Truck,95.0,95.0,95.0,$ Per Ton
2024-04-08,Distillers Grain,Missouri,Dried 10%,Truck,185.0,185.0,185.0,$ Per Ton
2024-04-08,Distillers Grain,N/A,Dried 10%,Rail,217.0,217.0,217.0,$ Per Ton
2024-04-08,Distillers Grain,N/A,Dried 10%,Ocean Vessel,241.0,241.0,241.0,$ Per Ton
2024-04-08,Distillers Grain,N/A,Dried 10%,Rail/Barge,191.0,187.0,195.0,$ Per Ton
2024-04-08,Distillers Grain,Nebraska,Wet 65-70%,Truck,64.5,58.0,70.0,$ Per Ton
2024-04-08,Distillers Grain,Nebraska,Modified Wet 55-60%,Truck,84.4,70.0,94.0,$ Per Ton
2024-04-08,Distillers Grain,Nebraska,Dried 10%,Truck,179.4,170.0,190.0,$ Per Ton
2024-04-08,Distillers Grain,Ohio,Dried 10%,Truck,186.67,180.0,200.0,$ Per Ton
2024-04-08,Distillers Grain,South Dakota,Modified Wet 55-60%,Truck,83.4,75.0,90.0,$ Per Ton
2024-04-08,Distillers Grain,South Dakota,Dried 10%,Truck,167.0,158.0,174.0,$ Per Ton
2024-04-08,Distillers Grain,Wisconsin,Wet 65-70%,Truck,56.0,56.0,56.0,$ Per Ton
2024-04-08,Distillers Grain,Wisconsin,Modified Wet 55-60%,Truck,86.0,83.0,89.0,$ Per Ton
2024-04-08,Distillers Grain,Wisconsin,Dried 10%,Truck,186.75,175.0,200.0,$ Per Ton
2024-04-08,Ethanol,Illinois,,Truck,1.67,1.67,1.67,$ Per Gallon
2024-04-08,Ethanol,Iowa,,Truck,1.4957,1.43,1.6,$ Per Gallon
2024-04-08,Ethanol,Iowa,,Rail,1.5,1.5,1.5,$ Per Gallon
2024-04-08,Ethanol,Kansas,,Truck,1.5033,1.43,1.59,$ Per Gallon
2024-04-08,Ethanol,Minnesota,,Truck,1.49,1.49,1.49,$ Per Gallon
2024-04-08,Ethanol,Nebraska,,Rail,1.41,1.41,1.41,$ Per Gallon
2024-04-08,Ethanol,Nebraska,,Truck,1.4667,1.4,1.55,$ Per Gallon
2024-04-08,Ethanol,South Dakota,,Rail,1.48,1.48,1.48,$ Per Gallon
2024-04-15,Biodiesel,Illinois,B100,Truck,4.66,4.66,4.66,$ Per Gallon
2024-04-15,Distillers Corn Oil,Illinois,,Truck,42.6,40.0,45.0,Cents Per Lb
2024-04-15,Distillers Corn Oil,Indiana,,Truck,42.5,40.0,45.0,Cents Per Lb
2024-04-15,Distillers Corn Oil,Iowa,,Truck,41.0,40.0,42.0,Cents Per Lb
2024-04-15,Distillers Corn Oil,Kansas,,Truck,45.0,45.0,45.0,Cents Per Lb
2024-04-15,Distillers Corn Oil,Michigan,,Truck,43.5,42.0,45.0,Cents Per Lb
2024-04-15,Distillers Corn Oil,Minnesota,,Truck,43.9,43.0,45.0,Cents Per Lb
2024-04-15,Distillers Corn Oil,Missouri,,Truck,44.0,43.0,45.0,Cents Per Lb
2024-04-15,Distillers Corn Oil,Nebraska,,Truck,43.57,42.0,45.0,Cents Per Lb
2024-04-15,Distillers Corn Oil,Ohio,,Truck,43.67,43.0,45.0,Cents Per Lb
2024-04-15,Distillers Corn Oil,South Dakota,,Truck,43.25,42.0,45.0,Cents Per Lb
2024-04-15,Distillers Corn Oil,Wisconsin,,Truck,44.0,44.0,44.0,Cents Per Lb
2024-04-15,Distillers Grain,Illinois,Dried 10%,Truck,180.2,170.0,200.0,$ Per Ton
2024-04-15,Distillers Grain,Illinois,Modified Wet 55-60%,Truck,89.0,89.0,89.0,$ Per Ton
2024-04-15,Distillers Grain,Indiana,Dried 10%,Truck,170.0,150.0,180.0,$ Per Ton
2024-04-15,Distillers Grain,Iowa,Dried 10%,Truck,161.38,145.0,195.0,$ Per Ton
2024-04-15,Distillers Grain,Iowa,Modified Wet 55-60%,Truck,78.33,75.0,80.0,$ Per Ton
2024-04-15,Distillers Grain,Iowa,Wet 65-70%,Truck,60.5,52.0,75.0,$ Per Ton
2024-04-15,Distillers Grain,Kansas,Wet 65-70%,Truck,72.0,68.0,78.0,$ Per Ton
2024-04-15,Distillers Grain,Kansas,Dried 10%,Truck,217.5,200.0,230.0,$ Per Ton
2024-04-15,Distillers Grain,Michigan,Dried 10%,Truck,165.0,160.0,175.0,$ Per Ton
2024-04-15,Distillers Grain,Minnesota,Modified Wet 55-60%,Truck,77.5,75.0,80.0,$ Per Ton
2024-04-15,Distillers Grain,Minnesota,Wet 65-70%,Truck,60.0,60.0,60.0,$ Per Ton
2024-04-15,Distillers Grain,Minnesota,Dried 10%,Truck,165.0,150.0,175.0,$ Per Ton
2024-04-15,Distillers Grain,Missouri,Wet 65-70%,Truck,60.0,60.0,60.0,$ Per Ton
2024-04-15,Distillers Grain,Missouri,Modified Wet 55-60%,Truck,95.0,95.0,95.0,$ Per Ton
2024-04-15,Distillers Grain,Missouri,Dried 10%,Truck,180.0,180.0,180.0,$ Per Ton
2024-04-15,Distillers Grain,N/A,Dried 10%,Rail/Barge,191.0,187.0,195.0,$ Per Ton
2024-04-15,Distillers Grain,N/A,Dried 10%,Ocean Vessel,241.0,241.0,241.0,$ Per Ton
2024-04-15,Distillers Grain,N/A,Dried 10%,Rail,217.0,217.0,217.0,$ Per Ton
2024-04-15,Distillers Grain,Nebraska,Wet 65-70%,Truck,62.0,56.0,70.0,$ Per Ton
2024-04-15,Distillers Grain,Nebraska,Dried 10%,Truck,182.4,175.0,190.0,$ Per Ton
2024-04-15,Distillers Grain,Nebraska,Modified Wet 55-60%,Truck,84.6,68.0,97.0,$ Per Ton
2024-04-15,Distillers Grain,Ohio,Dried 10%,Truck,186.67,180.0,200.0,$ Per Ton
2024-04-15,Distillers Grain,South Dakota,Modified Wet 55-60%,Truck,83.4,75.0,90.0,$ Per Ton
2024-04-15,Distillers Grain,South Dakota,Dried 10%,Truck,167.0,158.0,174.0,$ Per Ton
2024-04-15,Distillers Grain,Wisconsin,Wet 65-70%,Truck,56.0,56.0,56.0,$ Per Ton
2024-04-15,Distillers Grain,Wisconsin,Modified Wet 55-60%,Truck,86.0,83.0,89.0,$ Per Ton
2024-04-15,Distillers Grain,Wisconsin,Dried 10%,Truck,186.75,175.0,200.0,$ Per Ton
2024-04-15,Ethanol,Illinois,,Truck,1.63,1.63,1.63,$ Per Gallon
2024-04-15,Ethanol,Iowa,,Truck,1.5338,1.43,1.65,$ Per Gallon
2024-04-15,Ethanol,Iowa,,Rail,1.5,1.5,1.5,$ Per Gallon
2024-04-15,Ethanol,Kansas,,Truck,1.5067,1.43,1.6,$ Per Gallon
2024-04-15,Ethanol,Minnesota,,Truck,1.52,1.52,1.52,$ Per Gallon
2024-04-15,Ethanol,Nebraska,,Rail,1.41,1.41,1.41,$ Per Gallon
2024-04-15,Ethanol,Nebraska,,Truck,1.4783,1.4,1.55,$ Per Gallon
2024-04-15,Ethanol,South Dakota,,Rail,1.51,1.51,1.51,$ Per Gallon
2024-04-22,Biodiesel,Illinois,B100,Truck,4.66,4.66,4.66,$ Per Gallon
2024-04-22,Distillers Corn Oil,Illinois,,Truck,42.6,40.0,45.0,Cents Per Lb
2024-04-22,Distillers Corn Oil,Indiana,,Truck,42.5,40.0,45.0,Cents Per Lb
2024-04-22,Distillers Corn Oil,Iowa,,Truck,41.0,40.0,42.0,Cents Per Lb
2024-04-22,Distillers Corn Oil,Kansas,,Truck,45.0,45.0,45.0,Cents Per Lb
2024-04-22,Distillers Corn Oil,Michigan,,Truck,43.0,40.0,45.0,Cents Per Lb
2024-04-22,Distillers Corn Oil,Minnesota,,Truck,42.5,39.0,45.0,Cents Per Lb
2024-04-22,Distillers Corn Oil,Missouri,,Truck,44.0,43.0,45.0,Cents Per Lb
2024-04-22,Distillers Corn Oil,Nebraska,,Truck,42.14,39.0,45.0,Cents Per Lb
2024-04-22,Distillers Corn Oil,Ohio,,Truck,42.67,40.0,45.0,Cents Per Lb
2024-04-22,Distillers Corn Oil,South Dakota,,Truck,42.13,39.0,45.0,Cents Per Lb
2024-04-22,Distillers Corn Oil,Wisconsin,,Truck,41.0,41.0,41.0,Cents Per Lb
2024-04-22,Distillers Grain,Illinois,Dried 10%,Truck,172.8,160.0,180.0,$ Per Ton
2024-04-22,Distillers Grain,Illinois,Modified Wet 55-60%,Truck,55.0,55.0,55.0,$ Per Ton
2024-04-22,Distillers Grain,Indiana,Dried 10%,Truck,168.33,150.0,180.0,$ Per Ton
2024-04-22,Distillers Grain,Iowa,Modified Wet 55-60%,Truck,79.67,75.0,85.0,$ Per Ton
2024-04-22,Distillers Grain,Iowa,Dried 10%,Truck,161.38,145.0,195.0,$ Per Ton
2024-04-22,Distillers Grain,Iowa,Wet 65-70%,Truck,60.5,52.0,75.0,$ Per Ton
2024-04-22,Distillers Grain,Kansas,Dried 10%,Truck,217.5,200.0,230.0,$ Per Ton
2024-04-22,Distillers Grain,Kansas,Wet 65-70%,Truck,72.0,68.0,78.0,$ Per Ton
2024-04-22,Distillers Grain,Michigan,Dried 10%,Truck,161.67,150.0,175.0,$ Per Ton
2024-04-22,Distillers Grain,Minnesota,Wet 65-70%,Truck,60.0,60.0,60.0,$ Per Ton
2024-04-22,Distillers Grain,Minnesota,Dried 10%,Truck,164.0,145.0,175.0,$ Per Ton
2024-04-22,Distillers Grain,Minnesota,Modified Wet 55-60%,Truck,77.5,75.0,80.0,$ Per Ton
2024-04-22,Distillers Grain,Missouri,Dried 10%,Truck,180.0,180.0,180.0,$ Per Ton
2024-04-22,Distillers Grain,Missouri,Modified Wet 55-60%,Truck,95.0,95.0,95.0,$ Per Ton
2024-04-22,Distillers Grain,Missouri,Wet 65-70%,Truck,65.0,65.0,65.0,$ Per Ton
2024-04-22,Distillers Grain,N/A,Dried 10%,Rail/Barge,191.0,187.0,195.0,$ Per Ton
2024-04-22,Distillers Grain,N/A,Dried 10%,Rail,217.0,217.0,217.0,$ Per Ton
2024-04-22,Distillers Grain,N/A,Dried 10%,Ocean Vessel,241.0,241.0,241.0,$ Per Ton
2024-04-22,Distillers Grain,Nebraska,Wet 65-70%,Truck,62.0,56.0,70.0,$ Per Ton
2024-04-22,Distillers Grain,Nebraska,Modified Wet 55-60%,Truck,82.6,68.0,100.0,$ Per Ton
2024-04-22,Distillers Grain,Nebraska,Dried 10%,Truck,181.0,175.0,188.0,$ Per Ton
2024-04-22,Distillers Grain,Ohio,Dried 10%,Truck,185.0,180.0,195.0,$ Per Ton
2024-04-22,Distillers Grain,South Dakota,Modified Wet 55-60%,Truck,83.0,75.0,90.0,$ Per Ton
2024-04-22,Distillers Grain,South Dakota,Dried 10%,Truck,160.6,140.0,174.0,$ Per Ton
2024-04-22,Distillers Grain,Wisconsin,Wet 65-70%,Truck,44.0,44.0,44.0,$ Per Ton
2024-04-22,Distillers Grain,Wisconsin,Modified Wet 55-60%,Truck,78.0,76.0,80.0,$ Per Ton
2024-04-22,Distillers Grain,Wisconsin,Dried 10%,Truck,165.0,160.0,175.0,$ Per Ton
2024-04-22,Ethanol,Illinois,,Truck,1.63,1.63,1.63,$ Per Gallon
2024-04-22,Ethanol,Iowa,,Truck,1.5338,1.43,1.65,$ Per Gallon
2024-04-22,Ethanol,Iowa,,Rail,1.5,1.5,1.5,$ Per Gallon
2024-04-22,Ethanol,Kansas,,Truck,1.5067,1.43,1.6,$ Per Gallon
2024-04-22,Ethanol,Minnesota,,Truck,1.52,1.52,1.52,$ Per Gallon
2024-04-22,Ethanol,Nebraska,,Truck,1.4783,1.4,1.55,$ Per Gallon
2024-04-22,Ethanol,Nebraska,,Rail,1.41,1.41,1.41,$ Per Gallon
2024-04-22,Ethanol,South Dakota,,Rail,1.51,1.51,1.51,$ Per Gallon
2024-04-29,Biodiesel,Illinois,B100,Truck,4.21,4.21,4.21,$ Per Gallon
2024-04-29,Distillers Corn Oil,Illinois,,Truck,41.6,38.0,45.0,Cents Per Lb
2024-04-29,Distillers Corn Oil,Indiana,,Truck,41.25,38.0,45.0,Cents Per Lb
2024-04-29,Distillers Corn Oil,Iowa,,Truck,38.5,38.0,39.0,Cents Per Lb
2024-04-29,Distillers Corn Oil,Kansas,,Truck,44.0,44.0,44.0,Cents Per Lb
2024-04-29,Distillers Corn Oil,Michigan,,Truck,42.5,40.0,45.0,Cents Per Lb
2024-04-29,Distillers Corn Oil,Minnesota,,Truck,42.2,39.0,45.0,Cents Per Lb
2024-04-29,Distillers Corn Oil,Missouri,,Truck,43.0,41.0,45.0,Cents Per Lb
2024-04-29,Distillers Corn Oil,Nebraska,,Truck,42.14,39.0,45.0,Cents Per Lb
2024-04-29,Distillers Corn Oil,Ohio,,Truck,42.67,40.0,45.0,Cents Per Lb
2024-04-29,Distillers Corn Oil,South Dakota,,Truck,41.63,39.0,45.0,Cents Per Lb
2024-04-29,Distillers Corn Oil,Wisconsin,,Truck,41.0,41.0,41.0,Cents Per Lb
2024-04-29,Distillers Grain,Illinois,Modified Wet 55-60%,Truck,55.0,55.0,55.0,$ Per Ton
2024-04-29,Distillers Grain,Illinois,Dried 10%,Truck,170.75,160.0,180.0,$ Per Ton
2024-04-29,Distillers Grain,Indiana,Dried 10%,Truck,166.67,145.0,180.0,$ Per Ton
2024-04-29,Distillers Grain,Iowa,Modified Wet 55-60%,Truck,79.17,75.0,85.0,$ Per Ton
2024-04-29,Distillers Grain,Iowa,Dried 10%,Truck,159.15,140.0,195.0,$ Per Ton
2024-04-29,Distillers Grain,Iowa,Wet 65-70%,Truck,60.5,52.0,75.0,$ Per Ton
2024-04-29,Distillers Grain,Kansas,Wet 65-70%,Truck,71.6,68.0,78.0,$ Per Ton
2024-04-29,Distillers Grain,Kansas,Dried 10%,Truck,210.0,200.0,220.0,$ Per Ton
2024-04-29,Distillers Grain,Michigan,Dried 10%,Truck,160.0,150.0,175.0,$ Per Ton
2024-04-29,Distillers Grain,Minnesota,Dried 10%,Truck,161.0,145.0,175.0,$ Per Ton
2024-04-29,Distillers Grain,Minnesota,Modified Wet 55-60%,Truck,77.5,75.0,80.0,$ Per Ton
2024-04-29,Distillers Grain,Minnesota,Wet 65-70%,Truck,60.0,60.0,60.0,$ Per Ton
2024-04-29,Distillers Grain,Missouri,Dried 10%,Truck,175.0,175.0,175.0,$ Per Ton
2024-04-29,Distillers Grain,Missouri,Modified Wet 55-60%,Truck,85.0,85.0,85.0,$ Per Ton
2024-04-29,Distillers Grain,Missouri,Wet 65-70%,Truck,65.0,65.0,65.0,$ Per Ton
2024-04-29,Distillers Grain,N/A,Dried 10%,Rail,217.0,217.0,217.0,$ Per Ton
2024-04-29,Distillers Grain,N/A,Dried 10%,Ocean Vessel,235.5,230.0,241.0,$ Per Ton
2024-04-29,Distillers Grain,N/A,Dried 10%,Rail/Barge,184.33,171.0,195.0,$ Per Ton
2024-04-29,Distillers Grain,Nebraska,Wet 65-70%,Truck,62.5,57.0,70.0,$ Per Ton
2024-04-29,Distillers Grain,Nebraska,Modified Wet 55-60%,Truck,82.6,68.0,100.0,$ Per Ton
2024-04-29,Distillers Grain,Nebraska,Dried 10%,Truck,181.0,175.0,188.0,$ Per Ton
2024-04-29,Distillers Grain,Ohio,Dried 10%,Truck,185.0,180.0,195.0,$ Per Ton
2024-04-29,Distillers Grain,South Dakota,Modified Wet 55-60%,Truck,83.0,75.0,90.0,$ Per Ton
2024-04-29,Distillers Grain,South Dakota,Dried 10%,Truck,157.6,140.0,174.0,$ Per Ton
2024-04-29,Distillers Grain,Wisconsin,Wet 65-70%,Truck,44.0,44.0,44.0,$ Per Ton
2024-04-29,Distillers Grain,Wisconsin,Dried 10%,Truck,165.0,160.0,175.0,$ Per Ton
2024-04-29,Distillers Grain,Wisconsin,Modified Wet 55-60%,Truck,78.0,76.0,80.0,$ Per Ton
2024-04-29,Ethanol,Illinois,,Truck,1.63,1.63,1.63,$ Per Gallon
2024-04-29,Ethanol,Iowa,,Truck,1.5534,1.43,1.65,$ Per Gallon
2024-04-29,Ethanol,Iowa,,Rail,1.5,1.5,1.5,$ Per Gallon
2024-04-29,Ethanol,Kansas,,Truck,1.53,1.43,1.67,$ Per Gallon
2024-04-29,Ethanol,Minnesota,,Truck,1.587,1.587,1.587,$ Per Gallon
2024-04-29,Ethanol,Nebraska,,Rail,1.41,1.41,1.41,$ Per Gallon
2024-04-29,Ethanol,Nebraska,,Truck,1.4883,1.4,1.6,$ Per Gallon
2024-04-29,Ethanol,South Dakota,,Rail,1.577,1.577,1.577,$ Per Gallon
2024-05-06,Biodiesel,Illinois,B100,Truck,4.28,4.28,4.28,$ Per Gallon
2024-05-06,Distillers Corn Oil,Illinois,,Truck,41.75,39.0,45.0,Cents Per Lb
2024-05-06,Distillers Corn Oil,Indiana,,Truck,41.75,39.0,45.0,Cents Per Lb
2024-05-06,Distillers Corn Oil,Iowa,,Truck,39.5,39.0,40.0,Cents Per Lb
2024-05-06,Distillers Corn Oil,Kansas,,Truck,44.0,44.0,44.0,Cents Per Lb
2024-05-06,Distillers Corn Oil,Michigan,,Truck,42.5,40.0,45.0,Cents Per Lb
2024-05-06,Distillers Corn Oil,Minnesota,,Truck,42.2,39.0,45.0,Cents Per Lb
2024-05-06,Distillers Corn Oil,Missouri,,Truck,43.33,42.0,45.0,Cents Per Lb
2024-05-06,Distillers Corn Oil,Nebraska,,Truck,41.75,39.0,45.0,Cents Per Lb
2024-05-06,Distillers Corn Oil,Ohio,,Truck,42.67,40.0,45.0,Cents Per Lb
2024-05-06,Distillers Corn Oil,South Dakota,,Truck,41.88,39.0,45.0,Cents Per Lb
2024-05-06,Distillers Corn Oil,Wisconsin,,Truck,40.0,40.0,40.0,Cents Per Lb
2024-05-06,Distillers Grain,Illinois,Dried 10%,Truck,171.75,159.0,180.0,$ Per Ton
2024-05-06,Distillers Grain,Illinois,Modified Wet 55-60%,Truck,68.0,68.0,68.0,$ Per Ton
2024-05-06,Distillers Grain,Indiana,Dried 10%,Truck,168.33,150.0,180.0,$ Per Ton
2024-05-06,Distillers Grain,Iowa,Dried 10%,Truck,160.23,140.0,195.0,$ Per Ton
2024-05-06,Distillers Grain,Iowa,Wet 65-70%,Truck,65.0,60.0,75.0,$ Per Ton
2024-05-06,Distillers Grain,Iowa,Modified Wet 55-60%,Truck,78.83,70.0,85.0,$ Per Ton
2024-05-06,Distillers Grain,Kansas,Wet 65-70%,Truck,71.6,70.0,76.0,$ Per Ton
2024-05-06,Distillers Grain,Kansas,Dried 10%,Truck,232.5,200.0,265.0,$ Per Ton
2024-05-06,Distillers Grain,Michigan,Dried 10%,Truck,160.0,150.0,175.0,$ Per Ton
2024-05-06,Distillers Grain,Minnesota,Wet 65-70%,Truck,60.0,60.0,60.0,$ Per Ton
2024-05-06,Distillers Grain,Minnesota,Modified Wet 55-60%,Truck,82.5,75.0,90.0,$ Per Ton
2024-05-06,Distillers Grain,Minnesota,Dried 10%,Truck,159.0,145.0,175.0,$ Per Ton
2024-05-06,Distillers Grain,Missouri,Wet 65-70%,Truck,65.0,65.0,65.0,$ Per Ton
2024-05-06,Distillers Grain,Missouri,Modified Wet 55-60%,Truck,85.0,85.0,85.0,$ Per Ton
2024-05-06,Distillers Grain,Missouri,Dried 10%,Truck,170.0,170.0,170.0,$ Per Ton
2024-05-06,Distillers Grain,N/A,Dried 10%,Rail,217.0,217.0,217.0,$ Per Ton
2024-05-06,Distillers Grain,N/A,Dried 10%,Rail/Barge,184.33,171.0,195.0,$ Per Ton
2024-05-06,Distillers Grain,N/A,Dried 10%,Ocean Vessel,198.4,185.0,207.0,$ Per Ton
2024-05-06,Distillers Grain,Nebraska,Wet 65-70%,Truck,64.0,57.0,70.0,$ Per Ton
2024-05-06,Distillers Grain,Nebraska,Modified Wet 55-60%,Truck,81.8,68.0,96.0,$ Per Ton
2024-05-06,Distillers Grain,Nebraska,Dried 10%,Truck,179.4,175.0,182.0,$ Per Ton
2024-05-06,Distillers Grain,Ohio,Dried 10%,Truck,185.0,180.0,195.0,$ Per Ton
2024-05-06,Distillers Grain,South Dakota,Modified Wet 55-60%,Truck,79.8,75.0,82.0,$ Per Ton
2024-05-06,Distillers Grain,South Dakota,Dried 10%,Truck,153.6,140.0,164.0,$ Per Ton
2024-05-06,Distillers Grain,Wisconsin,Wet 65-70%,Truck,44.0,44.0,44.0,$ Per Ton
2024-05-06,Distillers Grain,Wisconsin,Modified Wet 55-60%,Truck,73.5,73.0,74.0,$ Per Ton
2024-05-06,Distillers Grain,Wisconsin,Dried 10%,Truck,161.25,155.0,175.0,$ Per Ton
2024-05-06,Ethanol,Illinois,,Truck,1.63,1.63,1.63,$ Per Gallon
2024-05-06,Ethanol,Illinois,,Rail,1.77,1.77,1.77,$ Per Gallon
2024-05-06,Ethanol,Iowa,,Truck,1.6071,1.54,1.65,$ Per Gallon
2024-05-06,Ethanol,Kansas,,Truck,1.6367,1.57,1.71,$ Per Gallon
2024-05-06,Ethanol,Minnesota,,Truck,1.587,1.587,1.587,$ Per Gallon
2024-05-06,Ethanol,Nebraska,,Truck,1.6,1.55,1.65,$ Per Gallon
2024-05-06,Ethanol,South Dakota,,Rail,1.577,1.577,1.577,$ Per Gallon
2024-05-13,Biodiesel,Illinois,B100,Truck,4.28,4.28,4.28,$ Per Gallon
2024-05-13,Distillers Corn Oil,Illinois,,Truck,41.75,39.0,45.0,Cents Per Lb
2024-05-13,Distillers Corn Oil,Indiana,,Truck,41.75,39.0,45.0,Cents Per Lb
2024-05-13,Distillers Corn Oil,Iowa,,Truck,39.5,39.0,40.0,Cents Per Lb
2024-05-13,Distillers Corn Oil,Kansas,,Truck,44.0,44.0,44.0,Cents Per Lb
2024-05-13,Distillers Corn Oil,Michigan,,Truck,42.5,40.0,45.0,Cents Per Lb
2024-05-13,Distillers Corn Oil,Minnesota,,Truck,42.2,39.0,45.0,Cents Per Lb
2024-05-13,Distillers Corn Oil,Missouri,,Truck,43.33,42.0,45.0,Cents Per Lb
2024-05-13,Distillers Corn Oil,Nebraska,,Truck,41.63,40.0,45.0,Cents Per Lb
2024-05-13,Distillers Corn Oil,Ohio,,Truck,42.67,40.0,45.0,Cents Per Lb
2024-05-13,Distillers Corn Oil,South Dakota,,Truck,41.88,39.0,45.0,Cents Per Lb
2024-05-13,Distillers Corn Oil,Wisconsin,,Truck,40.0,40.0,40.0,Cents Per Lb
2024-05-13,Distillers Grain,Illinois,Dried 10%,Truck,173.5,159.0,185.0,$ Per Ton
2024-05-13,Distillers Grain,Illinois,Modified Wet 55-60%,Truck,68.0,68.0,68.0,$ Per Ton
2024-05-13,Distillers Grain,Indiana,Dried 10%,Truck,168.33,150.0,180.0,$ Per Ton
2024-05-13,Distillers Grain,Iowa,Dried 10%,Truck,161.77,135.0,195.0,$ Per Ton
2024-05-13,Distillers Grain,Iowa,Modified Wet 55-60%,Truck,82.67,78.0,85.0,$ Per Ton
2024-05-13,Distillers Grain,Iowa,Wet 65-70%,Truck,65.67,60.0,72.0,$ Per Ton
2024-05-13,Distillers Grain,Kansas,Dried 10%,Truck,232.5,200.0,265.0,$ Per Ton
2024-05-13,Distillers Grain,Kansas,Wet 65-70%,Truck,71.2,70.0,76.0,$ Per Ton
2024-05-13,Distillers Grain,Michigan,Dried 10%,Truck,165.0,150.0,180.0,$ Per Ton
2024-05-13,Distillers Grain,Minnesota,Modified Wet 55-60%,Truck,80.0,70.0,90.0,$ Per Ton
2024-05-13,Distillers Grain,Minnesota,Wet 65-70%,Truck,60.0,60.0,60.0,$ Per Ton
2024-05-13,Distillers Grain,Minnesota,Dried 10%,Truck,160.0,145.0,175.0,$ Per Ton
2024-05-13,Distillers Grain,Missouri,Modified Wet 55-60%,Truck,85.0,85.0,85.0,$ Per Ton
2024-05-13,Distillers Grain,Missouri,Wet 65-70%,Truck,67.5,65.0,70.0,$ Per Ton
2024-05-13,Distillers Grain,Missouri,Dried 10%,Truck,182.5,170.0,195.0,$ Per Ton
2024-05-13,Distillers Grain,N/A,Dried 10%,Ocean Vessel,235.5,230.0,241.0,$ Per Ton
2024-05-13,Distillers Grain,N/A,Dried 10%,Rail/Barge,184.33,171.0,195.0,$ Per Ton
2024-05-13,Distillers Grain,N/A,Dried 10%,Rail,215.0,215.0,215.0,$ Per Ton
2024-05-13,Distillers Grain,Nebraska,Wet 65-70%,Truck,62.4,57.0,68.0,$ Per Ton
2024-05-13,Distillers Grain,Nebraska,Modified Wet 55-60%,Truck,76.67,68.0,82.0,$ Per Ton
2024-05-13,Distillers Grain,Nebraska,Dried 10%,Truck,173.67,165.0,182.0,$ Per Ton
2024-05-13,Distillers Grain,Ohio,Dried 10%,Truck,185.0,180.0,195.0,$ Per Ton
2024-05-13,Distillers Grain,South Dakota,Wet 65-70%,Truck,65.0,65.0,65.0,$ Per Ton
2024-05-13,Distillers Grain,South Dakota,Modified Wet 55-60%,Truck,79.8,75.0,82.0,$ Per Ton
2024-05-13,Distillers Grain,South Dakota,Dried 10%,Truck,156.33,140.0,165.0,$ Per Ton
2024-05-13,Distillers Grain,Wisconsin,Wet 65-70%,Truck,44.0,44.0,44.0,$ Per Ton
2024-05-13,Distillers Grain,Wisconsin,Modified Wet 55-60%,Truck,73.5,73.0,74.0,$ Per Ton
2024-05-13,Distillers Grain,Wisconsin,Dried 10%,Truck,161.25,155.0,175.0,$ Per Ton
2024-05-13,Ethanol,Illinois,,Truck,1.82,1.82,1.82,$ Per Gallon
2024-05-13,Ethanol,Illinois,,Rail,1.77,1.77,1.77,$ Per Gallon
2024-05-13,Ethanol,Iowa,,Truck,1.655,1.54,1.73,$ Per Gallon
2024-05-13,Ethanol,Kansas,,Truck,1.66,1.57,1.78,$ Per Gallon
2024-05-13,Ethanol,Minnesota,,Truck,1.71,1.71,1.71,$ Per Gallon
2024-05-13,Ethanol,Nebraska,,Truck,1.6,1.55,1.65,$ Per Gallon
2024-05-13,Ethanol,South Dakota,,Rail,1.7,1.7,1.7,$ Per Gallon
2024-05-20,Biodiesel,Illinois,B100,Truck,4.28,4.28,4.28,$ Per Gallon
2024-05-20,Distillers Corn Oil,Illinois,,Truck,42.5,39.0,46.0,Cents Per Lb
2024-05-20,Distillers Corn Oil,Indiana,,Truck,41.75,39.0,45.0,Cents Per Lb
2024-05-20,Distillers Corn Oil,Iowa,,Truck,41.44,39.0,45.0,Cents Per Lb
2024-05-20,Distillers Corn Oil,Kansas,,Truck,44.0,44.0,44.0,Cents Per Lb
2024-05-20,Distillers Corn Oil,Michigan,,Truck,42.75,41.0,45.0,Cents Per Lb
2024-05-20,Distillers Corn Oil,Minnesota,,Truck,42.2,39.0,45.0,Cents Per Lb
2024-05-20,Distillers Corn Oil,Missouri,,Truck,43.33,42.0,45.0,Cents Per Lb
2024-05-20,Distillers Corn Oil,Nebraska,,Truck,42.0,40.0,45.0,Cents Per Lb
2024-05-20,Distillers Corn Oil,Ohio,,Truck,42.67,40.0,45.0,Cents Per Lb
2024-05-20,Distillers Corn Oil,South Dakota,,Truck,42.38,39.0,45.0,Cents Per Lb
2024-05-20,Distillers Corn Oil,Wisconsin,,Truck,40.0,40.0,40.0,Cents Per Lb
2024-05-20,Distillers Grain,Illinois,Modified Wet 55-60%,Truck,68.0,68.0,68.0,$ Per Ton
2024-05-20,Distillers Grain,Illinois,Dried 10%,Truck,177.25,159.0,200.0,$ Per Ton
2024-05-20,Distillers Grain,Indiana,Dried 10%,Truck,168.33,150.0,180.0,$ Per Ton
2024-05-20,Distillers Grain,Iowa,Dried 10%,Truck,161.77,135.0,195.0,$ Per Ton
2024-05-20,Distillers Grain,Iowa,Modified Wet 55-60%,Truck,78.67,78.0,80.0,$ Per Ton
2024-05-20,Distillers Grain,Iowa,Wet 65-70%,Truck,65.67,60.0,72.0,$ Per Ton
2024-05-20,Distillers Grain,Kansas,Wet 65-70%,Truck,71.2,70.0,76.0,$ Per Ton
2024-05-20,Distillers Grain,Kansas,Dried 10%,Truck,232.5,200.0,265.0,$ Per Ton
2024-05-20,Distillers Grain,Michigan,Dried 10%,Truck,168.75,155.0,180.0,$ Per Ton
2024-05-20,Distillers Grain,Minnesota,Wet 65-70%,Truck,60.0,60.0,60.0,$ Per Ton
2024-05-20,Distillers Grain,Minnesota,Modified Wet 55-60%,Truck,80.0,70.0,90.0,$ Per Ton
2024-05-20,Distillers Grain,Minnesota,Dried 10%,Truck,160.0,145.0,175.0,$ Per Ton
2024-05-20,Distillers Grain,Missouri,Dried 10%,Truck,182.5,170.0,195.0,$ Per Ton
2024-05-20,Distillers Grain,Missouri,Modified Wet 55-60%,Truck,85.0,85.0,85.0,$ Per Ton
2024-05-20,Distillers Grain,Missouri,Wet 65-70%,Truck,67.5,65.0,70.0,$ Per Ton
2024-05-20,Distillers Grain,N/A,Dried 10%,Ocean Vessel,201.0,185.0,212.0,$ Per Ton
2024-05-20,Distillers Grain,N/A,Dried 10%,Rail,215.0,215.0,215.0,$ Per Ton
2024-05-20,Distillers Grain,N/A,Dried 10%,Rail/Barge,181.33,171.0,192.0,$ Per Ton
2024-05-20,Distillers Grain,Nebraska,Modified Wet 55-60%,Truck,76.17,65.0,82.0,$ Per Ton
2024-05-20,Distillers Grain,Nebraska,Dried 10%,Truck,173.67,165.0,182.0,$ Per Ton
2024-05-20,Distillers Grain,Nebraska,Wet 65-70%,Truck,62.6,59.0,68.0,$ Per Ton
2024-05-20,Distillers Grain,Ohio,Dried 10%,Truck,185.0,180.0,195.0,$ Per Ton
2024-05-20,Distillers Grain,South Dakota,Wet 65-70%,Truck,65.0,65.0,65.0,$ Per Ton
2024-05-20,Distillers Grain,South Dakota,Dried 10%,Truck,156.33,140.0,165.0,$ Per Ton
2024-05-20,Distillers Grain,South Dakota,Modified Wet 55-60%,Truck,79.8,75.0,82.0,$ Per Ton
2024-05-20,Distillers Grain,Wisconsin,Wet 65-70%,Truck,44.0,44.0,44.0,$ Per Ton
2024-05-20,Distillers Grain,Wisconsin,Modified Wet 55-60%,Truck,73.5,73.0,74.0,$ Per Ton
2024-05-20,Distillers Grain,Wisconsin,Dried 10%,Truck,161.25,155.0,175.0,$ Per Ton
2024-05-20,Ethanol,Illinois,,Rail,1.77,1.77,1.77,$ Per Gallon
2024-05-20,Ethanol,Illinois,,Truck,1.82,1.82,1.82,$ Per Gallon
2024-05-20,Ethanol,Iowa,,Truck,1.655,1.54,1.73,$ Per Gallon
2024-05-20,Ethanol,Iowa,,Rail,1.7,1.68,1.72,$ Per Gallon
2024-05-20,Ethanol,Kansas,,Truck,1.66,1.57,1.78,$ Per Gallon
2024-05-20,Ethanol,Minnesota,,Truck,1.71,1.71,1.71,$ Per Gallon
2024-05-20,Ethanol,Nebraska,,Rail,1.735,1.69,1.78,$ Per Gallon
2024-05-20,Ethanol,Nebraska,,Truck,1.6267,1.55,1.71,$ Per Gallon
2024-05-20,Ethanol,South Dakota,,Rail,1.7,1.7,1.7,$ Per Gallon
2024-05-27,Biodiesel,Illinois,B100,Truck,5.19,5.19,5.19,$ Per Gallon
2024-05-27,Distillers Corn Oil,Illinois,,Truck,42.5,39.0,46.0,Cents Per Lb
2024-05-27,Distillers Corn Oil,Indiana,,Truck,41.75,39.0,45.0,Cents Per Lb
2024-05-27,Distillers Corn Oil,Iowa,,Truck,39.5,39.0,40.0,Cents Per Lb
2024-05-27,Distillers Corn Oil,Kansas,,Truck,42.33,39.0,44.0,Cents Per Lb
2024-05-27,Distillers Corn Oil,Michigan,,Truck,42.75,41.0,45.0,Cents Per Lb
2024-05-27,Distillers Corn Oil,Minnesota,,Truck,42.2,39.0,45.0,Cents Per Lb
2024-05-27,Distillers Corn Oil,Missouri,,Truck,44.33,43.0,45.0,Cents Per Lb
2024-05-27,Distillers Corn Oil,Nebraska,,Truck,42.13,40.0,45.0,Cents Per Lb
2024-05-27,Distillers Corn Oil,Ohio,,Truck,42.67,40.0,45.0,Cents Per Lb
2024-05-27,Distillers Corn Oil,South Dakota,,Truck,42.63,39.0,45.0,Cents Per Lb
2024-05-27,Distillers Corn Oil,Wisconsin,,Truck,40.0,40.0,40.0,Cents Per Lb
2024-05-27,Distillers Grain,Illinois,Dried 10%,Truck,175.2,159.0,200.0,$ Per Ton
2024-05-27,Distillers Grain,Illinois,Modified Wet 55-60%,Truck,68.0,68.0,68.0,$ Per Ton
2024-05-27,Distillers Grain,Indiana,Dried 10%,Truck,158.33,140.0,180.0,$ Per Ton
2024-05-27,Distillers Grain,Iowa,Modified Wet 55-60%,Truck,80.5,75.0,85.0,$ Per Ton
2024-05-27,Distillers Grain,Iowa,Dried 10%,Truck,158.69,130.0,200.0,$ Per Ton
2024-05-27,Distillers Grain,Iowa,Wet 65-70%,Truck,59.0,42.0,70.0,$ Per Ton
2024-05-27,Distillers Grain,Kansas,Dried 10%,Truck,231.25,195.0,265.0,$ Per Ton
2024-05-27,Distillers Grain,Kansas,Wet 65-70%,Truck,69.4,68.0,70.0,$ Per Ton
2024-05-27,Distillers Grain,Michigan,Dried 10%,Truck,166.25,145.0,180.0,$ Per Ton
2024-05-27,Distillers Grain,Minnesota,Dried 10%,Truck,159.0,150.0,165.0,$ Per Ton
2024-05-27,Distillers Grain,Minnesota,Wet 65-70%,Truck,60.0,60.0,60.0,$ Per Ton
2024-05-27,Distillers Grain,Minnesota,Modified Wet 55-60%,Truck,80.0,70.0,90.0,$ Per Ton
2024-05-27,Distillers Grain,Missouri,Dried 10%,Truck,181.5,168.0,195.0,$ Per Ton
2024-05-27,Distillers Grain,Missouri,Modified Wet 55-60%,Truck,90.0,90.0,90.0,$ Per Ton
2024-05-27,Distillers Grain,Missouri,Wet 65-70%,Truck,67.5,65.0,70.0,$ Per Ton
2024-05-27,Distillers Grain,N/A,Dried 10%,Rail/Barge,181.33,171.0,192.0,$ Per Ton
2024-05-27,Distillers Grain,N/A,Dried 10%,Rail,210.0,210.0,210.0,$ Per Ton
2024-05-27,Distillers Grain,N/A,Dried 10%,Ocean Vessel,231.0,230.0,232.0,$ Per Ton
2024-05-27,Distillers Grain,Nebraska,Wet 65-70%,Truck,59.4,45.0,68.0,$ Per Ton
2024-05-27,Distillers Grain,Nebraska,Modified Wet 55-60%,Truck,76.0,65.0,85.0,$ Per Ton
2024-05-27,Distillers Grain,Nebraska,Dried 10%,Truck,172.0,160.0,182.0,$ Per Ton
2024-05-27,Distillers Grain,Ohio,Dried 10%,Truck,178.33,175.0,180.0,$ Per Ton
2024-05-27,Distillers Grain,South Dakota,Wet 65-70%,Truck,65.0,65.0,65.0,$ Per Ton
2024-05-27,Distillers Grain,South Dakota,Modified Wet 55-60%,Truck,79.8,75.0,82.0,$ Per Ton
2024-05-27,Distillers Grain,South Dakota,Dried 10%,Truck,156.33,140.0,165.0,$ Per Ton
2024-05-27,Distillers Grain,Wisconsin,Modified Wet 55-60%,Truck,73.5,73.0,74.0,$ Per Ton
2024-05-27,Distillers Grain,Wisconsin,Dried 10%,Truck,161.25,155.0,175.0,$ Per Ton
2024-05-27,Distillers Grain,Wisconsin,Wet 65-70%,Truck,44.0,44.0,44.0,$ Per Ton
2024-05-27,Ethanol,Illinois,,Truck,1.8,1.8,1.8,$ Per Gallon
2024-05-27,Ethanol,Illinois,,Rail,1.77,1.77,1.77,$ Per Gallon
2024-05-27,Ethanol,Iowa,,Truck,1.68,1.54,1.81,$ Per Gallon
2024-05-27,Ethanol,Iowa,,Rail,1.7,1.68,1.72,$ Per Gallon
2024-05-27,Ethanol,Kansas,,Truck,1.7,1.64,1.76,$ Per Gallon
2024-05-27,Ethanol,Minnesota,,Truck,1.69,1.69,1.69,$ Per Gallon
2024-05-27,Ethanol,Nebraska,,Truck,1.65,1.55,1.71,$ Per Gallon
2024-05-27,Ethanol,Nebraska,,Rail,1.735,1.69,1.78,$ Per Gallon
2024-05-27,Ethanol,South Dakota,,Rail,1.68,1.68,1.68,$ Per Gallon
2024-06-03,Biodiesel,Illinois,B100,Truck,5.19,5.19,5.19,$ Per Gallon
2024-06-03,Distillers Corn Oil,Illinois,,Truck,44.33,43.0,45.0,Cents Per Lb
2024-06-03,Distillers Corn Oil,Indiana,,Truck,43.67,43.0,45.0,Cents Per Lb
2024-06-03,Distillers Corn Oil,Iowa,,Truck,43.0,43.0,43.0,Cents Per Lb
2024-06-03,Distillers Corn Oil,Kansas,,Truck,42.67,40.0,44.0,Cents Per Lb
2024-06-03,Distillers Corn Oil,Michigan,,Truck,42.4,40.0,45.0,Cents Per Lb
2024-06-03,Distillers Corn Oil,Minnesota,,Truck,42.4,39.0,45.0,Cents Per Lb
2024-06-03,Distillers Corn Oil,Missouri,,Truck,44.33,43.0,45.0,Cents Per Lb
2024-06-03,Distillers Corn Oil,Nebraska,,Truck,42.63,40.0,45.0,Cents Per Lb
2024-06-03,Distillers Corn Oil,Ohio,,Truck,43.2,40.0,46.0,Cents Per Lb
2024-06-03,Distillers Corn Oil,South Dakota,,Truck,43.29,41.0,45.0,Cents Per Lb
2024-06-03,Distillers Corn Oil,Wisconsin,,Truck,42.0,42.0,42.0,Cents Per Lb
2024-06-03,Distillers Grain,Illinois,Dried 10%,Truck,175.0,165.0,190.0,$ Per Ton
2024-06-03,Distillers Grain,Illinois,Modified Wet 55-60%,Truck,68.0,68.0,68.0,$ Per Ton
2024-06-03,Distillers Grain,Illinois,Wet 65-70%,Truck,50.0,50.0,50.0,$ Per Ton
2024-06-03,Distillers Grain,Indiana,Dried 10%,Truck,147.5,140.0,155.0,$ Per Ton
2024-06-03,Distillers Grain,Iowa,Modified Wet 55-60%,Truck,79.6,75.0,85.0,$ Per Ton
2024-06-03,Distillers Grain,Iowa,Dried 10%,Truck,153.63,144.0,165.0,$ Per Ton
2024-06-03,Distillers Grain,Iowa,Wet 65-70%,Truck,41.0,40.0,42.0,$ Per Ton
2024-06-03,Distillers Grain,Kansas,Dried 10%,Truck,195.0,190.0,200.0,$ Per Ton
2024-06-03,Distillers Grain,Kansas,Wet 65-70%,Truck,67.2,61.0,70.0,$ Per Ton
2024-06-03,Distillers Grain,Michigan,Dried 10%,Truck,147.5,145.0,150.0,$ Per Ton
2024-06-03,Distillers Grain,Minnesota,Modified Wet 55-60%,Truck,90.0,90.0,90.0,$ Per Ton
2024-06-03,Distillers Grain,Minnesota,Wet 65-70%,Truck,60.0,60.0,60.0,$ Per Ton
2024-06-03,Distillers Grain,Minnesota,Dried 10%,Truck,160.0,150.0,170.0,$ Per Ton
2024-06-03,Distillers Grain,Missouri,Dried 10%,Truck,169.0,168.0,170.0,$ Per Ton
2024-06-03,Distillers Grain,Missouri,Modified Wet 55-60%,Truck,90.0,90.0,90.0,$ Per Ton
2024-06-03,Distillers Grain,Missouri,Wet 65-70%,Truck,49.0,49.0,49.0,$ Per Ton
2024-06-03,Distillers Grain,N/A,Dried 10%,Rail,210.0,210.0,210.0,$ Per Ton
2024-06-03,Distillers Grain,N/A,Dried 10%,Ocean Vessel,231.0,230.0,232.0,$ Per Ton
2024-06-03,Distillers Grain,N/A,Dried 10%,Rail/Barge,181.33,171.0,192.0,$ Per Ton
2024-06-03,Distillers Grain,Nebraska,Wet 65-70%,Truck,54.2,45.0,60.0,$ Per Ton
2024-06-03,Distillers Grain,Nebraska,Modified Wet 55-60%,Truck,75.17,65.0,85.0,$ Per Ton
2024-06-03,Distillers Grain,Nebraska,Dried 10%,Truck,166.67,160.0,180.0,$ Per Ton
2024-06-03,Distillers Grain,Ohio,Dried 10%,Truck,178.33,175.0,180.0,$ Per Ton
2024-06-03,Distillers Grain,South Dakota,Wet 65-70%,Truck,67.5,65.0,70.0,$ Per Ton
2024-06-03,Distillers Grain,South Dakota,Modified Wet 55-60%,Truck,79.8,75.0,82.0,$ Per Ton
2024-06-03,Distillers Grain,South Dakota,Dried 10%,Truck,159.6,150.0,165.0,$ Per Ton
2024-06-03,Distillers Grain,Wisconsin,Modified Wet 55-60%,Truck,73.0,73.0,73.0,$ Per Ton
2024-06-03,Distillers Grain,Wisconsin,Dried 10%,Truck,159.5,153.0,170.0,$ Per Ton
2024-06-03,Distillers Grain,Wisconsin,Wet 65-70%,Truck,44.0,44.0,44.0,$ Per Ton
2024-06-03,Ethanol,Illinois,,Truck,1.79,1.79,1.79,$ Per Gallon
2024-06-03,Ethanol,Illinois,,Rail,1.77,1.77,1.77,$ Per Gallon
2024-06-03,Ethanol,Iowa,,Truck,1.726,1.69,1.81,$ Per Gallon
2024-06-03,Ethanol,Iowa,,Rail,1.7,1.68,1.72,$ Per Gallon
2024-06-03,Ethanol,Kansas,,Truck,1.725,1.7,1.75,$ Per Gallon
2024-06-03,Ethanol,Minnesota,,Truck,1.69,1.69,1.69,$ Per Gallon
2024-06-03,Ethanol,Nebraska,,Truck,1.682,1.65,1.71,$ Per Gallon
2024-06-03,Ethanol,Nebraska,,Rail,1.735,1.69,1.78,$ Per Gallon
2024-06-03,Ethanol,South Dakota,,Rail,1.68,1.68,1.68,$ Per Gallon
2024-06-10,Biodiesel,Illinois,B100,Truck,5.19,5.19,5.19,$ Per Gallon
2024-06-10,Distillers Corn Oil,Illinois,,Truck,44.0,43.0,45.0,Cents Per Lb
2024-06-10,Distillers Corn Oil,Indiana,,Truck,43.67,43.0,45.0,Cents Per Lb
2024-06-10,Distillers Corn Oil,Iowa,,Truck,43.57,41.0,45.0,Cents Per Lb
2024-06-10,Distillers Corn Oil,Kansas,,Truck,41.75,39.0,44.0,Cents Per Lb
2024-06-10,Distillers Corn Oil,Michigan,,Truck,43.5,43.0,45.0,Cents Per Lb
2024-06-10,Distillers Corn Oil,Minnesota,,Truck,42.6,39.0,45.0,Cents Per Lb
2024-06-10,Distillers Corn Oil,Missouri,,Truck,44.33,43.0,45.0,Cents Per Lb
2024-06-10,Distillers Corn Oil,Nebraska,,Truck,43.0,40.0,45.0,Cents Per Lb
2024-06-10,Distillers Corn Oil,Ohio,,Truck,42.5,40.0,45.0,Cents Per Lb
2024-06-10,Distillers Corn Oil,South Dakota,,Truck,43.38,41.0,45.0,Cents Per Lb
2024-06-10,Distillers Corn Oil,Wisconsin,,Truck,42.0,42.0,42.0,Cents Per Lb
2024-06-10,Distillers Grain,Illinois,Dried 10%,Truck,171.5,164.0,185.0,$ Per Ton
2024-06-10,Distillers Grain,Illinois,Wet 65-70%,Truck,60.0,60.0,60.0,$ Per Ton
2024-06-10,Distillers Grain,Indiana,Dried 10%,Truck,151.33,140.0,159.0,$ Per Ton
2024-06-10,Distillers Grain,Iowa,Dried 10%,Truck,146.0,135.0,152.0,$ Per Ton
2024-06-10,Distillers Grain,Iowa,Wet 65-70%,Truck,43.5,42.0,45.0,$ Per Ton
2024-06-10,Distillers Grain,Iowa,Modified Wet 55-60%,Truck,77.5,75.0,80.0,$ Per Ton
2024-06-10,Distillers Grain,Kansas,Wet 65-70%,Truck,68.8,60.0,75.0,$ Per Ton
2024-06-10,Distillers Grain,Kansas,Dried 10%,Truck,190.0,185.0,195.0,$ Per Ton
2024-06-10,Distillers Grain,Michigan,Dried 10%,Truck,142.4,135.0,147.0,$ Per Ton
2024-06-10,Distillers Grain,Minnesota,Dried 10%,Truck,146.25,135.0,155.0,$ Per Ton
2024-06-10,Distillers Grain,Minnesota,Modified Wet 55-60%,Truck,75.0,70.0,80.0,$ Per Ton
2024-06-10,Distillers Grain,Minnesota,Wet 65-70%,Truck,60.0,60.0,60.0,$ Per Ton
2024-06-10,Distillers Grain,Missouri,Modified Wet 55-60%,Truck,90.0,90.0,90.0,$ Per Ton
2024-06-10,Distillers Grain,Missouri,Wet 65-70%,Truck,49.0,49.0,49.0,$ Per Ton
2024-06-10,Distillers Grain,Missouri,Dried 10%,Truck,169.0,168.0,170.0,$ Per Ton
2024-06-10,Distillers Grain,N/A,Dried 10%,Rail,205.0,205.0,205.0,$ Per Ton
2024-06-10,Distillers Grain,N/A,Dried 10%,Ocean Vessel,229.0,228.0,230.0,$ Per Ton
2024-06-10,Distillers Grain,N/A,Dried 10%,Rail/Barge,173.33,171.0,177.0,$ Per Ton
2024-06-10,Distillers Grain,Nebraska,Wet 65-70%,Truck,58.6,55.0,65.0,$ Per Ton
2024-06-10,Distillers Grain,Nebraska,Modified Wet 55-60%,Truck,70.4,62.0,75.0,$ Per Ton
2024-06-10,Distillers Grain,Nebraska,Dried 10%,Truck,161.0,155.0,170.0,$ Per Ton
2024-06-10,Distillers Grain,Ohio,Dried 10%,Truck,154.5,150.0,159.0,$ Per Ton
2024-06-10,Distillers Grain,South Dakota,Wet 65-70%,Truck,65.0,65.0,65.0,$ Per Ton
2024-06-10,Distillers Grain,South Dakota,Modified Wet 55-60%,Truck,78.8,75.0,82.0,$ Per Ton
2024-06-10,Distillers Grain,South Dakota,Dried 10%,Truck,158.6,150.0,165.0,$ Per Ton
2024-06-10,Distillers Grain,Wisconsin,Wet 65-70%,Truck,51.0,51.0,51.0,$ Per Ton
2024-06-10,Distillers Grain,Wisconsin,Modified Wet 55-60%,Truck,73.0,73.0,73.0,$ Per Ton
2024-06-10,Distillers Grain,Wisconsin,Dried 10%,Truck,159.5,153.0,170.0,$ Per Ton
2024-06-10,Ethanol,Illinois,,Truck,1.82,1.82,1.82,$ Per Gallon
2024-06-10,Ethanol,Illinois,,Rail,1.83,1.83,1.83,$ Per Gallon
2024-06-10,Ethanol,Iowa,,Truck,1.7628,1.73,1.83,$ Per Gallon
2024-06-10,Ethanol,Iowa,,Rail,1.785,1.69,1.88,$ Per Gallon
2024-06-10,Ethanol,Kansas,,Truck,1.8,1.76,1.82,$ Per Gallon
2024-06-10,Ethanol,Minnesota,,Truck,1.7325,1.7325,1.7325,$ Per Gallon
2024-06-10,Ethanol,Nebraska,,Rail,1.7333,1.685,1.785,$ Per Gallon
2024-06-10,Ethanol,Nebraska,,Truck,1.784,1.72,1.86,$ Per Gallon
2024-06-10,Ethanol,South Dakota,,Rail,1.7225,1.7225,1.7225,$ Per Gallon
2024-06-17,Biodiesel,Illinois,B100,Truck,5.19,5.19,5.19,$ Per Gallon
2024-06-17,Distillers Corn Oil,Illinois,,Truck,44.67,44.0,45.0,Cents Per Lb
2024-06-17,Distillers Corn Oil,Indiana,,Truck,43.67,43.0,45.0,Cents Per Lb
2024-06-17,Distillers Corn Oil,Iowa,,Truck,43.67,41.0,45.0,Cents Per Lb
2024-06-17,Distillers Corn Oil,Kansas,,Truck,41.75,39.0,44.0,Cents Per Lb
2024-06-17,Distillers Corn Oil,Michigan,,Truck,43.5,43.0,45.0,Cents Per Lb
2024-06-17,Distillers Corn Oil,Minnesota,,Truck,43.0,39.0,45.0,Cents Per Lb
2024-06-17,Distillers Corn Oil,Missouri,,Truck,46.0,45.0,47.0,Cents Per Lb
2024-06-17,Distillers Corn Oil,Nebraska,,Truck,43.0,40.0,45.0,Cents Per Lb
2024-06-17,Distillers Corn Oil,Ohio,,Truck,42.5,40.0,45.0,Cents Per Lb
2024-06-17,Distillers Corn Oil,South Dakota,,Truck,44.13,41.0,46.0,Cents Per Lb
2024-06-17,Distillers Corn Oil,Wisconsin,,Truck,44.0,44.0,44.0,Cents Per Lb
2024-06-17,Distillers Grain,Illinois,Dried 10%,Truck,170.0,160.0,185.0,$ Per Ton
2024-06-17,Distillers Grain,Illinois,Wet 65-70%,Truck,45.0,45.0,45.0,$ Per Ton
2024-06-17,Distillers Grain,Indiana,Dried 10%,Truck,150.5,138.0,159.0,$ Per Ton
2024-06-17,Distillers Grain,Iowa,Modified Wet 55-60%,Truck,75.6,68.0,80.0,$ Per Ton
2024-06-17,Distillers Grain,Iowa,Dried 10%,Truck,149.0,135.0,168.0,$ Per Ton
2024-06-17,Distillers Grain,Iowa,Wet 65-70%,Truck,43.5,42.0,45.0,$ Per Ton
2024-06-17,Distillers Grain,Kansas,Dried 10%,Truck,187.5,185.0,190.0,$ Per Ton
2024-06-17,Distillers Grain,Kansas,Wet 65-70%,Truck,73.75,60.0,80.0,$ Per Ton
2024-06-17,Distillers Grain,Michigan,Dried 10%,Truck,141.8,135.0,147.0,$ Per Ton
2024-06-17,Distillers Grain,Minnesota,Dried 10%,Truck,145.0,135.0,150.0,$ Per Ton
2024-06-17,Distillers Grain,Minnesota,Wet 65-70%,Truck,50.0,50.0,50.0,$ Per Ton
2024-06-17,Distillers Grain,Minnesota,Modified Wet 55-60%,Truck,70.0,70.0,70.0,$ Per Ton
2024-06-17,Distillers Grain,Missouri,Dried 10%,Truck,165.0,160.0,170.0,$ Per Ton
2024-06-17,Distillers Grain,Missouri,Modified Wet 55-60%,Truck,85.0,85.0,85.0,$ Per Ton
2024-06-17,Distillers Grain,Missouri,Wet 65-70%,Truck,49.0,49.0,49.0,$ Per Ton
2024-06-17,Distillers Grain,N/A,Dried 10%,Rail/Barge,173.33,171.0,177.0,$ Per Ton
2024-06-17,Distillers Grain,N/A,Dried 10%,Rail,201.5,198.0,205.0,$ Per Ton
2024-06-17,Distillers Grain,N/A,Dried 10%,Ocean Vessel,230.0,230.0,230.0,$ Per Ton
2024-06-17,Distillers Grain,Nebraska,Wet 65-70%,Truck,55.5,50.0,63.0,$ Per Ton
2024-06-17,Distillers Grain,Nebraska,Modified Wet 55-60%,Truck,69.5,62.0,75.0,$ Per Ton
2024-06-17,Distillers Grain,Nebraska,Dried 10%,Truck,161.43,155.0,175.0,$ Per Ton
2024-06-17,Distillers Grain,Ohio,Dried 10%,Truck,154.75,140.0,170.0,$ Per Ton
2024-06-17,Distillers Grain,South Dakota,Wet 65-70%,Truck,65.0,65.0,65.0,$ Per Ton
2024-06-17,Distillers Grain,South Dakota,Modified Wet 55-60%,Truck,79.75,75.0,82.0,$ Per Ton
2024-06-17,Distillers Grain,South Dakota,Dried 10%,Truck,156.33,145.0,165.0,$ Per Ton
2024-06-17,Distillers Grain,Wisconsin,Modified Wet 55-60%,Truck,72.0,71.0,73.0,$ Per Ton
2024-06-17,Distillers Grain,Wisconsin,Dried 10%,Truck,160.0,150.0,170.0,$ Per Ton
2024-06-17,Distillers Grain,Wisconsin,Wet 65-70%,Truck,50.0,50.0,50.0,$ Per Ton
2024-06-17,Ethanol,Illinois,,Truck,1.95,1.95,1.95,$ Per Gallon
2024-06-17,Ethanol,Illinois,,Rail,1.83,1.83,1.83,$ Per Gallon
2024-06-17,Ethanol,Iowa,,Truck,1.8485,1.74,1.97,$ Per Gallon
2024-06-17,Ethanol,Iowa,,Rail,1.88,1.88,1.88,$ Per Gallon
2024-06-17,Ethanol,Kansas,,Truck,1.87,1.82,1.92,$ Per Gallon
2024-06-17,Ethanol,Minnesota,,Truck,1.8325,1.8325,1.8325,$ Per Gallon
2024-06-17,Ethanol,Nebraska,,Truck,1.8533,1.82,1.88,$ Per Gallon
2024-06-17,Ethanol,Nebraska,,Rail,1.785,1.785,1.785,$ Per Gallon
2024-06-17,Ethanol,South Dakota,,Rail,1.8225,1.8225,1.8225,$ Per Gallon
2024-06-24,Biodiesel,Illinois,B100,Truck,4.28,4.28,4.28,$ Per Gallon
2024-06-24,Distillers Corn Oil,Illinois,,Truck,45.67,45.0,47.0,Cents Per Lb
2024-06-24,Distillers Corn Oil,Indiana,,Truck,43.67,43.0,45.0,Cents Per Lb
2024-06-24,Distillers Corn Oil,Iowa,,Truck,45.0,45.0,45.0,Cents Per Lb
2024-06-24,Distillers Corn Oil,Kansas,,Truck,45.33,40.0,48.0,Cents Per Lb
2024-06-24,Distillers Corn Oil,Michigan,,Truck,44.4,43.0,45.0,Cents Per Lb
2024-06-24,Distillers Corn Oil,Minnesota,,Truck,42.8,39.0,45.0,Cents Per Lb
2024-06-24,Distillers Corn Oil,Missouri,,Truck,45.5,45.0,46.0,Cents Per Lb
2024-06-24,Distillers Corn Oil,Nebraska,,Truck,44.14,41.0,46.0,Cents Per Lb
2024-06-24,Distillers Corn Oil,Ohio,,Truck,42.5,40.0,45.0,Cents Per Lb
2024-06-24,Distillers Corn Oil,South Dakota,,Truck,43.86,41.0,45.0,Cents Per Lb
2024-06-24,Distillers Corn Oil,Wisconsin,,Truck,45.0,45.0,45.0,Cents Per Lb
2024-06-24,Distillers Grain,Illinois,Dried 10%,Truck,170.0,160.0,185.0,$ Per Ton
2024-06-24,Distillers Grain,Illinois,Wet 65-70%,Truck,45.0,45.0,45.0,$ Per Ton
2024-06-24,Distillers Grain,Indiana,Dried 10%,Truck,150.0,135.0,160.0,$ Per Ton
2024-06-24,Distillers Grain,Iowa,Modified Wet 55-60%,Truck,76.6,73.0,80.0,$ Per Ton
2024-06-24,Distillers Grain,Iowa,Dried 10%,Truck,149.09,135.0,165.0,$ Per Ton
2024-06-24,Distillers Grain,Iowa,Wet 65-70%,Truck,47.5,45.0,50.0,$ Per Ton
2024-06-24,Distillers Grain,Kansas,Dried 10%,Truck,185.0,185.0,185.0,$ Per Ton
2024-06-24,Distillers Grain,Kansas,Wet 65-70%,Truck,69.5,59.0,75.0,$ Per Ton
2024-06-24,Distillers Grain,Michigan,Dried 10%,Truck,138.0,130.0,145.0,$ Per Ton
2024-06-24,Distillers Grain,Minnesota,Dried 10%,Truck,151.25,145.0,160.0,$ Per Ton
2024-06-24,Distillers Grain,Minnesota,Modified Wet 55-60%,Truck,65.0,65.0,65.0,$ Per Ton
2024-06-24,Distillers Grain,Missouri,Dried 10%,Truck,162.5,160.0,165.0,$ Per Ton
2024-06-24,Distillers Grain,Missouri,Modified Wet 55-60%,Truck,85.0,85.0,85.0,$ Per Ton
2024-06-24,Distillers Grain,Missouri,Wet 65-70%,Truck,48.0,48.0,48.0,$ Per Ton
2024-06-24,Distillers Grain,N/A,Dried 10%,Rail/Barge,173.33,171.0,177.0,$ Per Ton
2024-06-24,Distillers Grain,N/A,Dried 10%,Rail,201.5,198.0,205.0,$ Per Ton
2024-06-24,Distillers Grain,N/A,Dried 10%,Ocean Vessel,224.0,218.0,230.0,$ Per Ton
2024-06-24,Distillers Grain,Nebraska,Wet 65-70%,Truck,55.5,50.0,63.0,$ Per Ton
2024-06-24,Distillers Grain,Nebraska,Modified Wet 55-60%,Truck,68.86,62.0,75.0,$ Per Ton
2024-06-24,Distillers Grain,Nebraska,Dried 10%,Truck,156.0,150.0,162.0,$ Per Ton
2024-06-24,Distillers Grain,Ohio,Dried 10%,Truck,153.75,140.0,165.0,$ Per Ton
2024-06-24,Distillers Grain,South Dakota,Wet 65-70%,Truck,62.0,62.0,62.0,$ Per Ton
2024-06-24,Distillers Grain,South Dakota,Modified Wet 55-60%,Truck,79.33,79.0,80.0,$ Per Ton
2024-06-24,Distillers Grain,South Dakota,Dried 10%,Truck,154.8,145.0,165.0,$ Per Ton
2024-06-24,Distillers Grain,Wisconsin,Modified Wet 55-60%,Truck,70.5,68.0,73.0,$ Per Ton
2024-06-24,Distillers Grain,Wisconsin,Dried 10%,Truck,158.75,145.0,170.0,$ Per Ton
2024-06-24,Distillers Grain,Wisconsin,Wet 65-70%,Truck,20.0,20.0,20.0,$ Per Ton
2024-06-24,Ethanol,Illinois,,Truck,2.05,2.05,2.05,$ Per Gallon
2024-06-24,Ethanol,Iowa,,Truck,1.9533,1.91,2.03,$ Per Gallon
2024-06-24,Ethanol,Iowa,,Rail,2.0,1.97,2.03,$ Per Gallon
2024-06-24,Ethanol,Kansas,,Truck,1.98,1.92,2.04,$ Per Gallon
2024-06-24,Ethanol,Minnesota,,Truck,1.91,1.91,1.91,$ Per Gallon
2024-06-24,Ethanol,Nebraska,,Rail,1.99,1.98,2.0,$ Per Gallon
2024-06-24,Ethanol,Nebraska,,Truck,1.93,1.8,2.03,$ Per Gallon
2024-06-24,Ethanol,South Dakota,,Rail,1.9,1.9,1.9,$ Per Gallon
2024-07-08,Biodiesel,Illinois,B100,Truck,4.28,4.28,4.28,$ Per Gallon
2024-07-08,Distillers Corn Oil,Illinois,,Truck,48.0,45.0,52.0,Cents Per Lb
2024-07-08,Distillers Corn Oil,Indiana,,Truck,43.67,43.0,45.0,Cents Per Lb
2024-07-08,Distillers Corn Oil,Iowa,,Truck,43.43,40.0,45.0,Cents Per Lb
2024-07-08,Distillers Corn Oil,Kansas,,Truck,44.67,44.0,45.0,Cents Per Lb
2024-07-08,Distillers Corn Oil,Michigan,,Truck,44.0,43.0,45.0,Cents Per Lb
2024-07-08,Distillers Corn Oil,Minnesota,,Truck,43.2,39.0,47.0,Cents Per Lb
2024-07-08,Distillers Corn Oil,Missouri,,Truck,45.5,45.0,46.0,Cents Per Lb
2024-07-08,Distillers Corn Oil,Nebraska,,Truck,42.25,41.0,43.0,Cents Per Lb
2024-07-08,Distillers Corn Oil,Ohio,,Truck,42.5,40.0,45.0,Cents Per Lb
2024-07-08,Distillers Corn Oil,South Dakota,,Truck,44.67,41.0,47.0,Cents Per Lb
2024-07-08,Distillers Corn Oil,Wisconsin,,Truck,45.0,45.0,45.0,Cents Per Lb
2024-07-08,Distillers Grain,Illinois,Dried 10%,Truck,162.33,155.0,177.0,$ Per Ton
2024-07-08,Distillers Grain,Illinois,Wet 65-70%,Truck,29.0,29.0,29.0,$ Per Ton
2024-07-08,Distillers Grain,Indiana,Dried 10%,Truck,141.4,130.0,150.0,$ Per Ton
2024-07-08,Distillers Grain,Iowa,Dried 10%,Truck,140.56,120.0,160.0,$ Per Ton
2024-07-08,Distillers Grain,Iowa,Wet 65-70%,Truck,40.0,40.0,40.0,$ Per Ton
2024-07-08,Distillers Grain,Iowa,Modified Wet 55-60%,Truck,71.0,65.0,75.0,$ Per Ton
2024-07-08,Distillers Grain,Kansas,Wet 65-70%,Truck,57.6,50.0,62.0,$ Per Ton
2024-07-08,Distillers Grain,Kansas,Dried 10%,Truck,195.0,170.0,205.0,$ Per Ton
2024-07-08,Distillers Grain,Michigan,Dried 10%,Truck,132.4,130.0,137.0,$ Per Ton
2024-07-08,Distillers Grain,Minnesota,Dried 10%,Truck,148.0,130.0,160.0,$ Per Ton
2024-07-08,Distillers Grain,Minnesota,Modified Wet 55-60%,Truck,65.0,65.0,65.0,$ Per Ton
2024-07-08,Distillers Grain,Minnesota,Wet 65-70%,Truck,50.0,50.0,50.0,$ Per Ton
2024-07-08,Distillers Grain,Missouri,Dried 10%,Truck,157.5,155.0,160.0,$ Per Ton
2024-07-08,Distillers Grain,Missouri,Modified Wet 55-60%,Truck,85.0,85.0,85.0,$ Per Ton
2024-07-08,Distillers Grain,Missouri,Wet 65-70%,Truck,44.0,44.0,44.0,$ Per Ton
2024-07-08,Distillers Grain,N/A,Dried 10%,Rail/Barge,162.0,161.0,163.0,$ Per Ton
2024-07-08,Distillers Grain,N/A,Dried 10%,Rail,200.0,200.0,200.0,$ Per Ton
2024-07-08,Distillers Grain,N/A,Dried 10%,Ocean Vessel,216.5,208.0,225.0,$ Per Ton
2024-07-08,Distillers Grain,Nebraska,Modified Wet 55-60%,Truck,66.83,62.0,71.0,$ Per Ton
2024-07-08,Distillers Grain,Nebraska,Dried 10%,Truck,148.0,145.0,150.0,$ Per Ton
2024-07-08,Distillers Grain,Nebraska,Wet 65-70%,Truck,48.5,46.0,51.0,$ Per Ton
2024-07-08,Distillers Grain,Ohio,Dried 10%,Truck,145.5,135.0,160.0,$ Per Ton
2024-07-08,Distillers Grain,South Dakota,Wet 65-70%,Truck,58.0,58.0,58.0,$ Per Ton
2024-07-08,Distillers Grain,South Dakota,Modified Wet 55-60%,Truck,72.67,70.0,74.0,$ Per Ton
2024-07-08,Distillers Grain,South Dakota,Dried 10%,Truck,147.0,130.0,155.0,$ Per Ton
2024-07-08,Distillers Grain,Wisconsin,Wet 65-70%,Truck,39.0,39.0,39.0,$ Per Ton
2024-07-08,Distillers Grain,Wisconsin,Modified Wet 55-60%,Truck,68.0,66.0,70.0,$ Per Ton
2024-07-08,Distillers Grain,Wisconsin,Dried 10%,Truck,152.0,138.0,160.0,$ Per Ton
2024-07-08,Ethanol,Iowa,,Truck,1.8275,1.74,1.92,$ Per Gallon
2024-07-08,Ethanol,Iowa,,Rail,1.78,1.78,1.78,$ Per Gallon
2024-07-08,Ethanol,Kansas,,Truck,1.8033,1.74,1.87,$ Per Gallon
2024-07-08,Ethanol,Minnesota,,Truck,1.805,1.805,1.805,$ Per Gallon
2024-07-08,Ethanol,Nebraska,,Truck,1.808,1.74,1.85,$ Per Gallon
2024-07-08,Ethanol,Nebraska,,Rail,1.8625,1.8,1.925,$ Per Gallon
2024-07-08,Ethanol,South Dakota,,Rail,1.795,1.795,1.795,$ Per Gallon
2024-07-15,Biodiesel,Illinois,B100,Truck,4.28,4.28,4.28,$ Per Gallon
2024-07-15,Distillers Corn Oil,Illinois,,Truck,47.0,45.0,50.0,Cents Per Lb
2024-07-15,Distillers Corn Oil,Indiana,,Truck,43.67,43.0,45.0,Cents Per Lb
2024-07-15,Distillers Corn Oil,Iowa,,Truck,44.0,41.0,48.0,Cents Per Lb
2024-07-15,Distillers Corn Oil,Kansas,,Truck,44.75,44.0,45.0,Cents Per Lb
2024-07-15,Distillers Corn Oil,Michigan,,Truck,44.25,43.0,45.0,Cents Per Lb
2024-07-15,Distillers Corn Oil,Minnesota,,Truck,43.0,39.0,46.0,Cents Per Lb
2024-07-15,Distillers Corn Oil,Missouri,,Truck,48.0,45.0,51.0,Cents Per Lb
2024-07-15,Distillers Corn Oil,Nebraska,,Truck,43.0,41.0,46.0,Cents Per Lb
2024-07-15,Distillers Corn Oil,Ohio,,Truck,42.5,40.0,45.0,Cents Per Lb
2024-07-15,Distillers Corn Oil,South Dakota,,Truck,45.0,41.0,48.0,Cents Per Lb
2024-07-15,Distillers Corn Oil,Wisconsin,,Truck,48.0,48.0,48.0,Cents Per Lb
2024-07-15,Distillers Grain,Illinois,Wet 65-70%,Truck,45.0,45.0,45.0,$ Per Ton
2024-07-15,Distillers Grain,Illinois,Dried 10%,Truck,149.0,148.0,150.0,$ Per Ton
2024-07-15,Distillers Grain,Indiana,Dried 10%,Truck,141.83,125.0,165.0,$ Per Ton
2024-07-15,Distillers Grain,Iowa,Dried 10%,Truck,134.5,110.0,150.0,$ Per Ton
2024-07-15,Distillers Grain,Iowa,Wet 65-70%,Truck,42.0,39.0,45.0,$ Per Ton
2024-07-15,Distillers Grain,Iowa,Modified Wet 55-60%,Truck,69.33,65.0,75.0,$ Per Ton
2024-07-15,Distillers Grain,Kansas,Dried 10%,Truck,187.0,155.0,205.0,$ Per Ton
2024-07-15,Distillers Grain,Kansas,Wet 65-70%,Truck,54.67,35.0,62.0,$ Per Ton
2024-07-15,Distillers Grain,Michigan,Dried 10%,Truck,127.0,115.0,130.0,$ Per Ton
2024-07-15,Distillers Grain,Minnesota,Modified Wet 55-60%,Truck,60.0,60.0,60.0,$ Per Ton
2024-07-15,Distillers Grain,Minnesota,Dried 10%,Truck,143.0,130.0,150.0,$ Per Ton
2024-07-15,Distillers Grain,Minnesota,Wet 65-70%,Truck,50.0,50.0,50.0,$ Per Ton
2024-07-15,Distillers Grain,Missouri,Dried 10%,Truck,155.0,155.0,155.0,$ Per Ton
2024-07-15,Distillers Grain,Missouri,Modified Wet 55-60%,Truck,75.0,75.0,75.0,$ Per Ton
2024-07-15,Distillers Grain,Missouri,Wet 65-70%,Truck,44.0,44.0,44.0,$ Per Ton
2024-07-15,Distillers Grain,N/A,Dried 10%,Rail,200.0,200.0,200.0,$ Per Ton
2024-07-15,Distillers Grain,N/A,Dried 10%,Ocean Vessel,216.5,208.0,225.0,$ Per Ton
2024-07-15,Distillers Grain,N/A,Dried 10%,Rail/Barge,162.0,161.0,163.0,$ Per Ton
2024-07-15,Distillers Grain,Nebraska,Wet 65-70%,Truck,49.0,46.0,52.0,$ Per Ton
2024-07-15,Distillers Grain,Nebraska,Modified Wet 55-60%,Truck,65.14,60.0,70.0,$ Per Ton
2024-07-15,Distillers Grain,Nebraska,Dried 10%,Truck,146.0,140.0,150.0,$ Per Ton
2024-07-15,Distillers Grain,Ohio,Dried 10%,Truck,142.75,130.0,156.0,$ Per Ton
2024-07-15,Distillers Grain,South Dakota,Wet 65-70%,Truck,58.0,58.0,58.0,$ Per Ton
2024-07-15,Distillers Grain,South Dakota,Modified Wet 55-60%,Truck,72.67,70.0,74.0,$ Per Ton
2024-07-15,Distillers Grain,South Dakota,Dried 10%,Truck,147.0,130.0,155.0,$ Per Ton
2024-07-15,Distillers Grain,Wisconsin,Modified Wet 55-60%,Truck,68.0,66.0,70.0,$ Per Ton
2024-07-15,Distillers Grain,Wisconsin,Dried 10%,Truck,150.75,138.0,160.0,$ Per Ton
2024-07-15,Distillers Grain,Wisconsin,Wet 65-70%,Truck,45.0,45.0,45.0,$ Per Ton
2024-07-15,Ethanol,Illinois,,Truck,1.93,1.93,1.93,$ Per Gallon
2024-07-15,Ethanol,Iowa,,Truck,1.7775,1.7,1.84,$ Per Gallon
2024-07-15,Ethanol,Iowa,,Rail,1.8,1.8,1.8,$ Per Gallon
2024-07-15,Ethanol,Kansas,,Truck,1.7767,1.7,1.87,$ Per Gallon
2024-07-15,Ethanol,Minnesota,,Truck,1.805,1.805,1.805,$ Per Gallon
2024-07-15,Ethanol,Nebraska,,Truck,1.784,1.7,1.83,$ Per Gallon
2024-07-15,Ethanol,Nebraska,,Rail,1.87,1.8,1.94,$ Per Gallon
2024-07-15,Ethanol,South Dakota,,Rail,1.795,1.795,1.795,$ Per Gallon
2024-07-22,Biodiesel,Illinois,B100,Truck,4.28,4.28,4.28,$ Per Gallon
2024-07-22,Distillers Corn Oil,Illinois,,Truck,47.67,45.0,52.0,Cents Per Lb
2024-07-22,Distillers Corn Oil,Indiana,,Truck,43.67,43.0,45.0,Cents Per Lb
2024-07-22,Distillers Corn Oil,Iowa,,Truck,46.0,46.0,46.0,Cents Per Lb
2024-07-22,Distillers Corn Oil,Kansas,,Truck,45.25,44.0,48.0,Cents Per Lb
2024-07-22,Distillers Corn Oil,Michigan,,Truck,44.75,43.0,46.0,Cents Per Lb
2024-07-22,Distillers Corn Oil,Minnesota,,Truck,44.0,42.0,46.0,Cents Per Lb
2024-07-22,Distillers Corn Oil,Missouri,,Truck,47.5,45.0,50.0,Cents Per Lb
2024-07-22,Distillers Corn Oil,Nebraska,,Truck,47.25,43.0,50.0,Cents Per Lb
2024-07-22,Distillers Corn Oil,Ohio,,Truck,42.5,40.0,45.0,Cents Per Lb
2024-07-22,Distillers Corn Oil,South Dakota,,Truck,47.0,45.0,49.0,Cents Per Lb
2024-07-22,Distillers Corn Oil,Wisconsin,,Truck,48.0,48.0,48.0,Cents Per Lb
2024-07-22,Distillers Grain,Illinois,Dried 10%,Truck,156.25,150.0,170.0,$ Per Ton
2024-07-22,Distillers Grain,Illinois,Wet 65-70%,Truck,35.0,35.0,35.0,$ Per Ton
2024-07-22,Distillers Grain,Indiana,Dried 10%,Truck,139.5,125.0,160.0,$ Per Ton
2024-07-22,Distillers Grain,Iowa,Dried 10%,Truck,138.64,120.0,185.0,$ Per Ton
2024-07-22,Distillers Grain,Iowa,Wet 65-70%,Truck,48.75,42.0,58.0,$ Per Ton
2024-07-22,Distillers Grain,Iowa,Modified Wet 55-60%,Truck,70.5,60.0,75.0,$ Per Ton
2024-07-22,Distillers Grain,Kansas,Wet 65-70%,Truck,61.0,50.0,72.0,$ Per Ton
2024-07-22,Distillers Grain,Kansas,Dried 10%,Truck,200.0,195.0,205.0,$ Per Ton
2024-07-22,Distillers Grain,Michigan,Dried 10%,Truck,133.0,115.0,160.0,$ Per Ton
2024-07-22,Distillers Grain,Minnesota,Wet 65-70%,Truck,55.0,55.0,55.0,$ Per Ton
2024-07-22,Distillers Grain,Minnesota,Modified Wet 55-60%,Truck,65.0,60.0,70.0,$ Per Ton
2024-07-22,Distillers Grain,Minnesota,Dried 10%,Truck,142.0,130.0,150.0,$ Per Ton
2024-07-22,Distillers Grain,Missouri,Wet 65-70%,Truck,44.0,44.0,44.0,$ Per Ton
2024-07-22,Distillers Grain,Missouri,Modified Wet 55-60%,Truck,80.0,80.0,80.0,$ Per Ton
2024-07-22,Distillers Grain,Missouri,Dried 10%,Truck,155.0,155.0,155.0,$ Per Ton
2024-07-22,Distillers Grain,N/A,Dried 10%,Rail,185.0,185.0,185.0,$ Per Ton
2024-07-22,Distillers Grain,N/A,Dried 10%,Rail/Barge,162.0,161.0,163.0,$ Per Ton
2024-07-22,Distillers Grain,N/A,Dried 10%,Ocean Vessel,180.75,178.0,185.0,$ Per Ton
2024-07-22,Distillers Grain,Nebraska,Wet 65-70%,Truck,49.0,45.0,51.0,$ Per Ton
2024-07-22,Distillers Grain,Nebraska,Modified Wet 55-60%,Truck,67.33,65.0,71.0,$ Per Ton
2024-07-22,Distillers Grain,Nebraska,Dried 10%,Truck,148.33,145.0,160.0,$ Per Ton
2024-07-22,Distillers Grain,Ohio,Dried 10%,Truck,147.8,130.0,160.0,$ Per Ton
2024-07-22,Distillers Grain,South Dakota,Wet 65-70%,Truck,58.0,58.0,58.0,$ Per Ton
2024-07-22,Distillers Grain,South Dakota,Modified Wet 55-60%,Truck,74.67,70.0,77.0,$ Per Ton
2024-07-22,Distillers Grain,South Dakota,Dried 10%,Truck,151.25,150.0,155.0,$ Per Ton
2024-07-22,Distillers Grain,Wisconsin,Wet 65-70%,Truck,45.0,45.0,45.0,$ Per Ton
2024-07-22,Distillers Grain,Wisconsin,Modified Wet 55-60%,Truck,67.0,64.0,70.0,$ Per Ton
2024-07-22,Distillers Grain,Wisconsin,Dried 10%,Truck,151.25,135.0,160.0,$ Per Ton
2024-07-22,Ethanol,Iowa,,Truck,1.7463,1.7,1.78,$ Per Gallon
2024-07-22,Ethanol,Iowa,,Rail,1.7,1.7,1.7,$ Per Gallon
2024-07-22,Ethanol,Kansas,,Truck,1.7667,1.7,1.84,$ Per Gallon
2024-07-22,Ethanol,Minnesota,,Truck,1.7613,1.7613,1.7613,$ Per Gallon
2024-07-22,Ethanol,Nebraska,,Truck,1.7467,1.7,1.78,$ Per Gallon
2024-07-22,Ethanol,Nebraska,,Rail,1.79,1.71,1.87,$ Per Gallon
2024-07-22,Ethanol,South Dakota,,Rail,1.7513,1.7513,1.7513,$ Per Gallon
2024-07-29,Biodiesel,Illinois,B100,Truck,4.28,4.28,4.28,$ Per Gallon
2024-07-29,Distillers Corn Oil,Illinois,,Truck,46.0,45.0,48.0,Cents Per Lb
2024-07-29,Distillers Corn Oil,Indiana,,Truck,43.67,43.0,45.0,Cents Per Lb
2024-07-29,Distillers Corn Oil,Iowa,,Truck,46.0,46.0,46.0,Cents Per Lb
2024-07-29,Distillers Corn Oil,Kansas,,Truck,46.25,44.0,48.0,Cents Per Lb
2024-07-29,Distillers Corn Oil,Michigan,,Truck,44.75,43.0,46.0,Cents Per Lb
2024-07-29,Distillers Corn Oil,Minnesota,,Truck,44.25,43.0,45.0,Cents Per Lb
2024-07-29,Distillers Corn Oil,Missouri,,Truck,45.0,45.0,45.0,Cents Per Lb
2024-07-29,Distillers Corn Oil,Nebraska,,Truck,45.67,43.0,48.0,Cents Per Lb
2024-07-29,Distillers Corn Oil,Ohio,,Truck,43.33,42.0,45.0,Cents Per Lb
2024-07-29,Distillers Corn Oil,South Dakota,,Truck,45.25,44.0,46.0,Cents Per Lb
2024-07-29,Distillers Corn Oil,Wisconsin,,Truck,45.0,45.0,45.0,Cents Per Lb
2024-07-29,Distillers Grain,Illinois,Wet 65-70%,Truck,35.0,35.0,35.0,$ Per Ton
2024-07-29,Distillers Grain,Illinois,Dried 10%,Truck,149.33,148.0,150.0,$ Per Ton
2024-07-29,Distillers Grain,Indiana,Dried 10%,Truck,132.0,120.0,140.0,$ Per Ton
2024-07-29,Distillers Grain,Iowa,Modified Wet 55-60%,Truck,67.75,59.0,75.0,$ Per Ton
2024-07-29,Distillers Grain,Iowa,Dried 10%,Truck,124.38,115.0,135.0,$ Per Ton
2024-07-29,Distillers Grain,Iowa,Wet 65-70%,Truck,46.0,38.0,50.0,$ Per Ton
2024-07-29,Distillers Grain,Kansas,Wet 65-70%,Truck,61.2,52.0,75.0,$ Per Ton
2024-07-29,Distillers Grain,Kansas,Dried 10%,Truck,187.5,170.0,200.0,$ Per Ton
2024-07-29,Distillers Grain,Michigan,Dried 10%,Truck,121.25,110.0,130.0,$ Per Ton
2024-07-29,Distillers Grain,Minnesota,Wet 65-70%,Truck,55.0,55.0,55.0,$ Per Ton
2024-07-29,Distillers Grain,Minnesota,Modified Wet 55-60%,Truck,65.0,60.0,70.0,$ Per Ton
2024-07-29,Distillers Grain,Minnesota,Dried 10%,Truck,136.25,125.0,145.0,$ Per Ton
2024-07-29,Distillers Grain,Missouri,Wet 65-70%,Truck,44.0,44.0,44.0,$ Per Ton
2024-07-29,Distillers Grain,Missouri,Modified Wet 55-60%,Truck,80.0,80.0,80.0,$ Per Ton
2024-07-29,Distillers Grain,Missouri,Dried 10%,Truck,155.0,155.0,155.0,$ Per Ton
2024-07-29,Distillers Grain,N/A,Dried 10%,Rail,185.0,185.0,185.0,$ Per Ton
2024-07-29,Distillers Grain,N/A,Dried 10%,Ocean Vessel,222.5,220.0,225.0,$ Per Ton
2024-07-29,Distillers Grain,N/A,Dried 10%,Rail/Barge,162.0,161.0,163.0,$ Per Ton
2024-07-29,Distillers Grain,Nebraska,Wet 65-70%,Truck,52.5,49.0,63.0,$ Per Ton
2024-07-29,Distillers Grain,Nebraska,Modified Wet 55-60%,Truck,66.33,63.0,70.0,$ Per Ton
2024-07-29,Distillers Grain,Nebraska,Dried 10%,Truck,150.0,145.0,160.0,$ Per Ton
2024-07-29,Distillers Grain,Ohio,Dried 10%,Truck,138.0,130.0,144.0,$ Per Ton
2024-07-29,Distillers Grain,South Dakota,Wet 65-70%,Truck,58.0,58.0,58.0,$ Per Ton
2024-07-29,Distillers Grain,South Dakota,Modified Wet 55-60%,Truck,74.67,70.0,77.0,$ Per Ton
2024-07-29,Distillers Grain,South Dakota,Dried 10%,Truck,145.0,130.0,150.0,$ Per Ton
2024-07-29,Distillers Grain,Wisconsin,Wet 65-70%,Truck,59.0,56.0,62.0,$ Per Ton
2024-07-29,Distillers Grain,Wisconsin,Modified Wet 55-60%,Truck,66.0,62.0,70.0,$ Per Ton
2024-07-29,Distillers Grain,Wisconsin,Dried 10%,Truck,149.0,132.0,160.0,$ Per Ton
2024-07-29,Ethanol,Illinois,,Truck,1.83,1.83,1.83,$ Per Gallon
2024-07-29,Ethanol,Iowa,,Truck,1.6929,1.6,1.78,$ Per Gallon
2024-07-29,Ethanol,Iowa,,Rail,1.62,1.62,1.62,$ Per Gallon
2024-07-29,Ethanol,Kansas,,Truck,1.68,1.6,1.78,$ Per Gallon
2024-07-29,Ethanol,Minnesota,,Truck,1.7175,1.7175,1.7175,$ Per Gallon
2024-07-29,Ethanol,Nebraska,,Truck,1.67,1.6,1.73,$ Per Gallon
2024-07-29,Ethanol,Nebraska,,Rail,1.625,1.62,1.63,$ Per Gallon
2024-07-29,Ethanol,South Dakota,,Rail,1.7075,1.7075,1.7075,$ Per Gallon
2024-08-05,Biodiesel,Illinois,B100,Truck,4.28,4.28,4.28,$ Per Gallon
2024-08-05,Distillers Corn Oil,Illinois,,Truck,44.67,44.0,45.0,Cents Per Lb
2024-08-05,Distillers Corn Oil,Indiana,,Truck,44.0,43.0,45.0,Cents Per Lb
2024-08-05,Distillers Corn Oil,Iowa,,Truck,44.0,44.0,44.0,Cents Per Lb
2024-08-05,Distillers Corn Oil,Kansas,,Truck,47.33,46.0,48.0,Cents Per Lb
2024-08-05,Distillers Corn Oil,Michigan,,Truck,44.5,43.0,46.0,Cents Per Lb
2024-08-05,Distillers Corn Oil,Minnesota,,Truck,44.0,43.0,45.0,Cents Per Lb
2024-08-05,Distillers Corn Oil,Missouri,,Truck,45.0,45.0,45.0,Cents Per Lb
2024-08-05,Distillers Corn Oil,Nebraska,,Truck,44.67,44.0,46.0,Cents Per Lb
2024-08-05,Distillers Corn Oil,Ohio,,Truck,43.33,42.0,45.0,Cents Per Lb
2024-08-05,Distillers Corn Oil,South Dakota,,Truck,43.75,43.0,45.0,Cents Per Lb
2024-08-05,Distillers Corn Oil,Wisconsin,,Truck,45.0,45.0,45.0,Cents Per Lb
2024-08-05,Distillers Grain,Illinois,Wet 65-70%,Truck,56.0,56.0,56.0,$ Per Ton
2024-08-05,Distillers Grain,Illinois,Dried 10%,Truck,150.0,145.0,155.0,$ Per Ton
2024-08-05,Distillers Grain,Indiana,Dried 10%,Truck,129.75,120.0,142.0,$ Per Ton
2024-08-05,Distillers Grain,Iowa,Dried 10%,Truck,125.83,120.0,135.0,$ Per Ton
2024-08-05,Distillers Grain,Iowa,Wet 65-70%,Truck,37.5,35.0,40.0,$ Per Ton
2024-08-05,Distillers Grain,Iowa,Modified Wet 55-60%,Truck,66.33,59.0,75.0,$ Per Ton
2024-08-05,Distillers Grain,Kansas,Dried 10%,Truck,176.67,160.0,185.0,$ Per Ton
2024-08-05,Distillers Grain,Kansas,Wet 65-70%,Truck,59.2,52.0,65.0,$ Per Ton
2024-08-05,Distillers Grain,Michigan,Dried 10%,Truck,122.0,110.0,130.0,$ Per Ton
2024-08-05,Distillers Grain,Minnesota,Dried 10%,Truck,133.75,120.0,145.0,$ Per Ton
2024-08-05,Distillers Grain,Minnesota,Wet 65-70%,Truck,55.0,55.0,55.0,$ Per Ton
2024-08-05,Distillers Grain,Minnesota,Modified Wet 55-60%,Truck,62.5,55.0,70.0,$ Per Ton
2024-08-05,Distillers Grain,Missouri,Dried 10%,Truck,155.0,155.0,155.0,$ Per Ton
2024-08-05,Distillers Grain,Missouri,Modified Wet 55-60%,Truck,75.0,75.0,75.0,$ Per Ton
2024-08-05,Distillers Grain,Missouri,Wet 65-70%,Truck,44.0,44.0,44.0,$ Per Ton
2024-08-05,Distillers Grain,N/A,Dried 10%,Rail,185.0,185.0,185.0,$ Per Ton
2024-08-05,Distillers Grain,N/A,Dried 10%,Ocean Vessel,219.67,217.0,223.0,$ Per Ton
2024-08-05,Distillers Grain,N/A,Dried 10%,Rail/Barge,159.0,157.0,161.0,$ Per Ton
2024-08-05,Distillers Grain,Nebraska,Wet 65-70%,Truck,49.17,45.0,52.0,$ Per Ton
2024-08-05,Distillers Grain,Nebraska,Dried 10%,Truck,147.0,140.0,155.0,$ Per Ton
2024-08-05,Distillers Grain,Nebraska,Modified Wet 55-60%,Truck,65.33,62.0,70.0,$ Per Ton
2024-08-05,Distillers Grain,Ohio,Dried 10%,Truck,139.0,130.0,144.0,$ Per Ton
2024-08-05,Distillers Grain,South Dakota,Wet 65-70%,Truck,58.0,58.0,58.0,$ Per Ton
2024-08-05,Distillers Grain,South Dakota,Modified Wet 55-60%,Truck,68.33,65.0,70.0,$ Per Ton
2024-08-05,Distillers Grain,South Dakota,Dried 10%,Truck,145.0,130.0,150.0,$ Per Ton
2024-08-05,Distillers Grain,Wisconsin,Wet 65-70%,Truck,56.0,56.0,56.0,$ Per Ton
2024-08-05,Distillers Grain,Wisconsin,Modified Wet 55-60%,Truck,66.0,62.0,70.0,$ Per Ton
2024-08-05,Distillers Grain,Wisconsin,Dried 10%,Truck,147.33,132.0,155.0,$ Per Ton
2024-08-05,Ethanol,Illinois,,Truck,1.825,1.82,1.83,$ Per Gallon
2024-08-05,Ethanol,Indiana,,Truck,1.83,1.83,1.83,$ Per Gallon
2024-08-05,Ethanol,Iowa,,Truck,1.694,1.66,1.73,$ Per Gallon
2024-08-05,Ethanol,Iowa,,Rail,1.6467,1.62,1.68,$ Per Gallon
2024-08-05,Ethanol,Kansas,,Truck,1.71,1.66,1.76,$ Per Gallon
2024-08-05,Ethanol,Minnesota,,Truck,1.705,1.69,1.72,$ Per Gallon
2024-08-05,Ethanol,Nebraska,,Truck,1.6833,1.65,1.73,$ Per Gallon
2024-08-05,Ethanol,Nebraska,,Rail,1.685,1.62,1.75,$ Per Gallon
2024-08-05,Ethanol,South Dakota,,Rail,1.71,1.71,1.71,$ Per Gallon
2024-08-12,Biodiesel,Illinois,B100,Truck,4.28,4.28,4.28,$ Per Gallon
2024-08-12,Distillers Corn Oil,Illinois,,Truck,42.5,42.0,43.0,Cents Per Lb
2024-08-12,Distillers Corn Oil,Indiana,,Truck,42.5,42.0,43.0,Cents Per Lb
2024-08-12,Distillers Corn Oil,Iowa,,Truck,42.0,42.0,42.0,Cents Per Lb
2024-08-12,Distillers Corn Oil,Kansas,,Truck,47.33,46.0,48.0,Cents Per Lb
2024-08-12,Distillers Corn Oil,Michigan,,Truck,42.67,42.0,43.0,Cents Per Lb
2024-08-12,Distillers Corn Oil,Minnesota,,Truck,42.4,42.0,43.0,Cents Per Lb
2024-08-12,Distillers Corn Oil,Missouri,,Truck,45.0,45.0,45.0,Cents Per Lb
2024-08-12,Distillers Corn Oil,Nebraska,,Truck,44.25,43.0,45.0,Cents Per Lb
2024-08-12,Distillers Corn Oil,Ohio,,Truck,42.5,42.0,43.0,Cents Per Lb
2024-08-12,Distillers Corn Oil,South Dakota,,Truck,42.67,42.0,43.0,Cents Per Lb
2024-08-12,Distillers Corn Oil,Wisconsin,,Truck,42.0,42.0,42.0,Cents Per Lb
2024-08-12,Distillers Grain,Illinois,Dried 10%,Truck,150.0,145.0,155.0,$ Per Ton
2024-08-12,Distillers Grain,Illinois,Wet 65-70%,Truck,56.0,56.0,56.0,$ Per Ton
2024-08-12,Distillers Grain,Indiana,Dried 10%,Truck,125.0,118.0,130.0,$ Per Ton
2024-08-12,Distillers Grain,Iowa,Modified Wet 55-60%,Truck,62.5,60.0,65.0,$ Per Ton
2024-08-12,Distillers Grain,Iowa,Dried 10%,Truck,124.25,115.0,135.0,$ Per Ton
2024-08-12,Distillers Grain,Iowa,Wet 65-70%,Truck,37.5,35.0,40.0,$ Per Ton
2024-08-12,Distillers Grain,Kansas,Dried 10%,Truck,176.0,160.0,184.0,$ Per Ton
2024-08-12,Distillers Grain,Kansas,Wet 65-70%,Truck,72.33,65.0,76.0,$ Per Ton
2024-08-12,Distillers Grain,Michigan,Dried 10%,Truck,125.0,120.0,130.0,$ Per Ton
2024-08-12,Distillers Grain,Minnesota,Modified Wet 55-60%,Truck,70.0,70.0,70.0,$ Per Ton
2024-08-12,Distillers Grain,Minnesota,Wet 65-70%,Truck,55.0,55.0,55.0,$ Per Ton
2024-08-12,Distillers Grain,Minnesota,Dried 10%,Truck,115.0,115.0,115.0,$ Per Ton
2024-08-12,Distillers Grain,Missouri,Dried 10%,Truck,155.0,155.0,155.0,$ Per Ton
2024-08-12,Distillers Grain,Missouri,Modified Wet 55-60%,Truck,75.0,75.0,75.0,$ Per Ton
2024-08-12,Distillers Grain,Missouri,Wet 65-70%,Truck,43.0,43.0,43.0,$ Per Ton
2024-08-12,Distillers Grain,N/A,Dried 10%,Rail,185.0,185.0,185.0,$ Per Ton
2024-08-12,Distillers Grain,N/A,Dried 10%,Ocean Vessel,213.0,210.0,215.0,$ Per Ton
2024-08-12,Distillers Grain,N/A,Dried 10%,Rail/Barge,155.0,150.0,160.0,$ Per Ton
2024-08-12,Distillers Grain,Nebraska,Wet 65-70%,Truck,49.0,45.0,52.0,$ Per Ton
2024-08-12,Distillers Grain,Nebraska,Modified Wet 55-60%,Truck,65.8,65.0,69.0,$ Per Ton
2024-08-12,Distillers Grain,Nebraska,Dried 10%,Truck,147.0,140.0,160.0,$ Per Ton
2024-08-12,Distillers Grain,Ohio,Dried 10%,Truck,143.5,130.0,160.0,$ Per Ton
2024-08-12,Distillers Grain,South Dakota,Wet 65-70%,Truck,54.0,54.0,54.0,$ Per Ton
2024-08-12,Distillers Grain,South Dakota,Modified Wet 55-60%,Truck,68.33,65.0,70.0,$ Per Ton
2024-08-12,Distillers Grain,South Dakota,Dried 10%,Truck,141.67,125.0,150.0,$ Per Ton
2024-08-12,Distillers Grain,Wisconsin,Modified Wet 55-60%,Truck,65.0,60.0,70.0,$ Per Ton
2024-08-12,Distillers Grain,Wisconsin,Dried 10%,Truck,141.33,129.0,150.0,$ Per Ton
2024-08-12,Distillers Grain,Wisconsin,Wet 65-70%,Truck,56.0,56.0,56.0,$ Per Ton
2024-08-12,Ethanol,Illinois,,Truck,1.805,1.79,1.82,$ Per Gallon
2024-08-12,Ethanol,Illinois,,Rail,1.76,1.76,1.76,$ Per Gallon
2024-08-12,Ethanol,Indiana,,Truck,1.83,1.83,1.83,$ Per Gallon
2024-08-12,Ethanol,Iowa,,Truck,1.6771,1.58,1.78,$ Per Gallon
2024-08-12,Ethanol,Iowa,,Rail,1.615,1.615,1.615,$ Per Gallon
2024-08-12,Ethanol,Kansas,,Truck,1.6467,1.58,1.72,$ Per Gallon
2024-08-12,Ethanol,Minnesota,,Truck,1.67,1.65,1.69,$ Per Gallon
2024-08-12,Ethanol,Nebraska,,Truck,1.6593,1.58,1.73,$ Per Gallon
2024-08-12,Ethanol,Nebraska,,Rail,1.6575,1.6,1.715,$ Per Gallon
2024-08-12,Ethanol,South Dakota,,Rail,1.64,1.64,1.64,$ Per Gallon
2024-08-19,Biodiesel,Illinois,B100,Truck,4.28,4.28,4.28,$ Per Gallon
2024-08-19,Distillers Corn Oil,Illinois,,Truck,43.5,42.0,45.0,Cents Per Lb
2024-08-19,Distillers Corn Oil,Indiana,,Truck,42.67,42.0,44.0,Cents Per Lb
2024-08-19,Distillers Corn Oil,Iowa,,Truck,42.0,42.0,42.0,Cents Per Lb
2024-08-19,Distillers Corn Oil,Kansas,,Truck,44.25,44.0,45.0,Cents Per Lb
2024-08-19,Distillers Corn Oil,Michigan,,Truck,42.75,42.0,44.0,Cents Per Lb
2024-08-19,Distillers Corn Oil,Minnesota,,Truck,42.6,42.0,44.0,Cents Per Lb
2024-08-19,Distillers Corn Oil,Missouri,,Truck,43.33,42.0,44.0,Cents Per Lb
2024-08-19,Distillers Corn Oil,Nebraska,,Truck,43.83,42.0,45.0,Cents Per Lb
2024-08-19,Distillers Corn Oil,Ohio,,Truck,42.67,42.0,44.0,Cents Per Lb
2024-08-19,Distillers Corn Oil,South Dakota,,Truck,42.43,42.0,44.0,Cents Per Lb
2024-08-19,Distillers Corn Oil,Wisconsin,,Truck,42.0,42.0,42.0,Cents Per Lb
2024-08-19,Distillers Grain,Illinois,Wet 65-70%,Truck,30.0,30.0,30.0,$ Per Ton
2024-08-19,Distillers Grain,Illinois,Dried 10%,Truck,143.33,140.0,150.0,$ Per Ton
2024-08-19,Distillers Grain,Indiana,Dried 10%,Truck,128.0,118.0,140.0,$ Per Ton
2024-08-19,Distillers Grain,Iowa,Dried 10%,Truck,123.71,115.0,135.0,$ Per Ton
2024-08-19,Distillers Grain,Iowa,Wet 65-70%,Truck,37.5,35.0,40.0,$ Per Ton
2024-08-19,Distillers Grain,Iowa,Modified Wet 55-60%,Truck,64.5,64.0,65.0,$ Per Ton
2024-08-19,Distillers Grain,Kansas,Dried 10%,Truck,178.33,165.0,185.0,$ Per Ton
2024-08-19,Distillers Grain,Kansas,Wet 65-70%,Truck,55.0,53.0,57.0,$ Per Ton
2024-08-19,Distillers Grain,Michigan,Dried 10%,Truck,122.0,110.0,130.0,$ Per Ton
2024-08-19,Distillers Grain,Minnesota,Dried 10%,Truck,116.67,115.0,120.0,$ Per Ton
2024-08-19,Distillers Grain,Minnesota,Wet 65-70%,Truck,55.0,55.0,55.0,$ Per Ton
2024-08-19,Distillers Grain,Minnesota,Modified Wet 55-60%,Truck,70.0,70.0,70.0,$ Per Ton
2024-08-19,Distillers Grain,Missouri,Dried 10%,Truck,155.0,155.0,155.0,$ Per Ton
2024-08-19,Distillers Grain,Missouri,Modified Wet 55-60%,Truck,75.0,75.0,75.0,$ Per Ton
2024-08-19,Distillers Grain,Missouri,Wet 65-70%,Truck,39.0,39.0,39.0,$ Per Ton
2024-08-19,Distillers Grain,N/A,Dried 10%,Rail/Barge,155.0,150.0,160.0,$ Per Ton
2024-08-19,Distillers Grain,N/A,Dried 10%,Rail,185.0,185.0,185.0,$ Per Ton
2024-08-19,Distillers Grain,N/A,Dried 10%,Ocean Vessel,214.67,214.0,215.0,$ Per Ton
2024-08-19,Distillers Grain,Nebraska,Modified Wet 55-60%,Truck,65.33,60.0,71.0,$ Per Ton
2024-08-19,Distillers Grain,Nebraska,Dried 10%,Truck,148.0,145.0,160.0,$ Per Ton
2024-08-19,Distillers Grain,Nebraska,Wet 65-70%,Truck,49.5,47.0,52.0,$ Per Ton
2024-08-19,Distillers Grain,Ohio,Dried 10%,Truck,138.33,130.0,145.0,$ Per Ton
2024-08-19,Distillers Grain,South Dakota,Wet 65-70%,Truck,54.0,54.0,54.0,$ Per Ton
2024-08-19,Distillers Grain,South Dakota,Modified Wet 55-60%,Truck,71.0,65.0,74.0,$ Per Ton
2024-08-19,Distillers Grain,South Dakota,Dried 10%,Truck,137.67,125.0,144.0,$ Per Ton
2024-08-19,Distillers Grain,Wisconsin,Wet 65-70%,Truck,45.0,45.0,45.0,$ Per Ton
2024-08-19,Distillers Grain,Wisconsin,Modified Wet 55-60%,Truck,65.0,60.0,70.0,$ Per Ton
2024-08-19,Distillers Grain,Wisconsin,Dried 10%,Truck,141.33,129.0,150.0,$ Per Ton
2024-08-19,Ethanol,Illinois,,Truck,1.81,1.8,1.82,$ Per Gallon
2024-08-19,Ethanol,Illinois,,Rail,1.795,1.78,1.81,$ Per Gallon
2024-08-19,Ethanol,Indiana,,Truck,1.82,1.82,1.82,$ Per Gallon
2024-08-19,Ethanol,Iowa,,Truck,1.6892,1.58,1.78,$ Per Gallon
2024-08-19,Ethanol,Iowa,,Rail,1.615,1.615,1.615,$ Per Gallon
2024-08-19,Ethanol,Kansas,,Truck,1.6467,1.58,1.72,$ Per Gallon
2024-08-19,Ethanol,Minnesota,,Truck,1.6673,1.65,1.6845,$ Per Gallon
2024-08-19,Ethanol,Nebraska,,Truck,1.6664,1.58,1.73,$ Per Gallon
2024-08-19,Ethanol,Nebraska,,Rail,1.6575,1.6,1.715,$ Per Gallon
2024-08-19,Ethanol,South Dakota,,Rail,1.6745,1.6745,1.6745,$ Per Gallon
2024-08-19,Ethanol,Wisconsin,,Truck,1.805,1.805,1.805,$ Per Gallon
2024-08-26,Biodiesel,Illinois,B100,Truck,4.28,4.28,4.28,$ Per Gallon
2024-08-26,Distillers Corn Oil,Illinois,,Truck,43.33,42.0,45.0,Cents Per Lb
2024-08-26,Distillers Corn Oil,Indiana,,Truck,42.67,42.0,44.0,Cents Per Lb
2024-08-26,Distillers Corn Oil,Iowa,,Truck,42.0,42.0,42.0,Cents Per Lb
2024-08-26,Distillers Corn Oil,Kansas,,Truck,43.67,41.0,45.0,Cents Per Lb
2024-08-26,Distillers Corn Oil,Michigan,,Truck,42.75,42.0,44.0,Cents Per Lb
2024-08-26,Distillers Corn Oil,Minnesota,,Truck,42.6,42.0,44.0,Cents Per Lb
2024-08-26,Distillers Corn Oil,Missouri,,Truck,43.33,42.0,44.0,Cents Per Lb
2024-08-26,Distillers Corn Oil,Nebraska,,Truck,43.4,42.0,45.0,Cents Per Lb
2024-08-26,Distillers Corn Oil,Ohio,,Truck,42.67,42.0,44.0,Cents Per Lb
2024-08-26,Distillers Corn Oil,South Dakota,,Truck,42.43,42.0,44.0,Cents Per Lb
2024-08-26,Distillers Corn Oil,Wisconsin,,Truck,42.0,42.0,42.0,Cents Per Lb
2024-08-26,Distillers Grain,Illinois,Dried 10%,Truck,143.33,140.0,150.0,$ Per Ton
2024-08-26,Distillers Grain,Illinois,Wet 65-70%,Truck,45.0,45.0,45.0,$ Per Ton
2024-08-26,Distillers Grain,Indiana,Dried 10%,Truck,128.17,118.0,148.0,$ Per Ton
2024-08-26,Distillers Grain,Iowa,Dried 10%,Truck,124.29,115.0,135.0,$ Per Ton
2024-08-26,Distillers Grain,Iowa,Modified Wet 55-60%,Truck,60.5,58.0,63.0,$ Per Ton
2024-08-26,Distillers Grain,Iowa,Wet 65-70%,Truck,35.0,30.0,40.0,$ Per Ton
2024-08-26,Distillers Grain,Kansas,Dried 10%,Truck,180.0,170.0,185.0,$ Per Ton
2024-08-26,Distillers Grain,Kansas,Wet 65-70%,Truck,66.75,62.0,71.0,$ Per Ton
2024-08-26,Distillers Grain,Michigan,Dried 10%,Truck,123.75,120.0,125.0,$ Per Ton
2024-08-26,Distillers Grain,Minnesota,Dried 10%,Truck,118.75,115.0,120.0,$ Per Ton
2024-08-26,Distillers Grain,Minnesota,Modified Wet 55-60%,Truck,70.0,70.0,70.0,$ Per Ton
2024-08-26,Distillers Grain,Minnesota,Wet 65-70%,Truck,55.0,55.0,55.0,$ Per Ton
2024-08-26,Distillers Grain,Missouri,Dried 10%,Truck,155.0,155.0,155.0,$ Per Ton
2024-08-26,Distillers Grain,Missouri,Modified Wet 55-60%,Truck,75.0,75.0,75.0,$ Per Ton
2024-08-26,Distillers Grain,Missouri,Wet 65-70%,Truck,39.0,39.0,39.0,$ Per Ton
2024-08-26,Distillers Grain,N/A,Dried 10%,Rail/Barge,159.5,159.0,160.0,$ Per Ton
2024-08-26,Distillers Grain,N/A,Dried 10%,Rail,190.0,190.0,190.0,$ Per Ton
2024-08-26,Distillers Grain,N/A,Dried 10%,Ocean Vessel,210.5,206.0,215.0,$ Per Ton
2024-08-26,Distillers Grain,Nebraska,Wet 65-70%,Truck,46.83,40.0,50.0,$ Per Ton
2024-08-26,Distillers Grain,Nebraska,Dried 10%,Truck,147.57,140.0,160.0,$ Per Ton
2024-08-26,Distillers Grain,Nebraska,Modified Wet 55-60%,Truck,66.86,65.0,72.0,$ Per Ton
2024-08-26,Distillers Grain,Ohio,Dried 10%,Truck,148.33,140.0,160.0,$ Per Ton
2024-08-26,Distillers Grain,South Dakota,Wet 65-70%,Truck,54.0,54.0,54.0,$ Per Ton
2024-08-26,Distillers Grain,South Dakota,Modified Wet 55-60%,Truck,68.33,65.0,70.0,$ Per Ton
2024-08-26,Distillers Grain,South Dakota,Dried 10%,Truck,131.67,125.0,135.0,$ Per Ton
2024-08-26,Distillers Grain,Wisconsin,Wet 65-70%,Truck,45.0,45.0,45.0,$ Per Ton
2024-08-26,Distillers Grain,Wisconsin,Modified Wet 55-60%,Truck,61.5,58.0,65.0,$ Per Ton
2024-08-26,Distillers Grain,Wisconsin,Dried 10%,Truck,140.0,125.0,150.0,$ Per Ton
2024-08-26,Ethanol,Illinois,,Truck,1.8175,1.8,1.835,$ Per Gallon
2024-08-26,Ethanol,Illinois,,Rail,1.795,1.78,1.81,$ Per Gallon
2024-08-26,Ethanol,Indiana,,Truck,1.82,1.82,1.82,$ Per Gallon
2024-08-26,Ethanol,Iowa,,Truck,1.6949,1.58,1.82,$ Per Gallon
2024-08-26,Ethanol,Iowa,,Rail,1.615,1.615,1.615,$ Per Gallon
2024-08-26,Ethanol,Kansas,,Truck,1.6767,1.58,1.81,$ Per Gallon
2024-08-26,Ethanol,Minnesota,,Truck,1.6673,1.65,1.6845,$ Per Gallon
2024-08-26,Ethanol,Nebraska,,Truck,1.6664,1.58,1.73,$ Per Gallon
2024-08-26,Ethanol,Nebraska,,Rail,1.6575,1.6,1.715,$ Per Gallon
2024-08-26,Ethanol,South Dakota,,Rail,1.6745,1.6745,1.6745,$ Per Gallon
2024-08-26,Ethanol,Wisconsin,,Truck,1.805,1.805,1.805,$ Per Gallon
2024-09-02,Biodiesel,Illinois,B100,Truck,4.28,4.28,4.28,$ Per Gallon
2024-09-02,Distillers Corn Oil,Illinois,,Truck,43.67,42.0,45.0,Cents Per Lb
2024-09-02,Distillers Corn Oil,Indiana,,Truck,41.6,41.0,42.0,Cents Per Lb
2024-09-02,Distillers Corn Oil,Iowa,,Truck,42.0,42.0,42.0,Cents Per Lb
2024-09-02,Distillers Corn Oil,Kansas,,Truck,43.67,41.0,45.0,Cents Per Lb
2024-09-02,Distillers Corn Oil,Michigan,,Truck,42.5,42.0,44.0,Cents Per Lb
2024-09-02,Distillers Corn Oil,Minnesota,,Truck,42.33,41.0,44.0,Cents Per Lb
2024-09-02,Distillers Corn Oil,Missouri,,Truck,43.33,42.0,44.0,Cents Per Lb
2024-09-02,Distillers Corn Oil,Nebraska,,Truck,43.29,42.0,45.0,Cents Per Lb
2024-09-02,Distillers Corn Oil,Ohio,,Truck,42.67,42.0,44.0,Cents Per Lb
2024-09-02,Distillers Corn Oil,South Dakota,,Truck,42.0,41.0,44.0,Cents Per Lb
2024-09-02,Distillers Corn Oil,Wisconsin,,Truck,43.0,42.0,44.0,Cents Per Lb
2024-09-02,Distillers Grain,Illinois,Dried 10%,Truck,147.33,142.0,150.0,$ Per Ton
2024-09-02,Distillers Grain,Illinois,Wet 65-70%,Truck,45.0,45.0,45.0,$ Per Ton
2024-09-02,Distillers Grain,Indiana,Dried 10%,Truck,127.17,118.0,140.0,$ Per Ton
2024-09-02,Distillers Grain,Iowa,Modified Wet 55-60%,Truck,61.5,60.0,63.0,$ Per Ton
2024-09-02,Distillers Grain,Iowa,Dried 10%,Truck,124.63,120.0,135.0,$ Per Ton
2024-09-02,Distillers Grain,Iowa,Wet 65-70%,Truck,35.0,30.0,40.0,$ Per Ton
2024-09-02,Distillers Grain,Kansas,Dried 10%,Truck,181.67,175.0,185.0,$ Per Ton
2024-09-02,Distillers Grain,Kansas,Wet 65-70%,Truck,65.8,55.0,71.0,$ Per Ton
2024-09-02,Distillers Grain,Michigan,Dried 10%,Truck,120.4,110.0,125.0,$ Per Ton
2024-09-02,Distillers Grain,Minnesota,Dried 10%,Truck,118.75,115.0,120.0,$ Per Ton
2024-09-02,Distillers Grain,Minnesota,Wet 65-70%,Truck,55.0,55.0,55.0,$ Per Ton
2024-09-02,Distillers Grain,Minnesota,Modified Wet 55-60%,Truck,70.0,70.0,70.0,$ Per Ton
2024-09-02,Distillers Grain,Missouri,Dried 10%,Truck,152.0,149.0,155.0,$ Per Ton
2024-09-02,Distillers Grain,Missouri,Modified Wet 55-60%,Truck,75.0,75.0,75.0,$ Per Ton
2024-09-02,Distillers Grain,Missouri,Wet 65-70%,Truck,39.0,39.0,39.0,$ Per Ton
2024-09-02,Distillers Grain,N/A,Dried 10%,Rail/Barge,159.5,159.0,160.0,$ Per Ton
2024-09-02,Distillers Grain,N/A,Dried 10%,Rail,190.0,190.0,190.0,$ Per Ton
2024-09-02,Distillers Grain,N/A,Dried 10%,Ocean Vessel,211.75,206.0,217.0,$ Per Ton
2024-09-02,Distillers Grain,Nebraska,Wet 65-70%,Truck,48.8,45.0,50.0,$ Per Ton
2024-09-02,Distillers Grain,Nebraska,Modified Wet 55-60%,Truck,66.17,60.0,72.0,$ Per Ton
2024-09-02,Distillers Grain,Nebraska,Dried 10%,Truck,148.71,145.0,160.0,$ Per Ton
2024-09-02,Distillers Grain,Ohio,Dried 10%,Truck,138.33,130.0,145.0,$ Per Ton
2024-09-02,Distillers Grain,South Dakota,Wet 65-70%,Truck,54.0,54.0,54.0,$ Per Ton
2024-09-02,Distillers Grain,South Dakota,Modified Wet 55-60%,Truck,71.0,65.0,74.0,$ Per Ton
2024-09-02,Distillers Grain,South Dakota,Dried 10%,Truck,137.67,125.0,144.0,$ Per Ton
2024-09-02,Distillers Grain,Wisconsin,Modified Wet 55-60%,Truck,61.5,58.0,65.0,$ Per Ton
2024-09-02,Distillers Grain,Wisconsin,Dried 10%,Truck,140.0,125.0,150.0,$ Per Ton
2024-09-02,Distillers Grain,Wisconsin,Wet 65-70%,Truck,45.0,45.0,45.0,$ Per Ton
2024-09-02,Ethanol,Illinois,,Truck,1.845,1.83,1.86,$ Per Gallon
2024-09-02,Ethanol,Illinois,,Rail,1.795,1.78,1.81,$ Per Gallon
2024-09-02,Ethanol,Indiana,,Truck,1.84,1.84,1.84,$ Per Gallon
2024-09-02,Ethanol,Iowa,,Truck,1.7575,1.73,1.82,$ Per Gallon
2024-09-02,Ethanol,Iowa,,Rail,1.76,1.76,1.76,$ Per Gallon
2024-09-02,Ethanol,Kansas,,Truck,1.82,1.82,1.82,$ Per Gallon
2024-09-02,Ethanol,Minnesota,,Truck,1.7388,1.72,1.7575,$ Per Gallon
2024-09-02,Ethanol,Nebraska,,Truck,1.756,1.73,1.8,$ Per Gallon
2024-09-02,Ethanol,Nebraska,,Rail,1.795,1.77,1.82,$ Per Gallon
2024-09-02,Ethanol,South Dakota,,Rail,1.7475,1.7475,1.7475,$ Per Gallon
2024-09-02,Ethanol,Wisconsin,,Truck,1.805,1.805,1.805,$ Per Gallon
2024-09-09,Biodiesel,Illinois,B100,Truck,4.22,4.22,4.22,$ Per Gallon
2024-09-09,Distillers Corn Oil,Illinois,,Truck,42.25,41.0,44.0,Cents Per Lb
2024-09-09,Distillers Corn Oil,Indiana,,Truck,41.67,41.0,42.0,Cents Per Lb
2024-09-09,Distillers Corn Oil,Iowa,,Truck,41.0,41.0,41.0,Cents Per Lb
2024-09-09,Distillers Corn Oil,Kansas,,Truck,42.0,41.0,43.0,Cents Per Lb
2024-09-09,Distillers Corn Oil,Michigan,,Truck,41.67,41.0,42.0,Cents Per Lb
2024-09-09,Distillers Corn Oil,Minnesota,,Truck,42.0,41.0,43.0,Cents Per Lb
2024-09-09,Distillers Corn Oil,Missouri,,Truck,43.33,42.0,44.0,Cents Per Lb
2024-09-09,Distillers Corn Oil,Nebraska,,Truck,43.25,43.0,44.0,Cents Per Lb
2024-09-09,Distillers Corn Oil,Ohio,,Truck,42.0,42.0,42.0,Cents Per Lb
2024-09-09,Distillers Corn Oil,South Dakota,,Truck,42.0,41.0,43.0,Cents Per Lb
2024-09-09,Distillers Corn Oil,Wisconsin,,Truck,42.5,42.0,43.0,Cents Per Lb
2024-09-09,Distillers Grain,Illinois,Dried 10%,Truck,147.33,145.0,150.0,$ Per Ton
2024-09-09,Distillers Grain,Illinois,Wet 65-70%,Truck,45.0,45.0,45.0,$ Per Ton
2024-09-09,Distillers Grain,Indiana,Dried 10%,Truck,129.29,119.0,144.0,$ Per Ton
2024-09-09,Distillers Grain,Iowa,Dried 10%,Truck,125.0,120.0,130.0,$ Per Ton
2024-09-09,Distillers Grain,Iowa,Modified Wet 55-60%,Truck,62.5,60.0,65.0,$ Per Ton
2024-09-09,Distillers Grain,Iowa,Wet 65-70%,Truck,44.67,38.0,56.0,$ Per Ton
2024-09-09,Distillers Grain,Kansas,Dried 10%,Truck,178.33,175.0,180.0,$ Per Ton
2024-09-09,Distillers Grain,Kansas,Wet 65-70%,Truck,70.0,62.0,74.0,$ Per Ton
2024-09-09,Distillers Grain,Michigan,Dried 10%,Truck,121.8,115.0,125.0,$ Per Ton
2024-09-09,Distillers Grain,Minnesota,Wet 65-70%,Truck,55.0,55.0,55.0,$ Per Ton
2024-09-09,Distillers Grain,Minnesota,Dried 10%,Truck,122.5,120.0,125.0,$ Per Ton
2024-09-09,Distillers Grain,Missouri,Dried 10%,Truck,151.0,149.0,153.0,$ Per Ton
2024-09-09,Distillers Grain,Missouri,Modified Wet 55-60%,Truck,75.0,75.0,75.0,$ Per Ton
2024-09-09,Distillers Grain,Missouri,Wet 65-70%,Truck,39.0,39.0,39.0,$ Per Ton
2024-09-09,Distillers Grain,N/A,Dried 10%,Rail,195.0,195.0,195.0,$ Per Ton
2024-09-09,Distillers Grain,N/A,Dried 10%,Ocean Vessel,212.0,210.0,216.0,$ Per Ton
2024-09-09,Distillers Grain,N/A,Dried 10%,Rail/Barge,159.5,159.0,160.0,$ Per Ton
2024-09-09,Distillers Grain,Nebraska,Wet 65-70%,Truck,52.67,45.0,60.0,$ Per Ton
2024-09-09,Distillers Grain,Nebraska,Modified Wet 55-60%,Truck,66.17,60.0,77.0,$ Per Ton
2024-09-09,Distillers Grain,Nebraska,Dried 10%,Truck,149.86,145.0,160.0,$ Per Ton
2024-09-09,Distillers Grain,Ohio,Dried 10%,Truck,142.5,130.0,155.0,$ Per Ton
2024-09-09,Distillers Grain,South Dakota,Wet 65-70%,Truck,54.0,54.0,54.0,$ Per Ton
2024-09-09,Distillers Grain,South Dakota,Modified Wet 55-60%,Truck,71.0,65.0,74.0,$ Per Ton
2024-09-09,Distillers Grain,South Dakota,Dried 10%,Truck,139.33,130.0,144.0,$ Per Ton
2024-09-09,Distillers Grain,Wisconsin,Wet 65-70%,Truck,35.0,35.0,35.0,$ Per Ton
2024-09-09,Distillers Grain,Wisconsin,Modified Wet 55-60%,Truck,61.5,58.0,65.0,$ Per Ton
2024-09-09,Distillers Grain,Wisconsin,Dried 10%,Truck,136.67,125.0,145.0,$ Per Ton
2024-09-09,Ethanol,Illinois,,Truck,1.815,1.8,1.83,$ Per Gallon
2024-09-09,Ethanol,Illinois,,Rail,1.78,1.78,1.78,$ Per Gallon
2024-09-09,Ethanol,Indiana,,Truck,1.84,1.84,1.84,$ Per Gallon
2024-09-09,Ethanol,Iowa,,Truck,1.7034,1.627,1.75,$ Per Gallon
2024-09-09,Ethanol,Iowa,,Rail,1.68,1.66,1.7,$ Per Gallon
2024-09-09,Ethanol,Kansas,,Truck,1.71,1.71,1.71,$ Per Gallon
2024-09-09,Ethanol,Minnesota,,Truck,1.6735,1.627,1.72,$ Per Gallon
2024-09-09,Ethanol,Nebraska,,Truck,1.716,1.67,1.75,$ Per Gallon
2024-09-09,Ethanol,Nebraska,,Rail,1.67,1.67,1.67,$ Per Gallon
2024-09-09,Ethanol,South Dakota,,Rail,1.617,1.617,1.617,$ Per Gallon
2024-09-09,Ethanol,Wisconsin,,Truck,1.805,1.805,1.805,$ Per Gallon
2024-09-16,Biodiesel,Illinois,B100,Truck,4.22,4.22,4.22,$ Per Gallon
2024-09-16,Distillers Corn Oil,Illinois,,Truck,42.5,41.0,45.0,Cents Per Lb
2024-09-16,Distillers Corn Oil,Indiana,,Truck,41.67,41.0,42.0,Cents Per Lb
2024-09-16,Distillers Corn Oil,Iowa,,Truck,41.0,41.0,41.0,Cents Per Lb
2024-09-16,Distillers Corn Oil,Kansas,,Truck,42.0,41.0,43.0,Cents Per Lb
2024-09-16,Distillers Corn Oil,Michigan,,Truck,41.5,41.0,42.0,Cents Per Lb
2024-09-16,Distillers Corn Oil,Minnesota,,Truck,42.0,41.0,43.0,Cents Per Lb
2024-09-16,Distillers Corn Oil,Missouri,,Truck,43.33,42.0,44.0,Cents Per Lb
2024-09-16,Distillers Corn Oil,Nebraska,,Truck,42.4,40.0,44.0,Cents Per Lb
2024-09-16,Distillers Corn Oil,Ohio,,Truck,42.0,42.0,42.0,Cents Per Lb
2024-09-16,Distillers Corn Oil,South Dakota,,Truck,41.17,41.0,42.0,Cents Per Lb
2024-09-16,Distillers Corn Oil,Wisconsin,,Truck,41.5,41.0,42.0,Cents Per Lb
2024-09-16,Distillers Grain,Illinois,Dried 10%,Truck,146.67,145.0,150.0,$ Per Ton
2024-09-16,Distillers Grain,Illinois,Wet 65-70%,Truck,45.0,45.0,45.0,$ Per Ton
2024-09-16,Distillers Grain,Indiana,Dried 10%,Truck,129.29,119.0,144.0,$ Per Ton
2024-09-16,Distillers Grain,Iowa,Dried 10%,Truck,126.5,123.0,130.0,$ Per Ton
2024-09-16,Distillers Grain,Iowa,Modified Wet 55-60%,Truck,62.5,60.0,65.0,$ Per Ton
2024-09-16,Distillers Grain,Iowa,Wet 65-70%,Truck,43.67,35.0,56.0,$ Per Ton
2024-09-16,Distillers Grain,Kansas,Dried 10%,Truck,173.75,160.0,180.0,$ Per Ton
2024-09-16,Distillers Grain,Kansas,Wet 65-70%,Truck,68.2,58.0,74.0,$ Per Ton
2024-09-16,Distillers Grain,Michigan,Dried 10%,Truck,122.4,115.0,125.0,$ Per Ton
2024-09-16,Distillers Grain,Minnesota,Dried 10%,Truck,127.0,120.0,145.0,$ Per Ton
2024-09-16,Distillers Grain,Minnesota,Wet 65-70%,Truck,55.0,55.0,55.0,$ Per Ton
2024-09-16,Distillers Grain,Missouri,Dried 10%,Truck,154.0,153.0,155.0,$ Per Ton
2024-09-16,Distillers Grain,Missouri,Modified Wet 55-60%,Truck,75.0,75.0,75.0,$ Per Ton
2024-09-16,Distillers Grain,Missouri,Wet 65-70%,Truck,40.0,40.0,40.0,$ Per Ton
2024-09-16,Distillers Grain,N/A,Dried 10%,Rail,190.0,190.0,190.0,$ Per Ton
2024-09-16,Distillers Grain,N/A,Dried 10%,Ocean Vessel,210.67,210.0,212.0,$ Per Ton
2024-09-16,Distillers Grain,N/A,Dried 10%,Rail/Barge,159.5,159.0,160.0,$ Per Ton
2024-09-16,Distillers Grain,Nebraska,Wet 65-70%,Truck,54.17,50.0,64.0,$ Per Ton
2024-09-16,Distillers Grain,Nebraska,Modified Wet 55-60%,Truck,67.67,63.0,77.0,$ Per Ton
2024-09-16,Distillers Grain,Nebraska,Dried 10%,Truck,150.86,140.0,160.0,$ Per Ton
2024-09-16,Distillers Grain,Ohio,Dried 10%,Truck,141.25,130.0,150.0,$ Per Ton
2024-09-16,Distillers Grain,South Dakota,Wet 65-70%,Truck,54.0,54.0,54.0,$ Per Ton
2024-09-16,Distillers Grain,South Dakota,Modified Wet 55-60%,Truck,71.0,65.0,74.0,$ Per Ton
2024-09-16,Distillers Grain,South Dakota,Dried 10%,Truck,141.0,135.0,144.0,$ Per Ton
2024-09-16,Distillers Grain,Wisconsin,Wet 65-70%,Truck,45.0,45.0,45.0,$ Per Ton
2024-09-16,Distillers Grain,Wisconsin,Modified Wet 55-60%,Truck,61.5,58.0,65.0,$ Per Ton
2024-09-16,Distillers Grain,Wisconsin,Dried 10%,Truck,140.0,125.0,150.0,$ Per Ton
2024-09-16,Ethanol,Illinois,,Truck,1.815,1.8,1.83,$ Per Gallon
2024-09-16,Ethanol,Illinois,,Rail,1.78,1.78,1.78,$ Per Gallon
2024-09-16,Ethanol,Indiana,,Truck,1.84,1.84,1.84,$ Per Gallon
2024-09-16,Ethanol,Iowa,,Truck,1.6933,1.6,1.75,$ Per Gallon
2024-09-16,Ethanol,Iowa,,Rail,1.68,1.66,1.7,$ Per Gallon
2024-09-16,Ethanol,Kansas,,Truck,1.71,1.71,1.71,$ Per Gallon
2024-09-16,Ethanol,Minnesota,,Truck,1.66,1.6,1.72,$ Per Gallon
2024-09-16,Ethanol,Nebraska,,Truck,1.728,1.67,1.76,$ Per Gallon
2024-09-16,Ethanol,Nebraska,,Rail,1.67,1.67,1.67,$ Per Gallon
2024-09-16,Ethanol,South Dakota,,Rail,1.59,1.59,1.59,$ Per Gallon
2024-09-16,Ethanol,Wisconsin,,Truck,1.805,1.805,1.805,$ Per Gallon
2024-09-23,Biodiesel,Illinois,B100,Truck,4.22,4.22,4.22,$ Per Gallon
2024-09-23,Distillers Corn Oil,Illinois,,Truck,43.25,42.0,46.0,Cents Per Lb
2024-09-23,Distillers Corn Oil,Indiana,,Truck,42.33,42.0,43.0,Cents Per Lb
2024-09-23,Distillers Corn Oil,Iowa,,Truck,42.5,42.0,43.0,Cents Per Lb
2024-09-23,Distillers Corn Oil,Kansas,,Truck,43.0,41.0,44.0,Cents Per Lb
2024-09-23,Distillers Corn Oil,Michigan,,Truck,42.25,41.0,43.0,Cents Per Lb
2024-09-23,Distillers Corn Oil,Minnesota,,Truck,42.5,42.0,43.0,Cents Per Lb
2024-09-23,Distillers Corn Oil,Missouri,,Truck,43.33,42.0,44.0,Cents Per Lb
2024-09-23,Distillers Corn Oil,Nebraska,,Truck,42.4,42.0,43.0,Cents Per Lb
2024-09-23,Distillers Corn Oil,Ohio,,Truck,42.0,42.0,42.0,Cents Per Lb
2024-09-23,Distillers Corn Oil,South Dakota,,Truck,41.4,41.0,42.0,Cents Per Lb
2024-09-23,Distillers Corn Oil,Wisconsin,,Truck,41.5,41.0,42.0,Cents Per Lb
2024-09-23,Distillers Grain,Illinois,Wet 65-70%,Truck,45.0,45.0,45.0,$ Per Ton
2024-09-23,Distillers Grain,Illinois,Dried 10%,Truck,149.0,145.0,152.0,$ Per Ton
2024-09-23,Distillers Grain,Indiana,Dried 10%,Truck,127.67,119.0,140.0,$ Per Ton
2024-09-23,Distillers Grain,Iowa,Wet 65-70%,Truck,40.0,35.0,45.0,$ Per Ton
2024-09-23,Distillers Grain,Iowa,Modified Wet 55-60%,Truck,66.0,63.0,70.0,$ Per Ton
2024-09-23,Distillers Grain,Iowa,Dried 10%,Truck,130.0,125.0,135.0,$ Per Ton
2024-09-23,Distillers Grain,Kansas,Wet 65-70%,Truck,66.67,58.0,74.0,$ Per Ton
2024-09-23,Distillers Grain,Kansas,Dried 10%,Truck,173.75,160.0,180.0,$ Per Ton
2024-09-23,Distillers Grain,Michigan,Dried 10%,Truck,124.4,120.0,130.0,$ Per Ton
2024-09-23,Distillers Grain,Minnesota,Modified Wet 55-60%,Truck,60.0,60.0,60.0,$ Per Ton
2024-09-23,Distillers Grain,Minnesota,Dried 10%,Truck,136.67,130.0,145.0,$ Per Ton
2024-09-23,Distillers Grain,Minnesota,Wet 65-70%,Truck,55.0,55.0,55.0,$ Per Ton
2024-09-23,Distillers Grain,Missouri,Wet 65-70%,Truck,41.0,41.0,41.0,$ Per Ton
2024-09-23,Distillers Grain,Missouri,Modified Wet 55-60%,Truck,75.0,75.0,75.0,$ Per Ton
2024-09-23,Distillers Grain,Missouri,Dried 10%,Truck,154.0,153.0,155.0,$ Per Ton
2024-09-23,Distillers Grain,N/A,Dried 10%,Rail,190.0,190.0,190.0,$ Per Ton
2024-09-23,Distillers Grain,N/A,Dried 10%,Rail/Barge,159.5,159.0,160.0,$ Per Ton
2024-09-23,Distillers Grain,N/A,Dried 10%,Ocean Vessel,211.67,210.0,215.0,$ Per Ton
2024-09-23,Distillers Grain,Nebraska,Dried 10%,Truck,156.43,147.0,165.0,$ Per Ton
2024-09-23,Distillers Grain,Nebraska,Modified Wet 55-60%,Truck,67.88,60.0,78.0,$ Per Ton
2024-09-23,Distillers Grain,Nebraska,Wet 65-70%,Truck,50.75,48.0,55.0,$ Per Ton
2024-09-23,Distillers Grain,Ohio,Dried 10%,Truck,138.33,130.0,145.0,$ Per Ton
2024-09-23,Distillers Grain,South Dakota,Wet 65-70%,Truck,54.0,54.0,54.0,$ Per Ton
2024-09-23,Distillers Grain,South Dakota,Modified Wet 55-60%,Truck,71.0,65.0,74.0,$ Per Ton
2024-09-23,Distillers Grain,South Dakota,Dried 10%,Truck,142.67,140.0,144.0,$ Per Ton
2024-09-23,Distillers Grain,Wisconsin,Dried 10%,Truck,140.0,125.0,150.0,$ Per Ton
2024-09-23,Distillers Grain,Wisconsin,Modified Wet 55-60%,Truck,65.0,65.0,65.0,$ Per Ton
2024-09-23,Distillers Grain,Wisconsin,Wet 65-70%,Truck,53.5,49.0,58.0,$ Per Ton
2024-09-23,Ethanol,Illinois,,Truck,1.665,1.6,1.73,$ Per Gallon
2024-09-23,Ethanol,Illinois,,Rail,1.62,1.62,1.62,$ Per Gallon
2024-09-23,Ethanol,Indiana,,Truck,1.74,1.74,1.74,$ Per Gallon
2024-09-23,Ethanol,Iowa,,Truck,1.5761,1.46,1.67,$ Per Gallon
2024-09-23,Ethanol,Iowa,,Rail,1.58,1.56,1.6,$ Per Gallon
2024-09-23,Ethanol,Kansas,,Truck,1.5033,1.46,1.55,$ Per Gallon
2024-09-23,Ethanol,Minnesota,,Truck,1.5643,1.5085,1.62,$ Per Gallon
2024-09-23,Ethanol,Nebraska,,Truck,1.5829,1.46,1.66,$ Per Gallon
2024-09-23,Ethanol,Nebraska,,Rail,1.57,1.57,1.57,$ Per Gallon
2024-09-23,Ethanol,South Dakota,,Rail,1.4985,1.4985,1.4985,$ Per Gallon
2024-09-23,Ethanol,Wisconsin,,Truck,1.7,1.7,1.7,$ Per Gallon
2024-09-30,Distillers Corn Oil,Illinois,,Truck,42.75,42.0,44.0,Cents Per Lb
2024-09-30,Distillers Corn Oil,Indiana,,Truck,42.33,42.0,43.0,Cents Per Lb
2024-09-30,Distillers Corn Oil,Iowa,,Truck,43.0,43.0,43.0,Cents Per Lb
2024-09-30,Distillers Corn Oil,Kansas,,Truck,43.67,41.0,45.0,Cents Per Lb
2024-09-30,Distillers Corn Oil,Michigan,,Truck,42.67,42.0,43.0,Cents Per Lb
2024-09-30,Distillers Corn Oil,Minnesota,,Truck,42.67,42.0,43.0,Cents Per Lb
2024-09-30,Distillers Corn Oil,Missouri,,Truck,43.33,42.0,44.0,Cents Per Lb
2024-09-30,Distillers Corn Oil,Nebraska,,Truck,43.4,42.0,45.0,Cents Per Lb
2024-09-30,Distillers Corn Oil,Ohio,,Truck,42.0,42.0,42.0,Cents Per Lb
2024-09-30,Distillers Corn Oil,South Dakota,,Truck,42.33,42.0,43.0,Cents Per Lb
2024-09-30,Distillers Corn Oil,Wisconsin,,Truck,42.5,42.0,43.0,Cents Per Lb
2024-09-30,Distillers Grain,Illinois,Wet 65-70%,Truck,55.0,55.0,55.0,$ Per Ton
2024-09-30,Distillers Grain,Illinois,Dried 10%,Truck,156.25,145.0,170.0,$ Per Ton
2024-09-30,Distillers Grain,Indiana,Dried 10%,Truck,137.5,125.0,150.0,$ Per Ton
2024-09-30,Distillers Grain,Iowa,Dried 10%,Truck,140.7,120.0,162.0,$ Per Ton
2024-09-30,Distillers Grain,Iowa,Modified Wet 55-60%,Truck,69.0,63.0,75.0,$ Per Ton
2024-09-30,Distillers Grain,Iowa,Wet 65-70%,Truck,44.67,35.0,54.0,$ Per Ton
2024-09-30,Distillers Grain,Kansas,Dried 10%,Truck,180.33,175.0,183.0,$ Per Ton
2024-09-30,Distillers Grain,Kansas,Wet 65-70%,Truck,69.5,68.0,70.0,$ Per Ton
2024-09-30,Distillers Grain,Michigan,Dried 10%,Truck,126.0,120.0,130.0,$ Per Ton
2024-09-30,Distillers Grain,Minnesota,Dried 10%,Truck,135.0,130.0,140.0,$ Per Ton
2024-09-30,Distillers Grain,Minnesota,Wet 65-70%,Truck,45.0,45.0,45.0,$ Per Ton
2024-09-30,Distillers Grain,Minnesota,Modified Wet 55-60%,Truck,60.0,60.0,60.0,$ Per Ton
2024-09-30,Distillers Grain,Missouri,Dried 10%,Truck,154.0,153.0,155.0,$ Per Ton
2024-09-30,Distillers Grain,Missouri,Modified Wet 55-60%,Truck,75.0,75.0,75.0,$ Per Ton
2024-09-30,Distillers Grain,Missouri,Wet 65-70%,Truck,43.0,43.0,43.0,$ Per Ton
2024-09-30,Distillers Grain,N/A,Dried 10%,Rail/Barge,161.5,160.0,163.0,$ Per Ton
2024-09-30,Distillers Grain,N/A,Dried 10%,Rail,200.0,200.0,200.0,$ Per Ton
2024-09-30,Distillers Grain,N/A,Dried 10%,Ocean Vessel,214.0,212.0,215.0,$ Per Ton
2024-09-30,Distillers Grain,Nebraska,Wet 65-70%,Truck,52.0,50.0,56.0,$ Per Ton
2024-09-30,Distillers Grain,Nebraska,Modified Wet 55-60%,Truck,69.13,60.0,80.0,$ Per Ton
2024-09-30,Distillers Grain,Nebraska,Dried 10%,Truck,161.67,155.0,165.0,$ Per Ton
2024-09-30,Distillers Grain,Ohio,Dried 10%,Truck,140.0,130.0,145.0,$ Per Ton
2024-09-30,Distillers Grain,South Dakota,Wet 65-70%,Truck,54.0,54.0,54.0,$ Per Ton
2024-09-30,Distillers Grain,South Dakota,Modified Wet 55-60%,Truck,68.33,65.0,70.0,$ Per Ton
2024-09-30,Distillers Grain,South Dakota,Dried 10%,Truck,142.67,140.0,144.0,$ Per Ton
2024-09-30,Distillers Grain,Wisconsin,Wet 65-70%,Truck,49.0,49.0,49.0,$ Per Ton
2024-09-30,Distillers Grain,Wisconsin,Modified Wet 55-60%,Truck,62.5,60.0,65.0,$ Per Ton
2024-09-30,Distillers Grain,Wisconsin,Dried 10%,Truck,141.67,130.0,150.0,$ Per Ton
2024-09-30,Ethanol,Illinois,,Truck,1.6848,1.6395,1.73,$ Per Gallon
2024-09-30,Ethanol,Illinois,,Rail,1.62,1.62,1.62,$ Per Gallon
2024-09-30,Ethanol,Indiana,,Truck,1.74,1.74,1.74,$ Per Gallon
2024-09-30,Ethanol,Iowa,,Truck,1.5996,1.5,1.67,$ Per Gallon
2024-09-30,Ethanol,Iowa,,Rail,1.58,1.56,1.6,$ Per Gallon
2024-09-30,Ethanol,Kansas,,Truck,1.555,1.5,1.61,$ Per Gallon
2024-09-30,Ethanol,Minnesota,,Truck,1.5888,1.5575,1.62,$ Per Gallon
2024-09-30,Ethanol,Nebraska,,Truck,1.6033,1.5,1.66,$ Per Gallon
2024-09-30,Ethanol,Nebraska,,Rail,1.57,1.57,1.57,$ Per Gallon
2024-09-30,Ethanol,South Dakota,,Rail,1.5475,1.5475,1.5475,$ Per Gallon
2024-09-30,Ethanol,Wisconsin,,Truck,1.665,1.665,1.665,$ Per Gallon
2024-10-07,Distillers Corn Oil,Illinois,,Truck,43.0,42.0,44.0,Cents Per Lb
2024-10-07,Distillers Corn Oil,Indiana,,Truck,42.5,42.0,43.0,Cents Per Lb
2024-10-07,Distillers Corn Oil,Iowa,,Truck,43.0,43.0,43.0,Cents Per Lb
2024-10-07,Distillers Corn Oil,Kansas,,Truck,43.0,41.0,44.0,Cents Per Lb
2024-10-07,Distillers Corn Oil,Michigan,,Truck,43.0,43.0,43.0,Cents Per Lb
2024-10-07,Distillers Corn Oil,Minnesota,,Truck,42.67,42.0,43.0,Cents Per Lb
2024-10-07,Distillers Corn Oil,Missouri,,Truck,43.33,42.0,44.0,Cents Per Lb
2024-10-07,Distillers Corn Oil,Nebraska,,Truck,43.5,43.0,45.0,Cents Per Lb
2024-10-07,Distillers Corn Oil,Ohio,,Truck,42.0,42.0,42.0,Cents Per Lb
2024-10-07,Distillers Corn Oil,South Dakota,,Truck,42.2,42.0,43.0,Cents Per Lb
2024-10-07,Distillers Corn Oil,Wisconsin,,Truck,42.0,42.0,42.0,Cents Per Lb
2024-10-07,Distillers Grain,Illinois,Wet 65-70%,Truck,50.0,50.0,50.0,$ Per Ton
2024-10-07,Distillers Grain,Illinois,Dried 10%,Truck,157.5,145.0,175.0,$ Per Ton
2024-10-07,Distillers Grain,Indiana,Dried 10%,Truck,122.5,120.0,125.0,$ Per Ton
2024-10-07,Distillers Grain,Iowa,Dried 10%,Truck,137.56,120.0,150.0,$ Per Ton
2024-10-07,Distillers Grain,Iowa,Wet 65-70%,Truck,46.0,40.0,52.0,$ Per Ton
2024-10-07,Distillers Grain,Iowa,Modified Wet 55-60%,Truck,67.5,63.0,72.0,$ Per Ton
2024-10-07,Distillers Grain,Kansas,Wet 65-70%,Truck,68.25,65.0,70.0,$ Per Ton
2024-10-07,Distillers Grain,Kansas,Dried 10%,Truck,176.5,165.0,183.0,$ Per Ton
2024-10-07,Distillers Grain,Michigan,Dried 10%,Truck,126.0,120.0,130.0,$ Per Ton
2024-10-07,Distillers Grain,Minnesota,Wet 65-70%,Truck,45.0,45.0,45.0,$ Per Ton
2024-10-07,Distillers Grain,Minnesota,Modified Wet 55-60%,Truck,60.0,60.0,60.0,$ Per Ton
2024-10-07,Distillers Grain,Minnesota,Dried 10%,Truck,138.33,135.0,140.0,$ Per Ton
2024-10-07,Distillers Grain,Missouri,Wet 65-70%,Truck,43.0,43.0,43.0,$ Per Ton
2024-10-07,Distillers Grain,Missouri,Modified Wet 55-60%,Truck,75.0,75.0,75.0,$ Per Ton
2024-10-07,Distillers Grain,Missouri,Dried 10%,Truck,154.0,153.0,155.0,$ Per Ton
2024-10-07,Distillers Grain,N/A,Dried 10%,Rail,205.0,205.0,205.0,$ Per Ton
2024-10-07,Distillers Grain,N/A,Dried 10%,Ocean Vessel,185.75,179.0,190.0,$ Per Ton
2024-10-07,Distillers Grain,N/A,Dried 10%,Rail/Barge,160.0,160.0,160.0,$ Per Ton
2024-10-07,Distillers Grain,Nebraska,Wet 65-70%,Truck,52.6,46.0,58.0,$ Per Ton
2024-10-07,Distillers Grain,Nebraska,Modified Wet 55-60%,Truck,72.0,64.0,78.0,$ Per Ton
2024-10-07,Distillers Grain,Nebraska,Dried 10%,Truck,162.83,155.0,170.0,$ Per Ton
2024-10-07,Distillers Grain,Ohio,Dried 10%,Truck,146.67,145.0,150.0,$ Per Ton
2024-10-07,Distillers Grain,South Dakota,Wet 65-70%,Truck,54.0,54.0,54.0,$ Per Ton
2024-10-07,Distillers Grain,South Dakota,Modified Wet 55-60%,Truck,71.0,65.0,74.0,$ Per Ton
2024-10-07,Distillers Grain,South Dakota,Dried 10%,Truck,144.33,144.0,145.0,$ Per Ton
2024-10-07,Distillers Grain,Wisconsin,Dried 10%,Truck,141.67,130.0,150.0,$ Per Ton
2024-10-07,Distillers Grain,Wisconsin,Modified Wet 55-60%,Truck,62.5,60.0,65.0,$ Per Ton
2024-10-07,Ethanol,Illinois,,Truck,1.61,1.61,1.61,$ Per Gallon
2024-10-07,Ethanol,Iowa,,Truck,1.4784,1.45,1.5,$ Per Gallon
2024-10-07,Ethanol,Kansas,,Truck,1.52,1.5,1.54,$ Per Gallon
2024-10-07,Ethanol,Minnesota,,Truck,1.4853,1.4853,1.4853,$ Per Gallon
2024-10-07,Ethanol,Nebraska,,Truck,1.5,1.5,1.5,$ Per Gallon
2024-10-07,Ethanol,South Dakota,,Rail,1.4753,1.4753,1.4753,$ Per Gallon
2024-10-14,Distillers Corn Oil,Illinois,,Truck,43.67,42.0,46.0,Cents Per Lb
2024-10-14,Distillers Corn Oil,Indiana,,Truck,42.5,42.0,43.0,Cents Per Lb
2024-10-14,Distillers Corn Oil,Iowa,,Truck,43.0,43.0,43.0,Cents Per Lb
2024-10-14,Distillers Corn Oil,Kansas,,Truck,43.0,41.0,44.0,Cents Per Lb
2024-10-14,Distillers Corn Oil,Michigan,,Truck,42.33,42.0,43.0,Cents Per Lb
2024-10-14,Distillers Corn Oil,Minnesota,,Truck,42.67,42.0,43.0,Cents Per Lb
2024-10-14,Distillers Corn Oil,Missouri,,Truck,43.0,42.0,44.0,Cents Per Lb
2024-10-14,Distillers Corn Oil,Nebraska,,Truck,43.75,42.0,45.0,Cents Per Lb
2024-10-14,Distillers Corn Oil,Ohio,,Truck,42.0,42.0,42.0,Cents Per Lb
2024-10-14,Distillers Corn Oil,South Dakota,,Truck,42.6,42.0,43.0,Cents Per Lb
2024-10-14,Distillers Corn Oil,Wisconsin,,Truck,42.0,42.0,42.0,Cents Per Lb
2024-10-14,Distillers Grain,Illinois,Wet 65-70%,Truck,56.0,56.0,56.0,$ Per Ton
2024-10-14,Distillers Grain,Illinois,Dried 10%,Truck,156.25,145.0,170.0,$ Per Ton
2024-10-14,Distillers Grain,Indiana,Dried 10%,Truck,133.75,120.0,150.0,$ Per Ton
2024-10-14,Distillers Grain,Iowa,Dried 10%,Truck,144.13,130.0,165.0,$ Per Ton
2024-10-14,Distillers Grain,Iowa,Modified Wet 55-60%,Truck,70.0,70.0,70.0,$ Per Ton
2024-10-14,Distillers Grain,Iowa,Wet 65-70%,Truck,42.33,35.0,52.0,$ Per Ton
2024-10-14,Distillers Grain,Kansas,Dried 10%,Truck,180.25,175.0,183.0,$ Per Ton
2024-10-14,Distillers Grain,Kansas,Wet 65-70%,Truck,67.0,60.0,70.0,$ Per Ton
2024-10-14,Distillers Grain,Michigan,Dried 10%,Truck,127.5,120.0,130.0,$ Per Ton
2024-10-14,Distillers Grain,Minnesota,Dried 10%,Truck,138.33,135.0,140.0,$ Per Ton
2024-10-14,Distillers Grain,Minnesota,Modified Wet 55-60%,Truck,60.0,60.0,60.0,$ Per Ton
2024-10-14,Distillers Grain,Minnesota,Wet 65-70%,Truck,45.0,45.0,45.0,$ Per Ton
2024-10-14,Distillers Grain,Missouri,Modified Wet 55-60%,Truck,75.0,75.0,75.0,$ Per Ton
2024-10-14,Distillers Grain,Missouri,Wet 65-70%,Truck,43.0,43.0,43.0,$ Per Ton
2024-10-14,Distillers Grain,Missouri,Dried 10%,Truck,154.0,153.0,155.0,$ Per Ton
2024-10-14,Distillers Grain,N/A,Dried 10%,Rail,205.0,205.0,205.0,$ Per Ton
2024-10-14,Distillers Grain,N/A,Dried 10%,Ocean Vessel,186.0,180.0,190.0,$ Per Ton
2024-10-14,Distillers Grain,N/A,Dried 10%,Rail/Barge,160.0,160.0,160.0,$ Per Ton
2024-10-14,Distillers Grain,Nebraska,Wet 65-70%,Truck,51.6,43.0,60.0,$ Per Ton
2024-10-14,Distillers Grain,Nebraska,Modified Wet 55-60%,Truck,71.2,65.0,78.0,$ Per Ton
2024-10-14,Distillers Grain,Nebraska,Dried 10%,Truck,165.4,155.0,175.0,$ Per Ton
2024-10-14,Distillers Grain,Ohio,Dried 10%,Truck,138.33,130.0,145.0,$ Per Ton
2024-10-14,Distillers Grain,South Dakota,Wet 65-70%,Truck,54.0,54.0,54.0,$ Per Ton
2024-10-14,Distillers Grain,South Dakota,Modified Wet 55-60%,Truck,70.25,65.0,74.0,$ Per Ton
2024-10-14,Distillers Grain,South Dakota,Dried 10%,Truck,141.2,135.0,145.0,$ Per Ton
2024-10-14,Distillers Grain,Wisconsin,Modified Wet 55-60%,Truck,62.5,60.0,65.0,$ Per Ton
2024-10-14,Distillers Grain,Wisconsin,Dried 10%,Truck,138.33,130.0,145.0,$ Per Ton
2024-10-14,Distillers Grain,Wisconsin,Wet 65-70%,Truck,56.0,56.0,56.0,$ Per Ton
2024-10-14,Ethanol,Illinois,,Truck,1.53,1.53,1.53,$ Per Gallon
2024-10-14,Ethanol,Iowa,,Truck,1.4462,1.3885,1.5,$ Per Gallon
2024-10-14,Ethanol,Kansas,,Truck,1.48,1.46,1.5,$ Per Gallon
2024-10-14,Ethanol,Minnesota,,Truck,1.3985,1.3985,1.3985,$ Per Gallon
2024-10-14,Ethanol,Nebraska,,Truck,1.5,1.5,1.5,$ Per Gallon
2024-10-14,Ethanol,South Dakota,,Rail,1.3985,1.3985,1.3985,$ Per Gallon
2024-10-21,Distillers Corn Oil,Illinois,,Truck,43.75,42.0,46.0,Cents Per Lb
2024-10-21,Distillers Corn Oil,Indiana,,Truck,43.0,42.0,44.0,Cents Per Lb
2024-10-21,Distillers Corn Oil,Iowa,,Truck,43.8,43.0,45.0,Cents Per Lb
2024-10-21,Distillers Corn Oil,Kansas,,Truck,44.33,41.0,46.0,Cents Per Lb
2024-10-21,Distillers Corn Oil,Michigan,,Truck,43.0,42.0,44.0,Cents Per Lb
2024-10-21,Distillers Corn Oil,Minnesota,,Truck,43.0,42.0,44.0,Cents Per Lb
2024-10-21,Distillers Corn Oil,Missouri,,Truck,43.0,42.0,44.0,Cents Per Lb
2024-10-21,Distillers Corn Oil,Nebraska,,Truck,44.25,43.0,45.0,Cents Per Lb
2024-10-21,Distillers Corn Oil,Ohio,,Truck,42.0,42.0,42.0,Cents Per Lb
2024-10-21,Distillers Corn Oil,South Dakota,,Truck,42.4,42.0,43.0,Cents Per Lb
2024-10-21,Distillers Corn Oil,Wisconsin,,Truck,42.5,42.0,43.0,Cents Per Lb
2024-10-21,Distillers Grain,Illinois,Dried 10%,Truck,158.75,148.0,177.0,$ Per Ton
2024-10-21,Distillers Grain,Illinois,Wet 65-70%,Truck,56.0,56.0,56.0,$ Per Ton
2024-10-21,Distillers Grain,Indiana,Dried 10%,Truck,130.0,125.0,140.0,$ Per Ton
2024-10-21,Distillers Grain,Iowa,Dried 10%,Truck,135.0,135.0,135.0,$ Per Ton
2024-10-21,Distillers Grain,Iowa,Modified Wet 55-60%,Truck,65.0,65.0,65.0,$ Per Ton
2024-10-21,Distillers Grain,Iowa,Wet 65-70%,Truck,40.0,35.0,45.0,$ Per Ton
2024-10-21,Distillers Grain,Kansas,Wet 65-70%,Truck,67.75,60.0,73.0,$ Per Ton
2024-10-21,Distillers Grain,Kansas,Dried 10%,Truck,175.0,165.0,180.0,$ Per Ton
2024-10-21,Distillers Grain,Michigan,Dried 10%,Truck,130.0,120.0,135.0,$ Per Ton
2024-10-21,Distillers Grain,Minnesota,Dried 10%,Truck,138.33,135.0,140.0,$ Per Ton
2024-10-21,Distillers Grain,Minnesota,Modified Wet 55-60%,Truck,60.0,60.0,60.0,$ Per Ton
2024-10-21,Distillers Grain,Minnesota,Wet 65-70%,Truck,45.0,45.0,45.0,$ Per Ton
2024-10-21,Distillers Grain,Missouri,Dried 10%,Truck,154.0,153.0,155.0,$ Per Ton
2024-10-21,Distillers Grain,Missouri,Wet 65-70%,Truck,44.0,44.0,44.0,$ Per Ton
2024-10-21,Distillers Grain,Missouri,Modified Wet 55-60%,Truck,75.0,75.0,75.0,$ Per Ton
2024-10-21,Distillers Grain,N/A,Dried 10%,Rail,205.0,205.0,205.0,$ Per Ton
2024-10-21,Distillers Grain,N/A,Dried 10%,Ocean Vessel,209.0,206.0,212.0,$ Per Ton
2024-10-21,Distillers Grain,N/A,Dried 10%,Rail/Barge,160.0,160.0,160.0,$ Per Ton
2024-10-21,Distillers Grain,Nebraska,Wet 65-70%,Truck,51.43,41.0,60.0,$ Per Ton
2024-10-21,Distillers Grain,Nebraska,Modified Wet 55-60%,Truck,79.0,75.0,82.0,$ Per Ton
2024-10-21,Distillers Grain,Nebraska,Dried 10%,Truck,163.0,155.0,170.0,$ Per Ton
2024-10-21,Distillers Grain,Ohio,Dried 10%,Truck,138.33,130.0,145.0,$ Per Ton
2024-10-21,Distillers Grain,South Dakota,Wet 65-70%,Truck,54.0,54.0,54.0,$ Per Ton
2024-10-21,Distillers Grain,South Dakota,Modified Wet 55-60%,Truck,70.25,65.0,74.0,$ Per Ton
2024-10-21,Distillers Grain,South Dakota,Dried 10%,Truck,141.2,135.0,145.0,$ Per Ton
2024-10-21,Distillers Grain,Wisconsin,Wet 65-70%,Truck,53.0,53.0,53.0,$ Per Ton
2024-10-21,Distillers Grain,Wisconsin,Modified Wet 55-60%,Truck,62.5,60.0,65.0,$ Per Ton
2024-10-21,Distillers Grain,Wisconsin,Dried 10%,Truck,138.33,130.0,145.0,$ Per Ton
2024-10-21,Ethanol,Illinois,,Truck,1.56,1.56,1.56,$ Per Gallon
2024-10-21,Ethanol,Iowa,,Truck,1.47,1.44,1.5,$ Per Gallon
2024-10-21,Ethanol,Kansas,,Truck,1.505,1.5,1.51,$ Per Gallon
2024-10-21,Ethanol,Nebraska,,Truck,1.5,1.5,1.5,$ Per Gallon
2024-10-28,Biodiesel,Illinois,B100,Truck,4.09,4.09,4.09,$ Per Gallon
2024-10-28,Distillers Corn Oil,Illinois,,Truck,44.25,42.0,48.0,Cents Per Lb
2024-10-28,Distillers Corn Oil,Indiana,,Truck,43.0,42.0,44.0,Cents Per Lb
2024-10-28,Distillers Corn Oil,Iowa,,Truck,43.6,42.0,45.0,Cents Per Lb
2024-10-28,Distillers Corn Oil,Kansas,,Truck,44.33,41.0,46.0,Cents Per Lb
2024-10-28,Distillers Corn Oil,Michigan,,Truck,43.0,42.0,44.0,Cents Per Lb
2024-10-28,Distillers Corn Oil,Minnesota,,Truck,43.0,42.0,44.0,Cents Per Lb
2024-10-28,Distillers Corn Oil,Missouri,,Truck,43.0,42.0,44.0,Cents Per Lb
2024-10-28,Distillers Corn Oil,Nebraska,,Truck,45.0,45.0,45.0,Cents Per Lb
2024-10-28,Distillers Corn Oil,Ohio,,Truck,42.0,42.0,42.0,Cents Per Lb
2024-10-28,Distillers Corn Oil,South Dakota,,Truck,42.33,42.0,43.0,Cents Per Lb
2024-10-28,Distillers Corn Oil,Wisconsin,,Truck,42.5,42.0,43.0,Cents Per Lb
2024-10-28,Distillers Grain,Illinois,Wet 65-70%,Truck,56.0,56.0,56.0,$ Per Ton
2024-10-28,Distillers Grain,Illinois,Dried 10%,Truck,159.25,150.0,175.0,$ Per Ton
2024-10-28,Distillers Grain,Indiana,Dried 10%,Truck,132.5,125.0,145.0,$ Per Ton
2024-10-28,Distillers Grain,Iowa,Dried 10%,Truck,138.13,125.0,155.0,$ Per Ton
2024-10-28,Distillers Grain,Iowa,Modified Wet 55-60%,Truck,67.5,65.0,70.0,$ Per Ton
2024-10-28,Distillers Grain,Iowa,Wet 65-70%,Truck,38.5,35.0,42.0,$ Per Ton
2024-10-28,Distillers Grain,Kansas,Dried 10%,Truck,181.67,175.0,185.0,$ Per Ton
2024-10-28,Distillers Grain,Kansas,Wet 65-70%,Truck,71.0,65.0,74.0,$ Per Ton
2024-10-28,Distillers Grain,Michigan,Dried 10%,Truck,131.25,120.0,135.0,$ Per Ton
2024-10-28,Distillers Grain,Minnesota,Dried 10%,Truck,138.33,135.0,140.0,$ Per Ton
2024-10-28,Distillers Grain,Minnesota,Wet 65-70%,Truck,45.0,45.0,45.0,$ Per Ton
2024-10-28,Distillers Grain,Minnesota,Modified Wet 55-60%,Truck,60.0,60.0,60.0,$ Per Ton
2024-10-28,Distillers Grain,Missouri,Wet 65-70%,Truck,44.0,44.0,44.0,$ Per Ton
2024-10-28,Distillers Grain,Missouri,Dried 10%,Truck,156.5,153.0,160.0,$ Per Ton
2024-10-28,Distillers Grain,Missouri,Modified Wet 55-60%,Truck,75.0,75.0,75.0,$ Per Ton
2024-10-28,Distillers Grain,N/A,Dried 10%,Rail,205.0,205.0,205.0,$ Per Ton
2024-10-28,Distillers Grain,N/A,Dried 10%,Ocean Vessel,222.0,222.0,222.0,$ Per Ton
2024-10-28,Distillers Grain,N/A,Dried 10%,Rail/Barge,160.0,160.0,160.0,$ Per Ton
2024-10-28,Distillers Grain,Nebraska,Wet 65-70%,Truck,48.8,43.0,57.0,$ Per Ton
2024-10-28,Distillers Grain,Nebraska,Dried 10%,Truck,163.75,155.0,170.0,$ Per Ton
2024-10-28,Distillers Grain,Nebraska,Modified Wet 55-60%,Truck,75.75,65.0,82.0,$ Per Ton
2024-10-28,Distillers Grain,Ohio,Dried 10%,Truck,138.33,130.0,145.0,$ Per Ton
2024-10-28,Distillers Grain,South Dakota,Wet 65-70%,Truck,54.0,54.0,54.0,$ Per Ton
2024-10-28,Distillers Grain,South Dakota,Modified Wet 55-60%,Truck,76.0,74.0,80.0,$ Per Ton
2024-10-28,Distillers Grain,South Dakota,Dried 10%,Truck,145.75,144.0,150.0,$ Per Ton
2024-10-28,Distillers Grain,Wisconsin,Modified Wet 55-60%,Truck,60.0,60.0,60.0,$ Per Ton
2024-10-28,Distillers Grain,Wisconsin,Dried 10%,Truck,138.33,130.0,145.0,$ Per Ton
2024-10-28,Distillers Grain,Wisconsin,Wet 65-70%,Truck,53.0,53.0,53.0,$ Per Ton
2024-10-28,Ethanol,Illinois,,Truck,1.56,1.56,1.56,$ Per Gallon
2024-10-28,Ethanol,Iowa,,Truck,1.4309,1.3,1.56,$ Per Gallon
2024-10-28,Ethanol,Iowa,,Rail,1.4225,1.395,1.45,$ Per Gallon
2024-10-28,Ethanol,Kansas,,Truck,1.3833,1.3,1.49,$ Per Gallon
2024-10-28,Ethanol,Minnesota,,Truck,1.4343,1.4343,1.4343,$ Per Gallon
2024-10-28,Ethanol,Nebraska,,Truck,1.38,1.3,1.48,$ Per Gallon
2024-10-28,Ethanol,South Dakota,,Rail,1.4213,1.4213,1.4213,$ Per Gallon
2024-11-04,Biodiesel,Illinois,B100,Truck,4.09,4.09,4.09,$ Per Gallon
2024-11-04,Distillers Corn Oil,Illinois,,Truck,45.67,44.0,48.0,Cents Per Lb
2024-11-04,Distillers Corn Oil,Indiana,,Truck,43.67,42.0,45.0,Cents Per Lb
2024-11-04,Distillers Corn Oil,Iowa,,Truck,44.67,43.0,46.0,Cents Per Lb
2024-11-04,Distillers Corn Oil,Kansas,,Truck,44.67,42.0,46.0,Cents Per Lb
2024-11-04,Distillers Corn Oil,Michigan,,Truck,44.5,44.0,45.0,Cents Per Lb
2024-11-04,Distillers Corn Oil,Minnesota,,Truck,43.5,42.0,45.0,Cents Per Lb
2024-11-04,Distillers Corn Oil,Missouri,,Truck,43.5,43.0,44.0,Cents Per Lb
2024-11-04,Distillers Corn Oil,Nebraska,,Truck,44.8,44.0,45.0,Cents Per Lb
2024-11-04,Distillers Corn Oil,Ohio,,Truck,42.0,42.0,42.0,Cents Per Lb
2024-11-04,Distillers Corn Oil,South Dakota,,Truck,43.6,43.0,44.0,Cents Per Lb
2024-11-04,Distillers Corn Oil,Wisconsin,,Truck,42.5,42.0,43.0,Cents Per Lb
2024-11-04,Distillers Grain,Illinois,Wet 65-70%,Truck,56.0,56.0,56.0,$ Per Ton
2024-11-04,Distillers Grain,Illinois,Dried 10%,Truck,161.0,152.0,180.0,$ Per Ton
2024-11-04,Distillers Grain,Indiana,Dried 10%,Truck,140.67,135.0,145.0,$ Per Ton
2024-11-04,Distillers Grain,Iowa,Dried 10%,Truck,141.75,130.0,155.0,$ Per Ton
2024-11-04,Distillers Grain,Iowa,Wet 65-70%,Truck,46.0,42.0,53.0,$ Per Ton
2024-11-04,Distillers Grain,Iowa,Modified Wet 55-60%,Truck,70.0,65.0,75.0,$ Per Ton
2024-11-04,Distillers Grain,Kansas,Wet 65-70%,Truck,69.5,60.0,74.0,$ Per Ton
2024-11-04,Distillers Grain,Kansas,Dried 10%,Truck,177.5,165.0,185.0,$ Per Ton
2024-11-04,Distillers Grain,Michigan,Dried 10%,Truck,134.25,130.0,137.0,$ Per Ton
2024-11-04,Distillers Grain,Minnesota,Dried 10%,Truck,138.33,135.0,140.0,$ Per Ton
2024-11-04,Distillers Grain,Minnesota,Modified Wet 55-60%,Truck,60.0,60.0,60.0,$ Per Ton
2024-11-04,Distillers Grain,Minnesota,Wet 65-70%,Truck,45.0,45.0,45.0,$ Per Ton
2024-11-04,Distillers Grain,Missouri,Dried 10%,Truck,156.5,153.0,160.0,$ Per Ton
2024-11-04,Distillers Grain,Missouri,Modified Wet 55-60%,Truck,75.0,75.0,75.0,$ Per Ton
2024-11-04,Distillers Grain,Missouri,Wet 65-70%,Truck,45.0,45.0,45.0,$ Per Ton
2024-11-04,Distillers Grain,N/A,Dried 10%,Rail,205.0,205.0,205.0,$ Per Ton
2024-11-04,Distillers Grain,N/A,Dried 10%,Ocean Vessel,224.0,224.0,224.0,$ Per Ton
2024-11-04,Distillers Grain,N/A,Dried 10%,Rail/Barge,160.0,160.0,160.0,$ Per Ton
2024-11-04,Distillers Grain,Nebraska,Modified Wet 55-60%,Truck,77.25,70.0,82.0,$ Per Ton
2024-11-04,Distillers Grain,Nebraska,Dried 10%,Truck,164.0,155.0,175.0,$ Per Ton
2024-11-04,Distillers Grain,Nebraska,Wet 65-70%,Truck,50.8,43.0,68.0,$ Per Ton
2024-11-04,Distillers Grain,Ohio,Dried 10%,Truck,140.0,130.0,145.0,$ Per Ton
2024-11-04,Distillers Grain,South Dakota,Wet 65-70%,Truck,54.0,54.0,54.0,$ Per Ton
2024-11-04,Distillers Grain,South Dakota,Modified Wet 55-60%,Truck,77.67,74.0,85.0,$ Per Ton
2024-11-04,Distillers Grain,South Dakota,Dried 10%,Truck,145.75,144.0,150.0,$ Per Ton
2024-11-04,Distillers Grain,Wisconsin,Wet 65-70%,Truck,53.0,53.0,53.0,$ Per Ton
2024-11-04,Distillers Grain,Wisconsin,Modified Wet 55-60%,Truck,65.0,65.0,65.0,$ Per Ton
2024-11-04,Distillers Grain,Wisconsin,Dried 10%,Truck,140.0,135.0,145.0,$ Per Ton
2024-11-04,Ethanol,Illinois,,Truck,1.62,1.62,1.62,$ Per Gallon
2024-11-04,Ethanol,Iowa,,Truck,1.4309,1.3,1.56,$ Per Gallon
2024-11-04,Ethanol,Iowa,,Rail,1.4225,1.395,1.45,$ Per Gallon
2024-11-04,Ethanol,Kansas,,Truck,1.4067,1.3,1.56,$ Per Gallon
2024-11-04,Ethanol,Minnesota,,Truck,1.4343,1.4343,1.4343,$ Per Gallon
2024-11-04,Ethanol,Nebraska,,Truck,1.38,1.3,1.48,$ Per Gallon
2024-11-04,Ethanol,South Dakota,,Rail,1.4213,1.4213,1.4213,$ Per Gallon
2024-11-11,Biodiesel,Illinois,B100,Truck,4.09,4.09,4.09,$ Per Gallon
2024-11-11,Distillers Corn Oil,Illinois,,Truck,45.0,43.0,48.0,Cents Per Lb
2024-11-11,Distillers Corn Oil,Indiana,,Truck,44.5,44.0,45.0,Cents Per Lb
2024-11-11,Distillers Corn Oil,Iowa,,Truck,44.86,44.0,46.0,Cents Per Lb
2024-11-11,Distillers Corn Oil,Kansas,,Truck,44.33,42.0,46.0,Cents Per Lb
2024-11-11,Distillers Corn Oil,Michigan,,Truck,44.67,44.0,45.0,Cents Per Lb
2024-11-11,Distillers Corn Oil,Minnesota,,Truck,44.5,44.0,45.0,Cents Per Lb
2024-11-11,Distillers Corn Oil,Missouri,,Truck,43.5,43.0,44.0,Cents Per Lb
2024-11-11,Distillers Corn Oil,Nebraska,,Truck,46.5,45.0,50.0,Cents Per Lb
2024-11-11,Distillers Corn Oil,Ohio,,Truck,42.0,42.0,42.0,Cents Per Lb
2024-11-11,Distillers Corn Oil,South Dakota,,Truck,45.5,44.0,46.0,Cents Per Lb
2024-11-11,Distillers Corn Oil,Wisconsin,,Truck,44.0,43.0,45.0,Cents Per Lb
2024-11-11,Distillers Grain,Illinois,Dried 10%,Truck,160.75,152.0,175.0,$ Per Ton
2024-11-11,Distillers Grain,Illinois,Wet 65-70%,Truck,56.0,56.0,56.0,$ Per Ton
2024-11-11,Distillers Grain,Indiana,Dried 10%,Truck,143.0,140.0,147.0,$ Per Ton
2024-11-11,Distillers Grain,Iowa,Dried 10%,Truck,143.0,130.0,154.0,$ Per Ton
2024-11-11,Distillers Grain,Iowa,Wet 65-70%,Truck,40.0,35.0,45.0,$ Per Ton
2024-11-11,Distillers Grain,Iowa,Modified Wet 55-60%,Truck,73.0,73.0,73.0,$ Per Ton
2024-11-11,Distillers Grain,Kansas,Wet 65-70%,Truck,68.8,60.0,74.0,$ Per Ton
2024-11-11,Distillers Grain,Kansas,Dried 10%,Truck,181.25,165.0,190.0,$ Per Ton
2024-11-11,Distillers Grain,Michigan,Dried 10%,Truck,135.5,130.0,140.0,$ Per Ton
2024-11-11,Distillers Grain,Minnesota,Dried 10%,Truck,138.33,135.0,140.0,$ Per Ton
2024-11-11,Distillers Grain,Minnesota,Modified Wet 55-60%,Truck,60.0,60.0,60.0,$ Per Ton
2024-11-11,Distillers Grain,Minnesota,Wet 65-70%,Truck,45.0,45.0,45.0,$ Per Ton
2024-11-11,Distillers Grain,Missouri,Dried 10%,Truck,157.5,153.0,162.0,$ Per Ton
2024-11-11,Distillers Grain,Missouri,Modified Wet 55-60%,Truck,75.0,75.0,75.0,$ Per Ton
2024-11-11,Distillers Grain,Missouri,Wet 65-70%,Truck,47.0,47.0,47.0,$ Per Ton
2024-11-11,Distillers Grain,N/A,Dried 10%,Rail,210.0,210.0,210.0,$ Per Ton
2024-11-11,Distillers Grain,N/A,Dried 10%,Ocean Vessel,224.0,224.0,224.0,$ Per Ton
2024-11-11,Distillers Grain,N/A,Dried 10%,Rail/Barge,160.0,160.0,160.0,$ Per Ton
2024-11-11,Distillers Grain,Nebraska,Wet 65-70%,Truck,57.0,48.0,65.0,$ Per Ton
2024-11-11,Distillers Grain,Nebraska,Modified Wet 55-60%,Truck,80.33,75.0,84.0,$ Per Ton
2024-11-11,Distillers Grain,Nebraska,Dried 10%,Truck,163.0,155.0,170.0,$ Per Ton
2024-11-11,Distillers Grain,Ohio,Dried 10%,Truck,140.0,130.0,145.0,$ Per Ton
2024-11-11,Distillers Grain,South Dakota,Wet 65-70%,Truck,54.0,54.0,54.0,$ Per Ton
2024-11-11,Distillers Grain,South Dakota,Modified Wet 55-60%,Truck,76.0,74.0,80.0,$ Per Ton
2024-11-11,Distillers Grain,South Dakota,Dried 10%,Truck,145.75,144.0,150.0,$ Per Ton
2024-11-11,Distillers Grain,Wisconsin,Modified Wet 55-60%,Truck,63.0,63.0,63.0,$ Per Ton
2024-11-11,Distillers Grain,Wisconsin,Dried 10%,Truck,140.0,130.0,155.0,$ Per Ton
2024-11-11,Distillers Grain,Wisconsin,Wet 65-70%,Truck,56.0,56.0,56.0,$ Per Ton
2024-11-11,Ethanol,Illinois,,Truck,1.61,1.61,1.61,$ Per Gallon
2024-11-11,Ethanol,Illinois,,Rail,1.6,1.6,1.6,$ Per Gallon
2024-11-11,Ethanol,Iowa,,Truck,1.5258,1.5,1.56,$ Per Gallon
2024-11-11,Ethanol,Iowa,,Rail,1.4225,1.395,1.45,$ Per Gallon
2024-11-11,Ethanol,Kansas,,Truck,1.57,1.57,1.57,$ Per Gallon
2024-11-11,Ethanol,Minnesota,,Truck,1.5175,1.5175,1.5175,$ Per Gallon
2024-11-11,Ethanol,Nebraska,,Truck,1.5538,1.48,1.6275,$ Per Gallon
2024-11-11,Ethanol,South Dakota,,Rail,1.5075,1.5075,1.5075,$ Per Gallon
2024-11-18,Biodiesel,Illinois,B100,Truck,4.09,4.09,4.09,$ Per Gallon
2024-11-18,Distillers Corn Oil,Illinois,,Truck,45.0,43.0,48.0,Cents Per Lb
2024-11-18,Distillers Corn Oil,Indiana,,Truck,44.5,44.0,45.0,Cents Per Lb
2024-11-18,Distillers Corn Oil,Iowa,,Truck,45.0,45.0,45.0,Cents Per Lb
2024-11-18,Distillers Corn Oil,Kansas,,Truck,47.33,42.0,50.0,Cents Per Lb
2024-11-18,Distillers Corn Oil,Michigan,,Truck,44.33,44.0,45.0,Cents Per Lb
2024-11-18,Distillers Corn Oil,Minnesota,,Truck,44.5,44.0,45.0,Cents Per Lb
2024-11-18,Distillers Corn Oil,Missouri,,Truck,43.5,43.0,44.0,Cents Per Lb
2024-11-18,Distillers Corn Oil,Nebraska,,Truck,46.5,45.0,50.0,Cents Per Lb
2024-11-18,Distillers Corn Oil,Ohio,,Truck,42.0,42.0,42.0,Cents Per Lb
2024-11-18,Distillers Corn Oil,South Dakota,,Truck,45.5,44.0,46.0,Cents Per Lb
2024-11-18,Distillers Corn Oil,Wisconsin,,Truck,44.0,43.0,45.0,Cents Per Lb
2024-11-18,Distillers Grain,Illinois,Wet 65-70%,Truck,50.0,50.0,50.0,$ Per Ton
2024-11-18,Distillers Grain,Illinois,Dried 10%,Truck,160.75,152.0,175.0,$ Per Ton
2024-11-18,Distillers Grain,Indiana,Dried 10%,Truck,141.67,140.0,145.0,$ Per Ton
2024-11-18,Distillers Grain,Iowa,Dried 10%,Truck,141.33,125.0,155.0,$ Per Ton
2024-11-18,Distillers Grain,Iowa,Modified Wet 55-60%,Truck,75.0,75.0,75.0,$ Per Ton
2024-11-18,Distillers Grain,Iowa,Wet 65-70%,Truck,46.67,40.0,55.0,$ Per Ton
2024-11-18,Distillers Grain,Kansas,Dried 10%,Truck,178.5,150.0,190.0,$ Per Ton
2024-11-18,Distillers Grain,Kansas,Wet 65-70%,Truck,71.4,65.0,78.0,$ Per Ton
2024-11-18,Distillers Grain,Michigan,Dried 10%,Truck,138.75,130.0,145.0,$ Per Ton
2024-11-18,Distillers Grain,Minnesota,Wet 65-70%,Truck,45.0,45.0,45.0,$ Per Ton
2024-11-18,Distillers Grain,Minnesota,Modified Wet 55-60%,Truck,65.0,65.0,65.0,$ Per Ton
2024-11-18,Distillers Grain,Minnesota,Dried 10%,Truck,141.67,140.0,145.0,$ Per Ton
2024-11-18,Distillers Grain,Missouri,Wet 65-70%,Truck,47.0,47.0,47.0,$ Per Ton
2024-11-18,Distillers Grain,Missouri,Modified Wet 55-60%,Truck,75.0,75.0,75.0,$ Per Ton
2024-11-18,Distillers Grain,Missouri,Dried 10%,Truck,157.5,153.0,162.0,$ Per Ton
2024-11-18,Distillers Grain,N/A,Dried 10%,Ocean Vessel,211.0,207.0,214.0,$ Per Ton
2024-11-18,Distillers Grain,N/A,Dried 10%,Rail,200.0,200.0,200.0,$ Per Ton
2024-11-18,Distillers Grain,N/A,Dried 10%,Rail/Barge,183.0,183.0,183.0,$ Per Ton
2024-11-18,Distillers Grain,Nebraska,Wet 65-70%,Truck,56.5,48.0,65.0,$ Per Ton
2024-11-18,Distillers Grain,Nebraska,Modified Wet 55-60%,Truck,80.5,75.0,87.0,$ Per Ton
2024-11-18,Distillers Grain,Nebraska,Dried 10%,Truck,161.0,155.0,165.0,$ Per Ton
2024-11-18,Distillers Grain,Ohio,Dried 10%,Truck,146.25,135.0,155.0,$ Per Ton
2024-11-18,Distillers Grain,South Dakota,Wet 65-70%,Truck,54.0,54.0,54.0,$ Per Ton
2024-11-18,Distillers Grain,South Dakota,Modified Wet 55-60%,Truck,76.0,74.0,80.0,$ Per Ton
2024-11-18,Distillers Grain,South Dakota,Dried 10%,Truck,145.75,144.0,150.0,$ Per Ton
2024-11-18,Distillers Grain,Wisconsin,Wet 65-70%,Truck,59.5,56.0,63.0,$ Per Ton
2024-11-18,Distillers Grain,Wisconsin,Modified Wet 55-60%,Truck,63.0,63.0,63.0,$ Per Ton
2024-11-18,Distillers Grain,Wisconsin,Dried 10%,Truck,141.67,135.0,155.0,$ Per Ton
2024-11-18,Ethanol,Illinois,,Truck,1.69,1.69,1.69,$ Per Gallon
2024-11-18,Ethanol,Illinois,,Rail,1.69,1.69,1.69,$ Per Gallon
2024-11-18,Ethanol,Iowa,,Truck,1.56,1.56,1.56,$ Per Gallon
2024-11-18,Ethanol,Kansas,,Truck,1.65,1.65,1.65,$ Per Gallon
2024-11-18,Ethanol,Nebraska,,Truck,1.6275,1.6275,1.6275,$ Per Gallon
2024-12-02,Biodiesel,Illinois,B100,Truck,4.09,4.09,4.09,$ Per Gallon
2024-12-02,Distillers Corn Oil,Illinois,,Truck,44.0,42.0,45.0,Cents Per Lb
2024-12-02,Distillers Corn Oil,Indiana,,Truck,44.5,44.0,45.0,Cents Per Lb
2024-12-02,Distillers Corn Oil,Iowa,,Truck,45.0,45.0,45.0,Cents Per Lb
2024-12-02,Distillers Corn Oil,Kansas,,Truck,48.0,44.0,50.0,Cents Per Lb
2024-12-02,Distillers Corn Oil,Michigan,,Truck,44.5,44.0,45.0,Cents Per Lb
2024-12-02,Distillers Corn Oil,Minnesota,,Truck,44.33,44.0,45.0,Cents Per Lb
2024-12-02,Distillers Corn Oil,Missouri,,Truck,43.5,43.0,44.0,Cents Per Lb
2024-12-02,Distillers Corn Oil,Nebraska,,Truck,45.0,44.0,46.0,Cents Per Lb
2024-12-02,Distillers Corn Oil,Ohio,,Truck,42.0,42.0,42.0,Cents Per Lb
2024-12-02,Distillers Corn Oil,South Dakota,,Truck,44.0,43.0,46.0,Cents Per Lb
2024-12-02,Distillers Corn Oil,Wisconsin,,Truck,42.5,42.0,43.0,Cents Per Lb
2024-12-02,Distillers Grain,Illinois,Wet 65-70%,Truck,56.0,56.0,56.0,$ Per Ton
2024-12-02,Distillers Grain,Illinois,Dried 10%,Truck,159.5,150.0,175.0,$ Per Ton
2024-12-02,Distillers Grain,Indiana,Dried 10%,Truck,142.25,135.0,149.0,$ Per Ton
2024-12-02,Distillers Grain,Iowa,Modified Wet 55-60%,Truck,71.5,68.0,75.0,$ Per Ton
2024-12-02,Distillers Grain,Iowa,Dried 10%,Truck,142.38,130.0,152.0,$ Per Ton
2024-12-02,Distillers Grain,Iowa,Wet 65-70%,Truck,50.5,46.0,55.0,$ Per Ton
2024-12-02,Distillers Grain,Kansas,Wet 65-70%,Truck,67.5,60.0,71.0,$ Per Ton
2024-12-02,Distillers Grain,Kansas,Dried 10%,Truck,178.75,165.0,190.0,$ Per Ton
2024-12-02,Distillers Grain,Michigan,Dried 10%,Truck,141.25,135.0,145.0,$ Per Ton
2024-12-02,Distillers Grain,Minnesota,Wet 65-70%,Truck,45.0,45.0,45.0,$ Per Ton
2024-12-02,Distillers Grain,Minnesota,Modified Wet 55-60%,Truck,65.0,65.0,65.0,$ Per Ton
2024-12-02,Distillers Grain,Minnesota,Dried 10%,Truck,141.67,140.0,145.0,$ Per Ton
2024-12-02,Distillers Grain,Missouri,Wet 65-70%,Truck,47.0,47.0,47.0,$ Per Ton
2024-12-02,Distillers Grain,Missouri,Modified Wet 55-60%,Truck,75.0,75.0,75.0,$ Per Ton
2024-12-02,Distillers Grain,Missouri,Dried 10%,Truck,157.5,153.0,162.0,$ Per Ton
2024-12-02,Distillers Grain,N/A,Dried 10%,Ocean Vessel,187.0,184.0,190.0,$ Per Ton
2024-12-02,Distillers Grain,N/A,Dried 10%,Rail,205.0,205.0,205.0,$ Per Ton
2024-12-02,Distillers Grain,N/A,Dried 10%,Rail/Barge,183.0,183.0,183.0,$ Per Ton
2024-12-02,Distillers Grain,Nebraska,Wet 65-70%,Truck,59.0,55.0,65.0,$ Per Ton
2024-12-02,Distillers Grain,Nebraska,Modified Wet 55-60%,Truck,78.0,70.0,85.0,$ Per Ton
2024-12-02,Distillers Grain,Nebraska,Dried 10%,Truck,158.86,150.0,165.0,$ Per Ton
2024-12-02,Distillers Grain,Ohio,Dried 10%,Truck,143.33,135.0,150.0,$ Per Ton
2024-12-02,Distillers Grain,South Dakota,Wet 65-70%,Truck,54.0,54.0,54.0,$ Per Ton
2024-12-02,Distillers Grain,South Dakota,Modified Wet 55-60%,Truck,76.0,74.0,80.0,$ Per Ton
2024-12-02,Distillers Grain,South Dakota,Dried 10%,Truck,145.75,144.0,150.0,$ Per Ton
2024-12-02,Distillers Grain,Wisconsin,Wet 65-70%,Truck,58.0,58.0,58.0,$ Per Ton
2024-12-02,Distillers Grain,Wisconsin,Modified Wet 55-60%,Truck,63.0,63.0,63.0,$ Per Ton
2024-12-02,Distillers Grain,Wisconsin,Dried 10%,Truck,141.67,135.0,150.0,$ Per Ton
2024-12-02,Ethanol,Illinois,,Truck,1.56,1.56,1.56,$ Per Gallon
2024-12-02,Ethanol,Iowa,,Truck,1.5233,1.46,1.56,$ Per Gallon
2024-12-02,Ethanol,Iowa,,Rail,1.45,1.45,1.45,$ Per Gallon
2024-12-02,Ethanol,Kansas,,Truck,1.51,1.51,1.51,$ Per Gallon
2024-12-02,Ethanol,Nebraska,,Truck,1.46,1.41,1.55,$ Per Gallon
2024-12-02,Ethanol,Nebraska,,Rail,1.39,1.38,1.4,$ Per Gallon
2024-12-02,Ethanol,Wisconsin,,Truck,1.585,1.585,1.585,$ Per Gallon
2024-12-09,Biodiesel,Illinois,B100,Truck,4.09,4.09,4.09,$ Per Gallon
2024-12-09,Distillers Corn Oil,Illinois,,Truck,43.25,42.0,44.0,Cents Per Lb
2024-12-09,Distillers Corn Oil,Indiana,,Truck,43.5,43.0,44.0,Cents Per Lb
2024-12-09,Distillers Corn Oil,Iowa,,Truck,43.0,43.0,43.0,Cents Per Lb
2024-12-09,Distillers Corn Oil,Kansas,,Truck,44.0,44.0,44.0,Cents Per Lb
2024-12-09,Distillers Corn Oil,Michigan,,Truck,44.0,43.0,45.0,Cents Per Lb
2024-12-09,Distillers Corn Oil,Minnesota,,Truck,43.5,43.0,44.0,Cents Per Lb
2024-12-09,Distillers Corn Oil,Missouri,,Truck,43.5,43.0,44.0,Cents Per Lb
2024-12-09,Distillers Corn Oil,Nebraska,,Truck,44.0,44.0,44.0,Cents Per Lb
2024-12-09,Distillers Corn Oil,Ohio,,Truck,42.0,42.0,42.0,Cents Per Lb
2024-12-09,Distillers Corn Oil,South Dakota,,Truck,43.75,43.0,44.0,Cents Per Lb
2024-12-09,Distillers Corn Oil,Wisconsin,,Truck,42.5,42.0,43.0,Cents Per Lb
2024-12-09,Distillers Grain,Illinois,Wet 65-70%,Truck,20.0,20.0,20.0,$ Per Ton
2024-12-09,Distillers Grain,Illinois,Dried 10%,Truck,160.25,152.0,175.0,$ Per Ton
2024-12-09,Distillers Grain,Indiana,Dried 10%,Truck,143.5,140.0,149.0,$ Per Ton
2024-12-09,Distillers Grain,Iowa,Dried 10%,Truck,144.57,130.0,162.0,$ Per Ton
2024-12-09,Distillers Grain,Iowa,Modified Wet 55-60%,Truck,76.0,75.0,77.0,$ Per Ton
2024-12-09,Distillers Grain,Iowa,Wet 65-70%,Truck,54.0,45.0,62.0,$ Per Ton
2024-12-09,Distillers Grain,Kansas,Dried 10%,Truck,177.0,158.0,190.0,$ Per Ton
2024-12-09,Distillers Grain,Kansas,Wet 65-70%,Truck,63.8,52.0,71.0,$ Per Ton
2024-12-09,Distillers Grain,Michigan,Dried 10%,Truck,143.0,135.0,150.0,$ Per Ton
2024-12-09,Distillers Grain,Minnesota,Modified Wet 55-60%,Truck,65.0,65.0,65.0,$ Per Ton
2024-12-09,Distillers Grain,Minnesota,Wet 65-70%,Truck,45.0,45.0,45.0,$ Per Ton
2024-12-09,Distillers Grain,Minnesota,Dried 10%,Truck,143.33,140.0,145.0,$ Per Ton
2024-12-09,Distillers Grain,Missouri,Dried 10%,Truck,159.0,153.0,165.0,$ Per Ton
2024-12-09,Distillers Grain,Missouri,Modified Wet 55-60%,Truck,75.0,75.0,75.0,$ Per Ton
2024-12-09,Distillers Grain,Missouri,Wet 65-70%,Truck,49.0,49.0,49.0,$ Per Ton
2024-12-09,Distillers Grain,N/A,Dried 10%,Ocean Vessel,192.0,189.0,197.0,$ Per Ton
2024-12-09,Distillers Grain,N/A,Dried 10%,Rail,208.0,208.0,208.0,$ Per Ton
2024-12-09,Distillers Grain,Nebraska,Wet 65-70%,Truck,52.67,46.0,58.0,$ Per Ton
2024-12-09,Distillers Grain,Nebraska,Modified Wet 55-60%,Truck,79.8,70.0,87.0,$ Per Ton
2024-12-09,Distillers Grain,Nebraska,Dried 10%,Truck,158.43,150.0,170.0,$ Per Ton
2024-12-09,Distillers Grain,Ohio,Dried 10%,Truck,143.33,135.0,150.0,$ Per Ton
2024-12-09,Distillers Grain,South Dakota,Wet 65-70%,Truck,54.0,54.0,54.0,$ Per Ton
2024-12-09,Distillers Grain,South Dakota,Modified Wet 55-60%,Truck,77.67,74.0,85.0,$ Per Ton
2024-12-09,Distillers Grain,South Dakota,Dried 10%,Truck,147.0,144.0,150.0,$ Per Ton
2024-12-09,Distillers Grain,Wisconsin,Modified Wet 55-60%,Truck,63.0,63.0,63.0,$ Per Ton
2024-12-09,Distillers Grain,Wisconsin,Dried 10%,Truck,140.0,135.0,150.0,$ Per Ton
2024-12-09,Distillers Grain,Wisconsin,Wet 65-70%,Truck,52.0,52.0,52.0,$ Per Ton
2024-12-09,Ethanol,Illinois,,Truck,1.56,1.56,1.56,$ Per Gallon
2024-12-09,Ethanol,Illinois,,Rail,1.645,1.645,1.645,$ Per Gallon
2024-12-09,Ethanol,Indiana,,Truck,1.725,1.725,1.725,$ Per Gallon
2024-12-09,Ethanol,Iowa,,Truck,1.48,1.47,1.49,$ Per Gallon
2024-12-09,Ethanol,Iowa,,Rail,1.44,1.44,1.44,$ Per Gallon
2024-12-09,Ethanol,Kansas,,Truck,1.57,1.57,1.57,$ Per Gallon
2024-12-09,Ethanol,Nebraska,,Truck,1.4633,1.43,1.49,$ Per Gallon
2024-12-09,Ethanol,Nebraska,,Rail,1.4775,1.47,1.485,$ Per Gallon
2024-12-09,Ethanol,Wisconsin,,Truck,1.615,1.615,1.615,$ Per Gallon
2024-12-16,Biodiesel,Illinois,B100,Truck,4.09,4.09,4.09,$ Per Gallon
2024-12-16,Distillers Corn Oil,Illinois,,Truck,43.25,42.0,44.0,Cents Per Lb
2024-12-16,Distillers Corn Oil,Indiana,,Truck,43.5,43.0,44.0,Cents Per Lb
2024-12-16,Distillers Corn Oil,Iowa,,Truck,43.0,43.0,43.0,Cents Per Lb
2024-12-16,Distillers Corn Oil,Kansas,,Truck,46.67,44.0,48.0,Cents Per Lb
2024-12-16,Distillers Corn Oil,Michigan,,Truck,44.0,43.0,45.0,Cents Per Lb
2024-12-16,Distillers Corn Oil,Minnesota,,Truck,43.5,43.0,44.0,Cents Per Lb
2024-12-16,Distillers Corn Oil,Missouri,,Truck,43.5,43.0,44.0,Cents Per Lb
2024-12-16,Distillers Corn Oil,Nebraska,,Truck,43.75,43.0,44.0,Cents Per Lb
2024-12-16,Distillers Corn Oil,Ohio,,Truck,42.0,42.0,42.0,Cents Per Lb
2024-12-16,Distillers Corn Oil,South Dakota,,Truck,44.25,43.0,45.0,Cents Per Lb
2024-12-16,Distillers Corn Oil,Wisconsin,,Truck,42.5,42.0,43.0,Cents Per Lb
2024-12-16,Distillers Grain,Illinois,Wet 65-70%,Truck,30.0,30.0,30.0,$ Per Ton
2024-12-16,Distillers Grain,Illinois,Dried 10%,Truck,158.5,152.0,170.0,$ Per Ton
2024-12-16,Distillers Grain,Indiana,Dried 10%,Truck,145.0,140.0,154.0,$ Per Ton
2024-12-16,Distillers Grain,Iowa,Dried 10%,Truck,139.86,125.0,155.0,$ Per Ton
2024-12-16,Distillers Grain,Iowa,Wet 65-70%,Truck,50.0,45.0,55.0,$ Per Ton
2024-12-16,Distillers Grain,Iowa,Modified Wet 55-60%,Truck,76.0,75.0,77.0,$ Per Ton
2024-12-16,Distillers Grain,Kansas,Dried 10%,Truck,182.5,170.0,190.0,$ Per Ton
2024-12-16,Distillers Grain,Kansas,Wet 65-70%,Truck,65.6,55.0,70.0,$ Per Ton
2024-12-16,Distillers Grain,Michigan,Dried 10%,Truck,143.4,135.0,150.0,$ Per Ton
2024-12-16,Distillers Grain,Minnesota,Modified Wet 55-60%,Truck,65.0,65.0,65.0,$ Per Ton
2024-12-16,Distillers Grain,Minnesota,Wet 65-70%,Truck,45.0,45.0,45.0,$ Per Ton
2024-12-16,Distillers Grain,Minnesota,Dried 10%,Truck,148.33,140.0,155.0,$ Per Ton
2024-12-16,Distillers Grain,Missouri,Dried 10%,Truck,160.0,153.0,167.0,$ Per Ton
2024-12-16,Distillers Grain,Missouri,Modified Wet 55-60%,Truck,75.0,75.0,75.0,$ Per Ton
2024-12-16,Distillers Grain,Missouri,Wet 65-70%,Truck,50.0,50.0,50.0,$ Per Ton
2024-12-16,Distillers Grain,N/A,Dried 10%,Ocean Vessel,192.5,189.0,198.0,$ Per Ton
2024-12-16,Distillers Grain,N/A,Dried 10%,Rail,208.0,208.0,208.0,$ Per Ton
2024-12-16,Distillers Grain,Nebraska,Wet 65-70%,Truck,60.25,55.0,64.0,$ Per Ton
2024-12-16,Distillers Grain,Nebraska,Modified Wet 55-60%,Truck,78.83,68.0,88.0,$ Per Ton
2024-12-16,Distillers Grain,Nebraska,Dried 10%,Truck,165.67,160.0,175.0,$ Per Ton
2024-12-16,Distillers Grain,Ohio,Dried 10%,Truck,146.5,135.0,154.0,$ Per Ton
2024-12-16,Distillers Grain,South Dakota,Wet 65-70%,Truck,54.0,54.0,54.0,$ Per Ton
2024-12-16,Distillers Grain,South Dakota,Modified Wet 55-60%,Truck,77.67,74.0,85.0,$ Per Ton
2024-12-16,Distillers Grain,South Dakota,Dried 10%,Truck,147.0,144.0,150.0,$ Per Ton
2024-12-16,Distillers Grain,Wisconsin,Wet 65-70%,Truck,56.0,56.0,56.0,$ Per Ton
2024-12-16,Distillers Grain,Wisconsin,Dried 10%,Truck,141.67,135.0,150.0,$ Per Ton
2024-12-16,Distillers Grain,Wisconsin,Modified Wet 55-60%,Truck,63.0,63.0,63.0,$ Per Ton
2024-12-16,Ethanol,Illinois,,Truck,1.6,1.6,1.6,$ Per Gallon
2024-12-16,Ethanol,Illinois,,Rail,1.645,1.645,1.645,$ Per Gallon
2024-12-16,Ethanol,Indiana,,Truck,1.725,1.725,1.725,$ Per Gallon
2024-12-16,Ethanol,Iowa,,Truck,1.47,1.45,1.49,$ Per Gallon
2024-12-16,Ethanol,Iowa,,Rail,1.44,1.44,1.44,$ Per Gallon
2024-12-16,Ethanol,Kansas,,Truck,1.55,1.55,1.55,$ Per Gallon
2024-12-16,Ethanol,Nebraska,,Truck,1.4633,1.43,1.49,$ Per Gallon
2024-12-16,Ethanol,Nebraska,,Rail,1.4775,1.47,1.485,$ Per Gallon
2024-12-16,Ethanol,Wisconsin,,Truck,1.615,1.615,1.615,$ Per Gallon
2024-12-30,Biodiesel,Illinois,B100,Truck,4.09,4.09,4.09,$ Per Gallon
2024-12-30,Distillers Corn Oil,Illinois,,Truck,43.5,42.0,45.0,Cents Per Lb
2024-12-30,Distillers Corn Oil,Indiana,,Truck,43.5,43.0,44.0,Cents Per Lb
2024-12-30,Distillers Corn Oil,Iowa,,Truck,42.0,40.0,44.0,Cents Per Lb
2024-12-30,Distillers Corn Oil,Kansas,,Truck,45.25,42.0,48.0,Cents Per Lb
2024-12-30,Distillers Corn Oil,Michigan,,Truck,44.0,43.0,45.0,Cents Per Lb
2024-12-30,Distillers Corn Oil,Minnesota,,Truck,43.5,43.0,44.0,Cents Per Lb
2024-12-30,Distillers Corn Oil,Missouri,,Truck,43.5,43.0,44.0,Cents Per Lb
2024-12-30,Distillers Corn Oil,Nebraska,,Truck,43.5,43.0,44.0,Cents Per Lb
2024-12-30,Distillers Corn Oil,Ohio,,Truck,42.0,42.0,42.0,Cents Per Lb
2024-12-30,Distillers Corn Oil,South Dakota,,Truck,41.33,41.0,42.0,Cents Per Lb
2024-12-30,Distillers Corn Oil,Wisconsin,,Truck,42.5,42.0,43.0,Cents Per Lb
2024-12-30,Distillers Grain,Illinois,Dried 10%,Truck,159.0,153.0,170.0,$ Per Ton
2024-12-30,Distillers Grain,Illinois,Wet 65-70%,Truck,47.0,47.0,47.0,$ Per Ton
2024-12-30,Distillers Grain,Indiana,Dried 10%,Truck,145.67,141.0,154.0,$ Per Ton
2024-12-30,Distillers Grain,Iowa,Modified Wet 55-60%,Truck,76.0,75.0,77.0,$ Per Ton
2024-12-30,Distillers Grain,Iowa,Dried 10%,Truck,144.29,130.0,160.0,$ Per Ton
2024-12-30,Distillers Grain,Iowa,Wet 65-70%,Truck,45.0,45.0,45.0,$ Per Ton
2024-12-30,Distillers Grain,Kansas,Wet 65-70%,Truck,66.5,55.0,73.0,$ Per Ton
2024-12-30,Distillers Grain,Kansas,Dried 10%,Truck,176.67,160.0,185.0,$ Per Ton
2024-12-30,Distillers Grain,Michigan,Dried 10%,Truck,146.0,140.0,150.0,$ Per Ton
2024-12-30,Distillers Grain,Minnesota,Wet 65-70%,Truck,45.0,45.0,45.0,$ Per Ton
2024-12-30,Distillers Grain,Minnesota,Modified Wet 55-60%,Truck,65.0,65.0,65.0,$ Per Ton
2024-12-30,Distillers Grain,Minnesota,Dried 10%,Truck,152.67,148.0,155.0,$ Per Ton
2024-12-30,Distillers Grain,Missouri,Wet 65-70%,Truck,52.0,52.0,52.0,$ Per Ton
2024-12-30,Distillers Grain,Missouri,Modified Wet 55-60%,Truck,75.0,75.0,75.0,$ Per Ton
2024-12-30,Distillers Grain,Missouri,Dried 10%,Truck,161.0,153.0,169.0,$ Per Ton
2024-12-30,Distillers Grain,N/A,Dried 10%,Rail,212.0,212.0,212.0,$ Per Ton
2024-12-30,Distillers Grain,N/A,Dried 10%,Ocean Vessel,194.33,192.0,199.0,$ Per Ton
2024-12-30,Distillers Grain,Nebraska,Wet 65-70%,Truck,62.33,60.0,64.0,$ Per Ton
2024-12-30,Distillers Grain,Nebraska,Modified Wet 55-60%,Truck,82.0,70.0,88.0,$ Per Ton
2024-12-30,Distillers Grain,Nebraska,Dried 10%,Truck,170.5,165.0,175.0,$ Per Ton
2024-12-30,Distillers Grain,Ohio,Dried 10%,Truck,138.33,130.0,145.0,$ Per Ton
2024-12-30,Distillers Grain,South Dakota,Wet 65-70%,Truck,54.0,54.0,54.0,$ Per Ton
2024-12-30,Distillers Grain,South Dakota,Modified Wet 55-60%,Truck,85.0,85.0,85.0,$ Per Ton
2024-12-30,Distillers Grain,South Dakota,Dried 10%,Truck,152.5,150.0,155.0,$ Per Ton
2024-12-30,Distillers Grain,Wisconsin,Wet 65-70%,Truck,46.0,46.0,46.0,$ Per Ton
2024-12-30,Distillers Grain,Wisconsin,Dried 10%,Truck,142.67,138.0,150.0,$ Per Ton
2024-12-30,Distillers Grain,Wisconsin,Modified Wet 55-60%,Truck,65.0,65.0,65.0,$ Per Ton
2024-12-30,Ethanol,Illinois,,Truck,1.65,1.65,1.65,$ Per Gallon
2024-12-30,Ethanol,Illinois,,Rail,1.645,1.645,1.645,$ Per Gallon
2024-12-30,Ethanol,Indiana,,Truck,1.725,1.725,1.725,$ Per Gallon
2024-12-30,Ethanol,Iowa,,Rail,1.49,1.49,1.49,$ Per Gallon
2024-12-30,Ethanol,Kansas,,Truck,1.66,1.66,1.66,$ Per Gallon
2024-12-30,Ethanol,Nebraska,,Rail,1.485,1.485,1.485,$ Per Gallon
2024-12-30,Ethanol,Nebraska,,Truck,1.49,1.49,1.49,$ Per Gallon
2024-12-30,Ethanol,Wisconsin,,Truck,1.615,1.615,1.615,$ Per Gallon
2025-01-06,Biodiesel,Illinois,B100,Truck,4.09,4.09,4.09,$ Per Gallon
2025-01-06,Distillers Corn Oil,Illinois,,Truck,44.67,43.0,47.0,Cents Per Lb
2025-01-06,Distillers Corn Oil,Indiana,,Truck,43.25,42.0,44.0,Cents Per Lb
2025-01-06,Distillers Corn Oil,Iowa,,Truck,42.0,39.0,44.0,Cents Per Lb
2025-01-06,Distillers Corn Oil,Kansas,,Truck,46.0,42.0,48.0,Cents Per Lb
2025-01-06,Distillers Corn Oil,Michigan,,Truck,43.0,42.0,44.0,Cents Per Lb
2025-01-06,Distillers Corn Oil,Minnesota,,Truck,43.5,43.0,44.0,Cents Per Lb
2025-01-06,Distillers Corn Oil,Missouri,,Truck,43.67,43.0,44.0,Cents Per Lb
2025-01-06,Distillers Corn Oil,Nebraska,,Truck,43.6,43.0,44.0,Cents Per Lb
2025-01-06,Distillers Corn Oil,Ohio,,Truck,42.67,42.0,44.0,Cents Per Lb
2025-01-06,Distillers Corn Oil,South Dakota,,Truck,43.0,42.0,44.0,Cents Per Lb
2025-01-06,Distillers Corn Oil,Wisconsin,,Truck,41.5,41.0,42.0,Cents Per Lb
2025-01-06,Distillers Grain,Illinois,Dried 10%,Truck,158.5,152.0,172.0,$ Per Ton
2025-01-06,Distillers Grain,Illinois,Wet 65-70%,Truck,47.0,47.0,47.0,$ Per Ton
2025-01-06,Distillers Grain,Indiana,Dried 10%,Truck,147.5,140.0,155.0,$ Per Ton
2025-01-06,Distillers Grain,Iowa,Modified Wet 55-60%,Truck,74.67,70.0,79.0,$ Per Ton
2025-01-06,Distillers Grain,Iowa,Dried 10%,Truck,144.22,130.0,158.0,$ Per Ton
2025-01-06,Distillers Grain,Iowa,Wet 65-70%,Truck,45.0,45.0,45.0,$ Per Ton
2025-01-06,Distillers Grain,Kansas,Wet 65-70%,Truck,65.75,52.0,73.0,$ Per Ton
2025-01-06,Distillers Grain,Kansas,Dried 10%,Truck,182.33,167.0,190.0,$ Per Ton
2025-01-06,Distillers Grain,Michigan,Dried 10%,Truck,147.0,140.0,150.0,$ Per Ton
2025-01-06,Distillers Grain,Minnesota,Wet 65-70%,Truck,45.0,45.0,45.0,$ Per Ton
2025-01-06,Distillers Grain,Minnesota,Modified Wet 55-60%,Truck,70.0,70.0,70.0,$ Per Ton
2025-01-06,Distillers Grain,Minnesota,Dried 10%,Truck,155.0,150.0,160.0,$ Per Ton
2025-01-06,Distillers Grain,Missouri,Wet 65-70%,Truck,53.0,53.0,53.0,$ Per Ton
2025-01-06,Distillers Grain,Missouri,Modified Wet 55-60%,Truck,75.0,75.0,75.0,$ Per Ton
2025-01-06,Distillers Grain,Missouri,Dried 10%,Truck,161.0,153.0,169.0,$ Per Ton
2025-01-06,Distillers Grain,N/A,Dried 10%,Ocean Vessel,191.67,187.0,198.0,$ Per Ton
2025-01-06,Distillers Grain,N/A,Dried 10%,Rail,213.0,213.0,213.0,$ Per Ton
2025-01-06,Distillers Grain,Nebraska,Modified Wet 55-60%,Truck,81.0,72.0,88.0,$ Per Ton
2025-01-06,Distillers Grain,Nebraska,Wet 65-70%,Truck,61.5,55.0,65.0,$ Per Ton
2025-01-06,Distillers Grain,Nebraska,Dried 10%,Truck,170.4,160.0,180.0,$ Per Ton
2025-01-06,Distillers Grain,Ohio,Dried 10%,Truck,150.0,135.0,165.0,$ Per Ton
2025-01-06,Distillers Grain,South Dakota,Wet 65-70%,Truck,54.0,54.0,54.0,$ Per Ton
2025-01-06,Distillers Grain,South Dakota,Modified Wet 55-60%,Truck,80.67,80.0,81.0,$ Per Ton
2025-01-06,Distillers Grain,South Dakota,Dried 10%,Truck,155.33,150.0,158.0,$ Per Ton
2025-01-06,Distillers Grain,Wisconsin,Wet 65-70%,Truck,46.0,46.0,46.0,$ Per Ton
2025-01-06,Distillers Grain,Wisconsin,Modified Wet 55-60%,Truck,65.0,65.0,65.0,$ Per Ton
2025-01-06,Distillers Grain,Wisconsin,Dried 10%,Truck,139.0,138.0,140.0,$ Per Ton
2025-01-06,Ethanol,Illinois,,Truck,1.63,1.63,1.63,$ Per Gallon
2025-01-06,Ethanol,Illinois,,Rail,1.645,1.645,1.645,$ Per Gallon
2025-01-06,Ethanol,Indiana,,Truck,1.725,1.725,1.725,$ Per Gallon
2025-01-06,Ethanol,Iowa,,Truck,1.5,1.5,1.5,$ Per Gallon
2025-01-06,Ethanol,Kansas,,Truck,1.55,1.55,1.55,$ Per Gallon
2025-01-06,Ethanol,Wisconsin,,Truck,1.615,1.615,1.615,$ Per Gallon
2025-01-13,Biodiesel,Illinois,B100,Truck,4.09,4.09,4.09,$ Per Gallon
2025-01-13,Distillers Corn Oil,Illinois,,Truck,44.0,42.0,47.0,Cents Per Lb
2025-01-13,Distillers Corn Oil,Indiana,,Truck,43.25,42.0,44.0,Cents Per Lb
2025-01-13,Distillers Corn Oil,Iowa,,Truck,44.25,43.0,45.0,Cents Per Lb
2025-01-13,Distillers Corn Oil,Kansas,,Truck,44.25,42.0,46.0,Cents Per Lb
2025-01-13,Distillers Corn Oil,Michigan,,Truck,43.4,42.0,44.0,Cents Per Lb
2025-01-13,Distillers Corn Oil,Minnesota,,Truck,43.5,43.0,44.0,Cents Per Lb
2025-01-13,Distillers Corn Oil,Missouri,,Truck,43.67,43.0,44.0,Cents Per Lb
2025-01-13,Distillers Corn Oil,Nebraska,,Truck,44.6,43.0,48.0,Cents Per Lb
2025-01-13,Distillers Corn Oil,Ohio,,Truck,42.67,42.0,44.0,Cents Per Lb
2025-01-13,Distillers Corn Oil,South Dakota,,Truck,43.0,42.0,44.0,Cents Per Lb
2025-01-13,Distillers Corn Oil,Wisconsin,,Truck,43.5,42.0,45.0,Cents Per Lb
2025-01-13,Distillers Grain,Illinois,Wet 65-70%,Truck,52.0,52.0,52.0,$ Per Ton
2025-01-13,Distillers Grain,Illinois,Dried 10%,Truck,159.0,150.0,175.0,$ Per Ton
2025-01-13,Distillers Grain,Indiana,Dried 10%,Truck,146.67,135.0,155.0,$ Per Ton
2025-01-13,Distillers Grain,Iowa,Dried 10%,Truck,147.56,135.0,158.0,$ Per Ton
2025-01-13,Distillers Grain,Iowa,Wet 65-70%,Truck,47.0,47.0,47.0,$ Per Ton
2025-01-13,Distillers Grain,Iowa,Modified Wet 55-60%,Truck,71.0,68.0,75.0,$ Per Ton
2025-01-13,Distillers Grain,Kansas,Wet 65-70%,Truck,65.0,59.0,68.0,$ Per Ton
2025-01-13,Distillers Grain,Kansas,Dried 10%,Truck,176.67,170.0,180.0,$ Per Ton
2025-01-13,Distillers Grain,Michigan,Dried 10%,Truck,147.0,140.0,150.0,$ Per Ton
2025-01-13,Distillers Grain,Minnesota,Wet 65-70%,Truck,45.0,45.0,45.0,$ Per Ton
2025-01-13,Distillers Grain,Minnesota,Modified Wet 55-60%,Truck,75.0,75.0,75.0,$ Per Ton
2025-01-13,Distillers Grain,Minnesota,Dried 10%,Truck,155.0,150.0,160.0,$ Per Ton
2025-01-13,Distillers Grain,Missouri,Wet 65-70%,Truck,55.0,55.0,55.0,$ Per Ton
2025-01-13,Distillers Grain,Missouri,Modified Wet 55-60%,Truck,75.0,75.0,75.0,$ Per Ton
2025-01-13,Distillers Grain,Missouri,Dried 10%,Truck,164.0,153.0,175.0,$ Per Ton
2025-01-13,Distillers Grain,N/A,Dried 10%,Ocean Vessel,188.0,183.0,192.0,$ Per Ton
2025-01-13,Distillers Grain,N/A,Dried 10%,Rail,210.0,210.0,210.0,$ Per Ton
2025-01-13,Distillers Grain,Nebraska,Wet 65-70%,Truck,56.0,48.0,65.0,$ Per Ton
2025-01-13,Distillers Grain,Nebraska,Modified Wet 55-60%,Truck,80.83,72.0,88.0,$ Per Ton
2025-01-13,Distillers Grain,Nebraska,Dried 10%,Truck,170.8,160.0,180.0,$ Per Ton
2025-01-13,Distillers Grain,Ohio,Dried 10%,Truck,150.0,135.0,165.0,$ Per Ton
2025-01-13,Distillers Grain,South Dakota,Wet 65-70%,Truck,54.0,54.0,54.0,$ Per Ton
2025-01-13,Distillers Grain,South Dakota,Modified Wet 55-60%,Truck,80.67,80.0,81.0,$ Per Ton
2025-01-13,Distillers Grain,South Dakota,Dried 10%,Truck,155.33,150.0,158.0,$ Per Ton
2025-01-13,Distillers Grain,Wisconsin,Wet 65-70%,Truck,58.0,58.0,58.0,$ Per Ton
2025-01-13,Distillers Grain,Wisconsin,Dried 10%,Truck,144.0,140.0,150.0,$ Per Ton
2025-01-13,Distillers Grain,Wisconsin,Modified Wet 55-60%,Truck,67.0,67.0,67.0,$ Per Ton
2025-01-13,Ethanol,Illinois,,Truck,1.69,1.69,1.69,$ Per Gallon
2025-01-13,Ethanol,Illinois,,Rail,1.645,1.645,1.645,$ Per Gallon
2025-01-13,Ethanol,Indiana,,Truck,1.725,1.725,1.725,$ Per Gallon
2025-01-13,Ethanol,Iowa,,Truck,1.55,1.55,1.55,$ Per Gallon
2025-01-13,Ethanol,Iowa,,Rail,1.53,1.53,1.53,$ Per Gallon
2025-01-13,Ethanol,Kansas,,Truck,1.62,1.62,1.62,$ Per Gallon
2025-01-13,Ethanol,Nebraska,,Truck,1.47,1.47,1.47,$ Per Gallon
2025-01-13,Ethanol,Nebraska,,Rail,1.46,1.45,1.47,$ Per Gallon
2025-01-13,Ethanol,Wisconsin,,Truck,1.615,1.615,1.615,$ Per Gallon
2025-01-20,Biodiesel,Illinois,B100,Truck,4.09,4.09,4.09,$ Per Gallon
2025-01-20,Distillers Corn Oil,Illinois,,Truck,45.0,43.0,50.0,Cents Per Lb
2025-01-20,Distillers Corn Oil,Indiana,,Truck,43.25,42.0,44.0,Cents Per Lb
2025-01-20,Distillers Corn Oil,Iowa,,Truck,44.25,43.0,45.0,Cents Per Lb
2025-01-20,Distillers Corn Oil,Kansas,,Truck,46.0,42.0,48.0,Cents Per Lb
2025-01-20,Distillers Corn Oil,Michigan,,Truck,43.8,42.0,46.0,Cents Per Lb
2025-01-20,Distillers Corn Oil,Minnesota,,Truck,43.5,43.0,44.0,Cents Per Lb
2025-01-20,Distillers Corn Oil,Missouri,,Truck,43.67,43.0,44.0,Cents Per Lb
2025-01-20,Distillers Corn Oil,Nebraska,,Truck,44.8,43.0,47.0,Cents Per Lb
2025-01-20,Distillers Corn Oil,Ohio,,Truck,42.67,42.0,44.0,Cents Per Lb
2025-01-20,Distillers Corn Oil,South Dakota,,Truck,44.6,42.0,47.0,Cents Per Lb
2025-01-20,Distillers Corn Oil,Wisconsin,,Truck,44.0,43.0,45.0,Cents Per Lb
2025-01-20,Distillers Grain,Illinois,Dried 10%,Truck,158.75,150.0,173.0,$ Per Ton
2025-01-20,Distillers Grain,Illinois,Wet 65-70%,Truck,58.0,58.0,58.0,$ Per Ton
2025-01-20,Distillers Grain,Indiana,Dried 10%,Truck,146.67,135.0,155.0,$ Per Ton
2025-01-20,Distillers Grain,Iowa,Dried 10%,Truck,149.38,135.0,160.0,$ Per Ton
2025-01-20,Distillers Grain,Iowa,Wet 65-70%,Truck,47.0,47.0,47.0,$ Per Ton
2025-01-20,Distillers Grain,Iowa,Modified Wet 55-60%,Truck,73.33,70.0,75.0,$ Per Ton
2025-01-20,Distillers Grain,Kansas,Wet 65-70%,Truck,68.5,52.0,75.0,$ Per Ton
2025-01-20,Distillers Grain,Kansas,Dried 10%,Truck,185.67,167.0,195.0,$ Per Ton
2025-01-20,Distillers Grain,Michigan,Dried 10%,Truck,148.4,140.0,155.0,$ Per Ton
2025-01-20,Distillers Grain,Minnesota,Wet 65-70%,Truck,45.0,45.0,45.0,$ Per Ton
2025-01-20,Distillers Grain,Minnesota,Modified Wet 55-60%,Truck,75.0,75.0,75.0,$ Per Ton
2025-01-20,Distillers Grain,Minnesota,Dried 10%,Truck,153.33,145.0,160.0,$ Per Ton
2025-01-20,Distillers Grain,Missouri,Modified Wet 55-60%,Truck,75.0,75.0,75.0,$ Per Ton
2025-01-20,Distillers Grain,Missouri,Wet 65-70%,Truck,55.0,55.0,55.0,$ Per Ton
2025-01-20,Distillers Grain,Missouri,Dried 10%,Truck,164.0,153.0,175.0,$ Per Ton
2025-01-20,Distillers Grain,N/A,Dried 10%,Rail,208.0,208.0,208.0,$ Per Ton
2025-01-20,Distillers Grain,N/A,Dried 10%,Ocean Vessel,187.0,182.0,190.0,$ Per Ton
2025-01-20,Distillers Grain,Nebraska,Wet 65-70%,Truck,61.5,55.0,65.0,$ Per Ton
2025-01-20,Distillers Grain,Nebraska,Modified Wet 55-60%,Truck,81.0,72.0,90.0,$ Per Ton
2025-01-20,Distillers Grain,Nebraska,Dried 10%,Truck,170.4,160.0,180.0,$ Per Ton
2025-01-20,Distillers Grain,Ohio,Dried 10%,Truck,150.0,135.0,165.0,$ Per Ton
2025-01-20,Distillers Grain,South Dakota,Wet 65-70%,Truck,54.0,54.0,54.0,$ Per Ton
2025-01-20,Distillers Grain,South Dakota,Modified Wet 55-60%,Truck,80.67,80.0,81.0,$ Per Ton
2025-01-20,Distillers Grain,South Dakota,Dried 10%,Truck,155.33,150.0,158.0,$ Per Ton
2025-01-20,Distillers Grain,Wisconsin,Wet 65-70%,Truck,58.0,58.0,58.0,$ Per Ton
2025-01-20,Distillers Grain,Wisconsin,Modified Wet 55-60%,Truck,67.0,67.0,67.0,$ Per Ton
2025-01-20,Distillers Grain,Wisconsin,Dried 10%,Truck,144.0,140.0,150.0,$ Per Ton
2025-01-20,Ethanol,Illinois,,Truck,1.71,1.71,1.71,$ Per Gallon
2025-01-20,Ethanol,Illinois,,Rail,1.645,1.645,1.645,$ Per Gallon
2025-01-20,Ethanol,Indiana,,Truck,1.725,1.725,1.725,$ Per Gallon
2025-01-20,Ethanol,Iowa,,Truck,1.55,1.55,1.55,$ Per Gallon
2025-01-20,Ethanol,Iowa,,Rail,1.53,1.53,1.53,$ Per Gallon
2025-01-20,Ethanol,Kansas,,Truck,1.58,1.52,1.64,$ Per Gallon
2025-01-20,Ethanol,Nebraska,,Rail,1.46,1.45,1.47,$ Per Gallon
2025-01-20,Ethanol,Nebraska,,Truck,1.47,1.47,1.47,$ Per Gallon
2025-01-20,Ethanol,Wisconsin,,Truck,1.615,1.615,1.615,$ Per Gallon
2025-01-27,Biodiesel,Illinois,B100,Truck,4.09,4.09,4.09,$ Per Gallon
2025-01-27,Distillers Corn Oil,Illinois,,Truck,46.0,43.0,50.0,Cents Per Lb
2025-01-27,Distillers Corn Oil,Indiana,,Truck,43.0,42.0,44.0,Cents Per Lb
2025-01-27,Distillers Corn Oil,Iowa,,Truck,45.0,43.0,48.0,Cents Per Lb
2025-01-27,Distillers Corn Oil,Kansas,,Truck,47.0,45.0,48.0,Cents Per Lb
2025-01-27,Distillers Corn Oil,Michigan,,Truck,44.0,42.0,46.0,Cents Per Lb
2025-01-27,Distillers Corn Oil,Minnesota,,Truck,44.0,43.0,45.0,Cents Per Lb
2025-01-27,Distillers Corn Oil,Missouri,,Truck,43.67,43.0,44.0,Cents Per Lb
2025-01-27,Distillers Corn Oil,Nebraska,,Truck,45.6,43.0,48.0,Cents Per Lb
2025-01-27,Distillers Corn Oil,Ohio,,Truck,42.67,42.0,44.0,Cents Per Lb
2025-01-27,Distillers Corn Oil,South Dakota,,Truck,44.5,42.0,47.0,Cents Per Lb
2025-01-27,Distillers Corn Oil,Wisconsin,,Truck,44.0,43.0,45.0,Cents Per Lb
2025-01-27,Distillers Grain,Illinois,Wet 65-70%,Truck,58.0,58.0,58.0,$ Per Ton
2025-01-27,Distillers Grain,Illinois,Dried 10%,Truck,158.75,150.0,173.0,$ Per Ton
2025-01-27,Distillers Grain,Indiana,Dried 10%,Truck,147.5,140.0,155.0,$ Per Ton
2025-01-27,Distillers Grain,Iowa,Dried 10%,Truck,146.88,135.0,155.0,$ Per Ton
2025-01-27,Distillers Grain,Iowa,Wet 65-70%,Truck,47.0,47.0,47.0,$ Per Ton
2025-01-27,Distillers Grain,Iowa,Modified Wet 55-60%,Truck,72.33,65.0,82.0,$ Per Ton
2025-01-27,Distillers Grain,Kansas,Wet 65-70%,Truck,70.5,52.0,80.0,$ Per Ton
2025-01-27,Distillers Grain,Kansas,Dried 10%,Truck,185.67,167.0,195.0,$ Per Ton
2025-01-27,Distillers Grain,Michigan,Dried 10%,Truck,148.4,140.0,155.0,$ Per Ton
2025-01-27,Distillers Grain,Minnesota,Wet 65-70%,Truck,45.0,45.0,45.0,$ Per Ton
2025-01-27,Distillers Grain,Minnesota,Modified Wet 55-60%,Truck,75.0,75.0,75.0,$ Per Ton
2025-01-27,Distillers Grain,Minnesota,Dried 10%,Truck,151.67,150.0,155.0,$ Per Ton
2025-01-27,Distillers Grain,Missouri,Modified Wet 55-60%,Truck,75.0,75.0,75.0,$ Per Ton
2025-01-27,Distillers Grain,Missouri,Dried 10%,Truck,175.0,175.0,175.0,$ Per Ton
2025-01-27,Distillers Grain,Missouri,Wet 65-70%,Truck,55.0,55.0,55.0,$ Per Ton
2025-01-27,Distillers Grain,N/A,Dried 10%,Ocean Vessel,188.0,182.0,192.0,$ Per Ton
2025-01-27,Distillers Grain,N/A,Dried 10%,Rail,210.0,210.0,210.0,$ Per Ton
2025-01-27,Distillers Grain,Nebraska,Wet 65-70%,Truck,64.75,55.0,70.0,$ Per Ton
2025-01-27,Distillers Grain,Nebraska,Modified Wet 55-60%,Truck,82.33,72.0,90.0,$ Per Ton
2025-01-27,Distillers Grain,Nebraska,Dried 10%,Truck,170.0,160.0,180.0,$ Per Ton
2025-01-27,Distillers Grain,Ohio,Dried 10%,Truck,150.0,135.0,165.0,$ Per Ton
2025-01-27,Distillers Grain,South Dakota,Wet 65-70%,Truck,54.0,54.0,54.0,$ Per Ton
2025-01-27,Distillers Grain,South Dakota,Modified Wet 55-60%,Truck,80.67,80.0,81.0,$ Per Ton
2025-01-27,Distillers Grain,South Dakota,Dried 10%,Truck,157.0,155.0,158.0,$ Per Ton
2025-01-27,Distillers Grain,Wisconsin,Wet 65-70%,Truck,58.0,58.0,58.0,$ Per Ton
2025-01-27,Distillers Grain,Wisconsin,Modified Wet 55-60%,Truck,67.0,67.0,67.0,$ Per Ton
2025-01-27,Distillers Grain,Wisconsin,Dried 10%,Truck,144.0,140.0,150.0,$ Per Ton
2025-01-27,Ethanol,Illinois,,Truck,1.7,1.7,1.7,$ Per Gallon
2025-01-27,Ethanol,Illinois,,Rail,1.71,1.71,1.71,$ Per Gallon
2025-01-27,Ethanol,Indiana,,Truck,1.725,1.725,1.725,$ Per Gallon
2025-01-27,Ethanol,Indiana,,Rail,1.72,1.72,1.72,$ Per Gallon
2025-01-27,Ethanol,Iowa,,Truck,1.5967,1.54,1.7,$ Per Gallon
2025-01-27,Ethanol,Iowa,,Rail,1.5825,1.58,1.585,$ Per Gallon
2025-01-27,Ethanol,Kansas,,Truck,1.5833,1.52,1.65,$ Per Gallon
2025-01-27,Ethanol,Minnesota,,Truck,1.71,1.71,1.71,$ Per Gallon
2025-01-27,Ethanol,Nebraska,,Truck,1.5,1.5,1.5,$ Per Gallon
2025-01-27,Ethanol,Nebraska,,Rail,1.505,1.49,1.52,$ Per Gallon
2025-01-27,Ethanol,South Dakota,,Rail,1.7,1.7,1.7,$ Per Gallon
2025-01-27,Ethanol,Wisconsin,,Truck,1.68,1.68,1.68,$ Per Gallon
2025-02-03,Biodiesel,Illinois,B100,Truck,3.01,3.01,3.01,$ Per Gallon
2025-02-03,Distillers Corn Oil,Illinois,,Truck,46.2,43.0,51.0,Cents Per Lb
2025-02-03,Distillers Corn Oil,Indiana,,Truck,48.5,48.0,49.0,Cents Per Lb
2025-02-03,Distillers Corn Oil,Iowa,,Truck,45.0,45.0,45.0,Cents Per Lb
2025-02-03,Distillers Corn Oil,Kansas,,Truck,47.0,45.0,48.0,Cents Per Lb
2025-02-03,Distillers Corn Oil,Michigan,,Truck,45.8,42.0,49.0,Cents Per Lb
2025-02-03,Distillers Corn Oil,Minnesota,,Truck,45.67,43.0,49.0,Cents Per Lb
2025-02-03,Distillers Corn Oil,Missouri,,Truck,45.6,43.0,49.0,Cents Per Lb
2025-02-03,Distillers Corn Oil,Nebraska,,Truck,46.43,43.0,49.0,Cents Per Lb
2025-02-03,Distillers Corn Oil,Ohio,,Truck,45.0,42.0,49.0,Cents Per Lb
2025-02-03,Distillers Corn Oil,South Dakota,,Truck,45.33,42.0,49.0,Cents Per Lb
2025-02-03,Distillers Corn Oil,Wisconsin,,Truck,44.0,43.0,45.0,Cents Per Lb
2025-02-03,Distillers Grain,Illinois,Wet 65-70%,Truck,58.0,58.0,58.0,$ Per Ton
2025-02-03,Distillers Grain,Illinois,Dried 10%,Truck,156.0,150.0,170.0,$ Per Ton
2025-02-03,Distillers Grain,Indiana,Dried 10%,Truck,149.55,140.0,170.0,$ Per Ton
2025-02-03,Distillers Grain,Indiana,Modified Wet 55-60%,Truck,90.0,90.0,90.0,$ Per Ton
2025-02-03,Distillers Grain,Iowa,Dried 10%,Truck,147.5,135.0,160.0,$ Per Ton
2025-02-03,Distillers Grain,Iowa,Wet 65-70%,Truck,49.0,49.0,49.0,$ Per Ton
2025-02-03,Distillers Grain,Iowa,Modified Wet 55-60%,Truck,75.0,70.0,80.0,$ Per Ton
2025-02-03,Distillers Grain,Kansas,Dried 10%,Truck,185.67,167.0,195.0,$ Per Ton
2025-02-03,Distillers Grain,Kansas,Wet 65-70%,Truck,70.5,52.0,80.0,$ Per Ton
2025-02-03,Distillers Grain,Michigan,Dried 10%,Truck,152.0,140.0,170.0,$ Per Ton
2025-02-03,Distillers Grain,Michigan,Modified Wet 55-60%,Truck,90.0,90.0,90.0,$ Per Ton
2025-02-03,Distillers Grain,Minnesota,Modified Wet 55-60%,Truck,75.0,75.0,75.0,$ Per Ton
2025-02-03,Distillers Grain,Minnesota,Wet 65-70%,Truck,45.0,45.0,45.0,$ Per Ton
2025-02-03,Distillers Grain,Minnesota,Dried 10%,Truck,150.83,145.0,155.0,$ Per Ton
2025-02-03,Distillers Grain,Missouri,Dried 10%,Truck,175.0,175.0,175.0,$ Per Ton
2025-02-03,Distillers Grain,Missouri,Modified Wet 55-60%,Truck,75.0,75.0,75.0,$ Per Ton
2025-02-03,Distillers Grain,Missouri,Wet 65-70%,Truck,55.0,55.0,55.0,$ Per Ton
2025-02-03,Distillers Grain,N/A,Dried 10%,Ocean Vessel,187.0,182.0,192.0,$ Per Ton
2025-02-03,Distillers Grain,N/A,Dried 10%,Rail/Barge,165.0,165.0,165.0,$ Per Ton
2025-02-03,Distillers Grain,N/A,Dried 10%,Rail,210.0,210.0,210.0,$ Per Ton
2025-02-03,Distillers Grain,Nebraska,Wet 65-70%,Truck,64.75,55.0,70.0,$ Per Ton
2025-02-03,Distillers Grain,Nebraska,Modified Wet 55-60%,Truck,82.71,72.0,90.0,$ Per Ton
2025-02-03,Distillers Grain,Nebraska,Dried 10%,Truck,167.5,155.0,180.0,$ Per Ton
2025-02-03,Distillers Grain,Ohio,Modified Wet 55-60%,Truck,90.0,90.0,90.0,$ Per Ton
2025-02-03,Distillers Grain,Ohio,Dried 10%,Truck,155.83,135.0,170.0,$ Per Ton
2025-02-03,Distillers Grain,South Dakota,Wet 65-70%,Truck,54.0,54.0,54.0,$ Per Ton
2025-02-03,Distillers Grain,South Dakota,Dried 10%,Truck,159.0,155.0,163.0,$ Per Ton
2025-02-03,Distillers Grain,South Dakota,Modified Wet 55-60%,Truck,80.0,80.0,80.0,$ Per Ton
2025-02-03,Distillers Grain,Wisconsin,Modified Wet 55-60%,Truck,67.5,67.0,68.0,$ Per Ton
2025-02-03,Distillers Grain,Wisconsin,Dried 10%,Truck,143.0,140.0,150.0,$ Per Ton
2025-02-03,Distillers Grain,Wisconsin,Wet 65-70%,Truck,58.0,58.0,58.0,$ Per Ton
2025-02-03,Ethanol,Illinois,,Truck,1.7,1.7,1.7,$ Per Gallon
2025-02-03,Ethanol,Illinois,,Rail,1.71,1.71,1.71,$ Per Gallon
2025-02-03,Ethanol,Indiana,,Truck,1.725,1.725,1.725,$ Per Gallon
2025-02-03,Ethanol,Indiana,,Rail,1.72,1.72,1.72,$ Per Gallon
2025-02-03,Ethanol,Iowa,,Truck,1.5714,1.35,1.7,$ Per Gallon
2025-02-03,Ethanol,Iowa,,Rail,1.5825,1.58,1.585,$ Per Gallon
2025-02-03,Ethanol,Kansas,,Truck,1.5867,1.52,1.66,$ Per Gallon
2025-02-03,Ethanol,Minnesota,,Truck,1.71,1.71,1.71,$ Per Gallon
2025-02-03,Ethanol,Nebraska,,Truck,1.4867,1.35,1.61,$ Per Gallon
2025-02-03,Ethanol,Nebraska,,Rail,1.505,1.49,1.52,$ Per Gallon
2025-02-03,Ethanol,South Dakota,,Rail,1.7,1.7,1.7,$ Per Gallon
2025-02-03,Ethanol,Wisconsin,,Truck,1.68,1.68,1.68,$ Per Gallon
2025-02-10,Biodiesel,Illinois,B100,Truck,3.01,3.01,3.01,$ Per Gallon
2025-02-10,Distillers Corn Oil,Illinois,,Truck,46.2,43.0,51.0,Cents Per Lb
2025-02-10,Distillers Corn Oil,Indiana,,Truck,48.5,48.0,49.0,Cents Per Lb
2025-02-10,Distillers Corn Oil,Iowa,,Truck,45.0,45.0,45.0,Cents Per Lb
2025-02-10,Distillers Corn Oil,Kansas,,Truck,48.33,45.0,50.0,Cents Per Lb
2025-02-10,Distillers Corn Oil,Michigan,,Truck,45.8,42.0,49.0,Cents Per Lb
2025-02-10,Distillers Corn Oil,Minnesota,,Truck,45.67,43.0,49.0,Cents Per Lb
2025-02-10,Distillers Corn Oil,Missouri,,Truck,45.6,43.0,49.0,Cents Per Lb
2025-02-10,Distillers Corn Oil,Nebraska,,Truck,47.0,43.0,50.0,Cents Per Lb
2025-02-10,Distillers Corn Oil,Ohio,,Truck,45.0,42.0,49.0,Cents Per Lb
2025-02-10,Distillers Corn Oil,South Dakota,,Truck,45.33,42.0,49.0,Cents Per Lb
2025-02-10,Distillers Corn Oil,Wisconsin,,Truck,44.0,43.0,45.0,Cents Per Lb
2025-02-10,Distillers Grain,Illinois,Dried 10%,Truck,155.5,150.0,170.0,$ Per Ton
2025-02-10,Distillers Grain,Illinois,Wet 65-70%,Truck,58.0,58.0,58.0,$ Per Ton
2025-02-10,Distillers Grain,Indiana,Dried 10%,Truck,149.55,140.0,170.0,$ Per Ton
2025-02-10,Distillers Grain,Indiana,Modified Wet 55-60%,Truck,90.0,90.0,90.0,$ Per Ton
2025-02-10,Distillers Grain,Iowa,Dried 10%,Truck,146.5,130.0,160.0,$ Per Ton
2025-02-10,Distillers Grain,Iowa,Modified Wet 55-60%,Truck,74.0,70.0,80.0,$ Per Ton
2025-02-10,Distillers Grain,Iowa,Wet 65-70%,Truck,57.0,49.0,65.0,$ Per Ton
2025-02-10,Distillers Grain,Kansas,Dried 10%,Truck,182.33,167.0,190.0,$ Per Ton
2025-02-10,Distillers Grain,Kansas,Wet 65-70%,Truck,72.5,52.0,80.0,$ Per Ton
2025-02-10,Distillers Grain,Michigan,Dried 10%,Truck,152.43,140.0,170.0,$ Per Ton
2025-02-10,Distillers Grain,Michigan,Modified Wet 55-60%,Truck,90.0,90.0,90.0,$ Per Ton
2025-02-10,Distillers Grain,Minnesota,Modified Wet 55-60%,Truck,75.0,75.0,75.0,$ Per Ton
2025-02-10,Distillers Grain,Minnesota,Wet 65-70%,Truck,45.0,45.0,45.0,$ Per Ton
2025-02-10,Distillers Grain,Minnesota,Dried 10%,Truck,150.83,145.0,155.0,$ Per Ton
2025-02-10,Distillers Grain,Missouri,Dried 10%,Truck,175.0,175.0,175.0,$ Per Ton
2025-02-10,Distillers Grain,Missouri,Modified Wet 55-60%,Truck,75.0,75.0,75.0,$ Per Ton
2025-02-10,Distillers Grain,Missouri,Wet 65-70%,Truck,55.0,55.0,55.0,$ Per Ton
2025-02-10,Distillers Grain,N/A,Dried 10%,Ocean Vessel,193.5,186.0,205.0,$ Per Ton
2025-02-10,Distillers Grain,N/A,Dried 10%,Rail,210.0,210.0,210.0,$ Per Ton
2025-02-10,Distillers Grain,N/A,Dried 10%,Rail/Barge,165.0,165.0,165.0,$ Per Ton
2025-02-10,Distillers Grain,Nebraska,Wet 65-70%,Truck,62.6,54.0,70.0,$ Per Ton
2025-02-10,Distillers Grain,Nebraska,Modified Wet 55-60%,Truck,82.71,72.0,90.0,$ Per Ton
2025-02-10,Distillers Grain,Nebraska,Dried 10%,Truck,166.43,155.0,180.0,$ Per Ton
2025-02-10,Distillers Grain,Ohio,Modified Wet 55-60%,Truck,90.0,90.0,90.0,$ Per Ton
2025-02-10,Distillers Grain,Ohio,Dried 10%,Truck,155.83,135.0,170.0,$ Per Ton
2025-02-10,Distillers Grain,South Dakota,Wet 65-70%,Truck,54.0,54.0,54.0,$ Per Ton
2025-02-10,Distillers Grain,South Dakota,Dried 10%,Truck,157.75,150.0,163.0,$ Per Ton
2025-02-10,Distillers Grain,South Dakota,Modified Wet 55-60%,Truck,80.0,80.0,80.0,$ Per Ton
2025-02-10,Distillers Grain,Wisconsin,Modified Wet 55-60%,Truck,67.5,67.0,68.0,$ Per Ton
2025-02-10,Distillers Grain,Wisconsin,Dried 10%,Truck,143.0,140.0,150.0,$ Per Ton
2025-02-10,Distillers Grain,Wisconsin,Wet 65-70%,Truck,58.0,58.0,58.0,$ Per Ton
2025-02-10,Ethanol,Illinois,,Truck,1.74,1.74,1.74,$ Per Gallon
2025-02-10,Ethanol,Illinois,,Rail,1.71,1.71,1.71,$ Per Gallon
2025-02-10,Ethanol,Indiana,,Truck,1.725,1.725,1.725,$ Per Gallon
2025-02-10,Ethanol,Indiana,,Rail,1.72,1.72,1.72,$ Per Gallon
2025-02-10,Ethanol,Iowa,,Truck,1.5786,1.35,1.7,$ Per Gallon
2025-02-10,Ethanol,Iowa,,Rail,1.5825,1.58,1.585,$ Per Gallon
2025-02-10,Ethanol,Kansas,,Truck,1.62,1.56,1.68,$ Per Gallon
2025-02-10,Ethanol,Minnesota,,Truck,1.71,1.71,1.71,$ Per Gallon
2025-02-10,Ethanol,Nebraska,,Truck,1.55,1.35,1.74,$ Per Gallon
2025-02-10,Ethanol,Nebraska,,Rail,1.505,1.49,1.52,$ Per Gallon
2025-02-10,Ethanol,South Dakota,,Rail,1.7,1.7,1.7,$ Per Gallon
2025-02-10,Ethanol,Wisconsin,,Truck,1.68,1.68,1.68,$ Per Gallon
2025-02-17,Biodiesel,Illinois,B100,Truck,3.01,3.01,3.01,$ Per Gallon
2025-02-17,Distillers Corn Oil,Illinois,,Truck,46.8,44.0,53.0,Cents Per Lb
2025-02-17,Distillers Corn Oil,Indiana,,Truck,48.5,48.0,49.0,Cents Per Lb
2025-02-17,Distillers Corn Oil,Iowa,,Truck,45.0,45.0,45.0,Cents Per Lb
2025-02-17,Distillers Corn Oil,Kansas,,Truck,48.33,45.0,50.0,Cents Per Lb
2025-02-17,Distillers Corn Oil,Michigan,,Truck,46.2,42.0,49.0,Cents Per Lb
2025-02-17,Distillers Corn Oil,Minnesota,,Truck,45.67,43.0,49.0,Cents Per Lb
2025-02-17,Distillers Corn Oil,Missouri,,Truck,45.6,43.0,49.0,Cents Per Lb
2025-02-17,Distillers Corn Oil,Nebraska,,Truck,47.0,43.0,50.0,Cents Per Lb
2025-02-17,Distillers Corn Oil,Ohio,,Truck,45.0,42.0,49.0,Cents Per Lb
2025-02-17,Distillers Corn Oil,South Dakota,,Truck,45.33,42.0,49.0,Cents Per Lb
2025-02-17,Distillers Corn Oil,Wisconsin,,Truck,44.5,44.0,45.0,Cents Per Lb
2025-02-17,Distillers Grain,Illinois,Dried 10%,Truck,159.67,150.0,190.0,$ Per Ton
2025-02-17,Distillers Grain,Illinois,Wet 65-70%,Truck,58.0,58.0,58.0,$ Per Ton
2025-02-17,Distillers Grain,Indiana,Dried 10%,Truck,149.55,140.0,170.0,$ Per Ton
2025-02-17,Distillers Grain,Indiana,Modified Wet 55-60%,Truck,90.0,90.0,90.0,$ Per Ton
2025-02-17,Distillers Grain,Iowa,Dried 10%,Truck,146.5,130.0,160.0,$ Per Ton
2025-02-17,Distillers Grain,Iowa,Wet 65-70%,Truck,57.0,49.0,65.0,$ Per Ton
2025-02-17,Distillers Grain,Iowa,Modified Wet 55-60%,Truck,74.0,70.0,80.0,$ Per Ton
2025-02-17,Distillers Grain,Kansas,Dried 10%,Truck,182.33,167.0,190.0,$ Per Ton
2025-02-17,Distillers Grain,Kansas,Wet 65-70%,Truck,72.5,52.0,80.0,$ Per Ton
2025-02-17,Distillers Grain,Michigan,Dried 10%,Truck,154.63,140.0,170.0,$ Per Ton
2025-02-17,Distillers Grain,Michigan,Modified Wet 55-60%,Truck,90.0,90.0,90.0,$ Per Ton
2025-02-17,Distillers Grain,Minnesota,Modified Wet 55-60%,Truck,75.0,75.0,75.0,$ Per Ton
2025-02-17,Distillers Grain,Minnesota,Wet 65-70%,Truck,45.0,45.0,45.0,$ Per Ton
2025-02-17,Distillers Grain,Minnesota,Dried 10%,Truck,150.83,145.0,155.0,$ Per Ton
2025-02-17,Distillers Grain,Missouri,Dried 10%,Truck,175.0,175.0,175.0,$ Per Ton
2025-02-17,Distillers Grain,Missouri,Modified Wet 55-60%,Truck,75.0,75.0,75.0,$ Per Ton
2025-02-17,Distillers Grain,Missouri,Wet 65-70%,Truck,55.0,55.0,55.0,$ Per Ton
2025-02-17,Distillers Grain,N/A,Dried 10%,Ocean Vessel,194.75,186.0,205.0,$ Per Ton
2025-02-17,Distillers Grain,N/A,Dried 10%,Rail/Barge,165.0,165.0,165.0,$ Per Ton
2025-02-17,Distillers Grain,N/A,Dried 10%,Rail,210.0,210.0,210.0,$ Per Ton
2025-02-17,Distillers Grain,Nebraska,Wet 65-70%,Truck,62.6,54.0,70.0,$ Per Ton
2025-02-17,Distillers Grain,Nebraska,Modified Wet 55-60%,Truck,82.71,72.0,90.0,$ Per Ton
2025-02-17,Distillers Grain,Nebraska,Dried 10%,Truck,166.43,155.0,180.0,$ Per Ton
2025-02-17,Distillers Grain,Ohio,Dried 10%,Truck,155.83,135.0,170.0,$ Per Ton
2025-02-17,Distillers Grain,Ohio,Modified Wet 55-60%,Truck,90.0,90.0,90.0,$ Per Ton
2025-02-17,Distillers Grain,South Dakota,Wet 65-70%,Truck,54.0,54.0,54.0,$ Per Ton
2025-02-17,Distillers Grain,South Dakota,Dried 10%,Truck,157.75,150.0,163.0,$ Per Ton
2025-02-17,Distillers Grain,South Dakota,Modified Wet 55-60%,Truck,80.0,80.0,80.0,$ Per Ton
2025-02-17,Distillers Grain,Wisconsin,Wet 65-70%,Truck,58.0,58.0,58.0,$ Per Ton
2025-02-17,Distillers Grain,Wisconsin,Modified Wet 55-60%,Truck,67.5,67.0,68.0,$ Per Ton
2025-02-17,Distillers Grain,Wisconsin,Dried 10%,Truck,143.0,140.0,150.0,$ Per Ton
2025-02-17,Ethanol,Illinois,,Truck,1.74,1.74,1.74,$ Per Gallon
2025-02-17,Ethanol,Illinois,,Rail,1.71,1.71,1.71,$ Per Gallon
2025-02-17,Ethanol,Indiana,,Truck,1.725,1.725,1.725,$ Per Gallon
2025-02-17,Ethanol,Indiana,,Rail,1.72,1.72,1.72,$ Per Gallon
2025-02-17,Ethanol,Iowa,,Truck,1.5786,1.35,1.7,$ Per Gallon
2025-02-17,Ethanol,Iowa,,Rail,1.5825,1.58,1.585,$ Per Gallon
2025-02-17,Ethanol,Kansas,,Truck,1.62,1.56,1.68,$ Per Gallon
2025-02-17,Ethanol,Minnesota,,Truck,1.71,1.71,1.71,$ Per Gallon
2025-02-17,Ethanol,Nebraska,,Truck,1.55,1.35,1.74,$ Per Gallon
2025-02-17,Ethanol,Nebraska,,Rail,1.505,1.49,1.52,$ Per Gallon
2025-02-17,Ethanol,South Dakota,,Rail,1.7,1.7,1.7,$ Per Gallon
2025-02-17,Ethanol,Wisconsin,,Truck,1.68,1.68,1.68,$ Per Gallon
2025-02-24,Biodiesel,Illinois,B100,Truck,3.01,3.01,3.01,$ Per Gallon
2025-02-24,Distillers Corn Oil,Illinois,,Truck,46.8,44.0,53.0,Cents Per Lb
2025-02-24,Distillers Corn Oil,Indiana,,Truck,48.5,48.0,49.0,Cents Per Lb
2025-02-24,Distillers Corn Oil,Iowa,,Truck,45.0,45.0,45.0,Cents Per Lb
2025-02-24,Distillers Corn Oil,Kansas,,Truck,48.33,45.0,50.0,Cents Per Lb
2025-02-24,Distillers Corn Oil,Michigan,,Truck,46.2,42.0,49.0,Cents Per Lb
2025-02-24,Distillers Corn Oil,Minnesota,,Truck,45.67,43.0,49.0,Cents Per Lb
2025-02-24,Distillers Corn Oil,Missouri,,Truck,45.6,43.0,49.0,Cents Per Lb
2025-02-24,Distillers Corn Oil,Nebraska,,Truck,48.13,43.0,52.0,Cents Per Lb
2025-02-24,Distillers Corn Oil,Ohio,,Truck,45.0,42.0,49.0,Cents Per Lb
2025-02-24,Distillers Corn Oil,South Dakota,,Truck,45.33,42.0,49.0,Cents Per Lb
2025-02-24,Distillers Corn Oil,Wisconsin,,Truck,46.0,44.0,48.0,Cents Per Lb
2025-02-24,Distillers Grain,Illinois,Dried 10%,Truck,160.0,150.0,190.0,$ Per Ton
2025-02-24,Distillers Grain,Illinois,Wet 65-70%,Truck,58.0,58.0,58.0,$ Per Ton
2025-02-24,Distillers Grain,Indiana,Dried 10%,Truck,149.36,138.0,170.0,$ Per Ton
2025-02-24,Distillers Grain,Indiana,Modified Wet 55-60%,Truck,90.0,90.0,90.0,$ Per Ton
2025-02-24,Distillers Grain,Iowa,Wet 65-70%,Truck,55.5,49.0,62.0,$ Per Ton
2025-02-24,Distillers Grain,Iowa,Modified Wet 55-60%,Truck,72.6,70.0,75.0,$ Per Ton
2025-02-24,Distillers Grain,Iowa,Dried 10%,Truck,147.33,130.0,160.0,$ Per Ton
2025-02-24,Distillers Grain,Kansas,Dried 10%,Truck,181.67,165.0,190.0,$ Per Ton
2025-02-24,Distillers Grain,Kansas,Wet 65-70%,Truck,70.25,55.0,76.0,$ Per Ton
2025-02-24,Distillers Grain,Michigan,Dried 10%,Truck,154.63,140.0,170.0,$ Per Ton
2025-02-24,Distillers Grain,Michigan,Modified Wet 55-60%,Truck,90.0,90.0,90.0,$ Per Ton
2025-02-24,Distillers Grain,Minnesota,Modified Wet 55-60%,Truck,72.0,72.0,72.0,$ Per Ton
2025-02-24,Distillers Grain,Minnesota,Wet 65-70%,Truck,45.0,45.0,45.0,$ Per Ton
2025-02-24,Distillers Grain,Minnesota,Dried 10%,Truck,149.67,140.0,155.0,$ Per Ton
2025-02-24,Distillers Grain,Missouri,Dried 10%,Truck,175.0,175.0,175.0,$ Per Ton
2025-02-24,Distillers Grain,Missouri,Modified Wet 55-60%,Truck,75.0,75.0,75.0,$ Per Ton
2025-02-24,Distillers Grain,Missouri,Wet 65-70%,Truck,55.0,55.0,55.0,$ Per Ton
2025-02-24,Distillers Grain,N/A,Dried 10%,Ocean Vessel,197.25,186.0,215.0,$ Per Ton
2025-02-24,Distillers Grain,N/A,Dried 10%,Rail/Barge,165.0,165.0,165.0,$ Per Ton
2025-02-24,Distillers Grain,N/A,Dried 10%,Rail,210.0,210.0,210.0,$ Per Ton
2025-02-24,Distillers Grain,Nebraska,Wet 65-70%,Truck,62.8,54.0,71.0,$ Per Ton
2025-02-24,Distillers Grain,Nebraska,Modified Wet 55-60%,Truck,80.75,72.0,86.0,$ Per Ton
2025-02-24,Distillers Grain,Nebraska,Dried 10%,Truck,165.71,155.0,175.0,$ Per Ton
2025-02-24,Distillers Grain,Ohio,Modified Wet 55-60%,Truck,90.0,90.0,90.0,$ Per Ton
2025-02-24,Distillers Grain,Ohio,Dried 10%,Truck,155.83,135.0,170.0,$ Per Ton
2025-02-24,Distillers Grain,South Dakota,Wet 65-70%,Truck,54.0,54.0,54.0,$ Per Ton
2025-02-24,Distillers Grain,South Dakota,Dried 10%,Truck,158.75,155.0,160.0,$ Per Ton
2025-02-24,Distillers Grain,South Dakota,Modified Wet 55-60%,Truck,80.0,80.0,80.0,$ Per Ton
2025-02-24,Distillers Grain,Wisconsin,Modified Wet 55-60%,Truck,67.5,67.0,68.0,$ Per Ton
2025-02-24,Distillers Grain,Wisconsin,Dried 10%,Truck,144.25,140.0,150.0,$ Per Ton
2025-02-24,Distillers Grain,Wisconsin,Wet 65-70%,Truck,58.0,58.0,58.0,$ Per Ton
2025-02-24,Ethanol,Illinois,,Truck,1.75,1.75,1.75,$ Per Gallon
2025-02-24,Ethanol,Illinois,,Rail,1.67,1.65,1.69,$ Per Gallon
2025-02-24,Ethanol,Indiana,,Truck,1.725,1.725,1.725,$ Per Gallon
2025-02-24,Ethanol,Indiana,,Rail,1.67,1.65,1.69,$ Per Gallon
2025-02-24,Ethanol,Iowa,,Truck,1.6063,1.35,1.75,$ Per Gallon
2025-02-24,Ethanol,Iowa,,Rail,1.6183,1.58,1.69,$ Per Gallon
2025-02-24,Ethanol,Kansas,,Truck,1.62,1.56,1.68,$ Per Gallon
2025-02-24,Ethanol,Minnesota,,Truck,1.71,1.71,1.71,$ Per Gallon
2025-02-24,Ethanol,Nebraska,,Truck,1.578,1.35,1.74,$ Per Gallon
2025-02-24,Ethanol,Nebraska,,Rail,1.5533,1.49,1.65,$ Per Gallon
2025-02-24,Ethanol,South Dakota,,Rail,1.7,1.7,1.7,$ Per Gallon
2025-02-24,Ethanol,Wisconsin,,Truck,1.67,1.65,1.69,$ Per Gallon
2025-03-03,Distillers Corn Oil,Illinois,,Truck,46.6,44.0,50.0,Cents Per Lb
2025-03-03,Distillers Corn Oil,Indiana,,Truck,48.5,48.0,49.0,Cents Per Lb
2025-03-03,Distillers Corn Oil,Iowa,,Truck,47.0,47.0,47.0,Cents Per Lb
2025-03-03,Distillers Corn Oil,Kansas,,Truck,48.33,45.0,50.0,Cents Per Lb
2025-03-03,Distillers Corn Oil,Michigan,,Truck,45.8,42.0,49.0,Cents Per Lb
2025-03-03,Distillers Corn Oil,Minnesota,,Truck,46.0,43.0,49.0,Cents Per Lb
2025-03-03,Distillers Corn Oil,Missouri,,Truck,45.6,43.0,49.0,Cents Per Lb
2025-03-03,Distillers Corn Oil,Nebraska,,Truck,47.88,43.0,52.0,Cents Per Lb
2025-03-03,Distillers Corn Oil,Ohio,,Truck,45.0,42.0,49.0,Cents Per Lb
2025-03-03,Distillers Corn Oil,South Dakota,,Truck,45.56,42.0,49.0,Cents Per Lb
2025-03-03,Distillers Corn Oil,Wisconsin,,Truck,46.0,44.0,48.0,Cents Per Lb
2025-03-03,Distillers Grain,Illinois,Dried 10%,Truck,154.67,145.0,167.0,$ Per Ton
2025-03-03,Distillers Grain,Illinois,Wet 65-70%,Truck,58.0,58.0,58.0,$ Per Ton
2025-03-03,Distillers Grain,Indiana,Dried 10%,Truck,147.91,132.0,170.0,$ Per Ton
2025-03-03,Distillers Grain,Indiana,Modified Wet 55-60%,Truck,90.0,90.0,90.0,$ Per Ton
2025-03-03,Distillers Grain,Iowa,Modified Wet 55-60%,Truck,71.6,65.0,75.0,$ Per Ton
2025-03-03,Distillers Grain,Iowa,Wet 65-70%,Truck,54.5,47.0,62.0,$ Per Ton
2025-03-03,Distillers Grain,Iowa,Dried 10%,Truck,146.77,130.0,160.0,$ Per Ton
2025-03-03,Distillers Grain,Kansas,Dried 10%,Truck,180.0,165.0,190.0,$ Per Ton
2025-03-03,Distillers Grain,Kansas,Wet 65-70%,Truck,68.8,55.0,76.0,$ Per Ton
2025-03-03,Distillers Grain,Michigan,Dried 10%,Truck,152.86,135.0,170.0,$ Per Ton
2025-03-03,Distillers Grain,Michigan,Modified Wet 55-60%,Truck,90.0,90.0,90.0,$ Per Ton
2025-03-03,Distillers Grain,Minnesota,Dried 10%,Truck,149.17,140.0,155.0,$ Per Ton
2025-03-03,Distillers Grain,Minnesota,Modified Wet 55-60%,Truck,72.0,72.0,72.0,$ Per Ton
2025-03-03,Distillers Grain,Minnesota,Wet 65-70%,Truck,45.0,45.0,45.0,$ Per Ton
2025-03-03,Distillers Grain,Missouri,Wet 65-70%,Truck,55.0,55.0,55.0,$ Per Ton
2025-03-03,Distillers Grain,Missouri,Dried 10%,Truck,166.67,160.0,170.0,$ Per Ton
2025-03-03,Distillers Grain,Missouri,Modified Wet 55-60%,Truck,90.0,90.0,90.0,$ Per Ton
2025-03-03,Distillers Grain,N/A,Dried 10%,Ocean Vessel,188.0,185.0,195.0,$ Per Ton
2025-03-03,Distillers Grain,N/A,Dried 10%,Rail/Barge,165.0,165.0,165.0,$ Per Ton
2025-03-03,Distillers Grain,Nebraska,Wet 65-70%,Truck,62.8,54.0,71.0,$ Per Ton
2025-03-03,Distillers Grain,Nebraska,Modified Wet 55-60%,Truck,79.0,72.0,85.0,$ Per Ton
2025-03-03,Distillers Grain,Nebraska,Dried 10%,Truck,161.5,150.0,175.0,$ Per Ton
2025-03-03,Distillers Grain,Ohio,Dried 10%,Truck,155.0,140.0,170.0,$ Per Ton
2025-03-03,Distillers Grain,Ohio,Modified Wet 55-60%,Truck,90.0,90.0,90.0,$ Per Ton
2025-03-03,Distillers Grain,South Dakota,Wet 65-70%,Truck,54.0,54.0,54.0,$ Per Ton
2025-03-03,Distillers Grain,South Dakota,Dried 10%,Truck,154.0,145.0,160.0,$ Per Ton
2025-03-03,Distillers Grain,South Dakota,Modified Wet 55-60%,Truck,75.0,75.0,75.0,$ Per Ton
2025-03-03,Distillers Grain,Wisconsin,Modified Wet 55-60%,Truck,67.5,67.0,68.0,$ Per Ton
2025-03-03,Distillers Grain,Wisconsin,Dried 10%,Truck,144.25,140.0,150.0,$ Per Ton
2025-03-03,Distillers Grain,Wisconsin,Wet 65-70%,Truck,58.0,58.0,58.0,$ Per Ton
2025-03-03,Ethanol,Illinois,,Truck,1.75,1.75,1.75,$ Per Gallon
2025-03-03,Ethanol,Illinois,,Rail,1.67,1.65,1.69,$ Per Gallon
2025-03-03,Ethanol,Indiana,,Truck,1.725,1.725,1.725,$ Per Gallon
2025-03-03,Ethanol,Indiana,,Rail,1.67,1.65,1.69,$ Per Gallon
2025-03-03,Ethanol,Iowa,,Truck,1.5788,1.35,1.75,$ Per Gallon
2025-03-03,Ethanol,Iowa,,Rail,1.6183,1.58,1.69,$ Per Gallon
2025-03-03,Ethanol,Kansas,,Truck,1.62,1.56,1.68,$ Per Gallon
2025-03-03,Ethanol,Minnesota,,Truck,1.48,1.48,1.48,$ Per Gallon
2025-03-03,Ethanol,Nebraska,,Truck,1.578,1.35,1.74,$ Per Gallon
2025-03-03,Ethanol,Nebraska,,Rail,1.5533,1.49,1.65,$ Per Gallon
2025-03-03,Ethanol,South Dakota,,Rail,1.47,1.47,1.47,$ Per Gallon
2025-03-03,Ethanol,Wisconsin,,Truck,1.67,1.65,1.69,$ Per Gallon
2025-03-10,Distillers Corn Oil,Illinois,,Truck,46.6,44.0,50.0,Cents Per Lb
2025-03-10,Distillers Corn Oil,Indiana,,Truck,48.5,48.0,49.0,Cents Per Lb
2025-03-10,Distillers Corn Oil,Iowa,,Truck,47.0,47.0,47.0,Cents Per Lb
2025-03-10,Distillers Corn Oil,Kansas,,Truck,49.67,49.0,50.0,Cents Per Lb
2025-03-10,Distillers Corn Oil,Michigan,,Truck,45.8,42.0,49.0,Cents Per Lb
2025-03-10,Distillers Corn Oil,Minnesota,,Truck,46.0,43.0,49.0,Cents Per Lb
2025-03-10,Distillers Corn Oil,Missouri,,Truck,45.6,43.0,49.0,Cents Per Lb
2025-03-10,Distillers Corn Oil,Nebraska,,Truck,47.88,43.0,52.0,Cents Per Lb
2025-03-10,Distillers Corn Oil,Ohio,,Truck,45.0,42.0,49.0,Cents Per Lb
2025-03-10,Distillers Corn Oil,South Dakota,,Truck,45.56,42.0,49.0,Cents Per Lb
2025-03-10,Distillers Corn Oil,Wisconsin,,Truck,46.0,44.0,48.0,Cents Per Lb
2025-03-10,Distillers Grain,Illinois,Dried 10%,Truck,155.67,145.0,167.0,$ Per Ton
2025-03-10,Distillers Grain,Illinois,Wet 65-70%,Truck,58.0,58.0,58.0,$ Per Ton
2025-03-10,Distillers Grain,Indiana,Dried 10%,Truck,148.45,138.0,170.0,$ Per Ton
2025-03-10,Distillers Grain,Indiana,Modified Wet 55-60%,Truck,90.0,90.0,90.0,$ Per Ton
2025-03-10,Distillers Grain,Iowa,Dried 10%,Truck,145.69,130.0,160.0,$ Per Ton
2025-03-10,Distillers Grain,Iowa,Modified Wet 55-60%,Truck,71.0,65.0,75.0,$ Per Ton
2025-03-10,Distillers Grain,Iowa,Wet 65-70%,Truck,54.5,47.0,62.0,$ Per Ton
2025-03-10,Distillers Grain,Kansas,Dried 10%,Truck,175.0,165.0,180.0,$ Per Ton
2025-03-10,Distillers Grain,Kansas,Wet 65-70%,Truck,70.0,57.0,77.0,$ Per Ton
2025-03-10,Distillers Grain,Michigan,Modified Wet 55-60%,Truck,90.0,90.0,90.0,$ Per Ton
2025-03-10,Distillers Grain,Michigan,Dried 10%,Truck,153.43,135.0,170.0,$ Per Ton
2025-03-10,Distillers Grain,Minnesota,Modified Wet 55-60%,Truck,70.0,70.0,70.0,$ Per Ton
2025-03-10,Distillers Grain,Minnesota,Wet 65-70%,Truck,45.0,45.0,45.0,$ Per Ton
2025-03-10,Distillers Grain,Minnesota,Dried 10%,Truck,148.83,138.0,155.0,$ Per Ton
2025-03-10,Distillers Grain,Missouri,Dried 10%,Truck,166.67,160.0,170.0,$ Per Ton
2025-03-10,Distillers Grain,Missouri,Modified Wet 55-60%,Truck,90.0,90.0,90.0,$ Per Ton
2025-03-10,Distillers Grain,Missouri,Wet 65-70%,Truck,55.0,55.0,55.0,$ Per Ton
2025-03-10,Distillers Grain,N/A,Dried 10%,Rail,210.0,210.0,210.0,$ Per Ton
2025-03-10,Distillers Grain,N/A,Dried 10%,Rail/Barge,165.0,165.0,165.0,$ Per Ton
2025-03-10,Distillers Grain,N/A,Dried 10%,Ocean Vessel,194.0,186.0,205.0,$ Per Ton
2025-03-10,Distillers Grain,Nebraska,Wet 65-70%,Truck,62.8,54.0,71.0,$ Per Ton
2025-03-10,Distillers Grain,Nebraska,Modified Wet 55-60%,Truck,78.38,72.0,85.0,$ Per Ton
2025-03-10,Distillers Grain,Nebraska,Dried 10%,Truck,161.25,150.0,175.0,$ Per Ton
2025-03-10,Distillers Grain,Ohio,Modified Wet 55-60%,Truck,90.0,90.0,90.0,$ Per Ton
2025-03-10,Distillers Grain,Ohio,Dried 10%,Truck,155.0,140.0,170.0,$ Per Ton
2025-03-10,Distillers Grain,South Dakota,Wet 65-70%,Truck,54.0,54.0,54.0,$ Per Ton
2025-03-10,Distillers Grain,South Dakota,Dried 10%,Truck,150.0,145.0,155.0,$ Per Ton
2025-03-10,Distillers Grain,South Dakota,Modified Wet 55-60%,Truck,75.0,75.0,75.0,$ Per Ton
2025-03-10,Distillers Grain,Wisconsin,Modified Wet 55-60%,Truck,67.5,67.0,68.0,$ Per Ton
2025-03-10,Distillers Grain,Wisconsin,Dried 10%,Truck,144.25,140.0,150.0,$ Per Ton
2025-03-10,Distillers Grain,Wisconsin,Wet 65-70%,Truck,58.0,58.0,58.0,$ Per Ton
2025-03-10,Ethanol,Illinois,,Rail,1.69,1.69,1.69,$ Per Gallon
2025-03-10,Ethanol,Illinois,,Truck,1.75,1.75,1.75,$ Per Gallon
2025-03-10,Ethanol,Indiana,,Rail,1.71,1.71,1.71,$ Per Gallon
2025-03-10,Ethanol,Iowa,,Truck,1.5686,1.35,1.75,$ Per Gallon
2025-03-10,Ethanol,Iowa,,Rail,1.5717,1.55,1.585,$ Per Gallon
2025-03-10,Ethanol,Kansas,,Truck,1.6067,1.56,1.64,$ Per Gallon
2025-03-10,Ethanol,Minnesota,,Truck,1.48,1.48,1.48,$ Per Gallon
2025-03-10,Ethanol,Nebraska,,Truck,1.578,1.35,1.74,$ Per Gallon
2025-03-10,Ethanol,Nebraska,,Rail,1.5533,1.49,1.65,$ Per Gallon
2025-03-10,Ethanol,South Dakota,,Rail,1.47,1.47,1.47,$ Per Gallon
2025-03-10,Ethanol,Wisconsin,,Truck,1.67,1.65,1.69,$ Per Gallon
2025-03-17,Distillers Corn Oil,Illinois,,Truck,46.6,44.0,50.0,Cents Per Lb
2025-03-17,Distillers Corn Oil,Indiana,,Truck,48.5,48.0,49.0,Cents Per Lb
2025-03-17,Distillers Corn Oil,Iowa,,Truck,49.0,45.0,54.0,Cents Per Lb
2025-03-17,Distillers Corn Oil,Kansas,,Truck,49.67,49.0,50.0,Cents Per Lb
2025-03-17,Distillers Corn Oil,Michigan,,Truck,45.8,42.0,49.0,Cents Per Lb
2025-03-17,Distillers Corn Oil,Minnesota,,Truck,46.0,43.0,49.0,Cents Per Lb
2025-03-17,Distillers Corn Oil,Missouri,,Truck,45.6,43.0,49.0,Cents Per Lb
2025-03-17,Distillers Corn Oil,Nebraska,,Truck,47.88,43.0,52.0,Cents Per Lb
2025-03-17,Distillers Corn Oil,Ohio,,Truck,45.0,42.0,49.0,Cents Per Lb
2025-03-17,Distillers Corn Oil,South Dakota,,Truck,45.56,42.0,49.0,Cents Per Lb
2025-03-17,Distillers Corn Oil,Wisconsin,,Truck,46.0,44.0,48.0,Cents Per Lb
2025-03-17,Distillers Grain,Illinois,Dried 10%,Truck,155.8,145.0,167.0,$ Per Ton
2025-03-17,Distillers Grain,Illinois,Wet 65-70%,Truck,58.0,58.0,58.0,$ Per Ton
2025-03-17,Distillers Grain,Indiana,Modified Wet 55-60%,Truck,90.0,90.0,90.0,$ Per Ton
2025-03-17,Distillers Grain,Indiana,Dried 10%,Truck,148.64,140.0,170.0,$ Per Ton
2025-03-17,Distillers Grain,Iowa,Modified Wet 55-60%,Truck,71.0,65.0,75.0,$ Per Ton
2025-03-17,Distillers Grain,Iowa,Dried 10%,Truck,146.23,130.0,166.0,$ Per Ton
2025-03-17,Distillers Grain,Iowa,Wet 65-70%,Truck,56.0,47.0,65.0,$ Per Ton
2025-03-17,Distillers Grain,Kansas,Wet 65-70%,Truck,70.0,57.0,77.0,$ Per Ton
2025-03-17,Distillers Grain,Kansas,Dried 10%,Truck,175.0,165.0,180.0,$ Per Ton
2025-03-17,Distillers Grain,Michigan,Modified Wet 55-60%,Truck,90.0,90.0,90.0,$ Per Ton
2025-03-17,Distillers Grain,Michigan,Dried 10%,Truck,153.43,135.0,170.0,$ Per Ton
2025-03-17,Distillers Grain,Minnesota,Wet 65-70%,Truck,45.0,45.0,45.0,$ Per Ton
2025-03-17,Distillers Grain,Minnesota,Modified Wet 55-60%,Truck,70.0,70.0,70.0,$ Per Ton
2025-03-17,Distillers Grain,Minnesota,Dried 10%,Truck,148.33,140.0,155.0,$ Per Ton
2025-03-17,Distillers Grain,Missouri,Wet 65-70%,Truck,55.0,55.0,55.0,$ Per Ton
2025-03-17,Distillers Grain,Missouri,Modified Wet 55-60%,Truck,90.0,90.0,90.0,$ Per Ton
2025-03-17,Distillers Grain,Missouri,Dried 10%,Truck,166.67,160.0,170.0,$ Per Ton
2025-03-17,Distillers Grain,N/A,Dried 10%,Rail,210.0,210.0,210.0,$ Per Ton
2025-03-17,Distillers Grain,N/A,Dried 10%,Rail/Barge,165.0,165.0,165.0,$ Per Ton
2025-03-17,Distillers Grain,N/A,Dried 10%,Ocean Vessel,193.0,186.0,203.0,$ Per Ton
2025-03-17,Distillers Grain,Nebraska,Wet 65-70%,Truck,62.8,54.0,71.0,$ Per Ton
2025-03-17,Distillers Grain,Nebraska,Modified Wet 55-60%,Truck,78.38,72.0,85.0,$ Per Ton
2025-03-17,Distillers Grain,Nebraska,Dried 10%,Truck,161.5,150.0,175.0,$ Per Ton
2025-03-17,Distillers Grain,Ohio,Modified Wet 55-60%,Truck,90.0,90.0,90.0,$ Per Ton
2025-03-17,Distillers Grain,Ohio,Dried 10%,Truck,155.0,140.0,170.0,$ Per Ton
2025-03-17,Distillers Grain,South Dakota,Wet 65-70%,Truck,54.0,54.0,54.0,$ Per Ton
2025-03-17,Distillers Grain,South Dakota,Dried 10%,Truck,150.0,145.0,155.0,$ Per Ton
2025-03-17,Distillers Grain,South Dakota,Modified Wet 55-60%,Truck,75.0,75.0,75.0,$ Per Ton
2025-03-17,Distillers Grain,Wisconsin,Wet 65-70%,Truck,58.0,58.0,58.0,$ Per Ton
2025-03-17,Distillers Grain,Wisconsin,Modified Wet 55-60%,Truck,67.5,67.0,68.0,$ Per Ton
2025-03-17,Distillers Grain,Wisconsin,Dried 10%,Truck,144.25,140.0,150.0,$ Per Ton
2025-03-17,Ethanol,Illinois,,Rail,1.74,1.71,1.77,$ Per Gallon
2025-03-17,Ethanol,Indiana,,Rail,1.71,1.71,1.71,$ Per Gallon
2025-03-17,Ethanol,Iowa,,Truck,1.5686,1.35,1.75,$ Per Gallon
2025-03-17,Ethanol,Iowa,,Rail,1.595,1.58,1.62,$ Per Gallon
2025-03-17,Ethanol,Kansas,,Truck,1.6067,1.56,1.64,$ Per Gallon
2025-03-17,Ethanol,Minnesota,,Truck,1.48,1.48,1.48,$ Per Gallon
2025-03-17,Ethanol,Nebraska,,Truck,1.564,1.35,1.74,$ Per Gallon
2025-03-17,Ethanol,Nebraska,,Rail,1.505,1.49,1.52,$ Per Gallon
2025-03-17,Ethanol,South Dakota,,Rail,1.47,1.47,1.47,$ Per Gallon
2025-03-17,Ethanol,Wisconsin,,Truck,1.67,1.65,1.69,$ Per Gallon
2025-03-24,Distillers Corn Oil,Illinois,,Truck,47.71,44.0,54.0,Cents Per Lb
2025-03-24,Distillers Corn Oil,Indiana,,Truck,48.5,48.0,49.0,Cents Per Lb
2025-03-24,Distillers Corn Oil,Iowa,,Truck,47.0,47.0,47.0,Cents Per Lb
2025-03-24,Distillers Corn Oil,Kansas,,Truck,49.67,49.0,50.0,Cents Per Lb
2025-03-24,Distillers Corn Oil,Michigan,,Truck,45.8,42.0,49.0,Cents Per Lb
2025-03-24,Distillers Corn Oil,Minnesota,,Truck,46.29,43.0,49.0,Cents Per Lb
2025-03-24,Distillers Corn Oil,Missouri,,Truck,45.6,43.0,49.0,Cents Per Lb
2025-03-24,Distillers Corn Oil,Nebraska,,Truck,47.75,43.0,51.0,Cents Per Lb
2025-03-24,Distillers Corn Oil,Ohio,,Truck,45.75,42.0,49.0,Cents Per Lb
2025-03-24,Distillers Corn Oil,South Dakota,,Truck,46.4,42.0,49.5,Cents Per Lb
2025-03-24,Distillers Corn Oil,Wisconsin,,Truck,44.5,44.0,45.0,Cents Per Lb
2025-03-24,Distillers Grain,Illinois,Wet 65-70%,Truck,58.0,58.0,58.0,$ Per Ton
2025-03-24,Distillers Grain,Illinois,Dried 10%,Truck,156.33,145.0,175.0,$ Per Ton
2025-03-24,Distillers Grain,Indiana,Dried 10%,Truck,148.64,140.0,170.0,$ Per Ton
2025-03-24,Distillers Grain,Indiana,Modified Wet 55-60%,Truck,90.0,90.0,90.0,$ Per Ton
2025-03-24,Distillers Grain,Iowa,Dried 10%,Truck,148.25,130.0,175.0,$ Per Ton
2025-03-24,Distillers Grain,Iowa,Modified Wet 55-60%,Truck,71.0,55.0,80.0,$ Per Ton
2025-03-24,Distillers Grain,Iowa,Wet 65-70%,Truck,56.0,47.0,65.0,$ Per Ton
2025-03-24,Distillers Grain,Kansas,Wet 65-70%,Truck,65.0,50.0,72.0,$ Per Ton
2025-03-24,Distillers Grain,Kansas,Dried 10%,Truck,170.2,160.0,178.0,$ Per Ton
2025-03-24,Distillers Grain,Michigan,Modified Wet 55-60%,Truck,90.0,90.0,90.0,$ Per Ton
2025-03-24,Distillers Grain,Michigan,Dried 10%,Truck,152.71,135.0,170.0,$ Per Ton
2025-03-24,Distillers Grain,Minnesota,Dried 10%,Truck,145.83,135.0,155.0,$ Per Ton
2025-03-24,Distillers Grain,Minnesota,Modified Wet 55-60%,Truck,70.0,70.0,70.0,$ Per Ton
2025-03-24,Distillers Grain,Minnesota,Wet 65-70%,Truck,50.0,45.0,55.0,$ Per Ton
2025-03-24,Distillers Grain,Missouri,Modified Wet 55-60%,Truck,90.0,90.0,90.0,$ Per Ton
2025-03-24,Distillers Grain,Missouri,Wet 65-70%,Truck,55.0,55.0,55.0,$ Per Ton
2025-03-24,Distillers Grain,Missouri,Dried 10%,Truck,166.67,160.0,170.0,$ Per Ton
2025-03-24,Distillers Grain,N/A,Dried 10%,Ocean Vessel,199.0,186.0,210.0,$ Per Ton
2025-03-24,Distillers Grain,N/A,Dried 10%,Rail/Barge,165.0,165.0,165.0,$ Per Ton
2025-03-24,Distillers Grain,Nebraska,Wet 65-70%,Truck,63.2,54.0,70.0,$ Per Ton
2025-03-24,Distillers Grain,Nebraska,Modified Wet 55-60%,Truck,76.25,65.0,85.0,$ Per Ton
2025-03-24,Distillers Grain,Nebraska,Dried 10%,Truck,158.75,140.0,175.0,$ Per Ton
2025-03-24,Distillers Grain,Ohio,Modified Wet 55-60%,Truck,90.0,90.0,90.0,$ Per Ton
2025-03-24,Distillers Grain,Ohio,Dried 10%,Truck,155.83,140.0,170.0,$ Per Ton
2025-03-24,Distillers Grain,South Dakota,Wet 65-70%,Truck,57.0,54.0,60.0,$ Per Ton
2025-03-24,Distillers Grain,South Dakota,Modified Wet 55-60%,Truck,79.75,75.0,82.0,$ Per Ton
2025-03-24,Distillers Grain,South Dakota,Dried 10%,Truck,152.0,145.0,155.0,$ Per Ton
2025-03-24,Distillers Grain,Wisconsin,Wet 65-70%,Truck,59.0,59.0,59.0,$ Per Ton
2025-03-24,Distillers Grain,Wisconsin,Modified Wet 55-60%,Truck,66.5,65.0,68.0,$ Per Ton
2025-03-24,Distillers Grain,Wisconsin,Dried 10%,Truck,145.5,137.0,160.0,$ Per Ton
2025-03-24,Ethanol,Illinois,,Truck,1.75,1.75,1.75,$ Per Gallon
2025-03-24,Ethanol,Illinois,,Rail,1.71,1.69,1.73,$ Per Gallon
2025-03-24,Ethanol,Iowa,,Truck,1.6307,1.48,1.77,$ Per Gallon
2025-03-24,Ethanol,Iowa,,Rail,1.595,1.58,1.62,$ Per Gallon
2025-03-24,Ethanol,Kansas,,Truck,1.6275,1.58,1.65,$ Per Gallon
2025-03-24,Ethanol,Minnesota,,Truck,1.545,1.48,1.61,$ Per Gallon
2025-03-24,Ethanol,Nebraska,,Truck,1.564,1.35,1.74,$ Per Gallon
2025-03-24,Ethanol,Nebraska,,Rail,1.505,1.49,1.52,$ Per Gallon
2025-03-24,Ethanol,South Dakota,,Truck,1.62,1.62,1.62,$ Per Gallon
2025-03-24,Ethanol,South Dakota,,Rail,1.47,1.47,1.47,$ Per Gallon
2025-03-24,Ethanol,Wisconsin,,Truck,1.65,1.61,1.69,$ Per Gallon
2025-03-31,Distillers Corn Oil,Illinois,,Truck,49.0,45.0,56.0,Cents Per Lb
2025-03-31,Distillers Corn Oil,Indiana,,Truck,48.5,48.0,49.0,Cents Per Lb
2025-03-31,Distillers Corn Oil,Iowa,,Truck,48.5,48.0,49.0,Cents Per Lb
2025-03-31,Distillers Corn Oil,Kansas,,Truck,49.67,49.0,50.0,Cents Per Lb
2025-03-31,Distillers Corn Oil,Michigan,,Truck,46.6,42.0,50.0,Cents Per Lb
2025-03-31,Distillers Corn Oil,Minnesota,,Truck,46.57,43.0,49.0,Cents Per Lb
2025-03-31,Distillers Corn Oil,Missouri,,Truck,45.6,43.0,49.0,Cents Per Lb
2025-03-31,Distillers Corn Oil,Nebraska,,Truck,47.64,43.0,50.0,Cents Per Lb
2025-03-31,Distillers Corn Oil,Ohio,,Truck,45.75,42.0,49.0,Cents Per Lb
2025-03-31,Distillers Corn Oil,South Dakota,,Truck,47.0,42.0,51.5,Cents Per Lb
2025-03-31,Distillers Corn Oil,Wisconsin,,Truck,49.5,47.0,52.0,Cents Per Lb
2025-03-31,Distillers Grain,Illinois,Wet 65-70%,Truck,58.0,58.0,58.0,$ Per Ton
2025-03-31,Distillers Grain,Illinois,Dried 10%,Truck,157.5,145.0,180.0,$ Per Ton
2025-03-31,Distillers Grain,Indiana,Dried 10%,Truck,149.55,140.0,170.0,$ Per Ton
2025-03-31,Distillers Grain,Indiana,Modified Wet 55-60%,Truck,90.0,90.0,90.0,$ Per Ton
2025-03-31,Distillers Grain,Iowa,Modified Wet 55-60%,Truck,71.0,55.0,80.0,$ Per Ton
2025-03-31,Distillers Grain,Iowa,Wet 65-70%,Truck,56.0,47.0,65.0,$ Per Ton
2025-03-31,Distillers Grain,Iowa,Dried 10%,Truck,149.0,130.0,175.0,$ Per Ton
2025-03-31,Distillers Grain,Kansas,Dried 10%,Truck,174.6,160.0,185.0,$ Per Ton
2025-03-31,Distillers Grain,Kansas,Wet 65-70%,Truck,64.2,50.0,72.0,$ Per Ton
2025-03-31,Distillers Grain,Michigan,Dried 10%,Truck,157.0,150.0,170.0,$ Per Ton
2025-03-31,Distillers Grain,Michigan,Modified Wet 55-60%,Truck,90.0,90.0,90.0,$ Per Ton
2025-03-31,Distillers Grain,Minnesota,Dried 10%,Truck,145.0,135.0,155.0,$ Per Ton
2025-03-31,Distillers Grain,Minnesota,Modified Wet 55-60%,Truck,70.0,70.0,70.0,$ Per Ton
2025-03-31,Distillers Grain,Minnesota,Wet 65-70%,Truck,50.0,45.0,55.0,$ Per Ton
2025-03-31,Distillers Grain,Missouri,Wet 65-70%,Truck,55.0,55.0,55.0,$ Per Ton
2025-03-31,Distillers Grain,Missouri,Dried 10%,Truck,166.67,160.0,170.0,$ Per Ton
2025-03-31,Distillers Grain,Missouri,Modified Wet 55-60%,Truck,90.0,90.0,90.0,$ Per Ton
2025-03-31,Distillers Grain,N/A,Dried 10%,Ocean Vessel,196.5,186.0,205.0,$ Per Ton
2025-03-31,Distillers Grain,N/A,Dried 10%,Rail,210.0,210.0,210.0,$ Per Ton
2025-03-31,Distillers Grain,N/A,Dried 10%,Rail/Barge,165.0,165.0,165.0,$ Per Ton
2025-03-31,Distillers Grain,Nebraska,Modified Wet 55-60%,Truck,75.63,65.0,85.0,$ Per Ton
2025-03-31,Distillers Grain,Nebraska,Dried 10%,Truck,156.8,140.0,170.0,$ Per Ton
2025-03-31,Distillers Grain,Nebraska,Wet 65-70%,Truck,60.5,54.0,68.0,$ Per Ton
2025-03-31,Distillers Grain,Ohio,Modified Wet 55-60%,Truck,90.0,90.0,90.0,$ Per Ton
2025-03-31,Distillers Grain,Ohio,Dried 10%,Truck,156.67,140.0,170.0,$ Per Ton
2025-03-31,Distillers Grain,South Dakota,Wet 65-70%,Truck,54.0,54.0,54.0,$ Per Ton
2025-03-31,Distillers Grain,South Dakota,Modified Wet 55-60%,Truck,79.75,75.0,82.0,$ Per Ton
2025-03-31,Distillers Grain,South Dakota,Dried 10%,Truck,148.8,145.0,155.0,$ Per Ton
2025-03-31,Distillers Grain,Wisconsin,Wet 65-70%,Truck,60.0,60.0,60.0,$ Per Ton
2025-03-31,Distillers Grain,Wisconsin,Modified Wet 55-60%,Truck,66.5,65.0,68.0,$ Per Ton
2025-03-31,Distillers Grain,Wisconsin,Dried 10%,Truck,145.5,137.0,160.0,$ Per Ton
2025-03-31,Ethanol,Illinois,,Truck,1.77,1.77,1.77,$ Per Gallon
2025-03-31,Ethanol,Illinois,,Rail,1.75,1.73,1.77,$ Per Gallon
2025-03-31,Ethanol,Iowa,,Truck,1.6307,1.48,1.77,$ Per Gallon
2025-03-31,Ethanol,Iowa,,Rail,1.5825,1.58,1.585,$ Per Gallon
2025-03-31,Ethanol,Kansas,,Truck,1.6425,1.61,1.67,$ Per Gallon
2025-03-31,Ethanol,Minnesota,,Truck,1.545,1.48,1.61,$ Per Gallon
2025-03-31,Ethanol,Nebraska,,Rail,1.505,1.49,1.52,$ Per Gallon
2025-03-31,Ethanol,Nebraska,,Truck,1.55,1.35,1.74,$ Per Gallon
2025-03-31,Ethanol,South Dakota,,Truck,1.62,1.62,1.62,$ Per Gallon
2025-03-31,Ethanol,South Dakota,,Rail,1.47,1.47,1.47,$ Per Gallon
2025-03-31,Ethanol,Wisconsin,,Truck,1.61,1.61,1.61,$ Per Gallon
2025-04-07,Distillers Corn Oil,Illinois,,Truck,48.71,45.0,54.0,Cents Per Lb
2025-04-07,Distillers Corn Oil,Indiana,,Truck,48.5,48.0,49.0,Cents Per Lb
2025-04-07,Distillers Corn Oil,Iowa,,Truck,48.5,48.0,49.0,Cents Per Lb
2025-04-07,Distillers Corn Oil,Kansas,,Truck,48.33,45.0,50.0,Cents Per Lb
2025-04-07,Distillers Corn Oil,Michigan,,Truck,46.6,42.0,50.0,Cents Per Lb
2025-04-07,Distillers Corn Oil,Minnesota,,Truck,46.57,43.0,49.0,Cents Per Lb
2025-04-07,Distillers Corn Oil,Missouri,,Truck,45.6,43.0,49.0,Cents Per Lb
2025-04-07,Distillers Corn Oil,Nebraska,,Truck,47.64,43.0,50.0,Cents Per Lb
2025-04-07,Distillers Corn Oil,Ohio,,Truck,45.75,42.0,49.0,Cents Per Lb
2025-04-07,Distillers Corn Oil,South Dakota,,Truck,47.0,42.0,51.5,Cents Per Lb
2025-04-07,Distillers Corn Oil,Wisconsin,,Truck,49.5,47.0,52.0,Cents Per Lb
2025-04-07,Distillers Grain,Illinois,Dried 10%,Truck,159.17,145.0,185.0,$ Per Ton
2025-04-07,Distillers Grain,Illinois,Wet 65-70%,Truck,60.0,60.0,60.0,$ Per Ton
2025-04-07,Distillers Grain,Indiana,Dried 10%,Truck,152.0,140.0,170.0,$ Per Ton
2025-04-07,Distillers Grain,Indiana,Modified Wet 55-60%,Truck,90.0,90.0,90.0,$ Per Ton
2025-04-07,Distillers Grain,Iowa,Dried 10%,Truck,149.91,128.0,175.0,$ Per Ton
2025-04-07,Distillers Grain,Iowa,Wet 65-70%,Truck,56.0,47.0,65.0,$ Per Ton
2025-04-07,Distillers Grain,Iowa,Modified Wet 55-60%,Truck,72.8,62.0,80.0,$ Per Ton
2025-04-07,Distillers Grain,Kansas,Dried 10%,Truck,173.0,160.0,185.0,$ Per Ton
2025-04-07,Distillers Grain,Kansas,Wet 65-70%,Truck,63.2,45.0,72.0,$ Per Ton
2025-04-07,Distillers Grain,Michigan,Dried 10%,Truck,153.14,135.0,170.0,$ Per Ton
2025-04-07,Distillers Grain,Michigan,Modified Wet 55-60%,Truck,90.0,90.0,90.0,$ Per Ton
2025-04-07,Distillers Grain,Minnesota,Modified Wet 55-60%,Truck,70.0,70.0,70.0,$ Per Ton
2025-04-07,Distillers Grain,Minnesota,Wet 65-70%,Truck,50.0,45.0,55.0,$ Per Ton
2025-04-07,Distillers Grain,Minnesota,Dried 10%,Truck,145.83,135.0,155.0,$ Per Ton
2025-04-07,Distillers Grain,Missouri,Wet 65-70%,Truck,55.0,55.0,55.0,$ Per Ton
2025-04-07,Distillers Grain,Missouri,Dried 10%,Truck,166.67,160.0,170.0,$ Per Ton
2025-04-07,Distillers Grain,Missouri,Modified Wet 55-60%,Truck,90.0,90.0,90.0,$ Per Ton
2025-04-07,Distillers Grain,N/A,Dried 10%,Ocean Vessel,198.5,186.0,205.0,$ Per Ton
2025-04-07,Distillers Grain,N/A,Dried 10%,Rail,210.0,210.0,210.0,$ Per Ton
2025-04-07,Distillers Grain,N/A,Dried 10%,Rail/Barge,165.0,165.0,165.0,$ Per Ton
2025-04-07,Distillers Grain,Nebraska,Modified Wet 55-60%,Truck,75.63,65.0,85.0,$ Per Ton
2025-04-07,Distillers Grain,Nebraska,Dried 10%,Truck,156.8,140.0,170.0,$ Per Ton
2025-04-07,Distillers Grain,Nebraska,Wet 65-70%,Truck,60.5,54.0,68.0,$ Per Ton
2025-04-07,Distillers Grain,Ohio,Modified Wet 55-60%,Truck,90.0,90.0,90.0,$ Per Ton
2025-04-07,Distillers Grain,Ohio,Dried 10%,Truck,157.5,140.0,170.0,$ Per Ton
2025-04-07,Distillers Grain,South Dakota,Wet 65-70%,Truck,54.0,54.0,54.0,$ Per Ton
2025-04-07,Distillers Grain,South Dakota,Modified Wet 55-60%,Truck,79.75,75.0,82.0,$ Per Ton
2025-04-07,Distillers Grain,South Dakota,Dried 10%,Truck,148.8,145.0,155.0,$ Per Ton
2025-04-07,Distillers Grain,Wisconsin,Wet 65-70%,Truck,60.0,60.0,60.0,$ Per Ton
2025-04-07,Distillers Grain,Wisconsin,Modified Wet 55-60%,Truck,66.5,65.0,68.0,$ Per Ton
2025-04-07,Distillers Grain,Wisconsin,Dried 10%,Truck,145.5,137.0,160.0,$ Per Ton
2025-04-07,Ethanol,Illinois,,Truck,1.7675,1.7675,1.7675,$ Per Gallon
2025-04-07,Ethanol,Illinois,,Rail,1.75,1.73,1.77,$ Per Gallon
2025-04-07,Ethanol,Iowa,,Truck,1.6121,1.48,1.75,$ Per Gallon
2025-04-07,Ethanol,Iowa,,Rail,1.5825,1.58,1.585,$ Per Gallon
2025-04-07,Ethanol,Kansas,,Truck,1.6525,1.61,1.69,$ Per Gallon
2025-04-07,Ethanol,Minnesota,,Truck,1.545,1.48,1.61,$ Per Gallon
2025-04-07,Ethanol,Nebraska,,Truck,1.55,1.35,1.74,$ Per Gallon
2025-04-07,Ethanol,Nebraska,,Rail,1.505,1.49,1.52,$ Per Gallon
2025-04-07,Ethanol,South Dakota,,Truck,1.62,1.62,1.62,$ Per Gallon
2025-04-07,Ethanol,South Dakota,,Rail,1.47,1.47,1.47,$ Per Gallon
2025-04-07,Ethanol,Wisconsin,,Truck,1.61,1.61,1.61,$ Per Gallon
2025-04-14,Distillers Corn Oil,Illinois,,Truck,50.5,45.0,55.0,Cents Per Lb
2025-04-14,Distillers Corn Oil,Indiana,,Truck,48.5,48.0,49.0,Cents Per Lb
2025-04-14,Distillers Corn Oil,Iowa,,Truck,51.0,48.0,55.0,Cents Per Lb
2025-04-14,Distillers Corn Oil,Kansas,,Truck,48.67,46.0,50.0,Cents Per Lb
2025-04-14,Distillers Corn Oil,Michigan,,Truck,46.6,42.0,50.0,Cents Per Lb
2025-04-14,Distillers Corn Oil,Minnesota,,Truck,46.67,43.0,51.0,Cents Per Lb
2025-04-14,Distillers Corn Oil,Missouri,,Truck,45.6,43.0,49.0,Cents Per Lb
2025-04-14,Distillers Corn Oil,Nebraska,,Truck,48.68,43.0,53.0,Cents Per Lb
2025-04-14,Distillers Corn Oil,Ohio,,Truck,45.75,42.0,49.0,Cents Per Lb
2025-04-14,Distillers Corn Oil,South Dakota,,Truck,46.89,42.0,51.5,Cents Per Lb
2025-04-14,Distillers Corn Oil,Wisconsin,,Truck,50.5,50.0,51.0,Cents Per Lb
2025-04-14,Distillers Grain,Illinois,Dried 10%,Truck,160.0,150.0,180.0,$ Per Ton
2025-04-14,Distillers Grain,Illinois,Wet 65-70%,Truck,50.0,50.0,50.0,$ Per Ton
2025-04-14,Distillers Grain,Indiana,Dried 10%,Truck,152.18,140.0,170.0,$ Per Ton
2025-04-14,Distillers Grain,Indiana,Modified Wet 55-60%,Truck,90.0,90.0,90.0,$ Per Ton
2025-04-14,Distillers Grain,Iowa,Dried 10%,Truck,145.0,130.0,166.0,$ Per Ton
2025-04-14,Distillers Grain,Iowa,Modified Wet 55-60%,Truck,73.0,62.0,80.0,$ Per Ton
2025-04-14,Distillers Grain,Iowa,Wet 65-70%,Truck,60.0,55.0,65.0,$ Per Ton
2025-04-14,Distillers Grain,Kansas,Dried 10%,Truck,169.0,160.0,180.0,$ Per Ton
2025-04-14,Distillers Grain,Kansas,Wet 65-70%,Truck,60.8,45.0,70.0,$ Per Ton
2025-04-14,Distillers Grain,Michigan,Modified Wet 55-60%,Truck,90.0,90.0,90.0,$ Per Ton
2025-04-14,Distillers Grain,Michigan,Dried 10%,Truck,153.86,135.0,170.0,$ Per Ton
2025-04-14,Distillers Grain,Minnesota,Modified Wet 55-60%,Truck,70.0,70.0,70.0,$ Per Ton
2025-04-14,Distillers Grain,Minnesota,Wet 65-70%,Truck,50.0,45.0,55.0,$ Per Ton
2025-04-14,Distillers Grain,Minnesota,Dried 10%,Truck,146.67,135.0,155.0,$ Per Ton
2025-04-14,Distillers Grain,Missouri,Dried 10%,Truck,166.67,160.0,170.0,$ Per Ton
2025-04-14,Distillers Grain,Missouri,Modified Wet 55-60%,Truck,90.0,90.0,90.0,$ Per Ton
2025-04-14,Distillers Grain,Missouri,Wet 65-70%,Truck,55.0,55.0,55.0,$ Per Ton
2025-04-14,Distillers Grain,N/A,Dried 10%,Ocean Vessel,199.5,194.0,205.0,$ Per Ton
2025-04-14,Distillers Grain,N/A,Dried 10%,Rail,210.0,210.0,210.0,$ Per Ton
2025-04-14,Distillers Grain,N/A,Dried 10%,Rail/Barge,162.0,162.0,162.0,$ Per Ton
2025-04-14,Distillers Grain,Nebraska,Wet 65-70%,Truck,61.5,54.0,68.0,$ Per Ton
2025-04-14,Distillers Grain,Nebraska,Modified Wet 55-60%,Truck,75.71,65.0,85.0,$ Per Ton
2025-04-14,Distillers Grain,Nebraska,Dried 10%,Truck,156.6,140.0,170.0,$ Per Ton
2025-04-14,Distillers Grain,Ohio,Modified Wet 55-60%,Truck,90.0,90.0,90.0,$ Per Ton
2025-04-14,Distillers Grain,Ohio,Dried 10%,Truck,158.33,140.0,170.0,$ Per Ton
2025-04-14,Distillers Grain,South Dakota,Wet 65-70%,Truck,54.0,54.0,54.0,$ Per Ton
2025-04-14,Distillers Grain,South Dakota,Modified Wet 55-60%,Truck,78.75,75.0,80.0,$ Per Ton
2025-04-14,Distillers Grain,South Dakota,Dried 10%,Truck,146.0,140.0,155.0,$ Per Ton
2025-04-14,Distillers Grain,Wisconsin,Wet 65-70%,Truck,60.0,60.0,60.0,$ Per Ton
2025-04-14,Distillers Grain,Wisconsin,Dried 10%,Truck,145.5,137.0,160.0,$ Per Ton
2025-04-14,Distillers Grain,Wisconsin,Modified Wet 55-60%,Truck,66.5,65.0,68.0,$ Per Ton
2025-04-14,Ethanol,Illinois,,Truck,1.79,1.79,1.79,$ Per Gallon
2025-04-14,Ethanol,Illinois,,Rail,1.75,1.73,1.77,$ Per Gallon
2025-04-14,Ethanol,Iowa,,Truck,1.605,1.48,1.7,$ Per Gallon
2025-04-14,Ethanol,Iowa,,Rail,1.5825,1.58,1.585,$ Per Gallon
2025-04-14,Ethanol,Kansas,,Truck,1.6575,1.61,1.71,$ Per Gallon
2025-04-14,Ethanol,Minnesota,,Truck,1.545,1.48,1.61,$ Per Gallon
2025-04-14,Ethanol,Nebraska,,Truck,1.55,1.35,1.74,$ Per Gallon
2025-04-14,Ethanol,Nebraska,,Rail,1.505,1.49,1.52,$ Per Gallon
2025-04-14,Ethanol,South Dakota,,Truck,1.62,1.62,1.62,$ Per Gallon
2025-04-14,Ethanol,South Dakota,,Rail,1.47,1.47,1.47,$ Per Gallon
2025-04-14,Ethanol,Wisconsin,,Truck,1.61,1.61,1.61,$ Per Gallon
2025-04-21,Distillers Corn Oil,Illinois,,Truck,51.4,45.0,57.5,Cents Per Lb
2025-04-21,Distillers Corn Oil,Indiana,,Truck,48.5,48.0,49.0,Cents Per Lb
2025-04-21,Distillers Corn Oil,Iowa,,Truck,51.0,51.0,51.0,Cents Per Lb
2025-04-21,Distillers Corn Oil,Kansas,,Truck,48.33,45.0,50.0,Cents Per Lb
2025-04-21,Distillers Corn Oil,Michigan,,Truck,46.6,42.0,50.0,Cents Per Lb
2025-04-21,Distillers Corn Oil,Minnesota,,Truck,46.67,43.0,51.0,Cents Per Lb
2025-04-21,Distillers Corn Oil,Missouri,,Truck,45.6,43.0,49.0,Cents Per Lb
2025-04-21,Distillers Corn Oil,Nebraska,,Truck,48.83,43.0,53.5,Cents Per Lb
2025-04-21,Distillers Corn Oil,Ohio,,Truck,45.75,42.0,49.0,Cents Per Lb
2025-04-21,Distillers Corn Oil,South Dakota,,Truck,47.22,42.0,53.0,Cents Per Lb
2025-04-21,Distillers Corn Oil,Wisconsin,,Truck,53.0,52.0,54.0,Cents Per Lb
2025-04-21,Distillers Grain,Illinois,Dried 10%,Truck,159.0,150.0,175.0,$ Per Ton
2025-04-21,Distillers Grain,Illinois,Wet 65-70%,Truck,60.0,60.0,60.0,$ Per Ton
2025-04-21,Distillers Grain,Indiana,Dried 10%,Truck,152.91,140.0,170.0,$ Per Ton
2025-04-21,Distillers Grain,Indiana,Modified Wet 55-60%,Truck,90.0,90.0,90.0,$ Per Ton
2025-04-21,Distillers Grain,Iowa,Dried 10%,Truck,144.09,128.0,160.0,$ Per Ton
2025-04-21,Distillers Grain,Iowa,Wet 65-70%,Truck,54.0,48.0,60.0,$ Per Ton
2025-04-21,Distillers Grain,Iowa,Modified Wet 55-60%,Truck,73.0,62.0,80.0,$ Per Ton
2025-04-21,Distillers Grain,Kansas,Wet 65-70%,Truck,59.8,45.0,70.0,$ Per Ton
2025-04-21,Distillers Grain,Kansas,Dried 10%,Truck,169.0,160.0,180.0,$ Per Ton
2025-04-21,Distillers Grain,Michigan,Modified Wet 55-60%,Truck,90.0,90.0,90.0,$ Per Ton
2025-04-21,Distillers Grain,Michigan,Dried 10%,Truck,153.86,135.0,170.0,$ Per Ton
2025-04-21,Distillers Grain,Minnesota,Wet 65-70%,Truck,50.0,45.0,55.0,$ Per Ton
2025-04-21,Distillers Grain,Minnesota,Modified Wet 55-60%,Truck,70.0,70.0,70.0,$ Per Ton
2025-04-21,Distillers Grain,Minnesota,Dried 10%,Truck,147.5,135.0,160.0,$ Per Ton
2025-04-21,Distillers Grain,Missouri,Wet 65-70%,Truck,55.0,55.0,55.0,$ Per Ton
2025-04-21,Distillers Grain,Missouri,Modified Wet 55-60%,Truck,90.0,90.0,90.0,$ Per Ton
2025-04-21,Distillers Grain,Missouri,Dried 10%,Truck,167.67,163.0,170.0,$ Per Ton
2025-04-21,Distillers Grain,N/A,Dried 10%,Ocean Vessel,199.5,194.0,205.0,$ Per Ton
2025-04-21,Distillers Grain,N/A,Dried 10%,Rail/Barge,162.0,162.0,162.0,$ Per Ton
2025-04-21,Distillers Grain,N/A,Dried 10%,Rail,210.0,210.0,210.0,$ Per Ton
2025-04-21,Distillers Grain,Nebraska,Wet 65-70%,Truck,59.25,54.0,63.0,$ Per Ton
2025-04-21,Distillers Grain,Nebraska,Modified Wet 55-60%,Truck,76.43,62.0,85.0,$ Per Ton
2025-04-21,Distillers Grain,Nebraska,Dried 10%,Truck,157.89,140.0,170.0,$ Per Ton
2025-04-21,Distillers Grain,Ohio,Modified Wet 55-60%,Truck,90.0,90.0,90.0,$ Per Ton
2025-04-21,Distillers Grain,Ohio,Dried 10%,Truck,159.17,140.0,170.0,$ Per Ton
2025-04-21,Distillers Grain,South Dakota,Wet 65-70%,Truck,54.0,54.0,54.0,$ Per Ton
2025-04-21,Distillers Grain,South Dakota,Modified Wet 55-60%,Truck,81.0,80.0,82.0,$ Per Ton
2025-04-21,Distillers Grain,South Dakota,Dried 10%,Truck,149.8,145.0,155.0,$ Per Ton
2025-04-21,Distillers Grain,Wisconsin,Wet 65-70%,Truck,60.0,60.0,60.0,$ Per Ton
2025-04-21,Distillers Grain,Wisconsin,Modified Wet 55-60%,Truck,68.0,68.0,68.0,$ Per Ton
2025-04-21,Distillers Grain,Wisconsin,Dried 10%,Truck,146.75,140.0,160.0,$ Per Ton
2025-04-21,Ethanol,Illinois,,Truck,1.73,1.73,1.73,$ Per Gallon
2025-04-21,Ethanol,Illinois,,Rail,1.7525,1.74,1.765,$ Per Gallon
2025-04-21,Ethanol,Iowa,,Truck,1.643,1.6,1.7,$ Per Gallon
2025-04-21,Ethanol,Kansas,,Truck,1.6433,1.61,1.67,$ Per Gallon
2025-04-21,Ethanol,Minnesota,,Truck,1.655,1.655,1.655,$ Per Gallon
2025-04-21,Ethanol,Nebraska,,Truck,1.675,1.61,1.74,$ Per Gallon
2025-04-21,Ethanol,South Dakota,,Rail,1.645,1.645,1.645,$ Per Gallon
2025-04-28,Distillers Corn Oil,Illinois,,Truck,52.83,45.0,57.5,Cents Per Lb
2025-04-28,Distillers Corn Oil,Indiana,,Truck,48.5,48.0,49.0,Cents Per Lb
2025-04-28,Distillers Corn Oil,Iowa,,Truck,54.0,54.0,54.0,Cents Per Lb
2025-04-28,Distillers Corn Oil,Kansas,,Truck,49.67,45.0,52.0,Cents Per Lb
2025-04-28,Distillers Corn Oil,Michigan,,Truck,46.6,42.0,50.0,Cents Per Lb
2025-04-28,Distillers Corn Oil,Minnesota,,Truck,47.17,43.0,54.0,Cents Per Lb
2025-04-28,Distillers Corn Oil,Missouri,,Truck,45.6,43.0,49.0,Cents Per Lb
2025-04-28,Distillers Corn Oil,Nebraska,,Truck,49.8,43.0,56.0,Cents Per Lb
2025-04-28,Distillers Corn Oil,Ohio,,Truck,45.75,42.0,49.0,Cents Per Lb
2025-04-28,Distillers Corn Oil,South Dakota,,Truck,47.94,42.0,54.0,Cents Per Lb
2025-04-28,Distillers Corn Oil,Wisconsin,,Truck,53.0,52.0,54.0,Cents Per Lb
2025-04-28,Distillers Grain,Illinois,Dried 10%,Truck,160.83,150.0,185.0,$ Per Ton
2025-04-28,Distillers Grain,Illinois,Wet 65-70%,Truck,60.0,60.0,60.0,$ Per Ton
2025-04-28,Distillers Grain,Indiana,Modified Wet 55-60%,Truck,90.0,90.0,90.0,$ Per Ton
2025-04-28,Distillers Grain,Indiana,Dried 10%,Truck,152.64,140.0,170.0,$ Per Ton
2025-04-28,Distillers Grain,Iowa,Dried 10%,Truck,144.36,130.0,160.0,$ Per Ton
2025-04-28,Distillers Grain,Iowa,Wet 65-70%,Truck,52.5,45.0,60.0,$ Per Ton
2025-04-28,Distillers Grain,Iowa,Modified Wet 55-60%,Truck,73.0,62.0,80.0,$ Per Ton
2025-04-28,Distillers Grain,Kansas,Dried 10%,Truck,173.0,160.0,190.0,$ Per Ton
2025-04-28,Distillers Grain,Kansas,Wet 65-70%,Truck,60.6,35.0,78.0,$ Per Ton
2025-04-28,Distillers Grain,Michigan,Dried 10%,Truck,153.71,135.0,170.0,$ Per Ton
2025-04-28,Distillers Grain,Michigan,Modified Wet 55-60%,Truck,90.0,90.0,90.0,$ Per Ton
2025-04-28,Distillers Grain,Minnesota,Dried 10%,Truck,148.33,135.0,160.0,$ Per Ton
2025-04-28,Distillers Grain,Minnesota,Wet 65-70%,Truck,50.0,45.0,55.0,$ Per Ton
2025-04-28,Distillers Grain,Minnesota,Modified Wet 55-60%,Truck,68.0,68.0,68.0,$ Per Ton
2025-04-28,Distillers Grain,Missouri,Dried 10%,Truck,166.0,163.0,170.0,$ Per Ton
2025-04-28,Distillers Grain,Missouri,Wet 65-70%,Truck,50.0,50.0,50.0,$ Per Ton
2025-04-28,Distillers Grain,Missouri,Modified Wet 55-60%,Truck,90.0,90.0,90.0,$ Per Ton
2025-04-28,Distillers Grain,N/A,Dried 10%,Ocean Vessel,196.5,194.0,199.0,$ Per Ton
2025-04-28,Distillers Grain,N/A,Dried 10%,Rail/Barge,162.0,162.0,162.0,$ Per Ton
2025-04-28,Distillers Grain,N/A,Dried 10%,Rail,210.0,210.0,210.0,$ Per Ton
2025-04-28,Distillers Grain,Nebraska,Wet 65-70%,Truck,59.5,54.0,62.0,$ Per Ton
2025-04-28,Distillers Grain,Nebraska,Modified Wet 55-60%,Truck,75.14,62.0,85.0,$ Per Ton
2025-04-28,Distillers Grain,Nebraska,Dried 10%,Truck,155.56,140.0,170.0,$ Per Ton
2025-04-28,Distillers Grain,Ohio,Modified Wet 55-60%,Truck,90.0,90.0,90.0,$ Per Ton
2025-04-28,Distillers Grain,Ohio,Dried 10%,Truck,158.83,140.0,170.0,$ Per Ton
2025-04-28,Distillers Grain,South Dakota,Wet 65-70%,Truck,54.0,54.0,54.0,$ Per Ton
2025-04-28,Distillers Grain,South Dakota,Modified Wet 55-60%,Truck,81.0,80.0,82.0,$ Per Ton
2025-04-28,Distillers Grain,South Dakota,Dried 10%,Truck,148.8,142.0,155.0,$ Per Ton
2025-04-28,Distillers Grain,Wisconsin,Wet 65-70%,Truck,60.0,60.0,60.0,$ Per Ton
2025-04-28,Distillers Grain,Wisconsin,Dried 10%,Truck,146.75,140.0,160.0,$ Per Ton
2025-04-28,Distillers Grain,Wisconsin,Modified Wet 55-60%,Truck,68.0,68.0,68.0,$ Per Ton
2025-04-28,Ethanol,Illinois,,Truck,1.78,1.78,1.78,$ Per Gallon
2025-04-28,Ethanol,Illinois,,Rail,1.765,1.74,1.79,$ Per Gallon
2025-04-28,Ethanol,Iowa,,Truck,1.651,1.61,1.7,$ Per Gallon
2025-04-28,Ethanol,Kansas,,Truck,1.6433,1.61,1.67,$ Per Gallon
2025-04-28,Ethanol,Minnesota,,Truck,1.655,1.655,1.655,$ Per Gallon
2025-04-28,Ethanol,Nebraska,,Truck,1.675,1.61,1.74,$ Per Gallon
2025-04-28,Ethanol,South Dakota,,Rail,1.645,1.645,1.645,$ Per Gallon
2025-05-05,Distillers Corn Oil,Illinois,,Truck,53.5,45.0,57.5,Cents Per Lb
2025-05-05,Distillers Corn Oil,Indiana,,Truck,54.5,54.0,55.0,Cents Per Lb
2025-05-05,Distillers Corn Oil,Iowa,,Truck,52.56,49.0,55.0,Cents Per Lb
2025-05-05,Distillers Corn Oil,Kansas,,Truck,51.33,48.0,53.0,Cents Per Lb
2025-05-05,Distillers Corn Oil,Michigan,,Truck,50.25,42.0,55.0,Cents Per Lb
2025-05-05,Distillers Corn Oil,Minnesota,,Truck,49.17,43.0,55.0,Cents Per Lb
2025-05-05,Distillers Corn Oil,Missouri,,Truck,49.0,43.0,55.0,Cents Per Lb
2025-05-05,Distillers Corn Oil,Nebraska,,Truck,50.75,43.0,57.0,Cents Per Lb
2025-05-05,Distillers Corn Oil,Ohio,,Truck,48.75,42.0,55.0,Cents Per Lb
2025-05-05,Distillers Corn Oil,South Dakota,,Truck,50.06,43.0,55.0,Cents Per Lb
2025-05-05,Distillers Corn Oil,Wisconsin,,Truck,54.5,54.0,55.0,Cents Per Lb
2025-05-05,Distillers Grain,Illinois,Wet 65-70%,Truck,65.0,65.0,65.0,$ Per Ton
2025-05-05,Distillers Grain,Illinois,Dried 10%,Truck,163.0,150.0,185.0,$ Per Ton
2025-05-05,Distillers Grain,Indiana,Modified Wet 55-60%,Truck,90.0,90.0,90.0,$ Per Ton
2025-05-05,Distillers Grain,Indiana,Dried 10%,Truck,152.11,140.0,170.0,$ Per Ton
2025-05-05,Distillers Grain,Iowa,Dried 10%,Truck,145.0,130.0,160.0,$ Per Ton
2025-05-05,Distillers Grain,Iowa,Wet 65-70%,Truck,53.5,45.0,62.0,$ Per Ton
2025-05-05,Distillers Grain,Iowa,Modified Wet 55-60%,Truck,73.6,65.0,80.0,$ Per Ton
2025-05-05,Distillers Grain,Kansas,Dried 10%,Truck,169.8,160.0,182.0,$ Per Ton
2025-05-05,Distillers Grain,Kansas,Wet 65-70%,Truck,60.0,40.0,74.0,$ Per Ton
2025-05-05,Distillers Grain,Michigan,Dried 10%,Truck,153.0,135.0,170.0,$ Per Ton
2025-05-05,Distillers Grain,Michigan,Modified Wet 55-60%,Truck,90.0,90.0,90.0,$ Per Ton
2025-05-05,Distillers Grain,Minnesota,Dried 10%,Truck,148.83,135.0,160.0,$ Per Ton
2025-05-05,Distillers Grain,Minnesota,Wet 65-70%,Truck,50.0,45.0,55.0,$ Per Ton
2025-05-05,Distillers Grain,Minnesota,Modified Wet 55-60%,Truck,65.0,65.0,65.0,$ Per Ton
2025-05-05,Distillers Grain,Missouri,Dried 10%,Truck,164.0,163.0,165.0,$ Per Ton
2025-05-05,Distillers Grain,Missouri,Wet 65-70%,Truck,50.0,50.0,50.0,$ Per Ton
2025-05-05,Distillers Grain,N/A,Dried 10%,Rail,210.0,210.0,210.0,$ Per Ton
2025-05-05,Distillers Grain,N/A,Dried 10%,Ocean Vessel,196.0,193.0,199.0,$ Per Ton
2025-05-05,Distillers Grain,N/A,Dried 10%,Rail/Barge,162.0,162.0,162.0,$ Per Ton
2025-05-05,Distillers Grain,Nebraska,Wet 65-70%,Truck,57.5,54.0,60.0,$ Per Ton
2025-05-05,Distillers Grain,Nebraska,Modified Wet 55-60%,Truck,74.0,62.0,85.0,$ Per Ton
2025-05-05,Distillers Grain,Nebraska,Dried 10%,Truck,154.38,145.0,160.0,$ Per Ton
2025-05-05,Distillers Grain,Ohio,Dried 10%,Truck,160.83,150.0,170.0,$ Per Ton
2025-05-05,Distillers Grain,Ohio,Modified Wet 55-60%,Truck,90.0,90.0,90.0,$ Per Ton
2025-05-05,Distillers Grain,South Dakota,Wet 65-70%,Truck,54.0,54.0,54.0,$ Per Ton
2025-05-05,Distillers Grain,South Dakota,Modified Wet 55-60%,Truck,81.0,80.0,82.0,$ Per Ton
2025-05-05,Distillers Grain,South Dakota,Dried 10%,Truck,149.8,142.0,155.0,$ Per Ton
2025-05-05,Distillers Grain,Wisconsin,Wet 65-70%,Truck,60.0,60.0,60.0,$ Per Ton
2025-05-05,Distillers Grain,Wisconsin,Modified Wet 55-60%,Truck,68.0,68.0,68.0,$ Per Ton
2025-05-05,Distillers Grain,Wisconsin,Dried 10%,Truck,149.0,142.0,160.0,$ Per Ton
2025-05-05,Ethanol,Illinois,,Truck,1.74,1.74,1.74,$ Per Gallon
2025-05-05,Ethanol,Illinois,,Rail,1.7,1.69,1.71,$ Per Gallon
2025-05-05,Ethanol,Iowa,,Truck,1.651,1.61,1.7,$ Per Gallon
2025-05-05,Ethanol,Kansas,,Truck,1.6333,1.61,1.67,$ Per Gallon
2025-05-05,Ethanol,Minnesota,,Truck,1.655,1.655,1.655,$ Per Gallon
2025-05-05,Ethanol,Nebraska,,Truck,1.675,1.61,1.74,$ Per Gallon
2025-05-05,Ethanol,South Dakota,,Rail,1.645,1.645,1.645,$ Per Gallon
2025-05-12,Distillers Corn Oil,Illinois,,Truck,53.5,45.0,59.0,Cents Per Lb
2025-05-12,Distillers Corn Oil,Indiana,,Truck,54.5,54.0,55.0,Cents Per Lb
2025-05-12,Distillers Corn Oil,Iowa,,Truck,53.64,49.0,58.0,Cents Per Lb
2025-05-12,Distillers Corn Oil,Kansas,,Truck,51.33,48.0,53.0,Cents Per Lb
2025-05-12,Distillers Corn Oil,Michigan,,Truck,50.67,42.0,55.0,Cents Per Lb
2025-05-12,Distillers Corn Oil,Minnesota,,Truck,49.42,43.0,55.5,Cents Per Lb
2025-05-12,Distillers Corn Oil,Missouri,,Truck,49.0,43.0,55.0,Cents Per Lb
2025-05-12,Distillers Corn Oil,Nebraska,,Truck,51.08,43.0,57.0,Cents Per Lb
2025-05-12,Distillers Corn Oil,Ohio,,Truck,48.75,42.0,55.0,Cents Per Lb
2025-05-12,Distillers Corn Oil,South Dakota,,Truck,50.44,43.0,55.5,Cents Per Lb
2025-05-12,Distillers Corn Oil,Wisconsin,,Truck,52.0,50.0,54.0,Cents Per Lb
2025-05-12,Distillers Grain,Illinois,Wet 65-70%,Truck,60.0,60.0,60.0,$ Per Ton
2025-05-12,Distillers Grain,Illinois,Dried 10%,Truck,160.5,150.0,180.0,$ Per Ton
2025-05-12,Distillers Grain,Indiana,Modified Wet 55-60%,Truck,90.0,90.0,90.0,$ Per Ton
2025-05-12,Distillers Grain,Indiana,Dried 10%,Truck,152.11,140.0,170.0,$ Per Ton
2025-05-12,Distillers Grain,Iowa,Wet 65-70%,Truck,53.5,45.0,62.0,$ Per Ton
2025-05-12,Distillers Grain,Iowa,Modified Wet 55-60%,Truck,70.0,65.0,75.0,$ Per Ton
2025-05-12,Distillers Grain,Iowa,Dried 10%,Truck,145.5,143.0,148.0,$ Per Ton
2025-05-12,Distillers Grain,Kansas,Wet 65-70%,Truck,59.6,40.0,72.0,$ Per Ton
2025-05-12,Distillers Grain,Kansas,Dried 10%,Truck,163.0,160.0,165.0,$ Per Ton
2025-05-12,Distillers Grain,Michigan,Dried 10%,Truck,152.43,135.0,170.0,$ Per Ton
2025-05-12,Distillers Grain,Michigan,Modified Wet 55-60%,Truck,90.0,90.0,90.0,$ Per Ton
2025-05-12,Distillers Grain,Minnesota,Modified Wet 55-60%,Truck,65.0,65.0,65.0,$ Per Ton
2025-05-12,Distillers Grain,Minnesota,Wet 65-70%,Truck,50.0,45.0,55.0,$ Per Ton
2025-05-12,Distillers Grain,Minnesota,Dried 10%,Truck,150.5,145.0,160.0,$ Per Ton
2025-05-12,Distillers Grain,Missouri,Wet 65-70%,Truck,50.0,50.0,50.0,$ Per Ton
2025-05-12,Distillers Grain,Missouri,Dried 10%,Truck,157.5,155.0,160.0,$ Per Ton
2025-05-12,Distillers Grain,N/A,Dried 10%,Rail/Barge,162.0,162.0,162.0,$ Per Ton
2025-05-12,Distillers Grain,N/A,Dried 10%,Ocean Vessel,196.0,193.0,199.0,$ Per Ton
2025-05-12,Distillers Grain,N/A,Dried 10%,Rail,215.0,215.0,215.0,$ Per Ton
2025-05-12,Distillers Grain,Nebraska,Wet 65-70%,Truck,59.75,54.0,70.0,$ Per Ton
2025-05-12,Distillers Grain,Nebraska,Modified Wet 55-60%,Truck,73.67,62.0,85.0,$ Per Ton
2025-05-12,Distillers Grain,Nebraska,Dried 10%,Truck,152.88,145.0,160.0,$ Per Ton
2025-05-12,Distillers Grain,Ohio,Modified Wet 55-60%,Truck,90.0,90.0,90.0,$ Per Ton
2025-05-12,Distillers Grain,Ohio,Dried 10%,Truck,160.83,150.0,170.0,$ Per Ton
2025-05-12,Distillers Grain,South Dakota,Wet 65-70%,Truck,54.0,54.0,54.0,$ Per Ton
2025-05-12,Distillers Grain,South Dakota,Modified Wet 55-60%,Truck,80.0,80.0,80.0,$ Per Ton
2025-05-12,Distillers Grain,South Dakota,Dried 10%,Truck,148.0,140.0,155.0,$ Per Ton
2025-05-12,Distillers Grain,Wisconsin,Wet 65-70%,Truck,60.0,60.0,60.0,$ Per Ton
2025-05-12,Distillers Grain,Wisconsin,Modified Wet 55-60%,Truck,68.0,68.0,68.0,$ Per Ton
2025-05-12,Distillers Grain,Wisconsin,Dried 10%,Truck,150.67,142.0,165.0,$ Per Ton
2025-05-12,Ethanol,Illinois,,Rail,1.7,1.69,1.71,$ Per Gallon
2025-05-12,Ethanol,Illinois,,Truck,1.74,1.74,1.74,$ Per Gallon
2025-05-12,Ethanol,Iowa,,Truck,1.623,1.6,1.655,$ Per Gallon
2025-05-12,Ethanol,Kansas,,Truck,1.6267,1.6,1.67,$ Per Gallon
2025-05-12,Ethanol,Minnesota,,Truck,1.655,1.655,1.655,$ Per Gallon
2025-05-12,Ethanol,Nebraska,,Truck,1.675,1.61,1.74,$ Per Gallon
2025-05-12,Ethanol,South Dakota,,Rail,1.645,1.645,1.645,$ Per Gallon
2025-05-19,Distillers Corn Oil,Illinois,,Truck,53.75,45.0,59.0,Cents Per Lb
2025-05-19,Distillers Corn Oil,Indiana,,Truck,54.5,54.0,55.0,Cents Per Lb
2025-05-19,Distillers Corn Oil,Iowa,,Truck,56.0,56.0,56.0,Cents Per Lb
2025-05-19,Distillers Corn Oil,Kansas,,Truck,51.33,48.0,53.0,Cents Per Lb
2025-05-19,Distillers Corn Oil,Michigan,,Truck,50.83,42.0,55.0,Cents Per Lb
2025-05-19,Distillers Corn Oil,Minnesota,,Truck,51.19,43.0,57.0,Cents Per Lb
2025-05-19,Distillers Corn Oil,Missouri,,Truck,49.0,43.0,55.0,Cents Per Lb
2025-05-19,Distillers Corn Oil,Nebraska,,Truck,52.44,43.0,57.0,Cents Per Lb
2025-05-19,Distillers Corn Oil,Ohio,,Truck,48.75,42.0,55.0,Cents Per Lb
2025-05-19,Distillers Corn Oil,South Dakota,,Truck,52.32,43.0,57.5,Cents Per Lb
2025-05-19,Distillers Corn Oil,Wisconsin,,Truck,52.5,50.0,55.0,Cents Per Lb
2025-05-19,Distillers Grain,Illinois,Wet 65-70%,Truck,60.0,60.0,60.0,$ Per Ton
2025-05-19,Distillers Grain,Illinois,Dried 10%,Truck,161.0,150.0,180.0,$ Per Ton
2025-05-19,Distillers Grain,Indiana,Modified Wet 55-60%,Truck,90.0,90.0,90.0,$ Per Ton
2025-05-19,Distillers Grain,Indiana,Dried 10%,Truck,151.56,140.0,170.0,$ Per Ton
2025-05-19,Distillers Grain,Iowa,Dried 10%,Truck,143.7,125.0,162.0,$ Per Ton
2025-05-19,Distillers Grain,Iowa,Modified Wet 55-60%,Truck,72.4,63.0,80.0,$ Per Ton
2025-05-19,Distillers Grain,Iowa,Wet 65-70%,Truck,52.5,43.0,62.0,$ Per Ton
2025-05-19,Distillers Grain,Kansas,Dried 10%,Truck,160.0,145.0,165.0,$ Per Ton
2025-05-19,Distillers Grain,Kansas,Wet 65-70%,Truck,58.6,35.0,72.0,$ Per Ton
2025-05-19,Distillers Grain,Michigan,Dried 10%,Truck,152.43,135.0,170.0,$ Per Ton
2025-05-19,Distillers Grain,Michigan,Modified Wet 55-60%,Truck,90.0,90.0,90.0,$ Per Ton
2025-05-19,Distillers Grain,Minnesota,Dried 10%,Truck,150.83,145.0,160.0,$ Per Ton
2025-05-19,Distillers Grain,Minnesota,Modified Wet 55-60%,Truck,65.0,65.0,65.0,$ Per Ton
2025-05-19,Distillers Grain,Minnesota,Wet 65-70%,Truck,50.0,45.0,55.0,$ Per Ton
2025-05-19,Distillers Grain,Missouri,Dried 10%,Truck,157.5,155.0,160.0,$ Per Ton
2025-05-19,Distillers Grain,Missouri,Wet 65-70%,Truck,50.0,50.0,50.0,$ Per Ton
2025-05-19,Distillers Grain,N/A,Dried 10%,Rail,215.0,215.0,215.0,$ Per Ton
2025-05-19,Distillers Grain,N/A,Dried 10%,Ocean Vessel,202.5,195.0,215.0,$ Per Ton
2025-05-19,Distillers Grain,N/A,Dried 10%,Rail/Barge,162.0,162.0,162.0,$ Per Ton
2025-05-19,Distillers Grain,Nebraska,Wet 65-70%,Truck,59.25,54.0,70.0,$ Per Ton
2025-05-19,Distillers Grain,Nebraska,Modified Wet 55-60%,Truck,71.43,60.0,85.0,$ Per Ton
2025-05-19,Distillers Grain,Nebraska,Dried 10%,Truck,152.5,140.0,165.0,$ Per Ton
2025-05-19,Distillers Grain,Ohio,Modified Wet 55-60%,Truck,90.0,90.0,90.0,$ Per Ton
2025-05-19,Distillers Grain,Ohio,Dried 10%,Truck,160.0,150.0,170.0,$ Per Ton
2025-05-19,Distillers Grain,South Dakota,Wet 65-70%,Truck,54.0,54.0,54.0,$ Per Ton
2025-05-19,Distillers Grain,South Dakota,Modified Wet 55-60%,Truck,78.75,75.0,80.0,$ Per Ton
2025-05-19,Distillers Grain,South Dakota,Dried 10%,Truck,148.0,140.0,155.0,$ Per Ton
2025-05-19,Distillers Grain,Wisconsin,Modified Wet 55-60%,Truck,68.0,68.0,68.0,$ Per Ton
2025-05-19,Distillers Grain,Wisconsin,Dried 10%,Truck,149.0,142.0,160.0,$ Per Ton
2025-05-19,Distillers Grain,Wisconsin,Wet 65-70%,Truck,60.0,60.0,60.0,$ Per Ton
2025-05-19,Ethanol,Illinois,,Truck,1.74,1.74,1.74,$ Per Gallon
2025-05-19,Ethanol,Illinois,,Rail,1.775,1.77,1.78,$ Per Gallon
2025-05-19,Ethanol,Iowa,,Truck,1.625,1.6,1.65,$ Per Gallon
2025-05-19,Ethanol,Kansas,,Truck,1.6533,1.61,1.68,$ Per Gallon
2025-05-19,Ethanol,Nebraska,,Truck,1.675,1.61,1.74,$ Per Gallon
2025-05-26,Distillers Corn Oil,Illinois,,Truck,53.25,45.0,57.0,Cents Per Lb
2025-05-26,Distillers Corn Oil,Indiana,,Truck,54.5,54.0,55.0,Cents Per Lb
2025-05-26,Distillers Corn Oil,Iowa,,Truck,56.0,56.0,56.0,Cents Per Lb
2025-05-26,Distillers Corn Oil,Kansas,,Truck,55.33,52.0,57.0,Cents Per Lb
2025-05-26,Distillers Corn Oil,Michigan,,Truck,50.83,42.0,55.0,Cents Per Lb
2025-05-26,Distillers Corn Oil,Minnesota,,Truck,51.0,43.0,56.5,Cents Per Lb
2025-05-26,Distillers Corn Oil,Missouri,,Truck,49.0,43.0,55.0,Cents Per Lb
2025-05-26,Distillers Corn Oil,Nebraska,,Truck,53.0,43.0,58.0,Cents Per Lb
2025-05-26,Distillers Corn Oil,Ohio,,Truck,51.25,42.0,57.0,Cents Per Lb
2025-05-26,Distillers Corn Oil,South Dakota,,Truck,52.02,43.0,57.0,Cents Per Lb
2025-05-26,Distillers Corn Oil,Wisconsin,,Truck,53.5,52.0,55.0,Cents Per Lb
2025-05-26,Distillers Grain,Illinois,Wet 65-70%,Truck,60.0,60.0,60.0,$ Per Ton
2025-05-26,Distillers Grain,Illinois,Dried 10%,Truck,160.5,150.0,175.0,$ Per Ton
2025-05-26,Distillers Grain,Indiana,Modified Wet 55-60%,Truck,90.0,90.0,90.0,$ Per Ton
2025-05-26,Distillers Grain,Indiana,Dried 10%,Truck,151.56,140.0,170.0,$ Per Ton
2025-05-26,Distillers Grain,Iowa,Dried 10%,Truck,143.9,130.0,160.0,$ Per Ton
2025-05-26,Distillers Grain,Iowa,Wet 65-70%,Truck,54.5,49.0,60.0,$ Per Ton
2025-05-26,Distillers Grain,Iowa,Modified Wet 55-60%,Truck,72.4,65.0,80.0,$ Per Ton
2025-05-26,Distillers Grain,Kansas,Wet 65-70%,Truck,56.6,35.0,71.0,$ Per Ton
2025-05-26,Distillers Grain,Kansas,Dried 10%,Truck,158.0,145.0,165.0,$ Per Ton
2025-05-26,Distillers Grain,Michigan,Dried 10%,Truck,152.43,135.0,170.0,$ Per Ton
2025-05-26,Distillers Grain,Michigan,Modified Wet 55-60%,Truck,90.0,90.0,90.0,$ Per Ton
2025-05-26,Distillers Grain,Minnesota,Dried 10%,Truck,150.5,140.0,160.0,$ Per Ton
2025-05-26,Distillers Grain,Minnesota,Wet 65-70%,Truck,50.0,45.0,55.0,$ Per Ton
2025-05-26,Distillers Grain,Minnesota,Modified Wet 55-60%,Truck,65.0,65.0,65.0,$ Per Ton
2025-05-26,Distillers Grain,Missouri,Dried 10%,Truck,157.5,155.0,160.0,$ Per Ton
2025-05-26,Distillers Grain,Missouri,Wet 65-70%,Truck,50.0,50.0,50.0,$ Per Ton
2025-05-26,Distillers Grain,N/A,Dried 10%,Rail,215.0,215.0,215.0,$ Per Ton
2025-05-26,Distillers Grain,N/A,Dried 10%,Ocean Vessel,202.5,195.0,215.0,$ Per Ton
2025-05-26,Distillers Grain,N/A,Dried 10%,Rail/Barge,162.0,162.0,162.0,$ Per Ton
2025-05-26,Distillers Grain,Nebraska,Wet 65-70%,Truck,55.75,50.0,70.0,$ Per Ton
2025-05-26,Distillers Grain,Nebraska,Modified Wet 55-60%,Truck,73.67,62.0,85.0,$ Per Ton
2025-05-26,Distillers Grain,Nebraska,Dried 10%,Truck,151.88,140.0,160.0,$ Per Ton
2025-05-26,Distillers Grain,Ohio,Dried 10%,Truck,160.0,150.0,170.0,$ Per Ton
2025-05-26,Distillers Grain,Ohio,Modified Wet 55-60%,Truck,90.0,90.0,90.0,$ Per Ton
2025-05-26,Distillers Grain,South Dakota,Wet 65-70%,Truck,54.0,54.0,54.0,$ Per Ton
2025-05-26,Distillers Grain,South Dakota,Modified Wet 55-60%,Truck,76.25,75.0,80.0,$ Per Ton
2025-05-26,Distillers Grain,South Dakota,Dried 10%,Truck,144.67,138.0,155.0,$ Per Ton
2025-05-26,Distillers Grain,Wisconsin,Modified Wet 55-60%,Truck,68.0,68.0,68.0,$ Per Ton
2025-05-26,Distillers Grain,Wisconsin,Dried 10%,Truck,149.0,142.0,160.0,$ Per Ton
2025-05-26,Distillers Grain,Wisconsin,Wet 65-70%,Truck,60.0,60.0,60.0,$ Per Ton
2025-05-26,Ethanol,Illinois,,Truck,1.77,1.77,1.77,$ Per Gallon
2025-05-26,Ethanol,Illinois,,Rail,1.775,1.77,1.78,$ Per Gallon
2025-05-26,Ethanol,Iowa,,Truck,1.615,1.6,1.65,$ Per Gallon
2025-05-26,Ethanol,Kansas,,Truck,1.6533,1.61,1.68,$ Per Gallon
2025-05-26,Ethanol,Nebraska,,Truck,1.695,1.61,1.78,$ Per Gallon
2025-06-02,Distillers Corn Oil,Illinois,,Truck,53.25,45.0,58.0,Cents Per Lb
2025-06-02,Distillers Corn Oil,Indiana,,Truck,54.5,54.0,55.0,Cents Per Lb
2025-06-02,Distillers Corn Oil,Iowa,,Truck,54.5,54.5,54.5,Cents Per Lb
2025-06-02,Distillers Corn Oil,Kansas,,Truck,55.33,52.0,57.0,Cents Per Lb
2025-06-02,Distillers Corn Oil,Michigan,,Truck,50.83,42.0,55.0,Cents Per Lb
2025-06-02,Distillers Corn Oil,Minnesota,,Truck,50.56,43.0,56.0,Cents Per Lb
2025-06-02,Distillers Corn Oil,Missouri,,Truck,49.0,43.0,55.0,Cents Per Lb
2025-06-02,Distillers Corn Oil,Nebraska,,Truck,52.35,43.0,57.0,Cents Per Lb
2025-06-02,Distillers Corn Oil,Ohio,,Truck,50.83,42.0,56.0,Cents Per Lb
2025-06-02,Distillers Corn Oil,South Dakota,,Truck,51.05,43.0,56.0,Cents Per Lb
2025-06-02,Distillers Corn Oil,Wisconsin,,Truck,53.5,52.0,55.0,Cents Per Lb
2025-06-02,Distillers Grain,Illinois,Wet 65-70%,Truck,60.0,60.0,60.0,$ Per Ton
2025-06-02,Distillers Grain,Illinois,Dried 10%,Truck,161.0,150.0,180.0,$ Per Ton
2025-06-02,Distillers Grain,Indiana,Modified Wet 55-60%,Truck,90.0,90.0,90.0,$ Per Ton
2025-06-02,Distillers Grain,Indiana,Dried 10%,Truck,151.56,140.0,170.0,$ Per Ton
2025-06-02,Distillers Grain,Iowa,Dried 10%,Truck,141.27,125.0,160.0,$ Per Ton
2025-06-02,Distillers Grain,Iowa,Wet 65-70%,Truck,50.5,44.0,57.0,$ Per Ton
2025-06-02,Distillers Grain,Iowa,Modified Wet 55-60%,Truck,72.5,65.0,80.0,$ Per Ton
2025-06-02,Distillers Grain,Kansas,Wet 65-70%,Truck,56.6,35.0,71.0,$ Per Ton
2025-06-02,Distillers Grain,Kansas,Dried 10%,Truck,158.75,145.0,165.0,$ Per Ton
2025-06-02,Distillers Grain,Michigan,Modified Wet 55-60%,Truck,90.0,90.0,90.0,$ Per Ton
2025-06-02,Distillers Grain,Michigan,Dried 10%,Truck,152.43,135.0,170.0,$ Per Ton
2025-06-02,Distillers Grain,Minnesota,Wet 65-70%,Truck,50.0,45.0,55.0,$ Per Ton
2025-06-02,Distillers Grain,Minnesota,Modified Wet 55-60%,Truck,65.0,65.0,65.0,$ Per Ton
2025-06-02,Distillers Grain,Minnesota,Dried 10%,Truck,150.5,140.0,160.0,$ Per Ton
2025-06-02,Distillers Grain,Missouri,Wet 65-70%,Truck,50.0,50.0,50.0,$ Per Ton
2025-06-02,Distillers Grain,Missouri,Dried 10%,Truck,157.5,155.0,160.0,$ Per Ton
2025-06-02,Distillers Grain,N/A,Dried 10%,Rail,215.0,215.0,215.0,$ Per Ton
2025-06-02,Distillers Grain,N/A,Dried 10%,Rail/Barge,162.0,162.0,162.0,$ Per Ton
2025-06-02,Distillers Grain,N/A,Dried 10%,Ocean Vessel,201.0,195.0,210.0,$ Per Ton
2025-06-02,Distillers Grain,Nebraska,Wet 65-70%,Truck,51.0,48.0,56.0,$ Per Ton
2025-06-02,Distillers Grain,Nebraska,Modified Wet 55-60%,Truck,71.57,58.0,85.0,$ Per Ton
2025-06-02,Distillers Grain,Nebraska,Dried 10%,Truck,149.33,140.0,160.0,$ Per Ton
2025-06-02,Distillers Grain,Ohio,Dried 10%,Truck,159.17,150.0,170.0,$ Per Ton
2025-06-02,Distillers Grain,Ohio,Modified Wet 55-60%,Truck,90.0,90.0,90.0,$ Per Ton
2025-06-02,Distillers Grain,South Dakota,Wet 65-70%,Truck,58.0,54.0,62.0,$ Per Ton
2025-06-02,Distillers Grain,South Dakota,Modified Wet 55-60%,Truck,75.0,70.0,80.0,$ Per Ton
2025-06-02,Distillers Grain,South Dakota,Dried 10%,Truck,143.29,135.0,155.0,$ Per Ton
2025-06-02,Distillers Grain,Wisconsin,Modified Wet 55-60%,Truck,68.0,68.0,68.0,$ Per Ton
2025-06-02,Distillers Grain,Wisconsin,Dried 10%,Truck,149.0,142.0,160.0,$ Per Ton
2025-06-02,Distillers Grain,Wisconsin,Wet 65-70%,Truck,60.0,60.0,60.0,$ Per Ton
2025-06-02,Ethanol,Illinois,,Truck,1.72,1.72,1.72,$ Per Gallon
2025-06-02,Ethanol,Illinois,,Rail,1.69,1.69,1.69,$ Per Gallon
2025-06-02,Ethanol,Iowa,,Truck,1.615,1.6,1.65,$ Per Gallon
2025-06-02,Ethanol,Kansas,,Truck,1.6,1.54,1.66,$ Per Gallon
2025-06-02,Ethanol,Nebraska,,Truck,1.695,1.61,1.78,$ Per Gallon
2025-06-09,Distillers Corn Oil,Illinois,,Truck,52.75,45.0,57.0,Cents Per Lb
2025-06-09,Distillers Corn Oil,Indiana,,Truck,54.5,54.0,55.0,Cents Per Lb
2025-06-09,Distillers Corn Oil,Iowa,,Truck,54.5,54.5,54.5,Cents Per Lb
2025-06-09,Distillers Corn Oil,Kansas,,Truck,54.67,52.0,56.0,Cents Per Lb
2025-06-09,Distillers Corn Oil,Michigan,,Truck,50.83,42.0,55.0,Cents Per Lb
2025-06-09,Distillers Corn Oil,Minnesota,,Truck,50.56,43.0,56.0,Cents Per Lb
2025-06-09,Distillers Corn Oil,Missouri,,Truck,49.0,43.0,55.0,Cents Per Lb
2025-06-09,Distillers Corn Oil,Nebraska,,Truck,52.5,43.0,57.0,Cents Per Lb
2025-06-09,Distillers Corn Oil,Ohio,,Truck,50.83,42.0,56.0,Cents Per Lb
2025-06-09,Distillers Corn Oil,South Dakota,,Truck,51.55,43.0,56.0,Cents Per Lb
2025-06-09,Distillers Corn Oil,Wisconsin,,Truck,53.0,52.0,54.0,Cents Per Lb
2025-06-09,Distillers Grain,Illinois,Dried 10%,Truck,159.25,150.0,175.0,$ Per Ton
2025-06-09,Distillers Grain,Illinois,Wet 65-70%,Truck,60.0,60.0,60.0,$ Per Ton
2025-06-09,Distillers Grain,Indiana,Dried 10%,Truck,150.78,140.0,170.0,$ Per Ton
2025-06-09,Distillers Grain,Indiana,Modified Wet 55-60%,Truck,90.0,90.0,90.0,$ Per Ton
2025-06-09,Distillers Grain,Iowa,Dried 10%,Truck,140.5,130.0,155.0,$ Per Ton
2025-06-09,Distillers Grain,Iowa,Modified Wet 55-60%,Truck,72.0,65.0,80.0,$ Per Ton
2025-06-09,Distillers Grain,Iowa,Wet 65-70%,Truck,50.5,44.0,57.0,$ Per Ton
2025-06-09,Distillers Grain,Kansas,Dried 10%,Truck,168.75,145.0,185.0,$ Per Ton
2025-06-09,Distillers Grain,Kansas,Wet 65-70%,Truck,56.2,35.0,70.0,$ Per Ton
2025-06-09,Distillers Grain,Michigan,Dried 10%,Truck,151.71,135.0,170.0,$ Per Ton
2025-06-09,Distillers Grain,Michigan,Modified Wet 55-60%,Truck,90.0,90.0,90.0,$ Per Ton
2025-06-09,Distillers Grain,Minnesota,Dried 10%,Truck,149.5,142.0,155.0,$ Per Ton
2025-06-09,Distillers Grain,Minnesota,Modified Wet 55-60%,Truck,60.0,60.0,60.0,$ Per Ton
2025-06-09,Distillers Grain,Minnesota,Wet 65-70%,Truck,50.0,45.0,55.0,$ Per Ton
2025-06-09,Distillers Grain,Missouri,Dried 10%,Truck,155.0,150.0,160.0,$ Per Ton
2025-06-09,Distillers Grain,Missouri,Wet 65-70%,Truck,50.0,50.0,50.0,$ Per Ton
2025-06-09,Distillers Grain,N/A,Dried 10%,Ocean Vessel,218.5,218.0,219.0,$ Per Ton
2025-06-09,Distillers Grain,N/A,Dried 10%,Rail/Barge,162.0,162.0,162.0,$ Per Ton
2025-06-09,Distillers Grain,N/A,Dried 10%,Rail,205.0,205.0,205.0,$ Per Ton
2025-06-09,Distillers Grain,Nebraska,Wet 65-70%,Truck,48.67,45.0,56.0,$ Per Ton
2025-06-09,Distillers Grain,Nebraska,Modified Wet 55-60%,Truck,70.71,58.0,85.0,$ Per Ton
2025-06-09,Distillers Grain,Nebraska,Dried 10%,Truck,148.38,137.0,160.0,$ Per Ton
2025-06-09,Distillers Grain,Ohio,Dried 10%,Truck,159.17,150.0,170.0,$ Per Ton
2025-06-09,Distillers Grain,Ohio,Modified Wet 55-60%,Truck,90.0,90.0,90.0,$ Per Ton
2025-06-09,Distillers Grain,South Dakota,Wet 65-70%,Truck,58.0,54.0,62.0,$ Per Ton
2025-06-09,Distillers Grain,South Dakota,Modified Wet 55-60%,Truck,73.75,65.0,80.0,$ Per Ton
2025-06-09,Distillers Grain,South Dakota,Dried 10%,Truck,143.5,136.0,155.0,$ Per Ton
2025-06-09,Distillers Grain,Wisconsin,Wet 65-70%,Truck,60.0,60.0,60.0,$ Per Ton
2025-06-09,Distillers Grain,Wisconsin,Modified Wet 55-60%,Truck,68.0,68.0,68.0,$ Per Ton
2025-06-09,Distillers Grain,Wisconsin,Dried 10%,Truck,147.33,142.0,155.0,$ Per Ton
2025-06-09,Ethanol,Illinois,,Truck,1.65,1.65,1.65,$ Per Gallon
2025-06-09,Ethanol,Illinois,,Rail,1.69,1.69,1.69,$ Per Gallon
2025-06-09,Ethanol,Iowa,,Truck,1.6275,1.6,1.65,$ Per Gallon
2025-06-09,Ethanol,Kansas,,Truck,1.57,1.54,1.6,$ Per Gallon
2025-06-09,Ethanol,Nebraska,,Truck,1.61,1.61,1.61,$ Per Gallon
2025-06-16,Distillers Corn Oil,Illinois,,Truck,53.5,45.0,60.0,Cents Per Lb
2025-06-16,Distillers Corn Oil,Indiana,,Truck,62.0,61.0,63.0,Cents Per Lb
2025-06-16,Distillers Corn Oil,Iowa,,Truck,54.5,54.5,54.5,Cents Per Lb
2025-06-16,Distillers Corn Oil,Kansas,,Truck,54.67,52.0,56.0,Cents Per Lb
2025-06-16,Distillers Corn Oil,Michigan,,Truck,53.33,42.0,63.0,Cents Per Lb
2025-06-16,Distillers Corn Oil,Minnesota,,Truck,52.44,43.0,63.0,Cents Per Lb
2025-06-16,Distillers Corn Oil,Missouri,,Truck,52.75,43.0,63.0,Cents Per Lb
2025-06-16,Distillers Corn Oil,Nebraska,,Truck,55.45,43.0,63.0,Cents Per Lb
2025-06-16,Distillers Corn Oil,Ohio,,Truck,53.33,42.0,63.0,Cents Per Lb
2025-06-16,Distillers Corn Oil,South Dakota,,Truck,53.18,43.0,63.0,Cents Per Lb
2025-06-16,Distillers Corn Oil,Wisconsin,,Truck,57.0,54.0,60.0,Cents Per Lb
2025-06-16,Distillers Grain,Illinois,Wet 65-70%,Truck,60.0,60.0,60.0,$ Per Ton
2025-06-16,Distillers Grain,Illinois,Dried 10%,Truck,159.75,150.0,177.0,$ Per Ton
2025-06-16,Distillers Grain,Indiana,Modified Wet 55-60%,Truck,90.0,90.0,90.0,$ Per Ton
2025-06-16,Distillers Grain,Indiana,Dried 10%,Truck,150.78,140.0,170.0,$ Per Ton
2025-06-16,Distillers Grain,Iowa,Dried 10%,Truck,138.2,118.0,155.0,$ Per Ton
2025-06-16,Distillers Grain,Iowa,Wet 65-70%,Truck,49.5,42.0,57.0,$ Per Ton
2025-06-16,Distillers Grain,Iowa,Modified Wet 55-60%,Truck,72.0,65.0,80.0,$ Per Ton
2025-06-16,Distillers Grain,Kansas,Wet 65-70%,Truck,55.2,30.0,70.0,$ Per Ton
2025-06-16,Distillers Grain,Kansas,Dried 10%,Truck,167.5,140.0,185.0,$ Per Ton
2025-06-16,Distillers Grain,Michigan,Dried 10%,Truck,151.43,135.0,170.0,$ Per Ton
2025-06-16,Distillers Grain,Michigan,Modified Wet 55-60%,Truck,90.0,90.0,90.0,$ Per Ton
2025-06-16,Distillers Grain,Minnesota,Dried 10%,Truck,148.33,140.0,155.0,$ Per Ton
2025-06-16,Distillers Grain,Minnesota,Wet 65-70%,Truck,50.0,45.0,55.0,$ Per Ton
2025-06-16,Distillers Grain,Minnesota,Modified Wet 55-60%,Truck,60.0,60.0,60.0,$ Per Ton
2025-06-16,Distillers Grain,Missouri,Dried 10%,Truck,155.0,150.0,160.0,$ Per Ton
2025-06-16,Distillers Grain,Missouri,Wet 65-70%,Truck,50.0,50.0,50.0,$ Per Ton
2025-06-16,Distillers Grain,N/A,Dried 10%,Rail,208.0,208.0,208.0,$ Per Ton
2025-06-16,Distillers Grain,N/A,Dried 10%,Ocean Vessel,193.0,189.0,199.0,$ Per Ton
2025-06-16,Distillers Grain,N/A,Dried 10%,Rail/Barge,162.0,162.0,162.0,$ Per Ton
2025-06-16,Distillers Grain,Nebraska,Wet 65-70%,Truck,48.67,45.0,56.0,$ Per Ton
2025-06-16,Distillers Grain,Nebraska,Modified Wet 55-60%,Truck,69.86,58.0,85.0,$ Per Ton
2025-06-16,Distillers Grain,Nebraska,Dried 10%,Truck,147.25,135.0,160.0,$ Per Ton
2025-06-16,Distillers Grain,Ohio,Dried 10%,Truck,159.17,150.0,170.0,$ Per Ton
2025-06-16,Distillers Grain,Ohio,Modified Wet 55-60%,Truck,90.0,90.0,90.0,$ Per Ton
2025-06-16,Distillers Grain,South Dakota,Wet 65-70%,Truck,58.0,54.0,62.0,$ Per Ton
2025-06-16,Distillers Grain,South Dakota,Modified Wet 55-60%,Truck,75.0,70.0,80.0,$ Per Ton
2025-06-16,Distillers Grain,South Dakota,Dried 10%,Truck,143.5,136.0,155.0,$ Per Ton
2025-06-16,Distillers Grain,Wisconsin,Modified Wet 55-60%,Truck,67.0,67.0,67.0,$ Per Ton
2025-06-16,Distillers Grain,Wisconsin,Wet 65-70%,Truck,60.0,60.0,60.0,$ Per Ton
2025-06-16,Distillers Grain,Wisconsin,Dried 10%,Truck,146.67,140.0,155.0,$ Per Ton
2025-06-16,Ethanol,Illinois,,Rail,1.675,1.67,1.68,$ Per Gallon
2025-06-16,Ethanol,Illinois,,Truck,1.65,1.65,1.65,$ Per Gallon
2025-06-16,Ethanol,Iowa,,Truck,1.59,1.5,1.65,$ Per Gallon
2025-06-16,Ethanol,Kansas,,Truck,1.57,1.54,1.6,$ Per Gallon
2025-06-16,Ethanol,Nebraska,,Truck,1.61,1.61,1.61,$ Per Gallon
2025-06-23,Distillers Corn Oil,Illinois,,Truck,56.25,45.0,64.0,Cents Per Lb
2025-06-23,Distillers Corn Oil,Indiana,,Truck,62.0,61.0,63.0,Cents Per Lb
2025-06-23,Distillers Corn Oil,Iowa,,Truck,61.0,61.0,61.0,Cents Per Lb
2025-06-23,Distillers Corn Oil,Kansas,,Truck,54.67,52.0,56.0,Cents Per Lb
2025-06-23,Distillers Corn Oil,Michigan,,Truck,54.17,42.0,63.0,Cents Per Lb
2025-06-23,Distillers Corn Oil,Minnesota,,Truck,53.25,43.0,63.0,Cents Per Lb
2025-06-23,Distillers Corn Oil,Missouri,,Truck,52.75,43.0,63.0,Cents Per Lb
2025-06-23,Distillers Corn Oil,Nebraska,,Truck,55.28,43.0,63.0,Cents Per Lb
2025-06-23,Distillers Corn Oil,Ohio,,Truck,53.33,42.0,63.0,Cents Per Lb
2025-06-23,Distillers Corn Oil,South Dakota,,Truck,53.73,43.0,63.0,Cents Per Lb
2025-06-23,Distillers Corn Oil,Wisconsin,,Truck,60.5,60.0,61.0,Cents Per Lb
2025-06-23,Distillers Grain,Illinois,Dried 10%,Truck,155.5,150.0,166.0,$ Per Ton
2025-06-23,Distillers Grain,Illinois,Wet 65-70%,Truck,61.0,61.0,61.0,$ Per Ton
2025-06-23,Distillers Grain,Indiana,Dried 10%,Truck,149.75,138.0,170.0,$ Per Ton
2025-06-23,Distillers Grain,Indiana,Dried 10%,Rail,147.0,147.0,147.0,$ Per Ton
2025-06-23,Distillers Grain,Indiana,Modified Wet 55-60%,Truck,90.0,90.0,90.0,$ Per Ton
2025-06-23,Distillers Grain,Iowa,Dried 10%,Rail,140.0,140.0,140.0,$ Per Ton
2025-06-23,Distillers Grain,Iowa,Modified Wet 55-60%,Truck,67.25,55.0,80.0,$ Per Ton
2025-06-23,Distillers Grain,Iowa,Dried 10%,Truck,135.5,115.0,154.0,$ Per Ton
2025-06-23,Distillers Grain,Iowa,Wet 65-70%,Truck,47.5,38.0,57.0,$ Per Ton
2025-06-23,Distillers Grain,Kansas,Dried 10%,Truck,167.5,140.0,185.0,$ Per Ton
2025-06-23,Distillers Grain,Kansas,Wet 65-70%,Truck,55.2,30.0,70.0,$ Per Ton
2025-06-23,Distillers Grain,Michigan,Dried 10%,Rail,135.0,135.0,135.0,$ Per Ton
2025-06-23,Distillers Grain,Michigan,Dried 10%,Truck,152.83,145.0,170.0,$ Per Ton
2025-06-23,Distillers Grain,Michigan,Modified Wet 55-60%,Truck,90.0,90.0,90.0,$ Per Ton
2025-06-23,Distillers Grain,Minnesota,Dried 10%,Truck,146.67,135.0,155.0,$ Per Ton
2025-06-23,Distillers Grain,Minnesota,Wet 65-70%,Truck,50.0,45.0,55.0,$ Per Ton
2025-06-23,Distillers Grain,Minnesota,Modified Wet 55-60%,Truck,70.0,70.0,70.0,$ Per Ton
2025-06-23,Distillers Grain,Missouri,Dried 10%,Truck,155.0,150.0,160.0,$ Per Ton
2025-06-23,Distillers Grain,Missouri,Wet 65-70%,Truck,50.0,50.0,50.0,$ Per Ton
2025-06-23,Distillers Grain,N/A,Dried 10%,Rail,205.0,205.0,205.0,$ Per Ton
2025-06-23,Distillers Grain,N/A,Dried 10%,Ocean Vessel,189.5,185.0,194.0,$ Per Ton
2025-06-23,Distillers Grain,N/A,Dried 10%,Rail/Barge,162.0,162.0,162.0,$ Per Ton
2025-06-23,Distillers Grain,Nebraska,Wet 65-70%,Truck,42.5,40.0,45.0,$ Per Ton
2025-06-23,Distillers Grain,Nebraska,Modified Wet 55-60%,Truck,68.17,58.0,85.0,$ Per Ton
2025-06-23,Distillers Grain,Nebraska,Dried 10%,Truck,143.14,130.0,160.0,$ Per Ton
2025-06-23,Distillers Grain,Ohio,Dried 10%,Truck,160.0,150.0,170.0,$ Per Ton
2025-06-23,Distillers Grain,Ohio,Modified Wet 55-60%,Truck,90.0,90.0,90.0,$ Per Ton
2025-06-23,Distillers Grain,Ohio,Dried 10%,Rail,140.0,140.0,140.0,$ Per Ton
2025-06-23,Distillers Grain,South Dakota,Wet 65-70%,Truck,58.0,54.0,62.0,$ Per Ton
2025-06-23,Distillers Grain,South Dakota,Modified Wet 55-60%,Truck,77.5,75.0,80.0,$ Per Ton
2025-06-23,Distillers Grain,South Dakota,Dried 10%,Truck,144.33,136.0,155.0,$ Per Ton
2025-06-23,Distillers Grain,Wisconsin,Modified Wet 55-60%,Truck,65.0,65.0,65.0,$ Per Ton
2025-06-23,Distillers Grain,Wisconsin,Dried 10%,Truck,146.67,135.0,160.0,$ Per Ton
2025-06-23,Distillers Grain,Wisconsin,Wet 65-70%,Truck,60.0,60.0,60.0,$ Per Ton
2025-06-23,Ethanol,Illinois,,Rail,1.62,1.62,1.62,$ Per Gallon
2025-06-23,Ethanol,Illinois,,Truck,1.62,1.62,1.62,$ Per Gallon
2025-06-23,Ethanol,Iowa,,Truck,1.55,1.49,1.61,$ Per Gallon
2025-06-23,Ethanol,Kansas,,Truck,1.5567,1.53,1.6,$ Per Gallon
2025-06-23,Ethanol,Nebraska,,Truck,1.61,1.61,1.61,$ Per Gallon
2025-07-07,Distillers Corn Oil,Illinois,,Truck,57.5,45.0,63.0,Cents Per Lb
2025-07-07,Distillers Corn Oil,Indiana,,Truck,62.0,61.0,63.0,Cents Per Lb
2025-07-07,Distillers Corn Oil,Iowa,,Truck,60.0,60.0,60.0,Cents Per Lb
2025-07-07,Distillers Corn Oil,Kansas,,Truck,54.67,52.0,56.0,Cents Per Lb
2025-07-07,Distillers Corn Oil,Michigan,,Truck,54.17,42.0,63.0,Cents Per Lb
2025-07-07,Distillers Corn Oil,Minnesota,,Truck,53.25,43.0,63.0,Cents Per Lb
2025-07-07,Distillers Corn Oil,Missouri,,Truck,52.75,43.0,63.0,Cents Per Lb
2025-07-07,Distillers Corn Oil,Nebraska,,Truck,55.5,43.0,63.0,Cents Per Lb
2025-07-07,Distillers Corn Oil,Ohio,,Truck,53.33,42.0,63.0,Cents Per Lb
2025-07-07,Distillers Corn Oil,South Dakota,,Truck,55.27,43.0,63.0,Cents Per Lb
2025-07-07,Distillers Corn Oil,Wisconsin,,Truck,62.0,62.0,62.0,Cents Per Lb
2025-07-07,Distillers Grain,Illinois,Dried 10%,Truck,157.75,148.0,180.0,$ Per Ton
2025-07-07,Distillers Grain,Illinois,Wet 65-70%,Truck,50.0,50.0,50.0,$ Per Ton
2025-07-07,Distillers Grain,Indiana,Dried 10%,Truck,149.13,135.0,170.0,$ Per Ton
2025-07-07,Distillers Grain,Indiana,Modified Wet 55-60%,Truck,90.0,90.0,90.0,$ Per Ton
2025-07-07,Distillers Grain,Indiana,Dried 10%,Rail,140.0,140.0,140.0,$ Per Ton
2025-07-07,Distillers Grain,Iowa,Dried 10%,Rail,130.0,130.0,130.0,$ Per Ton
2025-07-07,Distillers Grain,Iowa,Dried 10%,Truck,130.4,110.0,150.0,$ Per Ton
2025-07-07,Distillers Grain,Iowa,Wet 65-70%,Truck,45.5,39.0,52.0,$ Per Ton
2025-07-07,Distillers Grain,Iowa,Modified Wet 55-60%,Truck,65.75,55.0,80.0,$ Per Ton
2025-07-07,Distillers Grain,Kansas,Wet 65-70%,Truck,55.8,35.0,70.0,$ Per Ton
2025-07-07,Distillers Grain,Kansas,Dried 10%,Truck,168.75,145.0,185.0,$ Per Ton
2025-07-07,Distillers Grain,Michigan,Dried 10%,Rail,135.0,135.0,135.0,$ Per Ton
2025-07-07,Distillers Grain,Michigan,Dried 10%,Truck,151.17,140.0,170.0,$ Per Ton
2025-07-07,Distillers Grain,Michigan,Modified Wet 55-60%,Truck,90.0,90.0,90.0,$ Per Ton
2025-07-07,Distillers Grain,Minnesota,Modified Wet 55-60%,Truck,70.0,70.0,70.0,$ Per Ton
2025-07-07,Distillers Grain,Minnesota,Wet 65-70%,Truck,50.0,45.0,55.0,$ Per Ton
2025-07-07,Distillers Grain,Minnesota,Dried 10%,Truck,146.33,135.0,155.0,$ Per Ton
2025-07-07,Distillers Grain,Missouri,Dried 10%,Truck,155.0,150.0,160.0,$ Per Ton
2025-07-07,Distillers Grain,Missouri,Wet 65-70%,Truck,47.0,47.0,47.0,$ Per Ton
2025-07-07,Distillers Grain,N/A,Dried 10%,Rail/Barge,162.0,162.0,162.0,$ Per Ton
2025-07-07,Distillers Grain,N/A,Dried 10%,Ocean Vessel,211.0,205.0,217.0,$ Per Ton
2025-07-07,Distillers Grain,N/A,Dried 10%,Rail,205.0,205.0,205.0,$ Per Ton
2025-07-07,Distillers Grain,Nebraska,Wet 65-70%,Truck,41.5,38.0,45.0,$ Per Ton
2025-07-07,Distillers Grain,Nebraska,Modified Wet 55-60%,Truck,67.5,58.0,85.0,$ Per Ton
2025-07-07,Distillers Grain,Nebraska,Dried 10%,Truck,143.43,132.0,160.0,$ Per Ton
2025-07-07,Distillers Grain,Ohio,Modified Wet 55-60%,Truck,90.0,90.0,90.0,$ Per Ton
2025-07-07,Distillers Grain,Ohio,Dried 10%,Rail,140.0,140.0,140.0,$ Per Ton
2025-07-07,Distillers Grain,Ohio,Dried 10%,Truck,157.2,143.0,170.0,$ Per Ton
2025-07-07,Distillers Grain,South Dakota,Wet 65-70%,Truck,57.0,54.0,60.0,$ Per Ton
2025-07-07,Distillers Grain,South Dakota,Modified Wet 55-60%,Truck,71.25,65.0,80.0,$ Per Ton
2025-07-07,Distillers Grain,South Dakota,Dried 10%,Truck,134.86,120.0,155.0,$ Per Ton
2025-07-07,Distillers Grain,Wisconsin,Wet 65-70%,Truck,57.0,57.0,57.0,$ Per Ton
2025-07-07,Distillers Grain,Wisconsin,Modified Wet 55-60%,Truck,65.0,65.0,65.0,$ Per Ton
2025-07-07,Distillers Grain,Wisconsin,Dried 10%,Truck,143.33,135.0,150.0,$ Per Ton
2025-07-07,Ethanol,Illinois,,Rail,1.685,1.67,1.7,$ Per Gallon
2025-07-07,Ethanol,Illinois,,Truck,1.69,1.69,1.69,$ Per Gallon
2025-07-07,Ethanol,Iowa,,Truck,1.5775,1.5,1.61,$ Per Gallon
2025-07-07,Ethanol,Kansas,,Truck,1.6033,1.54,1.67,$ Per Gallon
2025-07-07,Ethanol,Nebraska,,Truck,1.61,1.61,1.61,$ Per Gallon
2025-07-14,Distillers Corn Oil,Illinois,,Truck,57.5,45.0,63.0,Cents Per Lb
2025-07-14,Distillers Corn Oil,Indiana,,Truck,62.0,61.0,63.0,Cents Per Lb
2025-07-14,Distillers Corn Oil,Iowa,,Truck,60.0,60.0,60.0,Cents Per Lb
2025-07-14,Distillers Corn Oil,Kansas,,Truck,55.0,55.0,55.0,Cents Per Lb
2025-07-14,Distillers Corn Oil,Michigan,,Truck,54.17,42.0,63.0,Cents Per Lb
2025-07-14,Distillers Corn Oil,Minnesota,,Truck,53.25,43.0,63.0,Cents Per Lb
2025-07-14,Distillers Corn Oil,Missouri,,Truck,52.75,43.0,63.0,Cents Per Lb
2025-07-14,Distillers Corn Oil,Nebraska,,Truck,56.45,43.0,64.0,Cents Per Lb
2025-07-14,Distillers Corn Oil,Ohio,,Truck,53.33,42.0,63.0,Cents Per Lb
2025-07-14,Distillers Corn Oil,South Dakota,,Truck,56.33,43.0,63.5,Cents Per Lb
2025-07-14,Distillers Corn Oil,Wisconsin,,Truck,63.0,62.0,64.0,Cents Per Lb
2025-07-14,Distillers Grain,Illinois,Dried 10%,Truck,155.25,148.0,170.0,$ Per Ton
2025-07-14,Distillers Grain,Illinois,Wet 65-70%,Truck,50.0,50.0,50.0,$ Per Ton
2025-07-14,Distillers Grain,Indiana,Modified Wet 55-60%,Truck,90.0,90.0,90.0,$ Per Ton
2025-07-14,Distillers Grain,Indiana,Dried 10%,Truck,149.13,135.0,170.0,$ Per Ton
2025-07-14,Distillers Grain,Indiana,Dried 10%,Rail,140.0,140.0,140.0,$ Per Ton
2025-07-14,Distillers Grain,Iowa,Dried 10%,Rail,130.0,130.0,130.0,$ Per Ton
2025-07-14,Distillers Grain,Iowa,Dried 10%,Truck,128.11,115.0,145.0,$ Per Ton
2025-07-14,Distillers Grain,Iowa,Modified Wet 55-60%,Truck,67.75,63.0,80.0,$ Per Ton
2025-07-14,Distillers Grain,Iowa,Wet 65-70%,Truck,47.5,45.0,50.0,$ Per Ton
2025-07-14,Distillers Grain,Kansas,Dried 10%,Truck,135.0,135.0,135.0,$ Per Ton
2025-07-14,Distillers Grain,Kansas,Wet 65-70%,Truck,41.5,30.0,53.0,$ Per Ton
2025-07-14,Distillers Grain,Michigan,Modified Wet 55-60%,Truck,90.0,90.0,90.0,$ Per Ton
2025-07-14,Distillers Grain,Michigan,Dried 10%,Truck,152.0,145.0,170.0,$ Per Ton
2025-07-14,Distillers Grain,Michigan,Dried 10%,Rail,135.0,135.0,135.0,$ Per Ton
2025-07-14,Distillers Grain,Minnesota,Wet 65-70%,Truck,50.0,45.0,55.0,$ Per Ton
2025-07-14,Distillers Grain,Minnesota,Modified Wet 55-60%,Truck,60.0,60.0,60.0,$ Per Ton
2025-07-14,Distillers Grain,Minnesota,Dried 10%,Truck,144.17,130.0,155.0,$ Per Ton
2025-07-14,Distillers Grain,Missouri,Wet 65-70%,Truck,47.0,47.0,47.0,$ Per Ton
2025-07-14,Distillers Grain,Missouri,Dried 10%,Truck,152.5,145.0,160.0,$ Per Ton
2025-07-14,Distillers Grain,N/A,Dried 10%,Rail,200.0,200.0,200.0,$ Per Ton
2025-07-14,Distillers Grain,N/A,Dried 10%,Rail/Barge,162.0,162.0,162.0,$ Per Ton
2025-07-14,Distillers Grain,N/A,Dried 10%,Ocean Vessel,206.5,205.0,208.0,$ Per Ton
2025-07-14,Distillers Grain,Nebraska,Wet 65-70%,Truck,38.67,35.0,41.0,$ Per Ton
2025-07-14,Distillers Grain,Nebraska,Modified Wet 55-60%,Truck,65.5,50.0,85.0,$ Per Ton
2025-07-14,Distillers Grain,Nebraska,Dried 10%,Truck,141.25,128.0,160.0,$ Per Ton
2025-07-14,Distillers Grain,Ohio,Modified Wet 55-60%,Truck,90.0,90.0,90.0,$ Per Ton
2025-07-14,Distillers Grain,Ohio,Dried 10%,Truck,157.6,143.0,170.0,$ Per Ton
2025-07-14,Distillers Grain,Ohio,Dried 10%,Rail,140.0,140.0,140.0,$ Per Ton
2025-07-14,Distillers Grain,South Dakota,Wet 65-70%,Truck,57.0,54.0,60.0,$ Per Ton
2025-07-14,Distillers Grain,South Dakota,Modified Wet 55-60%,Truck,71.25,65.0,80.0,$ Per Ton
2025-07-14,Distillers Grain,South Dakota,Dried 10%,Truck,134.29,120.0,155.0,$ Per Ton
2025-07-14,Distillers Grain,Wisconsin,Wet 65-70%,Truck,57.0,57.0,57.0,$ Per Ton
2025-07-14,Distillers Grain,Wisconsin,Modified Wet 55-60%,Truck,65.0,65.0,65.0,$ Per Ton
2025-07-14,Distillers Grain,Wisconsin,Dried 10%,Truck,143.33,135.0,150.0,$ Per Ton
2025-07-14,Ethanol,Illinois,,Truck,1.76,1.76,1.76,$ Per Gallon
2025-07-14,Ethanol,Illinois,,Rail,1.78,1.77,1.79,$ Per Gallon
2025-07-14,Ethanol,Iowa,,Truck,1.66,1.61,1.7,$ Per Gallon
2025-07-14,Ethanol,Kansas,,Truck,1.7,1.7,1.7,$ Per Gallon
2025-07-14,Ethanol,Nebraska,,Truck,1.695,1.61,1.78,$ Per Gallon
2025-07-21,Distillers Corn Oil,Illinois,,Truck,58.75,45.0,67.0,Cents Per Lb
2025-07-21,Distillers Corn Oil,Indiana,,Truck,64.0,64.0,64.0,Cents Per Lb
2025-07-21,Distillers Corn Oil,Iowa,,Truck,60.0,60.0,60.0,Cents Per Lb
2025-07-21,Distillers Corn Oil,Kansas,,Truck,55.0,55.0,55.0,Cents Per Lb
2025-07-21,Distillers Corn Oil,Michigan,,Truck,53.0,42.0,64.0,Cents Per Lb
2025-07-21,Distillers Corn Oil,Minnesota,,Truck,56.13,43.0,65.0,Cents Per Lb
2025-07-21,Distillers Corn Oil,Missouri,,Truck,54.0,43.0,65.0,Cents Per Lb
2025-07-21,Distillers Corn Oil,Nebraska,,Truck,59.2,43.0,66.0,Cents Per Lb
2025-07-21,Distillers Corn Oil,Ohio,,Truck,55.4,42.0,65.0,Cents Per Lb
2025-07-21,Distillers Corn Oil,South Dakota,,Truck,57.3,43.0,65.0,Cents Per Lb
2025-07-21,Distillers Corn Oil,Wisconsin,,Truck,63.5,63.0,64.0,Cents Per Lb
2025-07-21,Distillers Grain,Illinois,Wet 65-70%,Truck,75.0,70.0,80.0,$ Per Ton
2025-07-21,Distillers Grain,Illinois,Dried 10%,Truck,159.0,148.0,175.0,$ Per Ton
2025-07-21,Distillers Grain,Indiana,Modified Wet 55-60%,Truck,90.0,90.0,90.0,$ Per Ton
2025-07-21,Distillers Grain,Indiana,Dried 10%,Truck,148.5,133.0,170.0,$ Per Ton
2025-07-21,Distillers Grain,Indiana,Dried 10%,Rail,145.0,145.0,145.0,$ Per Ton
2025-07-21,Distillers Grain,Iowa,Dried 10%,Rail,130.0,130.0,130.0,$ Per Ton
2025-07-21,Distillers Grain,Iowa,Dried 10%,Truck,125.75,110.0,150.0,$ Per Ton
2025-07-21,Distillers Grain,Iowa,Wet 65-70%,Truck,50.5,46.0,55.0,$ Per Ton
2025-07-21,Distillers Grain,Iowa,Modified Wet 55-60%,Truck,67.75,63.0,80.0,$ Per Ton
2025-07-21,Distillers Grain,Kansas,Wet 65-70%,Truck,41.33,30.0,50.0,$ Per Ton
2025-07-21,Distillers Grain,Kansas,Dried 10%,Truck,145.0,135.0,155.0,$ Per Ton
2025-07-21,Distillers Grain,Michigan,Dried 10%,Rail,135.0,135.0,135.0,$ Per Ton
2025-07-21,Distillers Grain,Michigan,Dried 10%,Truck,151.17,140.0,170.0,$ Per Ton
2025-07-21,Distillers Grain,Michigan,Modified Wet 55-60%,Truck,90.0,90.0,90.0,$ Per Ton
2025-07-21,Distillers Grain,Minnesota,Wet 65-70%,Truck,50.0,45.0,55.0,$ Per Ton
2025-07-21,Distillers Grain,Minnesota,Dried 10%,Truck,145.0,145.0,145.0,$ Per Ton
2025-07-21,Distillers Grain,Minnesota,Modified Wet 55-60%,Truck,60.0,60.0,60.0,$ Per Ton
2025-07-21,Distillers Grain,Missouri,Dried 10%,Truck,152.5,145.0,160.0,$ Per Ton
2025-07-21,Distillers Grain,Missouri,Wet 65-70%,Truck,47.0,47.0,47.0,$ Per Ton
2025-07-21,Distillers Grain,N/A,Dried 10%,Ocean Vessel,189.5,185.0,193.0,$ Per Ton
2025-07-21,Distillers Grain,N/A,Dried 10%,Rail/Barge,162.0,162.0,162.0,$ Per Ton
2025-07-21,Distillers Grain,N/A,Dried 10%,Rail,195.0,195.0,195.0,$ Per Ton
2025-07-21,Distillers Grain,Nebraska,Wet 65-70%,Truck,38.67,35.0,41.0,$ Per Ton
2025-07-21,Distillers Grain,Nebraska,Modified Wet 55-60%,Truck,66.33,50.0,85.0,$ Per Ton
2025-07-21,Distillers Grain,Nebraska,Dried 10%,Truck,140.0,128.0,160.0,$ Per Ton
2025-07-21,Distillers Grain,Ohio,Modified Wet 55-60%,Truck,90.0,90.0,90.0,$ Per Ton
2025-07-21,Distillers Grain,Ohio,Dried 10%,Truck,157.0,140.0,170.0,$ Per Ton
2025-07-21,Distillers Grain,Ohio,Dried 10%,Rail,140.0,140.0,140.0,$ Per Ton
2025-07-21,Distillers Grain,South Dakota,Wet 65-70%,Truck,57.0,54.0,60.0,$ Per Ton
2025-07-21,Distillers Grain,South Dakota,Modified Wet 55-60%,Truck,71.25,65.0,80.0,$ Per Ton
2025-07-21,Distillers Grain,South Dakota,Dried 10%,Truck,131.86,118.0,155.0,$ Per Ton
2025-07-21,Distillers Grain,Wisconsin,Wet 65-70%,Truck,80.0,80.0,80.0,$ Per Ton
2025-07-21,Distillers Grain,Wisconsin,Modified Wet 55-60%,Truck,65.0,65.0,65.0,$ Per Ton
2025-07-21,Distillers Grain,Wisconsin,Dried 10%,Truck,153.33,135.0,180.0,$ Per Ton
2025-07-21,Ethanol,Illinois,,Truck,1.78,1.78,1.78,$ Per Gallon
2025-07-21,Ethanol,Illinois,,Rail,1.78,1.77,1.79,$ Per Gallon
2025-07-21,Ethanol,Iowa,,Truck,1.65,1.61,1.7,$ Per Gallon
2025-07-21,Ethanol,Kansas,,Truck,1.7,1.7,1.7,$ Per Gallon
2025-07-21,Ethanol,Nebraska,,Truck,1.695,1.61,1.78,$ Per Gallon
2025-07-28,Distillers Corn Oil,Illinois,,Truck,60.4,45.0,68.0,Cents Per Lb
2025-07-28,Distillers Corn Oil,Indiana,,Truck,64.0,64.0,64.0,Cents Per Lb
2025-07-28,Distillers Corn Oil,Iowa,,Truck,62.0,60.0,64.0,Cents Per Lb
2025-07-28,Distillers Corn Oil,Kansas,,Truck,55.0,55.0,55.0,Cents Per Lb
2025-07-28,Distillers Corn Oil,Michigan,,Truck,56.29,42.0,64.0,Cents Per Lb
2025-07-28,Distillers Corn Oil,Minnesota,,Truck,58.92,43.0,65.0,Cents Per Lb
2025-07-28,Distillers Corn Oil,Missouri,,Truck,57.5,43.0,65.0,Cents Per Lb
2025-07-28,Distillers Corn Oil,Nebraska,,Truck,60.71,43.0,67.0,Cents Per Lb
2025-07-28,Distillers Corn Oil,Ohio,,Truck,57.71,42.0,65.0,Cents Per Lb
2025-07-28,Distillers Corn Oil,South Dakota,,Truck,59.5,43.0,65.0,Cents Per Lb
2025-07-28,Distillers Corn Oil,Wisconsin,,Truck,64.5,64.0,65.0,Cents Per Lb
2025-07-28,Distillers Grain,Illinois,Dried 10%,Truck,154.8,148.0,165.0,$ Per Ton
2025-07-28,Distillers Grain,Illinois,Wet 65-70%,Truck,80.0,80.0,80.0,$ Per Ton
2025-07-28,Distillers Grain,Indiana,Dried 10%,Truck,148.17,132.0,170.0,$ Per Ton
2025-07-28,Distillers Grain,Indiana,Dried 10%,Rail,140.0,135.0,145.0,$ Per Ton
2025-07-28,Distillers Grain,Indiana,Modified Wet 55-60%,Truck,90.0,90.0,90.0,$ Per Ton
2025-07-28,Distillers Grain,Iowa,Dried 10%,Rail,125.0,120.0,130.0,$ Per Ton
2025-07-28,Distillers Grain,Iowa,Dried 10%,Truck,125.44,116.0,135.0,$ Per Ton
2025-07-28,Distillers Grain,Iowa,Modified Wet 55-60%,Truck,68.0,60.0,80.0,$ Per Ton
2025-07-28,Distillers Grain,Iowa,Wet 65-70%,Truck,48.0,46.0,50.0,$ Per Ton
2025-07-28,Distillers Grain,Kansas,Dried 10%,Truck,145.0,135.0,155.0,$ Per Ton
2025-07-28,Distillers Grain,Kansas,Wet 65-70%,Truck,41.33,30.0,50.0,$ Per Ton
2025-07-28,Distillers Grain,Michigan,Dried 10%,Rail,132.5,130.0,135.0,$ Per Ton
2025-07-28,Distillers Grain,Michigan,Modified Wet 55-60%,Truck,90.0,90.0,90.0,$ Per Ton
2025-07-28,Distillers Grain,Michigan,Dried 10%,Truck,151.0,140.0,170.0,$ Per Ton
2025-07-28,Distillers Grain,Minnesota,Modified Wet 55-60%,Truck,60.0,60.0,60.0,$ Per Ton
2025-07-28,Distillers Grain,Minnesota,Wet 65-70%,Truck,51.67,45.0,55.0,$ Per Ton
2025-07-28,Distillers Grain,Minnesota,Dried 10%,Truck,136.88,125.0,155.0,$ Per Ton
2025-07-28,Distillers Grain,Missouri,Dried 10%,Truck,155.0,145.0,160.0,$ Per Ton
2025-07-28,Distillers Grain,Missouri,Wet 65-70%,Truck,46.0,46.0,46.0,$ Per Ton
2025-07-28,Distillers Grain,N/A,Dried 10%,Ocean Vessel,188.25,185.0,193.0,$ Per Ton
2025-07-28,Distillers Grain,N/A,Dried 10%,Rail/Barge,162.0,162.0,162.0,$ Per Ton
2025-07-28,Distillers Grain,N/A,Dried 10%,Rail,197.5,195.0,200.0,$ Per Ton
2025-07-28,Distillers Grain,Nebraska,Wet 65-70%,Truck,38.33,35.0,40.0,$ Per Ton
2025-07-28,Distillers Grain,Nebraska,Modified Wet 55-60%,Truck,66.14,50.0,85.0,$ Per Ton
2025-07-28,Distillers Grain,Nebraska,Dried 10%,Truck,138.83,127.0,160.0,$ Per Ton
2025-07-28,Distillers Grain,Ohio,Modified Wet 55-60%,Truck,90.0,90.0,90.0,$ Per Ton
2025-07-28,Distillers Grain,Ohio,Dried 10%,Truck,155.89,140.0,170.0,$ Per Ton
2025-07-28,Distillers Grain,Ohio,Dried 10%,Rail,140.0,140.0,140.0,$ Per Ton
2025-07-28,Distillers Grain,South Dakota,Wet 65-70%,Truck,54.4,54.0,55.0,$ Per Ton
2025-07-28,Distillers Grain,South Dakota,Modified Wet 55-60%,Truck,67.5,55.0,80.0,$ Per Ton
2025-07-28,Distillers Grain,South Dakota,Dried 10%,Truck,132.56,118.0,155.0,$ Per Ton
2025-07-28,Distillers Grain,Wisconsin,Wet 65-70%,Truck,80.0,80.0,80.0,$ Per Ton
2025-07-28,Distillers Grain,Wisconsin,Dried 10%,Truck,145.67,132.0,160.0,$ Per Ton
2025-07-28,Distillers Grain,Wisconsin,Modified Wet 55-60%,Truck,64.0,64.0,64.0,$ Per Ton
2025-07-28,Ethanol,Illinois,,Rail,1.78,1.77,1.79,$ Per Gallon
2025-07-28,Ethanol,Illinois,,Truck,1.77,1.76,1.78,$ Per Gallon
2025-07-28,Ethanol,Iowa,,Truck,1.6488,1.61,1.7,$ Per Gallon
2025-07-28,Ethanol,Kansas,,Truck,1.66,1.62,1.68,$ Per Gallon
2025-07-28,Ethanol,Minnesota,,Truck,1.655,1.655,1.655,$ Per Gallon
2025-07-28,Ethanol,Nebraska,,Truck,1.695,1.61,1.78,$ Per Gallon
2025-07-28,Ethanol,South Dakota,,Rail,1.645,1.645,1.645,$ Per Gallon
2025-08-04,Distillers Corn Oil,Illinois,,Truck,60.88,45.0,70.0,Cents Per Lb
2025-08-04,Distillers Corn Oil,Indiana,,Truck,64.0,64.0,64.0,Cents Per Lb
2025-08-04,Distillers Corn Oil,Iowa,,Truck,63.5,63.5,63.5,Cents Per Lb
2025-08-04,Distillers Corn Oil,Kansas,,Truck,55.0,55.0,55.0,Cents Per Lb
2025-08-04,Distillers Corn Oil,Michigan,,Truck,55.0,42.0,64.0,Cents Per Lb
2025-08-04,Distillers Corn Oil,Minnesota,,Truck,56.44,43.0,65.0,Cents Per Lb
2025-08-04,Distillers Corn Oil,Missouri,,Truck,54.0,43.0,65.0,Cents Per Lb
2025-08-04,Distillers Corn Oil,Nebraska,,Truck,59.3,43.0,67.0,Cents Per Lb
2025-08-04,Distillers Corn Oil,Ohio,,Truck,55.4,42.0,65.0,Cents Per Lb
2025-08-04,Distillers Corn Oil,South Dakota,,Truck,57.9,43.0,65.0,Cents Per Lb
2025-08-04,Distillers Corn Oil,Wisconsin,,Truck,64.0,63.0,65.0,Cents Per Lb
2025-08-04,Distillers Grain,Illinois,Dried 10%,Truck,156.5,148.0,165.0,$ Per Ton
2025-08-04,Distillers Grain,Illinois,Wet 65-70%,Truck,80.0,80.0,80.0,$ Per Ton
2025-08-04,Distillers Grain,Indiana,Dried 10%,Rail,135.0,135.0,135.0,$ Per Ton
2025-08-04,Distillers Grain,Indiana,Dried 10%,Truck,147.25,130.0,170.0,$ Per Ton
2025-08-04,Distillers Grain,Indiana,Modified Wet 55-60%,Truck,90.0,90.0,90.0,$ Per Ton
2025-08-04,Distillers Grain,Iowa,Dried 10%,Rail,120.0,120.0,120.0,$ Per Ton
2025-08-04,Distillers Grain,Iowa,Wet 65-70%,Truck,47.0,46.0,48.0,$ Per Ton
2025-08-04,Distillers Grain,Iowa,Modified Wet 55-60%,Truck,65.5,60.0,68.0,$ Per Ton
2025-08-04,Distillers Grain,Iowa,Dried 10%,Truck,123.38,110.0,135.0,$ Per Ton
2025-08-04,Distillers Grain,Kansas,Dried 10%,Truck,147.5,140.0,155.0,$ Per Ton
2025-08-04,Distillers Grain,Kansas,Wet 65-70%,Truck,41.33,30.0,50.0,$ Per Ton
2025-08-04,Distillers Grain,Michigan,Dried 10%,Truck,150.33,140.0,170.0,$ Per Ton
2025-08-04,Distillers Grain,Michigan,Dried 10%,Rail,130.0,130.0,130.0,$ Per Ton
2025-08-04,Distillers Grain,Michigan,Modified Wet 55-60%,Truck,90.0,90.0,90.0,$ Per Ton
2025-08-04,Distillers Grain,Minnesota,Dried 10%,Truck,140.0,125.0,155.0,$ Per Ton
2025-08-04,Distillers Grain,Minnesota,Modified Wet 55-60%,Truck,60.0,60.0,60.0,$ Per Ton
2025-08-04,Distillers Grain,Minnesota,Wet 65-70%,Truck,50.0,45.0,55.0,$ Per Ton
2025-08-04,Distillers Grain,Missouri,Dried 10%,Truck,152.5,145.0,160.0,$ Per Ton
2025-08-04,Distillers Grain,Missouri,Wet 65-70%,Truck,45.0,45.0,45.0,$ Per Ton
2025-08-04,Distillers Grain,N/A,Dried 10%,Ocean Vessel,189.0,188.0,192.0,$ Per Ton
2025-08-04,Distillers Grain,N/A,Dried 10%,Rail/Barge,158.0,158.0,158.0,$ Per Ton
2025-08-04,Distillers Grain,N/A,Dried 10%,Rail,195.0,195.0,195.0,$ Per Ton
2025-08-04,Distillers Grain,Nebraska,Wet 65-70%,Truck,37.33,32.0,40.0,$ Per Ton
2025-08-04,Distillers Grain,Nebraska,Modified Wet 55-60%,Truck,63.33,42.0,85.0,$ Per Ton
2025-08-04,Distillers Grain,Nebraska,Dried 10%,Truck,137.89,126.0,160.0,$ Per Ton
2025-08-04,Distillers Grain,Ohio,Modified Wet 55-60%,Truck,90.0,90.0,90.0,$ Per Ton
2025-08-04,Distillers Grain,Ohio,Dried 10%,Truck,156.0,140.0,170.0,$ Per Ton
2025-08-04,Distillers Grain,Ohio,Dried 10%,Rail,140.0,140.0,140.0,$ Per Ton
2025-08-04,Distillers Grain,South Dakota,Wet 65-70%,Truck,57.0,54.0,60.0,$ Per Ton
2025-08-04,Distillers Grain,South Dakota,Modified Wet 55-60%,Truck,70.0,60.0,80.0,$ Per Ton
2025-08-04,Distillers Grain,South Dakota,Dried 10%,Truck,132.14,118.0,155.0,$ Per Ton
2025-08-04,Distillers Grain,Wisconsin,Modified Wet 55-60%,Truck,64.0,64.0,64.0,$ Per Ton
2025-08-04,Distillers Grain,Wisconsin,Dried 10%,Truck,145.0,130.0,160.0,$ Per Ton
2025-08-04,Distillers Grain,Wisconsin,Wet 65-70%,Truck,80.0,80.0,80.0,$ Per Ton
2025-08-04,Ethanol,Illinois,,Truck,1.74,1.74,1.74,$ Per Gallon
2025-08-04,Ethanol,Illinois,,Rail,1.755,1.75,1.76,$ Per Gallon
2025-08-04,Ethanol,Indiana,,Rail,1.75,1.75,1.75,$ Per Gallon
2025-08-04,Ethanol,Iowa,,Truck,1.605,1.6,1.61,$ Per Gallon
2025-08-04,Ethanol,Kansas,,Truck,1.66,1.62,1.68,$ Per Gallon
2025-08-04,Ethanol,Nebraska,,Truck,1.695,1.61,1.78,$ Per Gallon
2025-08-11,Distillers Corn Oil,Illinois,,Truck,59.63,45.0,66.0,Cents Per Lb
2025-08-11,Distillers Corn Oil,Indiana,,Truck,64.0,64.0,64.0,Cents Per Lb
2025-08-11,Distillers Corn Oil,Iowa,,Truck,63.5,63.5,63.5,Cents Per Lb
2025-08-11,Distillers Corn Oil,Kansas,,Truck,55.0,55.0,55.0,Cents Per Lb
2025-08-11,Distillers Corn Oil,Michigan,,Truck,55.0,42.0,64.0,Cents Per Lb
2025-08-11,Distillers Corn Oil,Minnesota,,Truck,56.44,43.0,65.0,Cents Per Lb
2025-08-11,Distillers Corn Oil,Missouri,,Truck,54.0,43.0,65.0,Cents Per Lb
2025-08-11,Distillers Corn Oil,Nebraska,,Truck,59.0,43.0,67.0,Cents Per Lb
2025-08-11,Distillers Corn Oil,Ohio,,Truck,53.25,42.0,64.0,Cents Per Lb
2025-08-11,Distillers Corn Oil,South Dakota,,Truck,57.9,43.0,65.0,Cents Per Lb
2025-08-11,Distillers Corn Oil,Wisconsin,,Truck,63.5,63.0,64.0,Cents Per Lb
2025-08-11,Distillers Grain,Illinois,Dried 10%,Truck,157.0,148.0,170.0,$ Per Ton
2025-08-11,Distillers Grain,Illinois,Wet 65-70%,Truck,60.0,60.0,60.0,$ Per Ton
2025-08-11,Distillers Grain,Indiana,Dried 10%,Truck,146.5,130.0,170.0,$ Per Ton
2025-08-11,Distillers Grain,Indiana,Modified Wet 55-60%,Truck,90.0,90.0,90.0,$ Per Ton
2025-08-11,Distillers Grain,Indiana,Dried 10%,Rail,135.0,135.0,135.0,$ Per Ton
2025-08-11,Distillers Grain,Iowa,Dried 10%,Rail,120.0,120.0,120.0,$ Per Ton
2025-08-11,Distillers Grain,Iowa,Dried 10%,Truck,126.22,110.0,145.0,$ Per Ton
2025-08-11,Distillers Grain,Iowa,Modified Wet 55-60%,Truck,65.5,60.0,68.0,$ Per Ton
2025-08-11,Distillers Grain,Iowa,Wet 65-70%,Truck,42.5,35.0,50.0,$ Per Ton
2025-08-11,Distillers Grain,Kansas,Dried 10%,Truck,150.0,145.0,155.0,$ Per Ton
2025-08-11,Distillers Grain,Kansas,Wet 65-70%,Truck,43.0,35.0,50.0,$ Per Ton
2025-08-11,Distillers Grain,Michigan,Dried 10%,Rail,130.0,130.0,130.0,$ Per Ton
2025-08-11,Distillers Grain,Michigan,Dried 10%,Truck,150.33,140.0,170.0,$ Per Ton
2025-08-11,Distillers Grain,Michigan,Modified Wet 55-60%,Truck,90.0,90.0,90.0,$ Per Ton
2025-08-11,Distillers Grain,Minnesota,Dried 10%,Truck,139.17,125.0,155.0,$ Per Ton
2025-08-11,Distillers Grain,Minnesota,Modified Wet 55-60%,Truck,60.0,60.0,60.0,$ Per Ton
2025-08-11,Distillers Grain,Minnesota,Wet 65-70%,Truck,50.0,45.0,55.0,$ Per Ton
2025-08-11,Distillers Grain,Missouri,Dried 10%,Truck,152.5,145.0,160.0,$ Per Ton
2025-08-11,Distillers Grain,Missouri,Wet 65-70%,Truck,45.0,45.0,45.0,$ Per Ton
2025-08-11,Distillers Grain,N/A,Dried 10%,Ocean Vessel,206.5,203.0,210.0,$ Per Ton
2025-08-11,Distillers Grain,N/A,Dried 10%,Rail/Barge,158.0,158.0,158.0,$ Per Ton
2025-08-11,Distillers Grain,N/A,Dried 10%,Rail,200.0,200.0,200.0,$ Per Ton
2025-08-11,Distillers Grain,Nebraska,Wet 65-70%,Truck,37.5,32.0,40.0,$ Per Ton
2025-08-11,Distillers Grain,Nebraska,Modified Wet 55-60%,Truck,61.75,57.0,65.0,$ Per Ton
2025-08-11,Distillers Grain,Nebraska,Dried 10%,Truck,135.0,125.0,145.0,$ Per Ton
2025-08-11,Distillers Grain,Ohio,Dried 10%,Truck,156.0,143.0,170.0,$ Per Ton
2025-08-11,Distillers Grain,Ohio,Dried 10%,Rail,140.0,140.0,140.0,$ Per Ton
2025-08-11,Distillers Grain,Ohio,Modified Wet 55-60%,Truck,90.0,90.0,90.0,$ Per Ton
2025-08-11,Distillers Grain,South Dakota,Wet 65-70%,Truck,57.0,54.0,60.0,$ Per Ton
2025-08-11,Distillers Grain,South Dakota,Modified Wet 55-60%,Truck,71.25,65.0,80.0,$ Per Ton
2025-08-11,Distillers Grain,South Dakota,Dried 10%,Truck,132.43,120.0,155.0,$ Per Ton
2025-08-11,Distillers Grain,Wisconsin,Wet 65-70%,Truck,71.0,71.0,71.0,$ Per Ton
2025-08-11,Distillers Grain,Wisconsin,Modified Wet 55-60%,Truck,64.0,64.0,64.0,$ Per Ton
2025-08-11,Distillers Grain,Wisconsin,Dried 10%,Truck,141.67,130.0,150.0,$ Per Ton
2025-08-11,Ethanol,Illinois,,Truck,1.78,1.78,1.78,$ Per Gallon
2025-08-11,Ethanol,Illinois,,Rail,1.755,1.75,1.76,$ Per Gallon
2025-08-11,Ethanol,Indiana,,Rail,1.75,1.75,1.75,$ Per Gallon
2025-08-11,Ethanol,Iowa,,Truck,1.605,1.6,1.61,$ Per Gallon
2025-08-11,Ethanol,Kansas,,Truck,1.65,1.62,1.68,$ Per Gallon
2025-08-11,Ethanol,Nebraska,,Truck,1.695,1.61,1.78,$ Per Gallon
2025-08-18,Distillers Corn Oil,Illinois,,Truck,63.17,62.0,64.0,Cents Per Lb
2025-08-18,Distillers Corn Oil,Indiana,,Truck,64.0,64.0,64.0,Cents Per Lb
2025-08-18,Distillers Corn Oil,Iowa,,Truck,63.5,63.5,63.5,Cents Per Lb
2025-08-18,Distillers Corn Oil,Kansas,,Truck,55.0,55.0,55.0,Cents Per Lb
2025-08-18,Distillers Corn Oil,Michigan,,Truck,63.0,61.0,64.0,Cents Per Lb
2025-08-18,Distillers Corn Oil,Minnesota,,Truck,63.9,62.0,65.0,Cents Per Lb
2025-08-18,Distillers Corn Oil,Missouri,,Truck,64.5,64.0,65.0,Cents Per Lb
2025-08-18,Distillers Corn Oil,Nebraska,,Truck,62.63,55.0,67.0,Cents Per Lb
2025-08-18,Distillers Corn Oil,Ohio,,Truck,63.5,63.0,64.0,Cents Per Lb
2025-08-18,Distillers Corn Oil,South Dakota,,Truck,62.71,60.0,65.0,Cents Per Lb
2025-08-18,Distillers Corn Oil,Wisconsin,,Truck,63.5,63.0,64.0,Cents Per Lb
2025-08-18,Distillers Grain,Illinois,Dried 10%,Truck,158.67,148.0,168.0,$ Per Ton
2025-08-18,Distillers Grain,Illinois,Wet 65-70%,Truck,50.0,50.0,50.0,$ Per Ton
2025-08-18,Distillers Grain,Indiana,Dried 10%,Truck,147.0,130.0,170.0,$ Per Ton
2025-08-18,Distillers Grain,Indiana,Dried 10%,Rail,135.0,135.0,135.0,$ Per Ton
2025-08-18,Distillers Grain,Indiana,Modified Wet 55-60%,Truck,90.0,90.0,90.0,$ Per Ton
2025-08-18,Distillers Grain,Iowa,Dried 10%,Rail,120.0,120.0,120.0,$ Per Ton
2025-08-18,Distillers Grain,Iowa,Dried 10%,Truck,126.89,110.0,140.0,$ Per Ton
2025-08-18,Distillers Grain,Iowa,Wet 65-70%,Truck,39.0,30.0,48.0,$ Per Ton
2025-08-18,Distillers Grain,Iowa,Modified Wet 55-60%,Truck,65.5,60.0,68.0,$ Per Ton
2025-08-18,Distillers Grain,Kansas,Wet 65-70%,Truck,42.33,35.0,50.0,$ Per Ton
2025-08-18,Distillers Grain,Kansas,Dried 10%,Truck,150.0,145.0,155.0,$ Per Ton
2025-08-18,Distillers Grain,Michigan,Modified Wet 55-60%,Truck,90.0,90.0,90.0,$ Per Ton
2025-08-18,Distillers Grain,Michigan,Dried 10%,Rail,130.0,130.0,130.0,$ Per Ton
2025-08-18,Distillers Grain,Michigan,Dried 10%,Truck,150.0,140.0,170.0,$ Per Ton
2025-08-18,Distillers Grain,Minnesota,Dried 10%,Truck,131.75,125.0,140.0,$ Per Ton
2025-08-18,Distillers Grain,Minnesota,Wet 65-70%,Truck,55.0,55.0,55.0,$ Per Ton
2025-08-18,Distillers Grain,Minnesota,Modified Wet 55-60%,Truck,60.0,60.0,60.0,$ Per Ton
2025-08-18,Distillers Grain,Missouri,Dried 10%,Truck,152.5,145.0,160.0,$ Per Ton
2025-08-18,Distillers Grain,Missouri,Wet 65-70%,Truck,45.0,45.0,45.0,$ Per Ton
2025-08-18,Distillers Grain,N/A,Dried 10%,Ocean Vessel,206.0,203.0,209.0,$ Per Ton
2025-08-18,Distillers Grain,N/A,Dried 10%,Rail/Barge,158.0,158.0,158.0,$ Per Ton
2025-08-18,Distillers Grain,N/A,Dried 10%,Rail,200.0,200.0,200.0,$ Per Ton
2025-08-18,Distillers Grain,Nebraska,Wet 65-70%,Truck,38.0,32.0,40.0,$ Per Ton
2025-08-18,Distillers Grain,Nebraska,Modified Wet 55-60%,Truck,63.0,60.0,65.0,$ Per Ton
2025-08-18,Distillers Grain,Nebraska,Dried 10%,Truck,137.25,128.0,155.0,$ Per Ton
2025-08-18,Distillers Grain,Ohio,Modified Wet 55-60%,Truck,90.0,90.0,90.0,$ Per Ton
2025-08-18,Distillers Grain,Ohio,Dried 10%,Truck,154.0,145.0,170.0,$ Per Ton
2025-08-18,Distillers Grain,Ohio,Dried 10%,Rail,140.0,140.0,140.0,$ Per Ton
2025-08-18,Distillers Grain,South Dakota,Wet 65-70%,Truck,54.67,54.0,55.0,$ Per Ton
2025-08-18,Distillers Grain,South Dakota,Modified Wet 55-60%,Truck,68.33,65.0,70.0,$ Per Ton
2025-08-18,Distillers Grain,South Dakota,Dried 10%,Truck,127.33,119.0,140.0,$ Per Ton
2025-08-18,Distillers Grain,Wisconsin,Wet 65-70%,Truck,55.0,55.0,55.0,$ Per Ton
2025-08-18,Distillers Grain,Wisconsin,Modified Wet 55-60%,Truck,63.0,63.0,63.0,$ Per Ton
2025-08-18,Distillers Grain,Wisconsin,Dried 10%,Truck,144.33,128.0,160.0,$ Per Ton
2025-08-18,Ethanol,Illinois,,Rail,1.77,1.77,1.77,$ Per Gallon
2025-08-18,Ethanol,Illinois,,Truck,1.75,1.75,1.75,$ Per Gallon
2025-08-18,Ethanol,Indiana,,Rail,1.77,1.77,1.77,$ Per Gallon
2025-08-18,Ethanol,Iowa,,Truck,1.6233,1.6,1.66,$ Per Gallon
2025-08-18,Ethanol,Kansas,,Truck,1.66,1.64,1.68,$ Per Gallon
2025-08-18,Ethanol,Nebraska,,Truck,1.695,1.61,1.78,$ Per Gallon
2025-08-25,Distillers Corn Oil,Illinois,,Truck,61.5,60.0,64.0,Cents Per Lb
2025-08-25,Distillers Corn Oil,Indiana,,Truck,64.0,64.0,64.0,Cents Per Lb
2025-08-25,Distillers Corn Oil,Iowa,,Truck,60.5,60.5,60.5,Cents Per Lb
2025-08-25,Distillers Corn Oil,Kansas,,Truck,57.0,57.0,57.0,Cents Per Lb
2025-08-25,Distillers Corn Oil,Michigan,,Truck,61.83,60.5,64.0,Cents Per Lb
2025-08-25,Distillers Corn Oil,Minnesota,,Truck,63.3,60.5,65.0,Cents Per Lb
2025-08-25,Distillers Corn Oil,Missouri,,Truck,64.5,64.0,65.0,Cents Per Lb
2025-08-25,Distillers Corn Oil,Nebraska,,Truck,62.38,55.0,67.0,Cents Per Lb
2025-08-25,Distillers Corn Oil,Ohio,,Truck,63.5,63.0,64.0,Cents Per Lb
2025-08-25,Distillers Corn Oil,South Dakota,,Truck,62.5,60.0,65.0,Cents Per Lb
2025-08-25,Distillers Corn Oil,Wisconsin,,Truck,62.0,60.0,64.0,Cents Per Lb
2025-08-25,Distillers Grain,Illinois,Dried 10%,Truck,155.0,148.0,160.0,$ Per Ton
2025-08-25,Distillers Grain,Illinois,Wet 65-70%,Truck,50.0,50.0,50.0,$ Per Ton
2025-08-25,Distillers Grain,Indiana,Modified Wet 55-60%,Truck,90.0,90.0,90.0,$ Per Ton
2025-08-25,Distillers Grain,Indiana,Dried 10%,Truck,147.0,130.0,170.0,$ Per Ton
2025-08-25,Distillers Grain,Indiana,Dried 10%,Rail,135.0,135.0,135.0,$ Per Ton
2025-08-25,Distillers Grain,Iowa,Dried 10%,Rail,120.0,120.0,120.0,$ Per Ton
2025-08-25,Distillers Grain,Iowa,Dried 10%,Truck,127.33,113.0,140.0,$ Per Ton
2025-08-25,Distillers Grain,Iowa,Wet 65-70%,Truck,42.0,36.0,48.0,$ Per Ton
2025-08-25,Distillers Grain,Iowa,Modified Wet 55-60%,Truck,63.4,60.0,68.0,$ Per Ton
2025-08-25,Distillers Grain,Kansas,Dried 10%,Truck,150.0,140.0,160.0,$ Per Ton
2025-08-25,Distillers Grain,Kansas,Wet 65-70%,Truck,42.33,33.0,50.0,$ Per Ton
2025-08-25,Distillers Grain,Michigan,Dried 10%,Rail,130.0,130.0,130.0,$ Per Ton
2025-08-25,Distillers Grain,Michigan,Dried 10%,Truck,150.0,140.0,170.0,$ Per Ton
2025-08-25,Distillers Grain,Michigan,Modified Wet 55-60%,Truck,90.0,90.0,90.0,$ Per Ton
2025-08-25,Distillers Grain,Minnesota,Modified Wet 55-60%,Truck,60.0,60.0,60.0,$ Per Ton
2025-08-25,Distillers Grain,Minnesota,Wet 65-70%,Truck,55.0,55.0,55.0,$ Per Ton
2025-08-25,Distillers Grain,Minnesota,Dried 10%,Truck,131.25,125.0,140.0,$ Per Ton
2025-08-25,Distillers Grain,Missouri,Dried 10%,Truck,154.5,149.0,160.0,$ Per Ton
2025-08-25,Distillers Grain,Missouri,Wet 65-70%,Truck,45.0,45.0,45.0,$ Per Ton
2025-08-25,Distillers Grain,N/A,Dried 10%,Rail,195.0,195.0,195.0,$ Per Ton
2025-08-25,Distillers Grain,N/A,Dried 10%,Ocean Vessel,188.5,185.0,193.0,$ Per Ton
2025-08-25,Distillers Grain,N/A,Dried 10%,Rail/Barge,158.0,158.0,158.0,$ Per Ton
2025-08-25,Distillers Grain,Nebraska,Wet 65-70%,Truck,38.75,35.0,40.0,$ Per Ton
2025-08-25,Distillers Grain,Nebraska,Modified Wet 55-60%,Truck,63.5,60.0,67.0,$ Per Ton
2025-08-25,Distillers Grain,Nebraska,Dried 10%,Truck,138.88,128.0,160.0,$ Per Ton
2025-08-25,Distillers Grain,Ohio,Modified Wet 55-60%,Truck,90.0,90.0,90.0,$ Per Ton
2025-08-25,Distillers Grain,Ohio,Dried 10%,Truck,154.0,145.0,170.0,$ Per Ton
2025-08-25,Distillers Grain,Ohio,Dried 10%,Rail,140.0,140.0,140.0,$ Per Ton
2025-08-25,Distillers Grain,South Dakota,Wet 65-70%,Truck,54.67,54.0,55.0,$ Per Ton
2025-08-25,Distillers Grain,South Dakota,Modified Wet 55-60%,Truck,65.0,55.0,70.0,$ Per Ton
2025-08-25,Distillers Grain,South Dakota,Dried 10%,Truck,127.0,120.0,140.0,$ Per Ton
2025-08-25,Distillers Grain,Wisconsin,Wet 65-70%,Truck,55.0,55.0,55.0,$ Per Ton
2025-08-25,Distillers Grain,Wisconsin,Dried 10%,Truck,144.33,128.0,160.0,$ Per Ton
2025-08-25,Distillers Grain,Wisconsin,Modified Wet 55-60%,Truck,63.0,63.0,63.0,$ Per Ton
2025-08-25,Ethanol,Illinois,,Truck,1.86,1.86,1.86,$ Per Gallon
2025-08-25,Ethanol,Illinois,,Rail,1.89,1.89,1.89,$ Per Gallon
2025-08-25,Ethanol,Indiana,,Rail,1.86,1.86,1.86,$ Per Gallon
2025-08-25,Ethanol,Iowa,,Truck,1.665,1.61,1.7,$ Per Gallon
2025-08-25,Ethanol,Kansas,,Truck,1.7,1.64,1.78,$ Per Gallon
2025-08-25,Ethanol,Nebraska,,Truck,1.695,1.61,1.78,$ Per Gallon
2025-09-01,Distillers Corn Oil,Illinois,,Truck,59.5,55.0,63.0,Cents Per Lb
2025-09-01,Distillers Corn Oil,Indiana,,Truck,64.0,64.0,64.0,Cents Per Lb
2025-09-01,Distillers Corn Oil,Iowa,,Truck,62.1,57.0,65.0,Cents Per Lb
2025-09-01,Distillers Corn Oil,Kansas,,Truck,57.0,57.0,57.0,Cents Per Lb
2025-09-01,Distillers Corn Oil,Michigan,,Truck,61.83,60.5,64.0,Cents Per Lb
2025-09-01,Distillers Corn Oil,Minnesota,,Truck,63.3,60.5,65.0,Cents Per Lb
2025-09-01,Distillers Corn Oil,Missouri,,Truck,64.5,64.0,65.0,Cents Per Lb
2025-09-01,Distillers Corn Oil,Nebraska,,Truck,62.5,58.0,67.0,Cents Per Lb
2025-09-01,Distillers Corn Oil,Ohio,,Truck,63.5,63.0,64.0,Cents Per Lb
2025-09-01,Distillers Corn Oil,South Dakota,,Truck,61.64,59.0,65.0,Cents Per Lb
2025-09-01,Distillers Corn Oil,Wisconsin,,Truck,62.0,60.0,64.0,Cents Per Lb
2025-09-01,Distillers Grain,Illinois,Dried 10%,Truck,156.67,152.0,165.0,$ Per Ton
2025-09-01,Distillers Grain,Illinois,Wet 65-70%,Truck,52.0,52.0,52.0,$ Per Ton
2025-09-01,Distillers Grain,Indiana,Dried 10%,Truck,148.4,132.0,170.0,$ Per Ton
2025-09-01,Distillers Grain,Indiana,Modified Wet 55-60%,Truck,90.0,90.0,90.0,$ Per Ton
2025-09-01,Distillers Grain,Indiana,Dried 10%,Rail,140.0,140.0,140.0,$ Per Ton
2025-09-01,Distillers Grain,Iowa,Dried 10%,Rail,120.0,120.0,120.0,$ Per Ton
2025-09-01,Distillers Grain,Iowa,Dried 10%,Truck,128.0,113.0,145.0,$ Per Ton
2025-09-01,Distillers Grain,Iowa,Modified Wet 55-60%,Truck,65.5,60.0,68.0,$ Per Ton
2025-09-01,Distillers Grain,Iowa,Wet 65-70%,Truck,40.5,33.0,48.0,$ Per Ton
2025-09-01,Distillers Grain,Kansas,Dried 10%,Truck,150.0,140.0,160.0,$ Per Ton
2025-09-01,Distillers Grain,Kansas,Wet 65-70%,Truck,42.33,33.0,50.0,$ Per Ton
2025-09-01,Distillers Grain,Michigan,Modified Wet 55-60%,Truck,90.0,90.0,90.0,$ Per Ton
2025-09-01,Distillers Grain,Michigan,Dried 10%,Truck,152.0,143.0,170.0,$ Per Ton
2025-09-01,Distillers Grain,Michigan,Dried 10%,Rail,130.0,130.0,130.0,$ Per Ton
2025-09-01,Distillers Grain,Minnesota,Wet 65-70%,Truck,55.0,55.0,55.0,$ Per Ton
2025-09-01,Distillers Grain,Minnesota,Modified Wet 55-60%,Truck,60.0,60.0,60.0,$ Per Ton
2025-09-01,Distillers Grain,Minnesota,Dried 10%,Truck,133.75,127.0,145.0,$ Per Ton
2025-09-01,Distillers Grain,Missouri,Wet 65-70%,Truck,47.0,47.0,47.0,$ Per Ton
2025-09-01,Distillers Grain,Missouri,Dried 10%,Truck,157.5,155.0,160.0,$ Per Ton
2025-09-01,Distillers Grain,N/A,Dried 10%,Rail,192.0,192.0,192.0,$ Per Ton
2025-09-01,Distillers Grain,N/A,Dried 10%,Rail/Barge,158.0,158.0,158.0,$ Per Ton
2025-09-01,Distillers Grain,N/A,Dried 10%,Ocean Vessel,207.5,203.0,212.0,$ Per Ton
2025-09-01,Distillers Grain,Nebraska,Wet 65-70%,Truck,37.5,35.0,40.0,$ Per Ton
2025-09-01,Distillers Grain,Nebraska,Modified Wet 55-60%,Truck,64.0,60.0,69.0,$ Per Ton
2025-09-01,Distillers Grain,Nebraska,Dried 10%,Truck,139.5,130.0,160.0,$ Per Ton
2025-09-01,Distillers Grain,Ohio,Modified Wet 55-60%,Truck,90.0,90.0,90.0,$ Per Ton
2025-09-01,Distillers Grain,Ohio,Dried 10%,Truck,154.0,145.0,170.0,$ Per Ton
2025-09-01,Distillers Grain,Ohio,Dried 10%,Rail,140.0,140.0,140.0,$ Per Ton
2025-09-01,Distillers Grain,South Dakota,Wet 65-70%,Truck,54.67,54.0,55.0,$ Per Ton
2025-09-01,Distillers Grain,South Dakota,Modified Wet 55-60%,Truck,71.67,65.0,75.0,$ Per Ton
2025-09-01,Distillers Grain,South Dakota,Dried 10%,Truck,133.0,120.0,140.0,$ Per Ton
2025-09-01,Distillers Grain,Wisconsin,Wet 65-70%,Truck,55.0,55.0,55.0,$ Per Ton
2025-09-01,Distillers Grain,Wisconsin,Modified Wet 55-60%,Truck,63.0,63.0,63.0,$ Per Ton
2025-09-01,Distillers Grain,Wisconsin,Dried 10%,Truck,144.33,128.0,160.0,$ Per Ton
2025-09-01,Ethanol,Illinois,,Rail,2.09,2.09,2.09,$ Per Gallon
2025-09-01,Ethanol,Illinois,,Truck,2.07,2.07,2.07,$ Per Gallon
2025-09-01,Ethanol,Indiana,,Rail,2.09,2.09,2.09,$ Per Gallon
2025-09-01,Ethanol,Iowa,,Truck,1.7325,1.61,1.93,$ Per Gallon
2025-09-01,Ethanol,Kansas,,Truck,1.97,1.94,1.99,$ Per Gallon
2025-09-01,Ethanol,Nebraska,,Truck,1.695,1.61,1.78,$ Per Gallon
2025-09-08,Distillers Corn Oil,Illinois,,Truck,58.5,55.0,63.0,Cents Per Lb
2025-09-08,Distillers Corn Oil,Indiana,,Truck,58.0,58.0,58.0,Cents Per Lb
2025-09-08,Distillers Corn Oil,Iowa,,Truck,60.39,57.0,66.0,Cents Per Lb
2025-09-08,Distillers Corn Oil,Kansas,,Truck,57.0,57.0,57.0,Cents Per Lb
2025-09-08,Distillers Corn Oil,Michigan,,Truck,58.83,57.5,61.0,Cents Per Lb
2025-09-08,Distillers Corn Oil,Minnesota,,Truck,58.0,57.0,59.0,Cents Per Lb
2025-09-08,Distillers Corn Oil,Missouri,,Truck,59.0,59.0,59.0,Cents Per Lb
2025-09-08,Distillers Corn Oil,Nebraska,,Truck,59.33,58.0,62.0,Cents Per Lb
2025-09-08,Distillers Corn Oil,Ohio,,Truck,60.5,58.0,63.0,Cents Per Lb
2025-09-08,Distillers Corn Oil,South Dakota,,Truck,58.75,57.5,60.0,Cents Per Lb
2025-09-08,Distillers Corn Oil,Wisconsin,,Truck,61.5,60.0,63.0,Cents Per Lb
2025-09-08,Distillers Grain,Illinois,Dried 10%,Truck,157.33,152.0,160.0,$ Per Ton
2025-09-08,Distillers Grain,Illinois,Wet 65-70%,Truck,55.0,55.0,55.0,$ Per Ton
2025-09-08,Distillers Grain,Indiana,Dried 10%,Truck,148.4,132.0,170.0,$ Per Ton
2025-09-08,Distillers Grain,Indiana,Modified Wet 55-60%,Truck,90.0,90.0,90.0,$ Per Ton
2025-09-08,Distillers Grain,Indiana,Dried 10%,Rail,140.0,140.0,140.0,$ Per Ton
2025-09-08,Distillers Grain,Iowa,Dried 10%,Rail,120.0,120.0,120.0,$ Per Ton
2025-09-08,Distillers Grain,Iowa,Dried 10%,Truck,128.44,113.0,145.0,$ Per Ton
2025-09-08,Distillers Grain,Iowa,Modified Wet 55-60%,Truck,65.5,60.0,68.0,$ Per Ton
2025-09-08,Distillers Grain,Iowa,Wet 65-70%,Truck,41.5,33.0,50.0,$ Per Ton
2025-09-08,Distillers Grain,Kansas,Dried 10%,Truck,152.5,145.0,160.0,$ Per Ton
2025-09-08,Distillers Grain,Kansas,Wet 65-70%,Truck,43.0,35.0,50.0,$ Per Ton
2025-09-08,Distillers Grain,Michigan,Dried 10%,Truck,152.5,145.0,170.0,$ Per Ton
2025-09-08,Distillers Grain,Michigan,Modified Wet 55-60%,Truck,90.0,90.0,90.0,$ Per Ton
2025-09-08,Distillers Grain,Michigan,Dried 10%,Rail,130.0,130.0,130.0,$ Per Ton
2025-09-08,Distillers Grain,Minnesota,Dried 10%,Truck,136.25,127.0,145.0,$ Per Ton
2025-09-08,Distillers Grain,Minnesota,Modified Wet 55-60%,Truck,55.0,55.0,55.0,$ Per Ton
2025-09-08,Distillers Grain,Minnesota,Wet 65-70%,Truck,55.0,55.0,55.0,$ Per Ton
2025-09-08,Distillers Grain,Missouri,Dried 10%,Truck,157.5,155.0,160.0,$ Per Ton
2025-09-08,Distillers Grain,Missouri,Wet 65-70%,Truck,47.0,47.0,47.0,$ Per Ton
2025-09-08,Distillers Grain,N/A,Dried 10%,Ocean Vessel,207.5,203.0,212.0,$ Per Ton
2025-09-08,Distillers Grain,N/A,Dried 10%,Rail/Barge,158.0,158.0,158.0,$ Per Ton
2025-09-08,Distillers Grain,N/A,Dried 10%,Rail,194.0,194.0,194.0,$ Per Ton
2025-09-08,Distillers Grain,Nebraska,Wet 65-70%,Truck,37.5,35.0,40.0,$ Per Ton
2025-09-08,Distillers Grain,Nebraska,Modified Wet 55-60%,Truck,64.0,60.0,69.0,$ Per Ton
2025-09-08,Distillers Grain,Nebraska,Dried 10%,Truck,140.14,130.0,160.0,$ Per Ton
2025-09-08,Distillers Grain,Ohio,Modified Wet 55-60%,Truck,90.0,90.0,90.0,$ Per Ton
2025-09-08,Distillers Grain,Ohio,Dried 10%,Truck,153.25,145.0,170.0,$ Per Ton
2025-09-08,Distillers Grain,Ohio,Dried 10%,Rail,140.0,140.0,140.0,$ Per Ton
2025-09-08,Distillers Grain,South Dakota,Wet 65-70%,Truck,54.67,54.0,55.0,$ Per Ton
2025-09-08,Distillers Grain,South Dakota,Modified Wet 55-60%,Truck,68.33,65.0,70.0,$ Per Ton
2025-09-08,Distillers Grain,South Dakota,Dried 10%,Truck,131.0,120.0,140.0,$ Per Ton
2025-09-08,Distillers Grain,Wisconsin,Wet 65-70%,Truck,54.0,54.0,54.0,$ Per Ton
2025-09-08,Distillers Grain,Wisconsin,Modified Wet 55-60%,Truck,63.0,63.0,63.0,$ Per Ton
2025-09-08,Distillers Grain,Wisconsin,Dried 10%,Truck,141.0,128.0,150.0,$ Per Ton
2025-09-08,Ethanol,Illinois,,Truck,2.0,2.0,2.0,$ Per Gallon
2025-09-08,Ethanol,Illinois,,Rail,2.0,2.0,2.0,$ Per Gallon
2025-09-08,Ethanol,Indiana,,Rail,1.98,1.98,1.98,$ Per Gallon
2025-09-08,Ethanol,Iowa,,Truck,1.7325,1.61,1.93,$ Per Gallon
2025-09-08,Ethanol,Kansas,,Truck,1.9367,1.88,1.99,$ Per Gallon
2025-09-08,Ethanol,Nebraska,,Truck,1.695,1.61,1.78,$ Per Gallon
2025-09-15,Distillers Corn Oil,Illinois,,Truck,60.17,57.5,63.0,Cents Per Lb
2025-09-15,Distillers Corn Oil,Indiana,,Truck,58.0,58.0,58.0,Cents Per Lb
2025-09-15,Distillers Corn Oil,Iowa,,Truck,57.5,57.5,57.5,Cents Per Lb
2025-09-15,Distillers Corn Oil,Kansas,,Truck,57.0,57.0,57.0,Cents Per Lb
2025-09-15,Distillers Corn Oil,Michigan,,Truck,58.83,57.5,61.0,Cents Per Lb
2025-09-15,Distillers Corn Oil,Minnesota,,Truck,58.0,57.0,59.0,Cents Per Lb
2025-09-15,Distillers Corn Oil,Missouri,,Truck,59.0,59.0,59.0,Cents Per Lb
2025-09-15,Distillers Corn Oil,Nebraska,,Truck,59.2,58.0,62.0,Cents Per Lb
2025-09-15,Distillers Corn Oil,Ohio,,Truck,60.5,58.0,63.0,Cents Per Lb
2025-09-15,Distillers Corn Oil,South Dakota,,Truck,56.92,55.0,59.0,Cents Per Lb
2025-09-15,Distillers Corn Oil,Wisconsin,,Truck,60.0,57.0,63.0,Cents Per Lb
2025-09-15,Distillers Grain,Illinois,Wet 65-70%,Truck,55.0,55.0,55.0,$ Per Ton
2025-09-15,Distillers Grain,Illinois,Dried 10%,Truck,161.67,150.0,175.0,$ Per Ton
2025-09-15,Distillers Grain,Indiana,Dried 10%,Truck,149.0,135.0,170.0,$ Per Ton
2025-09-15,Distillers Grain,Indiana,Modified Wet 55-60%,Truck,90.0,90.0,90.0,$ Per Ton
2025-09-15,Distillers Grain,Indiana,Dried 10%,Rail,140.0,140.0,140.0,$ Per Ton
2025-09-15,Distillers Grain,Iowa,Wet 65-70%,Truck,42.5,35.0,50.0,$ Per Ton
2025-09-15,Distillers Grain,Iowa,Dried 10%,Rail,120.0,120.0,120.0,$ Per Ton
2025-09-15,Distillers Grain,Iowa,Modified Wet 55-60%,Truck,63.33,60.0,65.0,$ Per Ton
2025-09-15,Distillers Grain,Iowa,Dried 10%,Truck,127.5,125.0,130.0,$ Per Ton
2025-09-15,Distillers Grain,Kansas,Dried 10%,Truck,145.0,145.0,145.0,$ Per Ton
2025-09-15,Distillers Grain,Kansas,Wet 65-70%,Truck,42.5,35.0,50.0,$ Per Ton
2025-09-15,Distillers Grain,Michigan,Dried 10%,Rail,130.0,130.0,130.0,$ Per Ton
2025-09-15,Distillers Grain,Michigan,Modified Wet 55-60%,Truck,90.0,90.0,90.0,$ Per Ton
2025-09-15,Distillers Grain,Michigan,Dried 10%,Truck,152.5,145.0,170.0,$ Per Ton
2025-09-15,Distillers Grain,Minnesota,Wet 65-70%,Truck,55.0,55.0,55.0,$ Per Ton
2025-09-15,Distillers Grain,Minnesota,Modified Wet 55-60%,Truck,60.0,60.0,60.0,$ Per Ton
2025-09-15,Distillers Grain,Minnesota,Dried 10%,Truck,137.0,130.0,145.0,$ Per Ton
2025-09-15,Distillers Grain,Missouri,Dried 10%,Truck,157.5,155.0,160.0,$ Per Ton
2025-09-15,Distillers Grain,Missouri,Wet 65-70%,Truck,47.0,47.0,47.0,$ Per Ton
2025-09-15,Distillers Grain,N/A,Dried 10%,Ocean Vessel,194.25,188.0,198.0,$ Per Ton
2025-09-15,Distillers Grain,N/A,Dried 10%,Rail,200.0,200.0,200.0,$ Per Ton
2025-09-15,Distillers Grain,N/A,Dried 10%,Rail/Barge,158.0,158.0,158.0,$ Per Ton
2025-09-15,Distillers Grain,Nebraska,Dried 10%,Truck,144.0,135.0,160.0,$ Per Ton
2025-09-15,Distillers Grain,Nebraska,Modified Wet 55-60%,Truck,64.67,60.0,69.0,$ Per Ton
2025-09-15,Distillers Grain,Nebraska,Wet 65-70%,Truck,37.5,35.0,40.0,$ Per Ton
2025-09-15,Distillers Grain,Ohio,Modified Wet 55-60%,Truck,90.0,90.0,90.0,$ Per Ton
2025-09-15,Distillers Grain,Ohio,Dried 10%,Truck,153.25,145.0,170.0,$ Per Ton
2025-09-15,Distillers Grain,Ohio,Dried 10%,Rail,140.0,140.0,140.0,$ Per Ton
2025-09-15,Distillers Grain,South Dakota,Wet 65-70%,Truck,54.67,54.0,55.0,$ Per Ton
2025-09-15,Distillers Grain,South Dakota,Modified Wet 55-60%,Truck,68.33,65.0,70.0,$ Per Ton
2025-09-15,Distillers Grain,South Dakota,Dried 10%,Truck,131.67,125.0,140.0,$ Per Ton
2025-09-15,Distillers Grain,Wisconsin,Wet 65-70%,Truck,54.0,54.0,54.0,$ Per Ton
2025-09-15,Distillers Grain,Wisconsin,Modified Wet 55-60%,Truck,63.0,63.0,63.0,$ Per Ton
2025-09-15,Distillers Grain,Wisconsin,Dried 10%,Truck,141.0,128.0,150.0,$ Per Ton
2025-09-15,Ethanol,Illinois,,Truck,2.02,2.02,2.02,$ Per Gallon
2025-09-15,Ethanol,Illinois,,Rail,2.02,2.02,2.02,$ Per Gallon
2025-09-15,Ethanol,Indiana,,Rail,2.02,2.02,2.02,$ Per Gallon
2025-09-15,Ethanol,Iowa,,Truck,1.765,1.61,1.92,$ Per Gallon
2025-09-15,Ethanol,Kansas,,Truck,1.9567,1.94,1.99,$ Per Gallon
2025-09-15,Ethanol,Nebraska,,Truck,1.695,1.61,1.78,$ Per Gallon
2025-09-22,Distillers Corn Oil,Illinois,,Truck,59.17,57.0,63.0,Cents Per Lb
2025-09-22,Distillers Corn Oil,Indiana,,Truck,58.0,58.0,58.0,Cents Per Lb
2025-09-22,Distillers Corn Oil,Iowa,,Truck,58.81,55.0,65.0,Cents Per Lb
2025-09-22,Distillers Corn Oil,Kansas,,Truck,57.0,57.0,57.0,Cents Per Lb
2025-09-22,Distillers Corn Oil,Michigan,,Truck,58.83,57.5,61.0,Cents Per Lb
2025-09-22,Distillers Corn Oil,Minnesota,,Truck,58.0,57.0,59.0,Cents Per Lb
2025-09-22,Distillers Corn Oil,Missouri,,Truck,59.0,59.0,59.0,Cents Per Lb
2025-09-22,Distillers Corn Oil,Nebraska,,Truck,58.8,58.0,60.0,Cents Per Lb
2025-09-22,Distillers Corn Oil,Ohio,,Truck,60.5,58.0,63.0,Cents Per Lb
2025-09-22,Distillers Corn Oil,South Dakota,,Truck,56.58,53.0,59.0,Cents Per Lb
2025-09-22,Distillers Corn Oil,Wisconsin,,Truck,58.5,54.0,63.0,Cents Per Lb
2025-09-22,Distillers Grain,Illinois,Dried 10%,Truck,156.67,150.0,160.0,$ Per Ton
2025-09-22,Distillers Grain,Illinois,Wet 65-70%,Truck,55.0,55.0,55.0,$ Per Ton
2025-09-22,Distillers Grain,Indiana,Dried 10%,Truck,149.6,138.0,170.0,$ Per Ton
2025-09-22,Distillers Grain,Indiana,Modified Wet 55-60%,Truck,90.0,90.0,90.0,$ Per Ton
2025-09-22,Distillers Grain,Indiana,Dried 10%,Rail,140.0,140.0,140.0,$ Per Ton
2025-09-22,Distillers Grain,Iowa,Dried 10%,Rail,120.0,120.0,120.0,$ Per Ton
2025-09-22,Distillers Grain,Iowa,Dried 10%,Truck,134.75,115.0,155.0,$ Per Ton
2025-09-22,Distillers Grain,Iowa,Wet 65-70%,Truck,44.33,35.0,58.0,$ Per Ton
2025-09-22,Distillers Grain,Iowa,Modified Wet 55-60%,Truck,65.75,55.0,70.0,$ Per Ton
2025-09-22,Distillers Grain,Kansas,Wet 65-70%,Truck,49.67,40.0,57.0,$ Per Ton
2025-09-22,Distillers Grain,Kansas,Dried 10%,Truck,155.0,145.0,165.0,$ Per Ton
2025-09-22,Distillers Grain,Michigan,Dried 10%,Rail,130.0,130.0,130.0,$ Per Ton
2025-09-22,Distillers Grain,Michigan,Dried 10%,Truck,152.5,145.0,170.0,$ Per Ton
2025-09-22,Distillers Grain,Michigan,Modified Wet 55-60%,Truck,90.0,90.0,90.0,$ Per Ton
2025-09-22,Distillers Grain,Minnesota,Dried 10%,Truck,138.25,130.0,145.0,$ Per Ton
2025-09-22,Distillers Grain,Minnesota,Wet 65-70%,Truck,55.0,55.0,55.0,$ Per Ton
2025-09-22,Distillers Grain,Minnesota,Modified Wet 55-60%,Truck,55.0,55.0,55.0,$ Per Ton
2025-09-22,Distillers Grain,Missouri,Dried 10%,Truck,159.5,159.0,160.0,$ Per Ton
2025-09-22,Distillers Grain,Missouri,Wet 65-70%,Truck,49.0,49.0,49.0,$ Per Ton
2025-09-22,Distillers Grain,N/A,Dried 10%,Rail,190.0,190.0,190.0,$ Per Ton
2025-09-22,Distillers Grain,N/A,Dried 10%,Ocean Vessel,192.5,188.0,195.0,$ Per Ton
2025-09-22,Distillers Grain,N/A,Dried 10%,Rail/Barge,158.0,158.0,158.0,$ Per Ton
2025-09-22,Distillers Grain,Nebraska,Wet 65-70%,Truck,39.25,35.0,42.0,$ Per Ton
2025-09-22,Distillers Grain,Nebraska,Modified Wet 55-60%,Truck,67.33,65.0,72.0,$ Per Ton
2025-09-22,Distillers Grain,Nebraska,Dried 10%,Truck,147.0,135.0,168.0,$ Per Ton
2025-09-22,Distillers Grain,Ohio,Modified Wet 55-60%,Truck,90.0,90.0,90.0,$ Per Ton
2025-09-22,Distillers Grain,Ohio,Dried 10%,Truck,154.0,145.0,170.0,$ Per Ton
2025-09-22,Distillers Grain,Ohio,Dried 10%,Rail,140.0,140.0,140.0,$ Per Ton
2025-09-22,Distillers Grain,South Dakota,Wet 65-70%,Truck,56.67,54.0,58.0,$ Per Ton
2025-09-22,Distillers Grain,South Dakota,Modified Wet 55-60%,Truck,71.67,65.0,75.0,$ Per Ton
2025-09-22,Distillers Grain,South Dakota,Dried 10%,Truck,136.67,130.0,145.0,$ Per Ton
2025-09-22,Distillers Grain,Wisconsin,Wet 65-70%,Truck,54.0,54.0,54.0,$ Per Ton
2025-09-22,Distillers Grain,Wisconsin,Dried 10%,Truck,141.0,128.0,150.0,$ Per Ton
2025-09-22,Distillers Grain,Wisconsin,Modified Wet 55-60%,Truck,63.0,63.0,63.0,$ Per Ton
2025-09-22,Ethanol,Illinois,,Truck,1.9,1.9,1.9,$ Per Gallon
2025-09-22,Ethanol,Illinois,,Rail,1.9,1.9,1.9,$ Per Gallon
2025-09-22,Ethanol,Indiana,,Rail,1.9,1.9,1.9,$ Per Gallon
2025-09-22,Ethanol,Iowa,,Truck,1.7867,1.61,1.9,$ Per Gallon
2025-09-22,Ethanol,Kansas,,Truck,1.7833,1.75,1.81,$ Per Gallon
2025-09-22,Ethanol,Nebraska,,Truck,1.695,1.61,1.78,$ Per Gallon
2025-09-29,Distillers Corn Oil,Illinois,,Truck,58.0,54.0,63.0,Cents Per Lb
2025-09-29,Distillers Corn Oil,Indiana,,Truck,58.0,58.0,58.0,Cents Per Lb
2025-09-29,Distillers Corn Oil,Iowa,,Truck,54.0,54.0,54.0,Cents Per Lb
2025-09-29,Distillers Corn Oil,Kansas,,Truck,54.0,54.0,54.0,Cents Per Lb
2025-09-29,Distillers Corn Oil,Michigan,,Truck,57.33,54.0,60.0,Cents Per Lb
2025-09-29,Distillers Corn Oil,Minnesota,,Truck,57.13,54.0,59.0,Cents Per Lb
2025-09-29,Distillers Corn Oil,Missouri,,Truck,59.0,59.0,59.0,Cents Per Lb
2025-09-29,Distillers Corn Oil,Nebraska,,Truck,59.17,54.0,65.0,Cents Per Lb
2025-09-29,Distillers Corn Oil,Ohio,,Truck,58.0,58.0,58.0,Cents Per Lb
2025-09-29,Distillers Corn Oil,South Dakota,,Truck,55.5,52.0,59.0,Cents Per Lb
2025-09-29,Distillers Corn Oil,Wisconsin,,Truck,55.0,55.0,55.0,Cents Per Lb
2025-09-29,Distillers Grain,Illinois,Wet 65-70%,Truck,60.0,60.0,60.0,$ Per Ton
2025-09-29,Distillers Grain,Illinois,Dried 10%,Truck,162.67,150.0,178.0,$ Per Ton
2025-09-29,Distillers Grain,Indiana,Dried 10%,Rail,140.0,140.0,140.0,$ Per Ton
2025-09-29,Distillers Grain,Indiana,Dried 10%,Truck,149.4,135.0,170.0,$ Per Ton
2025-09-29,Distillers Grain,Indiana,Modified Wet 55-60%,Truck,90.0,90.0,90.0,$ Per Ton
2025-09-29,Distillers Grain,Iowa,Dried 10%,Rail,120.0,120.0,120.0,$ Per Ton
2025-09-29,Distillers Grain,Iowa,Modified Wet 55-60%,Truck,65.75,55.0,70.0,$ Per Ton
2025-09-29,Distillers Grain,Iowa,Dried 10%,Truck,134.11,116.0,155.0,$ Per Ton
2025-09-29,Distillers Grain,Iowa,Wet 65-70%,Truck,43.33,35.0,55.0,$ Per Ton
2025-09-29,Distillers Grain,Kansas,Dried 10%,Truck,155.0,145.0,165.0,$ Per Ton
2025-09-29,Distillers Grain,Kansas,Wet 65-70%,Truck,49.67,40.0,57.0,$ Per Ton
2025-09-29,Distillers Grain,Michigan,Dried 10%,Rail,130.0,130.0,130.0,$ Per Ton
2025-09-29,Distillers Grain,Michigan,Dried 10%,Truck,152.5,145.0,170.0,$ Per Ton
2025-09-29,Distillers Grain,Michigan,Modified Wet 55-60%,Truck,90.0,90.0,90.0,$ Per Ton
2025-09-29,Distillers Grain,Minnesota,Modified Wet 55-60%,Truck,55.0,55.0,55.0,$ Per Ton
2025-09-29,Distillers Grain,Minnesota,Wet 65-70%,Truck,55.0,55.0,55.0,$ Per Ton
2025-09-29,Distillers Grain,Minnesota,Dried 10%,Truck,137.0,130.0,145.0,$ Per Ton
2025-09-29,Distillers Grain,Missouri,Dried 10%,Truck,159.5,159.0,160.0,$ Per Ton
2025-09-29,Distillers Grain,Missouri,Wet 65-70%,Truck,49.0,49.0,49.0,$ Per Ton
2025-09-29,Distillers Grain,N/A,Dried 10%,Ocean Vessel,191.67,188.0,195.0,$ Per Ton
2025-09-29,Distillers Grain,N/A,Dried 10%,Rail/Barge,158.0,158.0,158.0,$ Per Ton
2025-09-29,Distillers Grain,N/A,Dried 10%,Rail,195.0,195.0,195.0,$ Per Ton
2025-09-29,Distillers Grain,Nebraska,Modified Wet 55-60%,Truck,66.5,64.0,72.0,$ Per Ton
2025-09-29,Distillers Grain,Nebraska,Wet 65-70%,Truck,41.75,40.0,45.0,$ Per Ton
2025-09-29,Distillers Grain,Nebraska,Dried 10%,Truck,146.0,135.0,165.0,$ Per Ton
2025-09-29,Distillers Grain,Ohio,Modified Wet 55-60%,Truck,90.0,90.0,90.0,$ Per Ton
2025-09-29,Distillers Grain,Ohio,Dried 10%,Truck,154.25,145.0,170.0,$ Per Ton
2025-09-29,Distillers Grain,Ohio,Dried 10%,Rail,140.0,140.0,140.0,$ Per Ton
2025-09-29,Distillers Grain,South Dakota,Wet 65-70%,Truck,56.67,54.0,58.0,$ Per Ton
2025-09-29,Distillers Grain,South Dakota,Modified Wet 55-60%,Truck,71.67,65.0,75.0,$ Per Ton
2025-09-29,Distillers Grain,South Dakota,Dried 10%,Truck,135.0,130.0,140.0,$ Per Ton
2025-09-29,Distillers Grain,Wisconsin,Dried 10%,Truck,136.5,128.0,145.0,$ Per Ton
2025-09-29,Distillers Grain,Wisconsin,Modified Wet 55-60%,Truck,63.0,63.0,63.0,$ Per Ton
2025-09-29,Ethanol,Illinois,,Truck,1.99,1.99,1.99,$ Per Gallon
2025-09-29,Ethanol,Illinois,,Rail,2.0,2.0,2.0,$ Per Gallon
2025-09-29,Ethanol,Indiana,,Rail,1.99,1.99,1.99,$ Per Gallon
2025-09-29,Ethanol,Iowa,,Truck,1.81,1.61,1.9,$ Per Gallon
2025-09-29,Ethanol,Kansas,,Truck,1.8233,1.75,1.93,$ Per Gallon
2025-09-29,Ethanol,Nebraska,,Truck,1.695,1.61,1.78,$ Per Gallon
2025-10-06,Distillers Corn Oil,Illinois,,Truck,57.67,54.0,63.0,Cents Per Lb
2025-10-06,Distillers Corn Oil,Indiana,,Truck,58.0,58.0,58.0,Cents Per Lb
2025-10-06,Distillers Corn Oil,Iowa,,Truck,54.0,54.0,54.0,Cents Per Lb
2025-10-06,Distillers Corn Oil,Kansas,,Truck,53.0,53.0,53.0,Cents Per Lb
2025-10-06,Distillers Corn Oil,Michigan,,Truck,55.67,54.0,58.0,Cents Per Lb
2025-10-06,Distillers Corn Oil,Minnesota,,Truck,55.33,53.0,59.0,Cents Per Lb
2025-10-06,Distillers Corn Oil,Missouri,,Truck,59.0,59.0,59.0,Cents Per Lb
2025-10-06,Distillers Corn Oil,Nebraska,,Truck,57.92,54.0,65.0,Cents Per Lb
2025-10-06,Distillers Corn Oil,Ohio,,Truck,55.5,53.0,58.0,Cents Per Lb
2025-10-06,Distillers Corn Oil,South Dakota,,Truck,55.25,52.0,59.0,Cents Per Lb
2025-10-06,Distillers Corn Oil,Wisconsin,,Truck,52.0,52.0,52.0,Cents Per Lb
2025-10-06,Distillers Grain,Illinois,Wet 65-70%,Truck,60.0,60.0,60.0,$ Per Ton
2025-10-06,Distillers Grain,Illinois,Dried 10%,Truck,162.67,150.0,178.0,$ Per Ton
2025-10-06,Distillers Grain,Indiana,Dried 10%,Rail,140.0,140.0,140.0,$ Per Ton
2025-10-06,Distillers Grain,Indiana,Dried 10%,Truck,149.4,135.0,170.0,$ Per Ton
2025-10-06,Distillers Grain,Indiana,Modified Wet 55-60%,Truck,90.0,90.0,90.0,$ Per Ton
2025-10-06,Distillers Grain,Iowa,Dried 10%,Rail,120.0,120.0,120.0,$ Per Ton
2025-10-06,Distillers Grain,Iowa,Modified Wet 55-60%,Truck,63.25,55.0,68.0,$ Per Ton
2025-10-06,Distillers Grain,Iowa,Dried 10%,Truck,132.78,120.0,152.0,$ Per Ton
2025-10-06,Distillers Grain,Iowa,Wet 65-70%,Truck,45.0,35.0,55.0,$ Per Ton
2025-10-06,Distillers Grain,Kansas,Dried 10%,Truck,165.0,165.0,165.0,$ Per Ton
2025-10-06,Distillers Grain,Kansas,Wet 65-70%,Truck,51.33,45.0,57.0,$ Per Ton
2025-10-06,Distillers Grain,Michigan,Dried 10%,Truck,152.5,145.0,170.0,$ Per Ton
2025-10-06,Distillers Grain,Michigan,Dried 10%,Rail,130.0,130.0,130.0,$ Per Ton
2025-10-06,Distillers Grain,Michigan,Modified Wet 55-60%,Truck,90.0,90.0,90.0,$ Per Ton
2025-10-06,Distillers Grain,Minnesota,Dried 10%,Truck,133.75,130.0,140.0,$ Per Ton
2025-10-06,Distillers Grain,Minnesota,Modified Wet 55-60%,Truck,55.0,55.0,55.0,$ Per Ton
2025-10-06,Distillers Grain,Minnesota,Wet 65-70%,Truck,55.0,55.0,55.0,$ Per Ton
2025-10-06,Distillers Grain,Missouri,Dried 10%,Truck,159.5,159.0,160.0,$ Per Ton
2025-10-06,Distillers Grain,Missouri,Wet 65-70%,Truck,49.0,49.0,49.0,$ Per Ton
2025-10-06,Distillers Grain,N/A,Dried 10%,Ocean Vessel,193.75,188.0,199.0,$ Per Ton
2025-10-06,Distillers Grain,N/A,Dried 10%,Rail/Barge,158.0,158.0,158.0,$ Per Ton
2025-10-06,Distillers Grain,N/A,Dried 10%,Rail,195.0,195.0,195.0,$ Per Ton
2025-10-06,Distillers Grain,Nebraska,Modified Wet 55-60%,Truck,66.5,64.0,72.0,$ Per Ton
2025-10-06,Distillers Grain,Nebraska,Wet 65-70%,Truck,43.33,40.0,48.0,$ Per Ton
2025-10-06,Distillers Grain,Nebraska,Dried 10%,Truck,148.14,140.0,165.0,$ Per Ton
2025-10-06,Distillers Grain,Ohio,Modified Wet 55-60%,Truck,90.0,90.0,90.0,$ Per Ton
2025-10-06,Distillers Grain,Ohio,Dried 10%,Truck,154.25,143.0,170.0,$ Per Ton
2025-10-06,Distillers Grain,Ohio,Dried 10%,Rail,140.0,140.0,140.0,$ Per Ton
2025-10-06,Distillers Grain,South Dakota,Wet 65-70%,Truck,56.67,54.0,58.0,$ Per Ton
2025-10-06,Distillers Grain,South Dakota,Modified Wet 55-60%,Truck,73.33,70.0,75.0,$ Per Ton
2025-10-06,Distillers Grain,South Dakota,Dried 10%,Truck,135.0,130.0,140.0,$ Per Ton
2025-10-06,Distillers Grain,Wisconsin,Dried 10%,Truck,136.5,128.0,145.0,$ Per Ton
2025-10-06,Distillers Grain,Wisconsin,Modified Wet 55-60%,Truck,63.0,63.0,63.0,$ Per Ton
2025-10-06,Ethanol,Illinois,,Truck,2.0,2.0,2.0,$ Per Gallon
2025-10-06,Ethanol,Illinois,,Rail,1.95,1.95,1.95,$ Per Gallon
2025-10-06,Ethanol,Indiana,,Rail,1.93,1.93,1.93,$ Per Gallon
2025-10-06,Ethanol,Iowa,,Truck,1.8325,1.61,1.97,$ Per Gallon
2025-10-06,Ethanol,Kansas,,Truck,1.8,1.75,1.86,$ Per Gallon
2025-10-06,Ethanol,Nebraska,,Truck,1.61,1.61,1.61,$ Per Gallon
2025-10-13,Distillers Corn Oil,Illinois,,Truck,57.33,54.0,63.0,Cents Per Lb
2025-10-13,Distillers Corn Oil,Indiana,,Truck,55.75,55.0,56.5,Cents Per Lb
2025-10-13,Distillers Corn Oil,Iowa,,Truck,54.0,54.0,54.0,Cents Per Lb
2025-10-13,Distillers Corn Oil,Kansas,,Truck,53.0,53.0,53.0,Cents Per Lb
2025-10-13,Distillers Corn Oil,Michigan,,Truck,54.38,52.0,56.5,Cents Per Lb
2025-10-13,Distillers Corn Oil,Minnesota,,Truck,55.0,54.0,57.0,Cents Per Lb
2025-10-13,Distillers Corn Oil,Missouri,,Truck,56.0,55.0,57.0,Cents Per Lb
2025-10-13,Distillers Corn Oil,Nebraska,,Truck,55.21,53.0,57.0,Cents Per Lb
2025-10-13,Distillers Corn Oil,Ohio,,Truck,54.83,53.0,56.5,Cents Per Lb
2025-10-13,Distillers Corn Oil,South Dakota,,Truck,54.64,52.0,57.0,Cents Per Lb
2025-10-13,Distillers Corn Oil,Wisconsin,,Truck,53.0,53.0,53.0,Cents Per Lb
2025-10-13,Distillers Grain,Illinois,Dried 10%,Truck,155.33,148.0,160.0,$ Per Ton
2025-10-13,Distillers Grain,Illinois,Wet 65-70%,Truck,60.0,60.0,60.0,$ Per Ton
2025-10-13,Distillers Grain,Indiana,Dried 10%,Rail,140.0,140.0,140.0,$ Per Ton
2025-10-13,Distillers Grain,Indiana,Dried 10%,Truck,148.8,133.0,170.0,$ Per Ton
2025-10-13,Distillers Grain,Indiana,Modified Wet 55-60%,Truck,90.0,90.0,90.0,$ Per Ton
2025-10-13,Distillers Grain,Iowa,Dried 10%,Rail,118.0,118.0,118.0,$ Per Ton
2025-10-13,Distillers Grain,Iowa,Dried 10%,Truck,131.44,120.0,150.0,$ Per Ton
2025-10-13,Distillers Grain,Iowa,Wet 65-70%,Truck,45.0,35.0,55.0,$ Per Ton
2025-10-13,Distillers Grain,Iowa,Modified Wet 55-60%,Truck,63.25,55.0,68.0,$ Per Ton
2025-10-13,Distillers Grain,Kansas,Wet 65-70%,Truck,54.67,45.0,67.0,$ Per Ton
2025-10-13,Distillers Grain,Kansas,Dried 10%,Truck,165.0,165.0,165.0,$ Per Ton
2025-10-13,Distillers Grain,Michigan,Dried 10%,Rail,130.0,130.0,130.0,$ Per Ton
2025-10-13,Distillers Grain,Michigan,Dried 10%,Truck,152.5,145.0,170.0,$ Per Ton
2025-10-13,Distillers Grain,Michigan,Modified Wet 55-60%,Truck,90.0,90.0,90.0,$ Per Ton
2025-10-13,Distillers Grain,Minnesota,Dried 10%,Truck,132.0,128.0,140.0,$ Per Ton
2025-10-13,Distillers Grain,Minnesota,Wet 65-70%,Truck,55.0,55.0,55.0,$ Per Ton
2025-10-13,Distillers Grain,Minnesota,Modified Wet 55-60%,Truck,60.0,60.0,60.0,$ Per Ton
2025-10-13,Distillers Grain,Missouri,Dried 10%,Truck,161.0,160.0,162.0,$ Per Ton
2025-10-13,Distillers Grain,Missouri,Wet 65-70%,Truck,50.0,50.0,50.0,$ Per Ton
2025-10-13,Distillers Grain,N/A,Dried 10%,Rail,195.0,195.0,195.0,$ Per Ton
2025-10-13,Distillers Grain,N/A,Dried 10%,Ocean Vessel,190.25,188.0,193.0,$ Per Ton
2025-10-13,Distillers Grain,N/A,Dried 10%,Rail/Barge,158.0,158.0,158.0,$ Per Ton
2025-10-13,Distillers Grain,Nebraska,Wet 65-70%,Truck,46.0,42.0,50.0,$ Per Ton
2025-10-13,Distillers Grain,Nebraska,Modified Wet 55-60%,Truck,66.25,65.0,69.0,$ Per Ton
2025-10-13,Distillers Grain,Nebraska,Dried 10%,Truck,149.43,144.0,170.0,$ Per Ton
2025-10-13,Distillers Grain,Ohio,Modified Wet 55-60%,Truck,90.0,90.0,90.0,$ Per Ton
2025-10-13,Distillers Grain,Ohio,Dried 10%,Rail,140.0,140.0,140.0,$ Per Ton
2025-10-13,Distillers Grain,Ohio,Dried 10%,Truck,154.5,143.0,170.0,$ Per Ton
2025-10-13,Distillers Grain,South Dakota,Wet 65-70%,Truck,56.67,54.0,58.0,$ Per Ton
2025-10-13,Distillers Grain,South Dakota,Modified Wet 55-60%,Truck,71.67,65.0,75.0,$ Per Ton
2025-10-13,Distillers Grain,South Dakota,Dried 10%,Truck,134.0,130.0,140.0,$ Per Ton
2025-10-13,Distillers Grain,Wisconsin,Modified Wet 55-60%,Truck,63.0,63.0,63.0,$ Per Ton
2025-10-13,Distillers Grain,Wisconsin,Dried 10%,Truck,136.5,128.0,145.0,$ Per Ton
2025-10-13,Ethanol,Illinois,,Truck,1.81,1.81,1.81,$ Per Gallon
2025-10-13,Ethanol,Illinois,,Rail,1.79,1.79,1.79,$ Per Gallon
2025-10-13,Ethanol,Indiana,,Rail,1.72,1.72,1.72,$ Per Gallon
2025-10-13,Ethanol,Iowa,,Truck,1.79,1.61,1.97,$ Per Gallon
2025-10-13,Ethanol,Kansas,,Truck,1.7467,1.7,1.79,$ Per Gallon
2025-10-13,Ethanol,Nebraska,,Truck,1.61,1.61,1.61,$ Per Gallon
2025-10-20,Distillers Corn Oil,Illinois,,Truck,54.75,53.5,56.0,Cents Per Lb
2025-10-20,Distillers Corn Oil,Indiana,,Truck,55.75,55.0,56.5,Cents Per Lb
2025-10-20,Distillers Corn Oil,Iowa,,Truck,53.5,53.5,53.5,Cents Per Lb
2025-10-20,Distillers Corn Oil,Kansas,,Truck,50.0,50.0,50.0,Cents Per Lb
2025-10-20,Distillers Corn Oil,Michigan,,Truck,54.5,53.0,56.5,Cents Per Lb
2025-10-20,Distillers Corn Oil,Minnesota,,Truck,54.88,53.5,57.0,Cents Per Lb
2025-10-20,Distillers Corn Oil,Missouri,,Truck,56.0,55.0,57.0,Cents Per Lb
2025-10-20,Distillers Corn Oil,Nebraska,,Truck,54.64,53.0,57.0,Cents Per Lb
2025-10-20,Distillers Corn Oil,Ohio,,Truck,54.83,53.0,56.5,Cents Per Lb
2025-10-20,Distillers Corn Oil,South Dakota,,Truck,54.29,50.0,57.0,Cents Per Lb
2025-10-20,Distillers Corn Oil,Wisconsin,,Truck,53.0,53.0,53.0,Cents Per Lb
2025-10-20,Distillers Grain,Illinois,Dried 10%,Truck,162.5,150.0,175.0,$ Per Ton
2025-10-20,Distillers Grain,Indiana,Dried 10%,Truck,148.8,135.0,170.0,$ Per Ton
2025-10-20,Distillers Grain,Indiana,Modified Wet 55-60%,Truck,90.0,90.0,90.0,$ Per Ton
2025-10-20,Distillers Grain,Indiana,Dried 10%,Rail,140.0,140.0,140.0,$ Per Ton
2025-10-20,Distillers Grain,Iowa,Dried 10%,Rail,118.0,118.0,118.0,$ Per Ton
2025-10-20,Distillers Grain,Iowa,Dried 10%,Truck,131.22,115.0,150.0,$ Per Ton
2025-10-20,Distillers Grain,Iowa,Wet 65-70%,Truck,45.5,35.0,56.0,$ Per Ton
2025-10-20,Distillers Grain,Iowa,Modified Wet 55-60%,Truck,59.5,50.0,68.0,$ Per Ton
2025-10-20,Distillers Grain,Kansas,Wet 65-70%,Truck,56.33,50.0,67.0,$ Per Ton
2025-10-20,Distillers Grain,Kansas,Dried 10%,Truck,165.0,165.0,165.0,$ Per Ton
2025-10-20,Distillers Grain,Michigan,Modified Wet 55-60%,Truck,90.0,90.0,90.0,$ Per Ton
2025-10-20,Distillers Grain,Michigan,Dried 10%,Truck,152.5,145.0,170.0,$ Per Ton
2025-10-20,Distillers Grain,Michigan,Dried 10%,Rail,130.0,130.0,130.0,$ Per Ton
2025-10-20,Distillers Grain,Minnesota,Wet 65-70%,Truck,55.0,55.0,55.0,$ Per Ton
2025-10-20,Distillers Grain,Minnesota,Modified Wet 55-60%,Truck,60.0,60.0,60.0,$ Per Ton
2025-10-20,Distillers Grain,Minnesota,Dried 10%,Truck,132.0,128.0,140.0,$ Per Ton
2025-10-20,Distillers Grain,Missouri,Wet 65-70%,Truck,50.0,50.0,50.0,$ Per Ton
2025-10-20,Distillers Grain,Missouri,Dried 10%,Truck,161.0,160.0,162.0,$ Per Ton
2025-10-20,Distillers Grain,N/A,Dried 10%,Rail,200.0,200.0,200.0,$ Per Ton
2025-10-20,Distillers Grain,N/A,Dried 10%,Rail/Barge,158.0,158.0,158.0,$ Per Ton
2025-10-20,Distillers Grain,N/A,Dried 10%,Ocean Vessel,190.25,188.0,193.0,$ Per Ton
2025-10-20,Distillers Grain,Nebraska,Wet 65-70%,Truck,48.33,45.0,50.0,$ Per Ton
2025-10-20,Distillers Grain,Nebraska,Modified Wet 55-60%,Truck,67.0,65.0,69.0,$ Per Ton
2025-10-20,Distillers Grain,Nebraska,Dried 10%,Truck,149.29,143.0,170.0,$ Per Ton
2025-10-20,Distillers Grain,Ohio,Modified Wet 55-60%,Truck,90.0,90.0,90.0,$ Per Ton
2025-10-20,Distillers Grain,Ohio,Dried 10%,Truck,154.25,143.0,170.0,$ Per Ton
2025-10-20,Distillers Grain,Ohio,Dried 10%,Rail,140.0,140.0,140.0,$ Per Ton
2025-10-20,Distillers Grain,South Dakota,Wet 65-70%,Truck,56.67,54.0,58.0,$ Per Ton
2025-10-20,Distillers Grain,South Dakota,Modified Wet 55-60%,Truck,68.33,55.0,75.0,$ Per Ton
2025-10-20,Distillers Grain,South Dakota,Dried 10%,Truck,132.0,122.0,140.0,$ Per Ton
2025-10-20,Distillers Grain,Wisconsin,Modified Wet 55-60%,Truck,63.0,63.0,63.0,$ Per Ton
2025-10-20,Distillers Grain,Wisconsin,Dried 10%,Truck,132.5,128.0,137.0,$ Per Ton
2025-10-20,Ethanol,Illinois,,Rail,1.79,1.79,1.79,$ Per Gallon
2025-10-20,Ethanol,Illinois,,Truck,1.73,1.73,1.73,$ Per Gallon
2025-10-20,Ethanol,Indiana,,Rail,1.72,1.72,1.72,$ Per Gallon
2025-10-20,Ethanol,Iowa,,Truck,1.6867,1.6,1.85,$ Per Gallon
2025-10-20,Ethanol,Kansas,,Truck,1.76,1.74,1.79,$ Per Gallon
2025-10-20,Ethanol,Nebraska,,Truck,1.61,1.61,1.61,$ Per Gallon
2025-10-27,Distillers Corn Oil,Illinois,,Truck,53.25,53.0,53.5,Cents Per Lb
2025-10-27,Distillers Corn Oil,Indiana,,Truck,55.75,55.0,56.5,Cents Per Lb
2025-10-27,Distillers Corn Oil,Iowa,,Truck,53.5,53.5,53.5,Cents Per Lb
2025-10-27,Distillers Corn Oil,Kansas,,Truck,50.0,50.0,50.0,Cents Per Lb
2025-10-27,Distillers Corn Oil,Michigan,,Truck,54.5,53.0,56.5,Cents Per Lb
2025-10-27,Distillers Corn Oil,Minnesota,,Truck,54.63,53.0,57.0,Cents Per Lb
2025-10-27,Distillers Corn Oil,Missouri,,Truck,56.0,55.0,57.0,Cents Per Lb
2025-10-27,Distillers Corn Oil,Nebraska,,Truck,54.57,53.0,57.0,Cents Per Lb
2025-10-27,Distillers Corn Oil,Ohio,,Truck,54.67,52.5,56.5,Cents Per Lb
2025-10-27,Distillers Corn Oil,South Dakota,,Truck,53.47,50.0,57.0,Cents Per Lb
2025-10-27,Distillers Corn Oil,Wisconsin,,Truck,52.0,52.0,52.0,Cents Per Lb
2025-10-27,Distillers Grain,Illinois,Dried 10%,Truck,156.5,153.0,160.0,$ Per Ton
2025-10-27,Distillers Grain,Indiana,Dried 10%,Rail,145.0,145.0,145.0,$ Per Ton
2025-10-27,Distillers Grain,Indiana,Dried 10%,Truck,150.0,140.0,170.0,$ Per Ton
2025-10-27,Distillers Grain,Indiana,Modified Wet 55-60%,Truck,90.0,90.0,90.0,$ Per Ton
2025-10-27,Distillers Grain,Iowa,Dried 10%,Rail,118.0,118.0,118.0,$ Per Ton
2025-10-27,Distillers Grain,Iowa,Dried 10%,Truck,133.67,115.0,150.0,$ Per Ton
2025-10-27,Distillers Grain,Iowa,Modified Wet 55-60%,Truck,57.75,50.0,68.0,$ Per Ton
2025-10-27,Distillers Grain,Iowa,Wet 65-70%,Truck,44.0,35.0,53.0,$ Per Ton
2025-10-27,Distillers Grain,Kansas,Wet 65-70%,Truck,58.67,54.0,67.0,$ Per Ton
2025-10-27,Distillers Grain,Kansas,Dried 10%,Truck,170.0,170.0,170.0,$ Per Ton
2025-10-27,Distillers Grain,Michigan,Dried 10%,Rail,130.0,130.0,130.0,$ Per Ton
2025-10-27,Distillers Grain,Michigan,Dried 10%,Truck,152.5,145.0,170.0,$ Per Ton
2025-10-27,Distillers Grain,Michigan,Modified Wet 55-60%,Truck,90.0,90.0,90.0,$ Per Ton
2025-10-27,Distillers Grain,Minnesota,Modified Wet 55-60%,Truck,55.0,55.0,55.0,$ Per Ton
2025-10-27,Distillers Grain,Minnesota,Wet 65-70%,Truck,55.0,55.0,55.0,$ Per Ton
2025-10-27,Distillers Grain,Minnesota,Dried 10%,Truck,135.75,128.0,145.0,$ Per Ton
2025-10-27,Distillers Grain,Missouri,Dried 10%,Truck,161.5,160.0,163.0,$ Per Ton
2025-10-27,Distillers Grain,Missouri,Wet 65-70%,Truck,50.0,50.0,50.0,$ Per Ton
2025-10-27,Distillers Grain,N/A,Dried 10%,Ocean Vessel,192.5,188.0,195.0,$ Per Ton
2025-10-27,Distillers Grain,N/A,Dried 10%,Rail/Barge,158.0,158.0,158.0,$ Per Ton
2025-10-27,Distillers Grain,N/A,Dried 10%,Rail,205.0,205.0,205.0,$ Per Ton
2025-10-27,Distillers Grain,Nebraska,Wet 65-70%,Truck,48.33,45.0,50.0,$ Per Ton
2025-10-27,Distillers Grain,Nebraska,Modified Wet 55-60%,Truck,65.0,60.0,69.0,$ Per Ton
2025-10-27,Distillers Grain,Nebraska,Dried 10%,Truck,148.29,143.0,165.0,$ Per Ton
2025-10-27,Distillers Grain,Ohio,Modified Wet 55-60%,Truck,90.0,90.0,90.0,$ Per Ton
2025-10-27,Distillers Grain,Ohio,Dried 10%,Truck,156.25,145.0,170.0,$ Per Ton
2025-10-27,Distillers Grain,Ohio,Dried 10%,Rail,140.0,140.0,140.0,$ Per Ton
2025-10-27,Distillers Grain,South Dakota,Wet 65-70%,Truck,56.67,54.0,58.0,$ Per Ton
2025-10-27,Distillers Grain,South Dakota,Modified Wet 55-60%,Truck,73.33,70.0,75.0,$ Per Ton
2025-10-27,Distillers Grain,South Dakota,Dried 10%,Truck,132.0,122.0,140.0,$ Per Ton
2025-10-27,Distillers Grain,Wisconsin,Dried 10%,Truck,134.5,132.0,137.0,$ Per Ton
2025-10-27,Distillers Grain,Wisconsin,Modified Wet 55-60%,Truck,65.0,65.0,65.0,$ Per Ton
2025-10-27,Ethanol,Illinois,,Truck,1.81,1.81,1.81,$ Per Gallon
2025-10-27,Ethanol,Illinois,,Rail,1.76,1.76,1.76,$ Per Gallon
2025-10-27,Ethanol,Indiana,,Rail,1.76,1.76,1.76,$ Per Gallon
2025-10-27,Ethanol,Iowa,,Truck,1.6867,1.6,1.85,$ Per Gallon
2025-10-27,Ethanol,Kansas,,Truck,1.63,1.58,1.68,$ Per Gallon
2025-10-27,Ethanol,Nebraska,,Truck,1.61,1.61,1.61,$ Per Gallon
2025-11-03,Distillers Corn Oil,Illinois,,Truck,53.25,53.0,53.5,Cents Per Lb
2025-11-03,Distillers Corn Oil,Indiana,,Truck,55.75,55.0,56.5,Cents Per Lb
2025-11-03,Distillers Corn Oil,Iowa,,Truck,53.5,53.5,53.5,Cents Per Lb
2025-11-03,Distillers Corn Oil,Kansas,,Truck,50.0,50.0,50.0,Cents Per Lb
2025-11-03,Distillers Corn Oil,Michigan,,Truck,54.5,53.0,56.5,Cents Per Lb
2025-11-03,Distillers Corn Oil,Minnesota,,Truck,54.63,53.0,57.0,Cents Per Lb
2025-11-03,Distillers Corn Oil,Missouri,,Truck,56.0,55.0,57.0,Cents Per Lb
2025-11-03,Distillers Corn Oil,Nebraska,,Truck,54.71,53.0,57.0,Cents Per Lb
2025-11-03,Distillers Corn Oil,Ohio,,Truck,54.67,52.5,56.5,Cents Per Lb
2025-11-03,Distillers Corn Oil,South Dakota,,Truck,54.33,52.8,57.0,Cents Per Lb
2025-11-03,Distillers Corn Oil,Wisconsin,,Truck,52.0,52.0,52.0,Cents Per Lb
2025-11-03,Distillers Grain,Illinois,Dried 10%,Truck,152.5,150.0,155.0,$ Per Ton
2025-11-03,Distillers Grain,Indiana,Dried 10%,Rail,145.0,145.0,145.0,$ Per Ton
2025-11-03,Distillers Grain,Indiana,Modified Wet 55-60%,Truck,90.0,90.0,90.0,$ Per Ton
2025-11-03,Distillers Grain,Indiana,Dried 10%,Truck,149.5,140.0,170.0,$ Per Ton
2025-11-03,Distillers Grain,Iowa,Dried 10%,Rail,117.0,117.0,117.0,$ Per Ton
2025-11-03,Distillers Grain,Iowa,Dried 10%,Truck,134.6,115.0,150.0,$ Per Ton
2025-11-03,Distillers Grain,Iowa,Wet 65-70%,Truck,45.0,35.0,55.0,$ Per Ton
2025-11-03,Distillers Grain,Iowa,Modified Wet 55-60%,Truck,59.5,55.0,68.0,$ Per Ton
2025-11-03,Distillers Grain,Kansas,Wet 65-70%,Truck,60.0,55.0,65.0,$ Per Ton
2025-11-03,Distillers Grain,Kansas,Dried 10%,Truck,170.0,170.0,170.0,$ Per Ton
2025-11-03,Distillers Grain,Michigan,Dried 10%,Rail,130.0,130.0,130.0,$ Per Ton
2025-11-03,Distillers Grain,Michigan,Dried 10%,Truck,152.5,145.0,170.0,$ Per Ton
2025-11-03,Distillers Grain,Michigan,Modified Wet 55-60%,Truck,90.0,90.0,90.0,$ Per Ton
2025-11-03,Distillers Grain,Minnesota,Modified Wet 55-60%,Truck,60.0,60.0,60.0,$ Per Ton
2025-11-03,Distillers Grain,Minnesota,Wet 65-70%,Truck,55.0,55.0,55.0,$ Per Ton
2025-11-03,Distillers Grain,Minnesota,Dried 10%,Truck,136.75,130.0,145.0,$ Per Ton
2025-11-03,Distillers Grain,Missouri,Dried 10%,Truck,162.5,160.0,165.0,$ Per Ton
2025-11-03,Distillers Grain,Missouri,Wet 65-70%,Truck,50.0,50.0,50.0,$ Per Ton
2025-11-03,Distillers Grain,N/A,Dried 10%,Rail,210.0,210.0,210.0,$ Per Ton
2025-11-03,Distillers Grain,N/A,Dried 10%,Ocean Vessel,192.25,188.0,195.0,$ Per Ton
2025-11-03,Distillers Grain,N/A,Dried 10%,Rail/Barge,158.0,158.0,158.0,$ Per Ton
2025-11-03,Distillers Grain,Nebraska,Wet 65-70%,Truck,48.33,45.0,50.0,$ Per Ton
2025-11-03,Distillers Grain,Nebraska,Modified Wet 55-60%,Truck,65.5,60.0,72.0,$ Per Ton
2025-11-03,Distillers Grain,Nebraska,Dried 10%,Truck,149.14,145.0,165.0,$ Per Ton
2025-11-03,Distillers Grain,Ohio,Modified Wet 55-60%,Truck,90.0,90.0,90.0,$ Per Ton
2025-11-03,Distillers Grain,Ohio,Dried 10%,Truck,156.25,145.0,170.0,$ Per Ton
2025-11-03,Distillers Grain,Ohio,Dried 10%,Rail,140.0,140.0,140.0,$ Per Ton
2025-11-03,Distillers Grain,South Dakota,Wet 65-70%,Truck,58.0,54.0,60.0,$ Per Ton
2025-11-03,Distillers Grain,South Dakota,Modified Wet 55-60%,Truck,74.67,70.0,77.0,$ Per Ton
2025-11-03,Distillers Grain,South Dakota,Dried 10%,Truck,138.6,135.0,140.0,$ Per Ton
2025-11-03,Distillers Grain,Wisconsin,Dried 10%,Truck,134.5,132.0,137.0,$ Per Ton
2025-11-03,Distillers Grain,Wisconsin,Modified Wet 55-60%,Truck,65.0,65.0,65.0,$ Per Ton
2025-11-03,Ethanol,Illinois,,Rail,1.8,1.8,1.8,$ Per Gallon
2025-11-03,Ethanol,Illinois,,Truck,1.74,1.74,1.74,$ Per Gallon
2025-11-03,Ethanol,Indiana,,Rail,1.77,1.77,1.77,$ Per Gallon
2025-11-03,Ethanol,Iowa,,Truck,1.62,1.6,1.65,$ Per Gallon
2025-11-03,Ethanol,Kansas,,Truck,1.62,1.58,1.66,$ Per Gallon
2025-11-03,Ethanol,Nebraska,,Truck,1.61,1.61,1.61,$ Per Gallon
2025-11-10,Distillers Corn Oil,Illinois,,Truck,54.75,53.5,56.0,Cents Per Lb
2025-11-10,Distillers Corn Oil,Indiana,,Truck,55.75,55.0,56.5,Cents Per Lb
2025-11-10,Distillers Corn Oil,Iowa,,Truck,53.5,53.5,53.5,Cents Per Lb
2025-11-10,Distillers Corn Oil,Kansas,,Truck,47.5,47.5,47.5,Cents Per Lb
2025-11-10,Distillers Corn Oil,Michigan,,Truck,54.25,52.0,56.5,Cents Per Lb
2025-11-10,Distillers Corn Oil,Minnesota,,Truck,54.63,53.0,57.0,Cents Per Lb
2025-11-10,Distillers Corn Oil,Missouri,,Truck,56.0,55.0,57.0,Cents Per Lb
2025-11-10,Distillers Corn Oil,Nebraska,,Truck,55.5,53.5,58.0,Cents Per Lb
2025-11-10,Distillers Corn Oil,Ohio,,Truck,54.67,52.5,56.5,Cents Per Lb
2025-11-10,Distillers Corn Oil,South Dakota,,Truck,53.9,52.8,57.0,Cents Per Lb
2025-11-10,Distillers Corn Oil,Wisconsin,,Truck,52.0,52.0,52.0,Cents Per Lb
2025-11-10,Distillers Grain,Illinois,Dried 10%,Truck,167.5,155.0,180.0,$ Per Ton
2025-11-10,Distillers Grain,Indiana,Dried 10%,Rail,145.0,145.0,145.0,$ Per Ton
2025-11-10,Distillers Grain,Indiana,Dried 10%,Truck,150.0,140.0,170.0,$ Per Ton
2025-11-10,Distillers Grain,Indiana,Modified Wet 55-60%,Truck,90.0,90.0,90.0,$ Per Ton
2025-11-10,Distillers Grain,Iowa,Dried 10%,Rail,117.0,117.0,117.0,$ Per Ton
2025-11-10,Distillers Grain,Iowa,Dried 10%,Truck,138.6,113.0,163.0,$ Per Ton
2025-11-10,Distillers Grain,Iowa,Wet 65-70%,Truck,47.5,35.0,60.0,$ Per Ton
2025-11-10,Distillers Grain,Iowa,Modified Wet 55-60%,Truck,57.0,50.0,68.0,$ Per Ton
2025-11-10,Distillers Grain,Kansas,Dried 10%,Truck,170.0,170.0,170.0,$ Per Ton
2025-11-10,Distillers Grain,Kansas,Wet 65-70%,Truck,60.67,57.0,65.0,$ Per Ton
2025-11-10,Distillers Grain,Michigan,Dried 10%,Rail,130.0,130.0,130.0,$ Per Ton
2025-11-10,Distillers Grain,Michigan,Modified Wet 55-60%,Truck,90.0,90.0,90.0,$ Per Ton
2025-11-10,Distillers Grain,Michigan,Dried 10%,Truck,152.5,145.0,170.0,$ Per Ton
2025-11-10,Distillers Grain,Minnesota,Modified Wet 55-60%,Truck,55.0,55.0,55.0,$ Per Ton
2025-11-10,Distillers Grain,Minnesota,Wet 65-70%,Truck,55.0,55.0,55.0,$ Per Ton
2025-11-10,Distillers Grain,Minnesota,Dried 10%,Truck,141.75,130.0,155.0,$ Per Ton
2025-11-10,Distillers Grain,Missouri,Dried 10%,Truck,167.5,160.0,175.0,$ Per Ton
2025-11-10,Distillers Grain,Missouri,Wet 65-70%,Truck,53.0,53.0,53.0,$ Per Ton
2025-11-10,Distillers Grain,N/A,Dried 10%,Rail,210.0,210.0,210.0,$ Per Ton
2025-11-10,Distillers Grain,N/A,Dried 10%,Ocean Vessel,192.75,188.0,196.0,$ Per Ton
2025-11-10,Distillers Grain,N/A,Dried 10%,Rail/Barge,158.0,158.0,158.0,$ Per Ton
2025-11-10,Distillers Grain,Nebraska,Wet 65-70%,Truck,55.0,55.0,55.0,$ Per Ton
2025-11-10,Distillers Grain,Nebraska,Modified Wet 55-60%,Truck,69.0,65.0,72.0,$ Per Ton
2025-11-10,Distillers Grain,Nebraska,Dried 10%,Truck,153.0,145.0,165.0,$ Per Ton
2025-11-10,Distillers Grain,Ohio,Modified Wet 55-60%,Truck,90.0,90.0,90.0,$ Per Ton
2025-11-10,Distillers Grain,Ohio,Dried 10%,Truck,157.5,148.0,170.0,$ Per Ton
2025-11-10,Distillers Grain,Ohio,Dried 10%,Rail,140.0,140.0,140.0,$ Per Ton
2025-11-10,Distillers Grain,South Dakota,Wet 65-70%,Truck,58.0,54.0,60.0,$ Per Ton
2025-11-10,Distillers Grain,South Dakota,Modified Wet 55-60%,Truck,74.67,70.0,77.0,$ Per Ton
2025-11-10,Distillers Grain,South Dakota,Dried 10%,Truck,140.2,135.0,143.0,$ Per Ton
2025-11-10,Distillers Grain,Wisconsin,Dried 10%,Truck,134.5,132.0,137.0,$ Per Ton
2025-11-10,Distillers Grain,Wisconsin,Modified Wet 55-60%,Truck,65.0,65.0,65.0,$ Per Ton
2025-11-10,Ethanol,Illinois,,Truck,1.81,1.81,1.81,$ Per Gallon
2025-11-10,Ethanol,Illinois,,Rail,1.83,1.83,1.83,$ Per Gallon
2025-11-10,Ethanol,Indiana,,Rail,1.82,1.82,1.82,$ Per Gallon
2025-11-10,Ethanol,Iowa,,Truck,1.6533,1.61,1.7,$ Per Gallon
2025-11-10,Ethanol,Kansas,,Truck,1.68,1.58,1.78,$ Per Gallon
2025-11-10,Ethanol,Nebraska,,Truck,1.61,1.61,1.61,$ Per Gallon
2025-11-17,Distillers Corn Oil,Illinois,,Truck,56.25,53.5,59.0,Cents Per Lb
2025-11-17,Distillers Corn Oil,Indiana,,Truck,55.75,55.0,56.5,Cents Per Lb
2025-11-17,Distillers Corn Oil,Iowa,,Truck,53.5,53.5,53.5,Cents Per Lb
2025-11-17,Distillers Corn Oil,Kansas,,Truck,47.5,47.5,47.5,Cents Per Lb
2025-11-17,Distillers Corn Oil,Michigan,,Truck,54.25,52.0,56.5,Cents Per Lb
2025-11-17,Distillers Corn Oil,Minnesota,,Truck,54.63,53.0,57.0,Cents Per Lb
2025-11-17,Distillers Corn Oil,Missouri,,Truck,56.0,55.0,57.0,Cents Per Lb
2025-11-17,Distillers Corn Oil,Nebraska,,Truck,55.33,53.5,58.0,Cents Per Lb
2025-11-17,Distillers Corn Oil,Ohio,,Truck,54.67,52.5,56.5,Cents Per Lb
2025-11-17,Distillers Corn Oil,South Dakota,,Truck,53.97,52.8,57.0,Cents Per Lb
2025-11-17,Distillers Corn Oil,Wisconsin,,Truck,52.0,52.0,52.0,Cents Per Lb
2025-11-17,Distillers Grain,Illinois,Dried 10%,Truck,172.5,160.0,185.0,$ Per Ton
2025-11-17,Distillers Grain,Indiana,Dried 10%,Rail,150.0,150.0,150.0,$ Per Ton
2025-11-17,Distillers Grain,Indiana,Dried 10%,Truck,153.25,145.0,170.0,$ Per Ton
2025-11-17,Distillers Grain,Indiana,Modified Wet 55-60%,Truck,90.0,90.0,90.0,$ Per Ton
2025-11-17,Distillers Grain,Iowa,Dried 10%,Rail,137.0,137.0,137.0,$ Per Ton
2025-11-17,Distillers Grain,Iowa,Dried 10%,Truck,147.22,128.0,170.0,$ Per Ton
2025-11-17,Distillers Grain,Iowa,Wet 65-70%,Truck,50.0,35.0,65.0,$ Per Ton
2025-11-17,Distillers Grain,Iowa,Modified Wet 55-60%,Truck,57.75,50.0,68.0,$ Per Ton
2025-11-17,Distillers Grain,Kansas,Wet 65-70%,Truck,62.33,59.0,68.0,$ Per Ton
2025-11-17,Distillers Grain,Kansas,Dried 10%,Truck,175.0,175.0,175.0,$ Per Ton
2025-11-17,Distillers Grain,Michigan,Modified Wet 55-60%,Truck,90.0,90.0,90.0,$ Per Ton
2025-11-17,Distillers Grain,Michigan,Dried 10%,Truck,154.5,148.0,170.0,$ Per Ton
2025-11-17,Distillers Grain,Michigan,Dried 10%,Rail,145.0,145.0,145.0,$ Per Ton
2025-11-17,Distillers Grain,Minnesota,Wet 65-70%,Truck,55.0,55.0,55.0,$ Per Ton
2025-11-17,Distillers Grain,Minnesota,Modified Wet 55-60%,Truck,65.0,65.0,65.0,$ Per Ton
2025-11-17,Distillers Grain,Minnesota,Dried 10%,Truck,150.0,135.0,160.0,$ Per Ton
2025-11-17,Distillers Grain,Missouri,Wet 65-70%,Truck,55.0,55.0,55.0,$ Per Ton
2025-11-17,Distillers Grain,Missouri,Dried 10%,Truck,170.0,160.0,180.0,$ Per Ton
2025-11-17,Distillers Grain,N/A,Dried 10%,Rail,215.0,215.0,215.0,$ Per Ton
2025-11-17,Distillers Grain,N/A,Dried 10%,Rail/Barge,158.0,158.0,158.0,$ Per Ton
2025-11-17,Distillers Grain,N/A,Dried 10%,Ocean Vessel,199.0,188.0,208.0,$ Per Ton
2025-11-17,Distillers Grain,Nebraska,Wet 65-70%,Truck,56.5,55.0,58.0,$ Per Ton
2025-11-17,Distillers Grain,Nebraska,Modified Wet 55-60%,Truck,66.75,60.0,72.0,$ Per Ton
2025-11-17,Distillers Grain,Nebraska,Dried 10%,Truck,151.57,140.0,160.0,$ Per Ton
2025-11-17,Distillers Grain,Ohio,Modified Wet 55-60%,Truck,90.0,90.0,90.0,$ Per Ton
2025-11-17,Distillers Grain,Ohio,Dried 10%,Truck,159.0,148.0,170.0,$ Per Ton
2025-11-17,Distillers Grain,Ohio,Dried 10%,Rail,152.0,152.0,152.0,$ Per Ton
2025-11-17,Distillers Grain,South Dakota,Wet 65-70%,Truck,58.0,54.0,60.0,$ Per Ton
2025-11-17,Distillers Grain,South Dakota,Modified Wet 55-60%,Truck,76.33,75.0,77.0,$ Per Ton
2025-11-17,Distillers Grain,South Dakota,Dried 10%,Truck,142.2,140.0,145.0,$ Per Ton
2025-11-17,Distillers Grain,Wisconsin,Modified Wet 55-60%,Truck,66.0,66.0,66.0,$ Per Ton
2025-11-17,Distillers Grain,Wisconsin,Dried 10%,Truck,137.5,135.0,140.0,$ Per Ton
2025-11-17,Ethanol,Illinois,,Truck,1.84,1.84,1.84,$ Per Gallon
2025-11-17,Ethanol,Illinois,,Rail,1.83,1.83,1.83,$ Per Gallon
2025-11-17,Ethanol,Indiana,,Rail,1.82,1.82,1.82,$ Per Gallon
2025-11-17,Ethanol,Iowa,,Truck,1.685,1.61,1.8,$ Per Gallon
2025-11-17,Ethanol,Kansas,,Truck,1.655,1.58,1.73,$ Per Gallon
2025-11-17,Ethanol,Nebraska,,Truck,1.61,1.61,1.61,$ Per Gallon
2025-12-01,Distillers Corn Oil,Illinois,,Truck,54.75,53.5,56.0,Cents Per Lb
2025-12-01,Distillers Corn Oil,Indiana,,Truck,55.75,55.0,56.5,Cents Per Lb
2025-12-01,Distillers Corn Oil,Iowa,,Truck,53.5,53.5,53.5,Cents Per Lb
2025-12-01,Distillers Corn Oil,Kansas,,Truck,50.0,50.0,50.0,Cents Per Lb
2025-12-01,Distillers Corn Oil,Michigan,,Truck,54.5,53.0,56.5,Cents Per Lb
2025-12-01,Distillers Corn Oil,Minnesota,,Truck,54.63,53.0,57.0,Cents Per Lb
2025-12-01,Distillers Corn Oil,Missouri,,Truck,56.0,55.0,57.0,Cents Per Lb
2025-12-01,Distillers Corn Oil,Nebraska,,Truck,55.25,53.5,58.0,Cents Per Lb
2025-12-01,Distillers Corn Oil,Ohio,,Truck,54.67,52.5,56.5,Cents Per Lb
2025-12-01,Distillers Corn Oil,South Dakota,,Truck,54.66,52.8,57.0,Cents Per Lb
2025-12-01,Distillers Corn Oil,Wisconsin,,Truck,53.0,53.0,53.0,Cents Per Lb
2025-12-01,Distillers Grain,Illinois,Dried 10%,Truck,179.0,160.0,198.0,$ Per Ton
2025-12-01,Distillers Grain,Indiana,Modified Wet 55-60%,Truck,90.0,90.0,90.0,$ Per Ton
2025-12-01,Distillers Grain,Indiana,Dried 10%,Truck,155.25,143.0,170.0,$ Per Ton
2025-12-01,Distillers Grain,Indiana,Dried 10%,Rail,150.0,150.0,150.0,$ Per Ton
2025-12-01,Distillers Grain,Iowa,Dried 10%,Rail,137.0,137.0,137.0,$ Per Ton
2025-12-01,Distillers Grain,Iowa,Modified Wet 55-60%,Truck,58.25,50.0,68.0,$ Per Ton
2025-12-01,Distillers Grain,Iowa,Dried 10%,Truck,149.22,128.0,170.0,$ Per Ton
2025-12-01,Distillers Grain,Iowa,Wet 65-70%,Truck,51.5,35.0,68.0,$ Per Ton
2025-12-01,Distillers Grain,Kansas,Wet 65-70%,Truck,64.67,59.0,70.0,$ Per Ton
2025-12-01,Distillers Grain,Kansas,Dried 10%,Truck,175.0,175.0,175.0,$ Per Ton
2025-12-01,Distillers Grain,Michigan,Modified Wet 55-60%,Truck,90.0,90.0,90.0,$ Per Ton
2025-12-01,Distillers Grain,Michigan,Dried 10%,Truck,155.0,148.0,170.0,$ Per Ton
2025-12-01,Distillers Grain,Michigan,Dried 10%,Rail,145.0,145.0,145.0,$ Per Ton
2025-12-01,Distillers Grain,Minnesota,Wet 65-70%,Truck,55.0,55.0,55.0,$ Per Ton
2025-12-01,Distillers Grain,Minnesota,Modified Wet 55-60%,Truck,70.0,70.0,70.0,$ Per Ton
2025-12-01,Distillers Grain,Minnesota,Dried 10%,Truck,153.75,145.0,165.0,$ Per Ton
2025-12-01,Distillers Grain,Missouri,Wet 65-70%,Truck,57.0,57.0,57.0,$ Per Ton
2025-12-01,Distillers Grain,Missouri,Dried 10%,Truck,179.5,170.0,189.0,$ Per Ton
2025-12-01,Distillers Grain,N/A,Dried 10%,Ocean Vessel,197.75,188.0,208.0,$ Per Ton
2025-12-01,Distillers Grain,N/A,Dried 10%,Rail,215.0,215.0,215.0,$ Per Ton
2025-12-01,Distillers Grain,N/A,Dried 10%,Rail/Barge,158.0,158.0,158.0,$ Per Ton
2025-12-01,Distillers Grain,Nebraska,Wet 65-70%,Truck,57.5,55.0,60.0,$ Per Ton
2025-12-01,Distillers Grain,Nebraska,Modified Wet 55-60%,Truck,68.5,60.0,72.0,$ Per Ton
2025-12-01,Distillers Grain,Nebraska,Dried 10%,Truck,162.71,149.0,175.0,$ Per Ton
2025-12-01,Distillers Grain,Ohio,Modified Wet 55-60%,Truck,90.0,90.0,90.0,$ Per Ton
2025-12-01,Distillers Grain,Ohio,Dried 10%,Truck,163.25,155.0,170.0,$ Per Ton
2025-12-01,Distillers Grain,Ohio,Dried 10%,Rail,152.0,152.0,152.0,$ Per Ton
2025-12-01,Distillers Grain,South Dakota,Wet 65-70%,Truck,58.0,54.0,60.0,$ Per Ton
2025-12-01,Distillers Grain,South Dakota,Modified Wet 55-60%,Truck,79.33,79.0,80.0,$ Per Ton
2025-12-01,Distillers Grain,South Dakota,Dried 10%,Truck,147.67,137.0,160.0,$ Per Ton
2025-12-01,Distillers Grain,Wisconsin,Modified Wet 55-60%,Truck,66.0,66.0,66.0,$ Per Ton
2025-12-01,Distillers Grain,Wisconsin,Dried 10%,Truck,137.5,135.0,140.0,$ Per Ton
2025-12-01,Ethanol,Illinois,,Truck,1.82,1.82,1.82,$ Per Gallon
2025-12-01,Ethanol,Illinois,,Rail,1.72,1.72,1.72,$ Per Gallon
2025-12-01,Ethanol,Indiana,,Rail,1.68,1.68,1.68,$ Per Gallon
2025-12-01,Ethanol,Iowa,,Truck,1.655,1.61,1.7,$ Per Gallon
2025-12-01,Ethanol,Kansas,,Truck,1.6,1.55,1.65,$ Per Gallon
2025-12-01,Ethanol,Nebraska,,Truck,1.61,1.61,1.61,$ Per Gallon
2025-12-08,Distillers Corn Oil,Illinois,,Truck,54.0,53.0,55.0,Cents Per Lb
2025-12-08,Distillers Corn Oil,Indiana,,Truck,54.5,54.0,55.0,Cents Per Lb
2025-12-08,Distillers Corn Oil,Iowa,,Truck,53.0,53.0,53.0,Cents Per Lb
2025-12-08,Distillers Corn Oil,Kansas,,Truck,50.0,50.0,50.0,Cents Per Lb
2025-12-08,Distillers Corn Oil,Michigan,,Truck,53.75,53.0,55.0,Cents Per Lb
2025-12-08,Distillers Corn Oil,Minnesota,,Truck,53.75,53.0,55.0,Cents Per Lb
2025-12-08,Distillers Corn Oil,Missouri,,Truck,54.5,54.0,55.0,Cents Per Lb
2025-12-08,Distillers Corn Oil,Nebraska,,Truck,54.57,53.0,58.0,Cents Per Lb
2025-12-08,Distillers Corn Oil,Ohio,,Truck,53.83,52.5,55.0,Cents Per Lb
2025-12-08,Distillers Corn Oil,South Dakota,,Truck,53.6,52.8,55.0,Cents Per Lb
2025-12-08,Distillers Corn Oil,Wisconsin,,Truck,52.0,52.0,52.0,Cents Per Lb
2025-12-08,Distillers Grain,Illinois,Dried 10%,Truck,170.0,160.0,180.0,$ Per Ton
2025-12-08,Distillers Grain,Indiana,Dried 10%,Rail,150.0,150.0,150.0,$ Per Ton
2025-12-08,Distillers Grain,Indiana,Dried 10%,Truck,155.75,145.0,170.0,$ Per Ton
2025-12-08,Distillers Grain,Indiana,Modified Wet 55-60%,Truck,90.0,90.0,90.0,$ Per Ton
2025-12-08,Distillers Grain,Iowa,Dried 10%,Rail,137.0,137.0,137.0,$ Per Ton
2025-12-08,Distillers Grain,Iowa,Dried 10%,Truck,151.44,128.0,180.0,$ Per Ton
2025-12-08,Distillers Grain,Iowa,Modified Wet 55-60%,Truck,60.75,57.0,68.0,$ Per Ton
2025-12-08,Distillers Grain,Iowa,Wet 65-70%,Truck,55.0,35.0,75.0,$ Per Ton
2025-12-08,Distillers Grain,Kansas,Wet 65-70%,Truck,63.0,59.0,70.0,$ Per Ton
2025-12-08,Distillers Grain,Kansas,Dried 10%,Truck,175.0,175.0,175.0,$ Per Ton
2025-12-08,Distillers Grain,Michigan,Modified Wet 55-60%,Truck,90.0,90.0,90.0,$ Per Ton
2025-12-08,Distillers Grain,Michigan,Dried 10%,Truck,156.0,150.0,170.0,$ Per Ton
2025-12-08,Distillers Grain,Michigan,Dried 10%,Rail,145.0,145.0,145.0,$ Per Ton
2025-12-08,Distillers Grain,Minnesota,Wet 65-70%,Truck,55.0,55.0,55.0,$ Per Ton
2025-12-08,Distillers Grain,Minnesota,Modified Wet 55-60%,Truck,60.0,60.0,60.0,$ Per Ton
2025-12-08,Distillers Grain,Minnesota,Dried 10%,Truck,153.75,145.0,165.0,$ Per Ton
2025-12-08,Distillers Grain,Missouri,Wet 65-70%,Truck,60.0,60.0,60.0,$ Per Ton
2025-12-08,Distillers Grain,Missouri,Dried 10%,Truck,182.5,170.0,195.0,$ Per Ton
2025-12-08,Distillers Grain,N/A,Dried 10%,Ocean Vessel,201.25,188.0,208.0,$ Per Ton
2025-12-08,Distillers Grain,N/A,Dried 10%,Rail/Barge,158.0,158.0,158.0,$ Per Ton
2025-12-08,Distillers Grain,N/A,Dried 10%,Rail,235.0,235.0,235.0,$ Per Ton
2025-12-08,Distillers Grain,Nebraska,Wet 65-70%,Truck,58.33,55.0,60.0,$ Per Ton
2025-12-08,Distillers Grain,Nebraska,Modified Wet 55-60%,Truck,71.5,70.0,74.0,$ Per Ton
2025-12-08,Distillers Grain,Nebraska,Dried 10%,Truck,167.71,149.0,175.0,$ Per Ton
2025-12-08,Distillers Grain,Ohio,Modified Wet 55-60%,Truck,90.0,90.0,90.0,$ Per Ton
2025-12-08,Distillers Grain,Ohio,Dried 10%,Truck,163.25,155.0,170.0,$ Per Ton
2025-12-08,Distillers Grain,Ohio,Dried 10%,Rail,153.0,153.0,153.0,$ Per Ton
2025-12-08,Distillers Grain,South Dakota,Wet 65-70%,Truck,58.0,54.0,60.0,$ Per Ton
2025-12-08,Distillers Grain,South Dakota,Modified Wet 55-60%,Truck,79.33,79.0,80.0,$ Per Ton
2025-12-08,Distillers Grain,South Dakota,Dried 10%,Truck,152.5,137.0,165.0,$ Per Ton
2025-12-08,Distillers Grain,Wisconsin,Dried 10%,Truck,141.0,137.0,145.0,$ Per Ton
2025-12-08,Distillers Grain,Wisconsin,Modified Wet 55-60%,Truck,67.0,67.0,67.0,$ Per Ton
2025-12-08,Ethanol,Illinois,,Truck,1.7,1.7,1.7,$ Per Gallon
2025-12-08,Ethanol,Illinois,,Rail,1.63,1.63,1.63,$ Per Gallon
2025-12-08,Ethanol,Indiana,,Rail,1.63,1.63,1.63,$ Per Gallon
2025-12-08,Ethanol,Iowa,,Truck,1.655,1.61,1.7,$ Per Gallon
2025-12-08,Ethanol,Kansas,,Truck,1.555,1.55,1.56,$ Per Gallon
2025-12-08,Ethanol,Nebraska,,Truck,1.61,1.61,1.61,$ Per Gallon
2025-12-15,Distillers Corn Oil,Illinois,,Truck,53.5,52.0,55.0,Cents Per Lb
2025-12-15,Distillers Corn Oil,Indiana,,Truck,54.5,54.0,55.0,Cents Per Lb
2025-12-15,Distillers Corn Oil,Iowa,,Truck,52.0,52.0,52.0,Cents Per Lb
2025-12-15,Distillers Corn Oil,Kansas,,Truck,50.0,50.0,50.0,Cents Per Lb
2025-12-15,Distillers Corn Oil,Michigan,,Truck,53.5,52.0,55.0,Cents Per Lb
2025-12-15,Distillers Corn Oil,Minnesota,,Truck,53.5,52.0,55.0,Cents Per Lb
2025-12-15,Distillers Corn Oil,Missouri,,Truck,54.5,54.0,55.0,Cents Per Lb
2025-12-15,Distillers Corn Oil,Nebraska,,Truck,54.57,52.0,58.0,Cents Per Lb
2025-12-15,Distillers Corn Oil,Ohio,,Truck,53.83,52.5,55.0,Cents Per Lb
2025-12-15,Distillers Corn Oil,South Dakota,,Truck,53.47,52.0,55.0,Cents Per Lb
2025-12-15,Distillers Corn Oil,Wisconsin,,Truck,50.0,50.0,50.0,Cents Per Lb
2025-12-15,Distillers Grain,Illinois,Dried 10%,Truck,173.5,162.0,185.0,$ Per Ton
2025-12-15,Distillers Grain,Indiana,Dried 10%,Truck,158.75,150.0,170.0,$ Per Ton
2025-12-15,Distillers Grain,Indiana,Modified Wet 55-60%,Truck,90.0,90.0,90.0,$ Per Ton
2025-12-15,Distillers Grain,Indiana,Dried 10%,Rail,150.0,150.0,150.0,$ Per Ton
2025-12-15,Distillers Grain,Iowa,Dried 10%,Rail,137.0,137.0,137.0,$ Per Ton
2025-12-15,Distillers Grain,Iowa,Dried 10%,Truck,153.44,128.0,180.0,$ Per Ton
2025-12-15,Distillers Grain,Iowa,Wet 65-70%,Truck,55.0,35.0,75.0,$ Per Ton
2025-12-15,Distillers Grain,Iowa,Modified Wet 55-60%,Truck,61.5,58.0,68.0,$ Per Ton
2025-12-15,Distillers Grain,Kansas,Dried 10%,Truck,180.0,180.0,180.0,$ Per Ton
2025-12-15,Distillers Grain,Kansas,Wet 65-70%,Truck,61.33,55.0,70.0,$ Per Ton
2025-12-15,Distillers Grain,Michigan,Dried 10%,Rail,145.0,145.0,145.0,$ Per Ton
2025-12-15,Distillers Grain,Michigan,Modified Wet 55-60%,Truck,90.0,90.0,90.0,$ Per Ton
2025-12-15,Distillers Grain,Michigan,Dried 10%,Truck,156.25,150.0,170.0,$ Per Ton
2025-12-15,Distillers Grain,Minnesota,Modified Wet 55-60%,Truck,60.0,60.0,60.0,$ Per Ton
2025-12-15,Distillers Grain,Minnesota,Wet 65-70%,Truck,55.0,55.0,55.0,$ Per Ton
2025-12-15,Distillers Grain,Minnesota,Dried 10%,Truck,156.25,145.0,170.0,$ Per Ton
2025-12-15,Distillers Grain,Missouri,Dried 10%,Truck,182.5,170.0,195.0,$ Per Ton
2025-12-15,Distillers Grain,Missouri,Wet 65-70%,Truck,60.0,60.0,60.0,$ Per Ton
2025-12-15,Distillers Grain,N/A,Dried 10%,Ocean Vessel,198.25,188.0,204.0,$ Per Ton
2025-12-15,Distillers Grain,N/A,Dried 10%,Rail,225.0,225.0,225.0,$ Per Ton
2025-12-15,Distillers Grain,N/A,Dried 10%,Rail/Barge,158.0,158.0,158.0,$ Per Ton
2025-12-15,Distillers Grain,Nebraska,Wet 65-70%,Truck,58.33,55.0,60.0,$ Per Ton
2025-12-15,Distillers Grain,Nebraska,Modified Wet 55-60%,Truck,74.0,68.0,87.0,$ Per Ton
2025-12-15,Distillers Grain,Nebraska,Dried 10%,Truck,173.43,158.0,185.0,$ Per Ton
2025-12-15,Distillers Grain,Ohio,Modified Wet 55-60%,Truck,90.0,90.0,90.0,$ Per Ton
2025-12-15,Distillers Grain,Ohio,Dried 10%,Truck,164.5,155.0,175.0,$ Per Ton
2025-12-15,Distillers Grain,Ohio,Dried 10%,Rail,153.0,153.0,153.0,$ Per Ton
2025-12-15,Distillers Grain,South Dakota,Wet 65-70%,Truck,58.0,54.0,60.0,$ Per Ton
2025-12-15,Distillers Grain,South Dakota,Modified Wet 55-60%,Truck,79.33,79.0,80.0,$ Per Ton
2025-12-15,Distillers Grain,South Dakota,Dried 10%,Truck,157.0,140.0,170.0,$ Per Ton
2025-12-15,Distillers Grain,Wisconsin,Dried 10%,Truck,142.5,140.0,145.0,$ Per Ton
2025-12-15,Distillers Grain,Wisconsin,Modified Wet 55-60%,Truck,68.0,68.0,68.0,$ Per Ton
2025-12-15,Ethanol,Illinois,,Truck,1.6,1.6,1.6,$ Per Gallon
2025-12-15,Ethanol,Illinois,,Rail,1.62,1.62,1.62,$ Per Gallon
2025-12-15,Ethanol,Indiana,,Rail,1.59,1.59,1.59,$ Per Gallon
2025-12-15,Ethanol,Iowa,,Truck,1.655,1.61,1.7,$ Per Gallon
2025-12-15,Ethanol,Kansas,,Truck,1.535,1.52,1.55,$ Per Gallon
2025-12-15,Ethanol,Nebraska,,Truck,1.63,1.61,1.65,$ Per Gallon
2026-01-05,Distillers Corn Oil,Illinois,,Truck,53.5,52.0,55.0,Cents Per Lb
2026-01-05,Distillers Corn Oil,Indiana,,Truck,54.5,54.0,55.0,Cents Per Lb
2026-01-05,Distillers Corn Oil,Iowa,,Truck,52.0,52.0,52.0,Cents Per Lb
2026-01-05,Distillers Corn Oil,Kansas,,Truck,49.0,49.0,49.0,Cents Per Lb
2026-01-05,Distillers Corn Oil,Michigan,,Truck,53.25,52.0,55.0,Cents Per Lb
2026-01-05,Distillers Corn Oil,Minnesota,,Truck,53.5,52.0,55.0,Cents Per Lb
2026-01-05,Distillers Corn Oil,Missouri,,Truck,54.5,54.0,55.0,Cents Per Lb
2026-01-05,Distillers Corn Oil,Nebraska,,Truck,54.29,52.0,58.0,Cents Per Lb
2026-01-05,Distillers Corn Oil,Ohio,,Truck,53.83,52.5,55.0,Cents Per Lb
2026-01-05,Distillers Corn Oil,South Dakota,,Truck,52.76,51.5,55.0,Cents Per Lb
2026-01-05,Distillers Corn Oil,Wisconsin,,Truck,51.0,51.0,51.0,Cents Per Lb
2026-01-05,Distillers Grain,Illinois,Dried 10%,Truck,176.0,165.0,187.0,$ Per Ton
2026-01-05,Distillers Grain,Indiana,Dried 10%,Rail,150.0,150.0,150.0,$ Per Ton
2026-01-05,Distillers Grain,Indiana,Dried 10%,Truck,158.25,150.0,170.0,$ Per Ton
2026-01-05,Distillers Grain,Indiana,Modified Wet 55-60%,Truck,90.0,90.0,90.0,$ Per Ton
2026-01-05,Distillers Grain,Iowa,Dried 10%,Rail,137.0,137.0,137.0,$ Per Ton
2026-01-05,Distillers Grain,Iowa,Dried 10%,Truck,159.09,130.0,182.0,$ Per Ton
2026-01-05,Distillers Grain,Iowa,Wet 65-70%,Truck,49.67,38.0,72.0,$ Per Ton
2026-01-05,Distillers Grain,Iowa,Modified Wet 55-60%,Truck,68.6,60.0,80.0,$ Per Ton
2026-01-05,Distillers Grain,Kansas,Wet 65-70%,Truck,58.0,45.0,69.0,$ Per Ton
2026-01-05,Distillers Grain,Kansas,Dried 10%,Truck,185.0,185.0,185.0,$ Per Ton
2026-01-05,Distillers Grain,Michigan,Modified Wet 55-60%,Truck,90.0,90.0,90.0,$ Per Ton
2026-01-05,Distillers Grain,Michigan,Dried 10%,Truck,156.75,150.0,170.0,$ Per Ton
2026-01-05,Distillers Grain,Michigan,Dried 10%,Rail,145.0,145.0,145.0,$ Per Ton
2026-01-05,Distillers Grain,Minnesota,Wet 65-70%,Truck,55.0,55.0,55.0,$ Per Ton
2026-01-05,Distillers Grain,Minnesota,Modified Wet 55-60%,Truck,60.0,60.0,60.0,$ Per Ton
2026-01-05,Distillers Grain,Minnesota,Dried 10%,Truck,157.0,148.0,170.0,$ Per Ton
2026-01-05,Distillers Grain,Missouri,Wet 65-70%,Truck,64.0,64.0,64.0,$ Per Ton
2026-01-05,Distillers Grain,Missouri,Dried 10%,Truck,183.5,170.0,197.0,$ Per Ton
2026-01-05,Distillers Grain,N/A,Dried 10%,Ocean Vessel,205.0,200.0,210.0,$ Per Ton
2026-01-05,Distillers Grain,N/A,Dried 10%,Rail/Barge,174.0,174.0,174.0,$ Per Ton
2026-01-05,Distillers Grain,N/A,Dried 10%,Rail,230.0,230.0,230.0,$ Per Ton
2026-01-05,Distillers Grain,Nebraska,Wet 65-70%,Truck,58.33,55.0,60.0,$ Per Ton
2026-01-05,Distillers Grain,Nebraska,Modified Wet 55-60%,Truck,71.5,60.0,87.0,$ Per Ton
2026-01-05,Distillers Grain,Nebraska,Dried 10%,Truck,170.93,158.0,185.0,$ Per Ton
2026-01-05,Distillers Grain,Ohio,Modified Wet 55-60%,Truck,90.0,90.0,90.0,$ Per Ton
2026-01-05,Distillers Grain,Ohio,Dried 10%,Truck,164.5,155.0,175.0,$ Per Ton
2026-01-05,Distillers Grain,Ohio,Dried 10%,Rail,153.0,153.0,153.0,$ Per Ton
2026-01-05,Distillers Grain,South Dakota,Wet 65-70%,Truck,60.0,54.0,63.0,$ Per Ton
2026-01-05,Distillers Grain,South Dakota,Modified Wet 55-60%,Truck,79.67,75.0,82.0,$ Per Ton
2026-01-05,Distillers Grain,South Dakota,Dried 10%,Truck,161.25,160.0,165.0,$ Per Ton
2026-01-05,Distillers Grain,Wisconsin,Modified Wet 55-60%,Truck,68.0,68.0,68.0,$ Per Ton
2026-01-05,Distillers Grain,Wisconsin,Dried 10%,Truck,142.5,140.0,145.0,$ Per Ton
2026-01-05,Ethanol,Illinois,,Truck,1.55,1.55,1.55,$ Per Gallon
2026-01-05,Ethanol,Illinois,,Rail,1.6,1.59,1.61,$ Per Gallon
2026-01-05,Ethanol,Indiana,,Rail,1.59,1.58,1.6,$ Per Gallon
2026-01-05,Ethanol,Iowa,,Truck,1.5375,1.44,1.61,$ Per Gallon
2026-01-05,Ethanol,Kansas,,Truck,1.535,1.52,1.55,$ Per Gallon
2026-01-05,Ethanol,Nebraska,,Truck,1.605,1.6,1.61,$ Per Gallon
2026-01-12,Distillers Corn Oil,Illinois,,Truck,53.5,52.0,55.0,Cents Per Lb
2026-01-12,Distillers Corn Oil,Indiana,,Truck,52.5,52.0,53.0,Cents Per Lb
2026-01-12,Distillers Corn Oil,Iowa,,Truck,52.0,52.0,52.0,Cents Per Lb
2026-01-12,Distillers Corn Oil,Kansas,,Truck,49.0,49.0,49.0,Cents Per Lb
2026-01-12,Distillers Corn Oil,Michigan,,Truck,52.0,51.0,53.0,Cents Per Lb
2026-01-12,Distillers Corn Oil,Minnesota,,Truck,52.5,52.0,53.0,Cents Per Lb
2026-01-12,Distillers Corn Oil,Missouri,,Truck,52.5,52.0,53.0,Cents Per Lb
2026-01-12,Distillers Corn Oil,Nebraska,,Truck,53.29,52.0,55.0,Cents Per Lb
2026-01-12,Distillers Corn Oil,Ohio,,Truck,52.5,52.0,53.0,Cents Per Lb
2026-01-12,Distillers Corn Oil,South Dakota,,Truck,52.61,52.0,53.0,Cents Per Lb
2026-01-12,Distillers Corn Oil,Wisconsin,,Truck,51.0,51.0,51.0,Cents Per Lb
2026-01-12,Distillers Grain,Illinois,Dried 10%,Truck,171.0,155.0,187.0,$ Per Ton
2026-01-12,Distillers Grain,Indiana,Dried 10%,Truck,157.0,145.0,170.0,$ Per Ton
2026-01-12,Distillers Grain,Indiana,Modified Wet 55-60%,Truck,90.0,90.0,90.0,$ Per Ton
2026-01-12,Distillers Grain,Indiana,Dried 10%,Rail,150.0,150.0,150.0,$ Per Ton
2026-01-12,Distillers Grain,Iowa,Dried 10%,Rail,137.0,137.0,137.0,$ Per Ton
2026-01-12,Distillers Grain,Iowa,Dried 10%,Truck,155.0,130.0,170.0,$ Per Ton
2026-01-12,Distillers Grain,Iowa,Wet 65-70%,Truck,53.0,36.0,70.0,$ Per Ton
2026-01-12,Distillers Grain,Iowa,Modified Wet 55-60%,Truck,64.5,50.0,80.0,$ Per Ton
2026-01-12,Distillers Grain,Kansas,Wet 65-70%,Truck,53.0,30.0,69.0,$ Per Ton
2026-01-12,Distillers Grain,Kansas,Dried 10%,Truck,185.0,185.0,185.0,$ Per Ton
2026-01-12,Distillers Grain,Michigan,Dried 10%,Rail,145.0,145.0,145.0,$ Per Ton
2026-01-12,Distillers Grain,Michigan,Dried 10%,Truck,155.5,145.0,170.0,$ Per Ton
2026-01-12,Distillers Grain,Michigan,Modified Wet 55-60%,Truck,90.0,90.0,90.0,$ Per Ton
2026-01-12,Distillers Grain,Minnesota,Modified Wet 55-60%,Truck,50.0,50.0,50.0,$ Per Ton
2026-01-12,Distillers Grain,Minnesota,Wet 65-70%,Truck,55.0,55.0,55.0,$ Per Ton
2026-01-12,Distillers Grain,Minnesota,Dried 10%,Truck,157.5,145.0,175.0,$ Per Ton
2026-01-12,Distillers Grain,Missouri,Dried 10%,Truck,184.5,170.0,199.0,$ Per Ton
2026-01-12,Distillers Grain,Missouri,Wet 65-70%,Truck,66.0,66.0,66.0,$ Per Ton
2026-01-12,Distillers Grain,N/A,Dried 10%,Rail,220.0,220.0,220.0,$ Per Ton
2026-01-12,Distillers Grain,N/A,Dried 10%,Ocean Vessel,203.0,202.0,205.0,$ Per Ton
2026-01-12,Distillers Grain,N/A,Dried 10%,Rail/Barge,174.0,174.0,174.0,$ Per Ton
2026-01-12,Distillers Grain,Nebraska,Wet 65-70%,Truck,50.0,40.0,60.0,$ Per Ton
2026-01-12,Distillers Grain,Nebraska,Modified Wet 55-60%,Truck,69.5,65.0,80.0,$ Per Ton
2026-01-12,Distillers Grain,Nebraska,Dried 10%,Truck,165.07,160.0,175.0,$ Per Ton
2026-01-12,Distillers Grain,Ohio,Modified Wet 55-60%,Truck,90.0,90.0,90.0,$ Per Ton
2026-01-12,Distillers Grain,Ohio,Dried 10%,Truck,165.0,155.0,175.0,$ Per Ton
2026-01-12,Distillers Grain,Ohio,Dried 10%,Rail,153.0,153.0,153.0,$ Per Ton
2026-01-12,Distillers Grain,South Dakota,Wet 65-70%,Truck,60.0,54.0,63.0,$ Per Ton
2026-01-12,Distillers Grain,South Dakota,Modified Wet 55-60%,Truck,79.67,75.0,82.0,$ Per Ton
2026-01-12,Distillers Grain,South Dakota,Dried 10%,Truck,157.5,145.0,165.0,$ Per Ton
2026-01-12,Distillers Grain,Wisconsin,Dried 10%,Truck,137.5,135.0,140.0,$ Per Ton
2026-01-12,Distillers Grain,Wisconsin,Modified Wet 55-60%,Truck,66.0,66.0,66.0,$ Per Ton
2026-01-12,Ethanol,Illinois,,Truck,1.56,1.56,1.56,$ Per Gallon
2026-01-12,Ethanol,Illinois,,Rail,1.53,1.53,1.53,$ Per Gallon
2026-01-12,Ethanol,Indiana,,Rail,1.49,1.48,1.5,$ Per Gallon
2026-01-12,Ethanol,Iowa,,Truck,1.5375,1.44,1.61,$ Per Gallon
2026-01-12,Ethanol,Kansas,,Truck,1.445,1.37,1.52,$ Per Gallon
2026-01-12,Ethanol,Nebraska,,Truck,1.605,1.6,1.61,$ Per Gallon
2026-01-19,Distillers Corn Oil,Illinois,,Truck,54.25,53.5,55.0,Cents Per Lb
2026-01-19,Distillers Corn Oil,Indiana,,Truck,52.5,52.0,53.0,Cents Per Lb
2026-01-19,Distillers Corn Oil,Iowa,,Truck,52.67,52.0,54.0,Cents Per Lb
2026-01-19,Distillers Corn Oil,Kansas,,Truck,49.0,49.0,49.0,Cents Per Lb
2026-01-19,Distillers Corn Oil,Michigan,,Truck,52.38,51.0,53.5,Cents Per Lb
2026-01-19,Distillers Corn Oil,Minnesota,,Truck,52.88,52.0,53.5,Cents Per Lb
2026-01-19,Distillers Corn Oil,Missouri,,Truck,52.5,52.0,53.0,Cents Per Lb
2026-01-19,Distillers Corn Oil,Nebraska,,Truck,53.29,52.0,55.0,Cents Per Lb
2026-01-19,Distillers Corn Oil,Ohio,,Truck,52.5,52.0,53.0,Cents Per Lb
2026-01-19,Distillers Corn Oil,South Dakota,,Truck,52.83,52.0,53.5,Cents Per Lb
2026-01-19,Distillers Corn Oil,Wisconsin,,Truck,53.0,53.0,53.0,Cents Per Lb
2026-01-19,Distillers Grain,Illinois,Dried 10%,Truck,171.0,157.0,185.0,$ Per Ton
2026-01-19,Distillers Grain,Indiana,Dried 10%,Rail,150.0,150.0,150.0,$ Per Ton
2026-01-19,Distillers Grain,Indiana,Dried 10%,Truck,158.25,150.0,170.0,$ Per Ton
2026-01-19,Distillers Grain,Indiana,Modified Wet 55-60%,Truck,90.0,90.0,90.0,$ Per Ton
2026-01-19,Distillers Grain,Iowa,Wet 65-70%,Truck,53.0,36.0,70.0,$ Per Ton
2026-01-19,Distillers Grain,Iowa,Dried 10%,Rail,137.0,137.0,137.0,$ Per Ton
2026-01-19,Distillers Grain,Iowa,Dried 10%,Truck,142.5,140.0,145.0,$ Per Ton
2026-01-19,Distillers Grain,Iowa,Modified Wet 55-60%,Truck,60.67,50.0,72.0,$ Per Ton
2026-01-19,Distillers Grain,Kansas,Wet 65-70%,Truck,52.33,30.0,70.0,$ Per Ton
2026-01-19,Distillers Grain,Kansas,Dried 10%,Truck,165.0,165.0,165.0,$ Per Ton
2026-01-19,Distillers Grain,Michigan,Dried 10%,Truck,156.75,150.0,170.0,$ Per Ton
2026-01-19,Distillers Grain,Michigan,Modified Wet 55-60%,Truck,90.0,90.0,90.0,$ Per Ton
2026-01-19,Distillers Grain,Michigan,Dried 10%,Rail,145.0,145.0,145.0,$ Per Ton
2026-01-19,Distillers Grain,Minnesota,Wet 65-70%,Truck,55.0,55.0,55.0,$ Per Ton
2026-01-19,Distillers Grain,Minnesota,Modified Wet 55-60%,Truck,50.0,50.0,50.0,$ Per Ton
2026-01-19,Distillers Grain,Minnesota,Dried 10%,Truck,158.0,145.0,175.0,$ Per Ton
2026-01-19,Distillers Grain,Missouri,Wet 65-70%,Truck,67.0,67.0,67.0,$ Per Ton
2026-01-19,Distillers Grain,Missouri,Dried 10%,Truck,184.5,170.0,199.0,$ Per Ton
2026-01-19,Distillers Grain,N/A,Dried 10%,Rail/Barge,174.0,174.0,174.0,$ Per Ton
2026-01-19,Distillers Grain,N/A,Dried 10%,Rail,220.0,220.0,220.0,$ Per Ton
2026-01-19,Distillers Grain,N/A,Dried 10%,Ocean Vessel,209.0,202.0,218.0,$ Per Ton
2026-01-19,Distillers Grain,Nebraska,Dried 10%,Truck,163.93,160.0,180.0,$ Per Ton
2026-01-19,Distillers Grain,Nebraska,Modified Wet 55-60%,Truck,69.5,65.0,80.0,$ Per Ton
2026-01-19,Distillers Grain,Nebraska,Wet 65-70%,Truck,50.0,40.0,60.0,$ Per Ton
2026-01-19,Distillers Grain,Ohio,Dried 10%,Rail,153.0,153.0,153.0,$ Per Ton
2026-01-19,Distillers Grain,Ohio,Dried 10%,Truck,165.0,155.0,175.0,$ Per Ton
2026-01-19,Distillers Grain,Ohio,Modified Wet 55-60%,Truck,90.0,90.0,90.0,$ Per Ton
2026-01-19,Distillers Grain,South Dakota,Dried 10%,Truck,157.5,155.0,165.0,$ Per Ton
2026-01-19,Distillers Grain,South Dakota,Modified Wet 55-60%,Truck,78.33,75.0,80.0,$ Per Ton
2026-01-19,Distillers Grain,South Dakota,Wet 65-70%,Truck,58.67,54.0,61.0,$ Per Ton
2026-01-19,Distillers Grain,Wisconsin,Dried 10%,Truck,141.0,137.0,145.0,$ Per Ton
2026-01-19,Distillers Grain,Wisconsin,Modified Wet 55-60%,Truck,67.0,67.0,67.0,$ Per Ton
2026-01-19,Ethanol,Illinois,,Rail,1.58,1.58,1.58,$ Per Gallon
2026-01-19,Ethanol,Illinois,,Truck,1.58,1.58,1.58,$ Per Gallon
2026-01-19,Ethanol,Indiana,,Rail,1.56,1.55,1.57,$ Per Gallon
2026-01-19,Ethanol,Iowa,,Truck,1.535,1.43,1.61,$ Per Gallon
2026-01-19,Ethanol,Kansas,,Truck,1.425,1.37,1.48,$ Per Gallon
2026-01-19,Ethanol,Nebraska,,Truck,1.605,1.6,1.61,$ Per Gallon
2026-01-26,Distillers Corn Oil,Illinois,,Truck,55.75,53.5,58.0,Cents Per Lb
2026-01-26,Distillers Corn Oil,Indiana,,Truck,52.5,52.0,53.0,Cents Per Lb
2026-01-26,Distillers Corn Oil,Iowa,,Truck,53.5,53.5,53.5,Cents Per Lb
2026-01-26,Distillers Corn Oil,Kansas,,Truck,49.0,49.0,49.0,Cents Per Lb
2026-01-26,Distillers Corn Oil,Michigan,,Truck,52.88,52.0,53.5,Cents Per Lb
2026-01-26,Distillers Corn Oil,Minnesota,,Truck,52.88,52.0,53.5,Cents Per Lb
2026-01-26,Distillers Corn Oil,Missouri,,Truck,52.5,52.0,53.0,Cents Per Lb
2026-01-26,Distillers Corn Oil,Nebraska,,Truck,53.43,52.0,55.0,Cents Per Lb
2026-01-26,Distillers Corn Oil,Ohio,,Truck,52.5,52.0,53.0,Cents Per Lb
2026-01-26,Distillers Corn Oil,South Dakota,,Truck,53.04,52.0,54.0,Cents Per Lb
2026-01-26,Distillers Corn Oil,Wisconsin,,Truck,54.0,54.0,54.0,Cents Per Lb
2026-01-26,Distillers Grain,Illinois,Dried 10%,Truck,178.5,157.0,200.0,$ Per Ton
2026-01-26,Distillers Grain,Indiana,Dried 10%,Rail,150.0,150.0,150.0,$ Per Ton
2026-01-26,Distillers Grain,Indiana,Dried 10%,Truck,158.75,150.0,170.0,$ Per Ton
2026-01-26,Distillers Grain,Indiana,Modified Wet 55-60%,Truck,90.0,90.0,90.0,$ Per Ton
2026-01-26,Distillers Grain,Iowa,Dried 10%,Rail,137.0,137.0,137.0,$ Per Ton
2026-01-26,Distillers Grain,Iowa,Dried 10%,Truck,153.0,125.0,165.0,$ Per Ton
2026-01-26,Distillers Grain,Iowa,Modified Wet 55-60%,Truck,68.0,68.0,68.0,$ Per Ton
2026-01-26,Distillers Grain,Iowa,Wet 65-70%,Truck,50.0,36.0,64.0,$ Per Ton
2026-01-26,Distillers Grain,Kansas,Dried 10%,Truck,169.0,160.0,178.0,$ Per Ton
2026-01-26,Distillers Grain,Kansas,Wet 65-70%,Truck,55.67,40.0,70.0,$ Per Ton
2026-01-26,Distillers Grain,Michigan,Dried 10%,Rail,150.0,150.0,150.0,$ Per Ton
2026-01-26,Distillers Grain,Michigan,Dried 10%,Truck,158.25,150.0,170.0,$ Per Ton
2026-01-26,Distillers Grain,Michigan,Modified Wet 55-60%,Truck,90.0,90.0,90.0,$ Per Ton
2026-01-26,Distillers Grain,Minnesota,Modified Wet 55-60%,Truck,50.0,50.0,50.0,$ Per Ton
2026-01-26,Distillers Grain,Minnesota,Wet 65-70%,Truck,55.0,55.0,55.0,$ Per Ton
2026-01-26,Distillers Grain,Minnesota,Dried 10%,Truck,158.0,145.0,175.0,$ Per Ton
2026-01-26,Distillers Grain,Missouri,Dried 10%,Truck,184.5,170.0,199.0,$ Per Ton
2026-01-26,Distillers Grain,Missouri,Wet 65-70%,Truck,67.0,67.0,67.0,$ Per Ton
2026-01-26,Distillers Grain,N/A,Dried 10%,Ocean Vessel,221.25,210.0,235.0,$ Per Ton
2026-01-26,Distillers Grain,N/A,Dried 10%,Rail/Barge,170.0,170.0,170.0,$ Per Ton
2026-01-26,Distillers Grain,N/A,Dried 10%,Rail,220.0,220.0,220.0,$ Per Ton
2026-01-26,Distillers Grain,Nebraska,Wet 65-70%,Truck,50.0,40.0,60.0,$ Per Ton
2026-01-26,Distillers Grain,Nebraska,Modified Wet 55-60%,Truck,68.25,60.0,80.0,$ Per Ton
2026-01-26,Distillers Grain,Nebraska,Dried 10%,Truck,163.5,160.0,177.0,$ Per Ton
2026-01-26,Distillers Grain,Ohio,Modified Wet 55-60%,Truck,90.0,90.0,90.0,$ Per Ton
2026-01-26,Distillers Grain,Ohio,Dried 10%,Truck,165.0,155.0,175.0,$ Per Ton
2026-01-26,Distillers Grain,Ohio,Dried 10%,Rail,150.0,150.0,150.0,$ Per Ton
2026-01-26,Distillers Grain,South Dakota,Wet 65-70%,Truck,58.67,54.0,61.0,$ Per Ton
2026-01-26,Distillers Grain,South Dakota,Modified Wet 55-60%,Truck,78.33,75.0,80.0,$ Per Ton
2026-01-26,Distillers Grain,South Dakota,Dried 10%,Truck,157.5,155.0,165.0,$ Per Ton
2026-01-26,Distillers Grain,Wisconsin,Modified Wet 55-60%,Truck,68.0,68.0,68.0,$ Per Ton
2026-01-26,Distillers Grain,Wisconsin,Dried 10%,Truck,145.0,140.0,150.0,$ Per Ton
2026-01-26,Ethanol,Illinois,,Truck,1.58,1.58,1.58,$ Per Gallon
2026-01-26,Ethanol,Illinois,,Rail,1.63,1.63,1.63,$ Per Gallon
2026-01-26,Ethanol,Indiana,,Rail,1.61,1.6,1.62,$ Per Gallon
2026-01-26,Ethanol,Iowa,,Truck,1.52,1.43,1.61,$ Per Gallon
2026-01-26,Ethanol,Kansas,,Truck,1.455,1.37,1.54,$ Per Gallon
2026-01-26,Ethanol,Nebraska,,Truck,1.62,1.61,1.63,$ Per Gallon
2026-02-02,Distillers Corn Oil,Illinois,,Truck,56.25,54.5,58.0,Cents Per Lb
2026-02-02,Distillers Corn Oil,Indiana,,Truck,56.0,55.0,57.0,Cents Per Lb
2026-02-02,Distillers Corn Oil,Iowa,,Truck,54.5,54.5,54.5,Cents Per Lb
2026-02-02,Distillers Corn Oil,Kansas,,Truck,52.0,52.0,52.0,Cents Per Lb
2026-02-02,Distillers Corn Oil,Michigan,,Truck,55.13,54.0,57.0,Cents Per Lb
2026-02-02,Distillers Corn Oil,Minnesota,,Truck,55.8,54.5,57.5,Cents Per Lb
2026-02-02,Distillers Corn Oil,Missouri,,Truck,56.0,55.0,57.0,Cents Per Lb
2026-02-02,Distillers Corn Oil,Nebraska,,Truck,55.81,53.0,58.0,Cents Per Lb
2026-02-02,Distillers Corn Oil,Ohio,,Truck,55.67,55.0,57.0,Cents Per Lb
2026-02-02,Distillers Corn Oil,South Dakota,,Truck,55.5,54.5,57.5,Cents Per Lb
2026-02-02,Distillers Corn Oil,Wisconsin,,Truck,55.0,55.0,55.0,Cents Per Lb
2026-02-02,Distillers Grain,Illinois,Dried 10%,Truck,178.5,162.0,195.0,$ Per Ton
2026-02-02,Distillers Grain,Indiana,Dried 10%,Truck,160.0,152.0,170.0,$ Per Ton
2026-02-02,Distillers Grain,Indiana,Dried 10%,Rail,155.0,155.0,155.0,$ Per Ton
2026-02-02,Distillers Grain,Indiana,Modified Wet 55-60%,Truck,90.0,90.0,90.0,$ Per Ton
2026-02-02,Distillers Grain,Iowa,Dried 10%,Rail,137.0,137.0,137.0,$ Per Ton
2026-02-02,Distillers Grain,Iowa,Dried 10%,Truck,152.0,130.0,165.0,$ Per Ton
2026-02-02,Distillers Grain,Iowa,Wet 65-70%,Truck,64.0,64.0,64.0,$ Per Ton
2026-02-02,Distillers Grain,Iowa,Modified Wet 55-60%,Truck,60.33,55.0,68.0,$ Per Ton
2026-02-02,Distillers Grain,Kansas,Wet 65-70%,Truck,53.0,40.0,62.0,$ Per Ton
2026-02-02,Distillers Grain,Kansas,Dried 10%,Truck,169.0,160.0,178.0,$ Per Ton
2026-02-02,Distillers Grain,Michigan,Dried 10%,Rail,150.0,150.0,150.0,$ Per Ton
2026-02-02,Distillers Grain,Michigan,Dried 10%,Truck,159.25,152.0,170.0,$ Per Ton
2026-02-02,Distillers Grain,Michigan,Modified Wet 55-60%,Truck,90.0,90.0,90.0,$ Per Ton
2026-02-02,Distillers Grain,Minnesota,Modified Wet 55-60%,Truck,55.0,55.0,55.0,$ Per Ton
2026-02-02,Distillers Grain,Minnesota,Wet 65-70%,Truck,55.0,55.0,55.0,$ Per Ton
2026-02-02,Distillers Grain,Minnesota,Dried 10%,Truck,158.25,145.0,175.0,$ Per Ton
2026-02-02,Distillers Grain,Missouri,Dried 10%,Truck,184.5,170.0,199.0,$ Per Ton
2026-02-02,Distillers Grain,Missouri,Wet 65-70%,Truck,67.0,67.0,67.0,$ Per Ton
2026-02-02,Distillers Grain,N/A,Dried 10%,Ocean Vessel,226.25,215.0,240.0,$ Per Ton
2026-02-02,Distillers Grain,N/A,Dried 10%,Rail/Barge,170.0,170.0,170.0,$ Per Ton
2026-02-02,Distillers Grain,N/A,Dried 10%,Rail,225.0,225.0,225.0,$ Per Ton
2026-02-02,Distillers Grain,Nebraska,Wet 65-70%,Truck,49.33,40.0,58.0,$ Per Ton
2026-02-02,Distillers Grain,Nebraska,Modified Wet 55-60%,Truck,68.75,60.0,80.0,$ Per Ton
2026-02-02,Distillers Grain,Nebraska,Dried 10%,Truck,164.21,160.0,177.0,$ Per Ton
2026-02-02,Distillers Grain,Ohio,Modified Wet 55-60%,Truck,90.0,90.0,90.0,$ Per Ton
2026-02-02,Distillers Grain,Ohio,Dried 10%,Truck,169.5,163.0,180.0,$ Per Ton
2026-02-02,Distillers Grain,Ohio,Dried 10%,Rail,153.0,153.0,153.0,$ Per Ton
2026-02-02,Distillers Grain,South Dakota,Wet 65-70%,Truck,58.67,54.0,61.0,$ Per Ton
2026-02-02,Distillers Grain,South Dakota,Modified Wet 55-60%,Truck,80.0,80.0,80.0,$ Per Ton
2026-02-02,Distillers Grain,South Dakota,Dried 10%,Truck,161.25,155.0,170.0,$ Per Ton
2026-02-02,Distillers Grain,Wisconsin,Modified Wet 55-60%,Truck,69.0,69.0,69.0,$ Per Ton
2026-02-02,Distillers Grain,Wisconsin,Dried 10%,Truck,146.0,142.0,150.0,$ Per Ton
2026-02-02,Ethanol,Illinois,,Truck,1.58,1.58,1.58,$ Per Gallon
2026-02-02,Ethanol,Illinois,,Rail,1.63,1.63,1.63,$ Per Gallon
2026-02-02,Ethanol,Indiana,,Rail,1.61,1.6,1.62,$ Per Gallon
2026-02-02,Ethanol,Iowa,,Truck,1.455,1.3,1.61,$ Per Gallon
2026-02-02,Ethanol,Kansas,,Truck,1.445,1.37,1.52,$ Per Gallon
2026-02-02,Ethanol,Nebraska,,Truck,1.605,1.6,1.61,$ Per Gallon
2026-02-09,Distillers Corn Oil,Illinois,,Truck,57.75,56.5,59.0,Cents Per Lb
2026-02-09,Distillers Corn Oil,Indiana,,Truck,56.0,55.0,57.0,Cents Per Lb
2026-02-09,Distillers Corn Oil,Iowa,,Truck,56.5,56.5,56.5,Cents Per Lb
2026-02-09,Distillers Corn Oil,Kansas,,Truck,52.0,52.0,52.0,Cents Per Lb
2026-02-09,Distillers Corn Oil,Michigan,,Truck,56.13,55.0,57.0,Cents Per Lb
2026-02-09,Distillers Corn Oil,Minnesota,,Truck,56.2,55.0,57.5,Cents Per Lb
2026-02-09,Distillers Corn Oil,Missouri,,Truck,56.0,55.0,57.0,Cents Per Lb
2026-02-09,Distillers Corn Oil,Nebraska,,Truck,57.19,55.0,60.0,Cents Per Lb
2026-02-09,Distillers Corn Oil,Ohio,,Truck,55.67,55.0,57.0,Cents Per Lb
2026-02-09,Distillers Corn Oil,South Dakota,,Truck,56.28,55.0,57.5,Cents Per Lb
2026-02-09,Distillers Corn Oil,Wisconsin,,Truck,55.0,55.0,55.0,Cents Per Lb
2026-02-09,Distillers Grain,Illinois,Dried 10%,Truck,185.0,172.0,198.0,$ Per Ton
2026-02-09,Distillers Grain,Indiana,Dried 10%,Truck,160.75,155.0,170.0,$ Per Ton
2026-02-09,Distillers Grain,Indiana,Modified Wet 55-60%,Truck,90.0,90.0,90.0,$ Per Ton
2026-02-09,Distillers Grain,Indiana,Dried 10%,Rail,155.0,155.0,155.0,$ Per Ton
2026-02-09,Distillers Grain,Iowa,Dried 10%,Rail,137.0,137.0,137.0,$ Per Ton
2026-02-09,Distillers Grain,Iowa,Dried 10%,Truck,151.7,135.0,165.0,$ Per Ton
2026-02-09,Distillers Grain,Iowa,Wet 65-70%,Truck,64.0,64.0,64.0,$ Per Ton
2026-02-09,Distillers Grain,Iowa,Modified Wet 55-60%,Truck,64.6,50.0,75.0,$ Per Ton
2026-02-09,Distillers Grain,Kansas,Wet 65-70%,Truck,55.0,48.0,60.0,$ Per Ton
2026-02-09,Distillers Grain,Kansas,Dried 10%,Truck,170.0,162.0,178.0,$ Per Ton
2026-02-09,Distillers Grain,Michigan,Dried 10%,Rail,150.0,150.0,150.0,$ Per Ton
2026-02-09,Distillers Grain,Michigan,Dried 10%,Truck,159.8,155.0,170.0,$ Per Ton
2026-02-09,Distillers Grain,Michigan,Modified Wet 55-60%,Truck,90.0,90.0,90.0,$ Per Ton
2026-02-09,Distillers Grain,Minnesota,Modified Wet 55-60%,Truck,55.0,55.0,55.0,$ Per Ton
2026-02-09,Distillers Grain,Minnesota,Wet 65-70%,Truck,55.0,55.0,55.0,$ Per Ton
2026-02-09,Distillers Grain,Minnesota,Dried 10%,Truck,158.75,145.0,175.0,$ Per Ton
2026-02-09,Distillers Grain,Missouri,Dried 10%,Truck,184.5,170.0,199.0,$ Per Ton
2026-02-09,Distillers Grain,Missouri,Wet 65-70%,Truck,67.0,67.0,67.0,$ Per Ton
2026-02-09,Distillers Grain,N/A,Dried 10%,Rail/Barge,170.0,170.0,170.0,$ Per Ton
2026-02-09,Distillers Grain,N/A,Dried 10%,Rail,230.0,230.0,230.0,$ Per Ton
2026-02-09,Distillers Grain,N/A,Dried 10%,Ocean Vessel,225.75,215.0,240.0,$ Per Ton
2026-02-09,Distillers Grain,Nebraska,Wet 65-70%,Truck,46.0,30.0,58.0,$ Per Ton
2026-02-09,Distillers Grain,Nebraska,Modified Wet 55-60%,Truck,69.5,60.0,83.0,$ Per Ton
2026-02-09,Distillers Grain,Nebraska,Dried 10%,Truck,164.57,160.0,177.0,$ Per Ton
2026-02-09,Distillers Grain,Ohio,Modified Wet 55-60%,Truck,90.0,90.0,90.0,$ Per Ton
2026-02-09,Distillers Grain,Ohio,Dried 10%,Rail,153.0,153.0,153.0,$ Per Ton
2026-02-09,Distillers Grain,Ohio,Dried 10%,Truck,169.5,163.0,180.0,$ Per Ton
2026-02-09,Distillers Grain,South Dakota,Wet 65-70%,Truck,58.67,54.0,61.0,$ Per Ton
2026-02-09,Distillers Grain,South Dakota,Modified Wet 55-60%,Truck,80.0,80.0,80.0,$ Per Ton
2026-02-09,Distillers Grain,South Dakota,Dried 10%,Truck,161.25,155.0,170.0,$ Per Ton
2026-02-09,Distillers Grain,Wisconsin,Modified Wet 55-60%,Truck,70.0,70.0,70.0,$ Per Ton
2026-02-09,Distillers Grain,Wisconsin,Dried 10%,Truck,145.5,145.0,146.0,$ Per Ton
2026-02-09,Ethanol,Illinois,,Rail,1.65,1.65,1.65,$ Per Gallon
2026-02-09,Ethanol,Illinois,,Truck,1.63,1.63,1.63,$ Per Gallon
2026-02-09,Ethanol,Indiana,,Rail,1.62,1.62,1.62,$ Per Gallon
2026-02-09,Ethanol,Iowa,,Truck,1.61,1.48,1.7,$ Per Gallon
2026-02-09,Ethanol,Kansas,,Truck,1.465,1.37,1.56,$ Per Gallon
2026-02-09,Ethanol,Nebraska,,Truck,1.63,1.61,1.65,$ Per Gallon
2026-02-16,Distillers Corn Oil,Illinois,,Truck,59.75,56.5,63.0,Cents Per Lb
2026-02-16,Distillers Corn Oil,Indiana,,Truck,56.0,55.0,57.0,Cents Per Lb
2026-02-16,Distillers Corn Oil,Iowa,,Truck,56.5,56.5,56.5,Cents Per Lb
2026-02-16,Distillers Corn Oil,Kansas,,Truck,52.0,52.0,52.0,Cents Per Lb
2026-02-16,Distillers Corn Oil,Michigan,,Truck,56.38,55.0,57.0,Cents Per Lb
2026-02-16,Distillers Corn Oil,Minnesota,,Truck,56.2,55.0,57.5,Cents Per Lb
2026-02-16,Distillers Corn Oil,Missouri,,Truck,56.0,55.0,57.0,Cents Per Lb
2026-02-16,Distillers Corn Oil,Nebraska,,Truck,57.19,55.0,60.0,Cents Per Lb
2026-02-16,Distillers Corn Oil,Ohio,,Truck,55.67,55.0,57.0,Cents Per Lb
2026-02-16,Distillers Corn Oil,South Dakota,,Truck,56.83,55.0,59.5,Cents Per Lb
2026-02-16,Distillers Corn Oil,Wisconsin,,Truck,59.0,59.0,59.0,Cents Per Lb
2026-02-16,Distillers Grain,Illinois,Dried 10%,Truck,187.5,175.0,200.0,$ Per Ton
2026-02-16,Distillers Grain,Indiana,Dried 10%,Rail,157.0,157.0,157.0,$ Per Ton
2026-02-16,Distillers Grain,Indiana,Modified Wet 55-60%,Truck,90.0,90.0,90.0,$ Per Ton
2026-02-16,Distillers Grain,Indiana,Dried 10%,Truck,164.25,157.0,170.0,$ Per Ton
2026-02-16,Distillers Grain,Iowa,Dried 10%,Rail,137.0,137.0,137.0,$ Per Ton
2026-02-16,Distillers Grain,Iowa,Dried 10%,Truck,152.3,133.0,168.0,$ Per Ton
2026-02-16,Distillers Grain,Iowa,Wet 65-70%,Truck,65.0,65.0,65.0,$ Per Ton
2026-02-16,Distillers Grain,Iowa,Modified Wet 55-60%,Truck,64.2,50.0,75.0,$ Per Ton
2026-02-16,Distillers Grain,Kansas,Dried 10%,Truck,170.0,165.0,175.0,$ Per Ton
2026-02-16,Distillers Grain,Kansas,Wet 65-70%,Truck,52.33,40.0,60.0,$ Per Ton
2026-02-16,Distillers Grain,Michigan,Dried 10%,Rail,155.0,155.0,155.0,$ Per Ton
2026-02-16,Distillers Grain,Michigan,Modified Wet 55-60%,Truck,90.0,90.0,90.0,$ Per Ton
2026-02-16,Distillers Grain,Michigan,Dried 10%,Truck,161.75,155.0,170.0,$ Per Ton
2026-02-16,Distillers Grain,Minnesota,Modified Wet 55-60%,Truck,55.0,55.0,55.0,$ Per Ton
2026-02-16,Distillers Grain,Minnesota,Wet 65-70%,Truck,55.0,55.0,55.0,$ Per Ton
2026-02-16,Distillers Grain,Minnesota,Dried 10%,Truck,156.25,145.0,165.0,$ Per Ton
2026-02-16,Distillers Grain,Missouri,Dried 10%,Truck,184.5,170.0,199.0,$ Per Ton
2026-02-16,Distillers Grain,Missouri,Wet 65-70%,Truck,67.0,67.0,67.0,$ Per Ton
2026-02-16,Distillers Grain,N/A,Dried 10%,Rail,230.0,230.0,230.0,$ Per Ton
2026-02-16,Distillers Grain,N/A,Dried 10%,Ocean Vessel,217.75,215.0,225.0,$ Per Ton
2026-02-16,Distillers Grain,N/A,Dried 10%,Rail/Barge,170.0,170.0,170.0,$ Per Ton
2026-02-16,Distillers Grain,Nebraska,Wet 65-70%,Truck,49.33,40.0,58.0,$ Per Ton
2026-02-16,Distillers Grain,Nebraska,Modified Wet 55-60%,Truck,69.75,60.0,84.0,$ Per Ton
2026-02-16,Distillers Grain,Nebraska,Dried 10%,Truck,165.43,160.0,175.0,$ Per Ton
2026-02-16,Distillers Grain,Ohio,Modified Wet 55-60%,Truck,90.0,90.0,90.0,$ Per Ton
2026-02-16,Distillers Grain,Ohio,Dried 10%,Truck,173.25,168.0,185.0,$ Per Ton
2026-02-16,Distillers Grain,Ohio,Dried 10%,Rail,158.0,158.0,158.0,$ Per Ton
2026-02-16,Distillers Grain,South Dakota,Wet 65-70%,Truck,58.67,54.0,61.0,$ Per Ton
2026-02-16,Distillers Grain,South Dakota,Modified Wet 55-60%,Truck,80.0,80.0,80.0,$ Per Ton
2026-02-16,Distillers Grain,South Dakota,Dried 10%,Truck,161.25,155.0,170.0,$ Per Ton
2026-02-16,Distillers Grain,Wisconsin,Dried 10%,Truck,145.5,145.0,146.0,$ Per Ton
2026-02-16,Distillers Grain,Wisconsin,Modified Wet 55-60%,Truck,70.0,70.0,70.0,$ Per Ton
2026-02-16,Ethanol,Illinois,,Rail,1.65,1.65,1.65,$ Per Gallon
2026-02-16,Ethanol,Illinois,,Truck,1.65,1.65,1.65,$ Per Gallon
2026-02-16,Ethanol,Indiana,,Rail,1.62,1.62,1.62,$ Per Gallon
2026-02-16,Ethanol,Iowa,,Truck,1.61,1.48,1.7,$ Per Gallon
2026-02-16,Ethanol,Kansas,,Truck,1.48,1.39,1.57,$ Per Gallon
2026-02-16,Ethanol,Nebraska,,Truck,1.63,1.61,1.65,$ Per Gallon
2026-02-23,Distillers Corn Oil,Illinois,,Truck,61.17,59.0,65.0,Cents Per Lb
2026-02-23,Distillers Corn Oil,Indiana,,Truck,63.5,63.0,64.0,Cents Per Lb
2026-02-23,Distillers Corn Oil,Iowa,,Truck,59.25,59.0,59.5,Cents Per Lb
2026-02-23,Distillers Corn Oil,Kansas,,Truck,52.0,52.0,52.0,Cents Per Lb
2026-02-23,Distillers Corn Oil,Michigan,,Truck,60.08,57.0,64.0,Cents Per Lb
2026-02-23,Distillers Corn Oil,Minnesota,,Truck,59.67,55.0,64.0,Cents Per Lb
2026-02-23,Distillers Corn Oil,Missouri,,Truck,63.5,63.0,64.0,Cents Per Lb
2026-02-23,Distillers Corn Oil,Nebraska,,Truck,60.19,56.0,64.0,Cents Per Lb
2026-02-23,Distillers Corn Oil,Ohio,,Truck,60.67,55.0,64.0,Cents Per Lb
2026-02-23,Distillers Corn Oil,South Dakota,,Truck,60.0,55.0,64.0,Cents Per Lb
2026-02-23,Distillers Corn Oil,Wisconsin,,Truck,59.0,59.0,59.0,Cents Per Lb
2026-02-23,Distillers Grain,Illinois,Dried 10%,Truck,192.5,175.0,210.0,$ Per Ton
2026-02-23,Distillers Grain,Indiana,Dried 10%,Rail,157.0,157.0,157.0,$ Per Ton
2026-02-23,Distillers Grain,Indiana,Dried 10%,Truck,164.25,157.0,170.0,$ Per Ton
2026-02-23,Distillers Grain,Indiana,Modified Wet 55-60%,Truck,90.0,90.0,90.0,$ Per Ton
2026-02-23,Distillers Grain,Iowa,Dried 10%,Rail,137.0,137.0,137.0,$ Per Ton
2026-02-23,Distillers Grain,Iowa,Dried 10%,Truck,152.78,133.0,168.0,$ Per Ton
2026-02-23,Distillers Grain,Iowa,Wet 65-70%,Truck,65.0,65.0,65.0,$ Per Ton
2026-02-23,Distillers Grain,Iowa,Modified Wet 55-60%,Truck,61.4,48.0,70.0,$ Per Ton
2026-02-23,Distillers Grain,Kansas,Wet 65-70%,Truck,51.33,37.0,60.0,$ Per Ton
2026-02-23,Distillers Grain,Kansas,Dried 10%,Truck,167.5,160.0,175.0,$ Per Ton
2026-02-23,Distillers Grain,Michigan,Modified Wet 55-60%,Truck,90.0,90.0,90.0,$ Per Ton
2026-02-23,Distillers Grain,Michigan,Dried 10%,Truck,161.75,155.0,170.0,$ Per Ton
2026-02-23,Distillers Grain,Michigan,Dried 10%,Rail,155.0,155.0,155.0,$ Per Ton
2026-02-23,Distillers Grain,Minnesota,Wet 65-70%,Truck,55.0,55.0,55.0,$ Per Ton
2026-02-23,Distillers Grain,Minnesota,Modified Wet 55-60%,Truck,55.0,55.0,55.0,$ Per Ton
2026-02-23,Distillers Grain,Minnesota,Dried 10%,Truck,157.5,150.0,165.0,$ Per Ton
2026-02-23,Distillers Grain,Missouri,Wet 65-70%,Truck,67.0,67.0,67.0,$ Per Ton
2026-02-23,Distillers Grain,Missouri,Dried 10%,Truck,184.5,170.0,199.0,$ Per Ton
2026-02-23,Distillers Grain,N/A,Dried 10%,Rail,230.0,230.0,230.0,$ Per Ton
2026-02-23,Distillers Grain,N/A,Dried 10%,Rail/Barge,170.0,170.0,170.0,$ Per Ton
2026-02-23,Distillers Grain,N/A,Dried 10%,Ocean Vessel,222.5,215.0,235.0,$ Per Ton
2026-02-23,Distillers Grain,Nebraska,Wet 65-70%,Truck,46.0,35.0,58.0,$ Per Ton
2026-02-23,Distillers Grain,Nebraska,Modified Wet 55-60%,Truck,69.75,59.0,84.0,$ Per Ton
2026-02-23,Distillers Grain,Nebraska,Dried 10%,Truck,164.29,160.0,172.0,$ Per Ton
2026-02-23,Distillers Grain,Ohio,Modified Wet 55-60%,Truck,90.0,90.0,90.0,$ Per Ton
2026-02-23,Distillers Grain,Ohio,Dried 10%,Truck,173.5,169.0,185.0,$ Per Ton
2026-02-23,Distillers Grain,Ohio,Dried 10%,Rail,158.0,158.0,158.0,$ Per Ton
2026-02-23,Distillers Grain,South Dakota,Wet 65-70%,Truck,58.67,54.0,61.0,$ Per Ton
2026-02-23,Distillers Grain,South Dakota,Modified Wet 55-60%,Truck,80.0,80.0,80.0,$ Per Ton
2026-02-23,Distillers Grain,South Dakota,Dried 10%,Truck,163.75,160.0,170.0,$ Per Ton
2026-02-23,Distillers Grain,Wisconsin,Modified Wet 55-60%,Truck,72.0,72.0,72.0,$ Per Ton
2026-02-23,Distillers Grain,Wisconsin,Dried 10%,Truck,148.0,145.0,151.0,$ Per Ton
2026-02-23,Ethanol,Illinois,,Truck,1.72,1.72,1.72,$ Per Gallon
2026-02-23,Ethanol,Illinois,,Rail,1.65,1.65,1.65,$ Per Gallon
2026-02-23,Ethanol,Indiana,,Rail,1.62,1.62,1.62,$ Per Gallon
2026-02-23,Ethanol,Iowa,,Truck,1.5967,1.48,1.7,$ Per Gallon
2026-02-23,Ethanol,Kansas,,Truck,1.54,1.39,1.69,$ Per Gallon
2026-02-23,Ethanol,Nebraska,,Truck,1.63,1.61,1.65,$ Per Gallon
2026-03-02,Distillers Corn Oil,Illinois,,Truck,66.0,64.0,68.0,Cents Per Lb
2026-03-02,Distillers Corn Oil,Indiana,,Truck,67.75,66.5,69.0,Cents Per Lb
2026-03-02,Distillers Corn Oil,Iowa,,Truck,64.0,64.0,64.0,Cents Per Lb
2026-03-02,Distillers Corn Oil,Kansas,,Truck,60.0,60.0,60.0,Cents Per Lb
2026-03-02,Distillers Corn Oil,Michigan,,Truck,62.9,57.0,69.0,Cents Per Lb
2026-03-02,Distillers Corn Oil,Minnesota,,Truck,62.4,55.0,69.0,Cents Per Lb
2026-03-02,Distillers Corn Oil,Missouri,,Truck,67.75,66.5,69.0,Cents Per Lb
2026-03-02,Distillers Corn Oil,Nebraska,,Truck,62.25,56.0,69.0,Cents Per Lb
2026-03-02,Distillers Corn Oil,Ohio,,Truck,63.5,55.0,69.0,Cents Per Lb
2026-03-02,Distillers Corn Oil,South Dakota,,Truck,63.44,55.0,69.0,Cents Per Lb
2026-03-02,Distillers Corn Oil,Wisconsin,,Truck,66.0,66.0,66.0,Cents Per Lb
2026-03-02,Distillers Grain,Illinois,Dried 10%,Truck,192.5,175.0,210.0,$ Per Ton
2026-03-02,Distillers Grain,Indiana,Modified Wet 55-60%,Truck,90.0,90.0,90.0,$ Per Ton
2026-03-02,Distillers Grain,Indiana,Dried 10%,Truck,171.75,162.0,195.0,$ Per Ton
2026-03-02,Distillers Grain,Indiana,Dried 10%,Rail,157.0,157.0,157.0,$ Per Ton
2026-03-02,Distillers Grain,Iowa,Dried 10%,Rail,137.0,137.0,137.0,$ Per Ton
2026-03-02,Distillers Grain,Iowa,Modified Wet 55-60%,Truck,62.2,50.0,70.0,$ Per Ton
2026-03-02,Distillers Grain,Iowa,Dried 10%,Truck,154.67,140.0,170.0,$ Per Ton
2026-03-02,Distillers Grain,Iowa,Wet 65-70%,Truck,52.5,38.0,67.0,$ Per Ton
2026-03-02,Distillers Grain,Kansas,Wet 65-70%,Truck,51.33,37.0,60.0,$ Per Ton
2026-03-02,Distillers Grain,Kansas,Dried 10%,Truck,167.5,160.0,175.0,$ Per Ton
2026-03-02,Distillers Grain,Michigan,Modified Wet 55-60%,Truck,90.0,90.0,90.0,$ Per Ton
2026-03-02,Distillers Grain,Michigan,Dried 10%,Truck,167.75,160.0,185.0,$ Per Ton
2026-03-02,Distillers Grain,Michigan,Dried 10%,Rail,155.0,155.0,155.0,$ Per Ton
2026-03-02,Distillers Grain,Minnesota,Wet 65-70%,Truck,55.0,55.0,55.0,$ Per Ton
2026-03-02,Distillers Grain,Minnesota,Modified Wet 55-60%,Truck,55.0,55.0,55.0,$ Per Ton
2026-03-02,Distillers Grain,Minnesota,Dried 10%,Truck,161.25,155.0,170.0,$ Per Ton
2026-03-02,Distillers Grain,Missouri,Wet 65-70%,Truck,68.0,68.0,68.0,$ Per Ton
2026-03-02,Distillers Grain,Missouri,Dried 10%,Truck,187.0,175.0,199.0,$ Per Ton
2026-03-02,Distillers Grain,Nebraska,Wet 65-70%,Truck,46.0,35.0,58.0,$ Per Ton
2026-03-02,Distillers Grain,Nebraska,Modified Wet 55-60%,Truck,70.0,60.0,84.0,$ Per Ton
2026-03-02,Distillers Grain,Nebraska,Dried 10%,Truck,168.14,160.0,185.0,$ Per Ton
2026-03-02,Distillers Grain,Ohio,Modified Wet 55-60%,Truck,90.0,90.0,90.0,$ Per Ton
2026-03-02,Distillers Grain,Ohio,Dried 10%,Truck,179.75,169.0,185.0,$ Per Ton
2026-03-02,Distillers Grain,Ohio,Dried 10%,Rail,158.0,158.0,158.0,$ Per Ton
2026-03-02,Distillers Grain,South Dakota,Wet 65-70%,Truck,58.67,54.0,61.0,$ Per Ton
2026-03-02,Distillers Grain,South Dakota,Modified Wet 55-60%,Truck,80.0,80.0,80.0,$ Per Ton
2026-03-02,Distillers Grain,South Dakota,Dried 10%,Truck,165.0,165.0,165.0,$ Per Ton
2026-03-02,Distillers Grain,Wisconsin,Modified Wet 55-60%,Truck,72.0,72.0,72.0,$ Per Ton
2026-03-02,Distillers Grain,Wisconsin,Dried 10%,Truck,148.0,145.0,151.0,$ Per Ton
2026-03-02,Distillers Grain,,Dried 10%,Ocean Vessel,223.75,215.0,235.0,$ Per Ton
2026-03-02,Distillers Grain,,Dried 10%,Rail,235.0,235.0,235.0,$ Per Ton
2026-03-02,Distillers Grain,,Dried 10%,Rail/Barge,170.0,170.0,170.0,$ Per Ton
2026-03-02,Ethanol,Illinois,,Truck,1.72,1.72,1.72,$ Per Gallon
2026-03-02,Ethanol,Illinois,,Rail,1.805,1.79,1.82,$ Per Gallon
2026-03-02,Ethanol,Indiana,,Rail,1.75,1.75,1.75,$ Per Gallon
2026-03-02,Ethanol,Iowa,,Truck,1.6367,1.6,1.7,$ Per Gallon
2026-03-02,Ethanol,Kansas,,Truck,1.66,1.61,1.71,$ Per Gallon
2026-03-02,Ethanol,Nebraska,,Truck,1.61,1.61,1.61,$ Per Gallon
2026-03-09,Distillers Corn Oil,Illinois,,Truck,71.75,69.0,74.5,Cents Per Lb
2026-03-09,Distillers Corn Oil,Indiana,,Truck,67.75,66.5,69.0,Cents Per Lb
2026-03-09,Distillers Corn Oil,Iowa,,Truck,69.0,69.0,69.0,Cents Per Lb
2026-03-09,Distillers Corn Oil,Kansas,,Truck,60.0,60.0,60.0,Cents Per Lb
2026-03-09,Distillers Corn Oil,Michigan,,Truck,67.38,64.0,70.0,Cents Per Lb
2026-03-09,Distillers Corn Oil,Minnesota,,Truck,69.1,66.5,71.0,Cents Per Lb
2026-03-09,Distillers Corn Oil,Missouri,,Truck,67.75,66.5,69.0,Cents Per Lb
2026-03-09,Distillers Corn Oil,Nebraska,,Truck,66.69,57.0,72.0,Cents Per Lb
2026-03-09,Distillers Corn Oil,Ohio,,Truck,68.5,66.5,70.0,Cents Per Lb
2026-03-09,Distillers Corn Oil,South Dakota,,Truck,68.5,65.0,71.0,Cents Per Lb
2026-03-09,Distillers Corn Oil,Wisconsin,,Truck,66.0,66.0,66.0,Cents Per Lb
2026-03-09,Distillers Grain,Illinois,Dried 10%,Truck,199.0,188.0,210.0,$ Per Ton
2026-03-09,Distillers Grain,Indiana,Dried 10%,Rail,165.0,165.0,165.0,$ Per Ton
2026-03-09,Distillers Grain,Indiana,Dried 10%,Truck,175.5,168.0,195.0,$ Per Ton
2026-03-09,Distillers Grain,Indiana,Modified Wet 55-60%,Truck,90.0,90.0,90.0,$ Per Ton
2026-03-09,Distillers Grain,Iowa,Dried 10%,Rail,142.0,142.0,142.0,$ Per Ton
2026-03-09,Distillers Grain,Iowa,Dried 10%,Truck,159.25,140.0,180.0,$ Per Ton
2026-03-09,Distillers Grain,Iowa,Modified Wet 55-60%,Truck,62.33,55.0,68.0,$ Per Ton
2026-03-09,Distillers Grain,Iowa,Wet 65-70%,Truck,54.0,38.0,70.0,$ Per Ton
2026-03-09,Distillers Grain,Kansas,Dried 10%,Truck,175.0,175.0,175.0,$ Per Ton
2026-03-09,Distillers Grain,Kansas,Wet 65-70%,Truck,50.33,35.0,59.0,$ Per Ton
2026-03-09,Distillers Grain,Michigan,Dried 10%,Rail,162.0,162.0,162.0,$ Per Ton
2026-03-09,Distillers Grain,Michigan,Dried 10%,Truck,174.0,168.0,185.0,$ Per Ton
2026-03-09,Distillers Grain,Michigan,Modified Wet 55-60%,Truck,90.0,90.0,90.0,$ Per Ton
2026-03-09,Distillers Grain,Minnesota,Modified Wet 55-60%,Truck,55.0,55.0,55.0,$ Per Ton
2026-03-09,Distillers Grain,Minnesota,Wet 65-70%,Truck,55.0,55.0,55.0,$ Per Ton
2026-03-09,Distillers Grain,Minnesota,Dried 10%,Truck,162.0,155.0,170.0,$ Per Ton
2026-03-09,Distillers Grain,Missouri,Dried 10%,Truck,187.0,175.0,199.0,$ Per Ton
2026-03-09,Distillers Grain,Missouri,Wet 65-70%,Truck,66.0,66.0,66.0,$ Per Ton
2026-03-09,Distillers Grain,Nebraska,Wet 65-70%,Truck,48.0,35.0,64.0,$ Per Ton
2026-03-09,Distillers Grain,Nebraska,Modified Wet 55-60%,Truck,70.75,63.0,84.0,$ Per Ton
2026-03-09,Distillers Grain,Nebraska,Dried 10%,Truck,169.57,160.0,190.0,$ Per Ton
2026-03-09,Distillers Grain,Ohio,Modified Wet 55-60%,Truck,90.0,90.0,90.0,$ Per Ton
2026-03-09,Distillers Grain,Ohio,Dried 10%,Truck,180.0,170.0,185.0,$ Per Ton
2026-03-09,Distillers Grain,Ohio,Dried 10%,Rail,168.0,168.0,168.0,$ Per Ton
2026-03-09,Distillers Grain,South Dakota,Wet 65-70%,Truck,61.33,54.0,65.0,$ Per Ton
2026-03-09,Distillers Grain,South Dakota,Modified Wet 55-60%,Truck,82.67,80.0,84.0,$ Per Ton
2026-03-09,Distillers Grain,South Dakota,Dried 10%,Truck,170.75,165.0,178.0,$ Per Ton
2026-03-09,Distillers Grain,Wisconsin,Modified Wet 55-60%,Truck,72.0,72.0,72.0,$ Per Ton
2026-03-09,Distillers Grain,Wisconsin,Dried 10%,Truck,155.5,151.0,160.0,$ Per Ton
2026-03-09,Distillers Grain,,Dried 10%,Ocean Vessel,219.5,215.0,225.0,$ Per Ton
2026-03-09,Distillers Grain,,Dried 10%,Rail/Barge,170.0,170.0,170.0,$ Per Ton
2026-03-09,Distillers Grain,,Dried 10%,Rail,235.0,235.0,235.0,$ Per Ton
2026-03-09,Ethanol,Illinois,,Truck,1.88,1.88,1.88,$ Per Gallon
2026-03-09,Ethanol,Illinois,,Rail,1.87,1.87,1.87,$ Per Gallon
2026-03-09,Ethanol,Indiana,,Rail,1.83,1.83,1.83,$ Per Gallon
2026-03-09,Ethanol,Iowa,,Truck,1.605,1.6,1.61,$ Per Gallon
2026-03-09,Ethanol,Kansas,,Truck,1.6867,1.61,1.79,$ Per Gallon
2026-03-09,Ethanol,Nebraska,,Truck,1.61,1.61,1.61,$ Per Gallon
2026-03-16,Distillers Corn Oil,Illinois,,Truck,71.5,69.0,74.0,Cents Per Lb
2026-03-16,Distillers Corn Oil,Indiana,,Truck,71.0,70.0,72.0,Cents Per Lb
2026-03-16,Distillers Corn Oil,Iowa,,Truck,69.0,69.0,69.0,Cents Per Lb
2026-03-16,Distillers Corn Oil,Kansas,,Truck,60.0,60.0,60.0,Cents Per Lb
2026-03-16,Distillers Corn Oil,Michigan,,Truck,69.0,64.0,72.0,Cents Per Lb
2026-03-16,Distillers Corn Oil,Minnesota,,Truck,70.4,69.0,72.0,Cents Per Lb
2026-03-16,Distillers Corn Oil,Missouri,,Truck,71.0,70.0,72.0,Cents Per Lb
2026-03-16,Distillers Corn Oil,Nebraska,,Truck,70.0,65.0,75.0,Cents Per Lb
2026-03-16,Distillers Corn Oil,Ohio,,Truck,70.67,70.0,72.0,Cents Per Lb
2026-03-16,Distillers Corn Oil,South Dakota,,Truck,70.0,68.0,72.0,Cents Per Lb
2026-03-16,Distillers Corn Oil,Wisconsin,,Truck,70.0,70.0,70.0,Cents Per Lb
2026-03-16,Distillers Grain,Illinois,Dried 10%,Truck,195.0,180.0,210.0,$ Per Ton
2026-03-16,Distillers Grain,Indiana,Dried 10%,Truck,180.25,169.0,195.0,$ Per Ton
2026-03-16,Distillers Grain,Indiana,Dried 10%,Rail,165.0,165.0,165.0,$ Per Ton
2026-03-16,Distillers Grain,Indiana,Modified Wet 55-60%,Truck,90.0,90.0,90.0,$ Per Ton
2026-03-16,Distillers Grain,Iowa,Dried 10%,Rail,142.0,142.0,142.0,$ Per Ton
2026-03-16,Distillers Grain,Iowa,Dried 10%,Truck,159.5,140.0,180.0,$ Per Ton
2026-03-16,Distillers Grain,Iowa,Wet 65-70%,Truck,55.0,40.0,70.0,$ Per Ton
2026-03-16,Distillers Grain,Iowa,Modified Wet 55-60%,Truck,61.0,55.0,68.0,$ Per Ton
2026-03-16,Distillers Grain,Kansas,Wet 65-70%,Truck,47.33,35.0,57.0,$ Per Ton
2026-03-16,Distillers Grain,Kansas,Dried 10%,Truck,175.0,175.0,175.0,$ Per Ton
2026-03-16,Distillers Grain,Michigan,Dried 10%,Rail,162.0,162.0,162.0,$ Per Ton
2026-03-16,Distillers Grain,Michigan,Dried 10%,Truck,174.5,168.0,185.0,$ Per Ton
2026-03-16,Distillers Grain,Michigan,Modified Wet 55-60%,Truck,90.0,90.0,90.0,$ Per Ton
2026-03-16,Distillers Grain,Minnesota,Modified Wet 55-60%,Truck,55.0,55.0,55.0,$ Per Ton
2026-03-16,Distillers Grain,Minnesota,Wet 65-70%,Truck,55.0,55.0,55.0,$ Per Ton
2026-03-16,Distillers Grain,Minnesota,Dried 10%,Truck,163.25,158.0,170.0,$ Per Ton
2026-03-16,Distillers Grain,Missouri,Dried 10%,Truck,187.0,175.0,199.0,$ Per Ton
2026-03-16,Distillers Grain,Missouri,Wet 65-70%,Truck,65.0,65.0,65.0,$ Per Ton
2026-03-16,Distillers Grain,Nebraska,Wet 65-70%,Truck,48.0,35.0,64.0,$ Per Ton
2026-03-16,Distillers Grain,Nebraska,Modified Wet 55-60%,Truck,71.75,62.0,88.0,$ Per Ton
2026-03-16,Distillers Grain,Nebraska,Dried 10%,Truck,172.86,160.0,190.0,$ Per Ton
2026-03-16,Distillers Grain,Ohio,Modified Wet 55-60%,Truck,90.0,90.0,90.0,$ Per Ton
2026-03-16,Distillers Grain,Ohio,Dried 10%,Truck,175.75,168.0,185.0,$ Per Ton
2026-03-16,Distillers Grain,Ohio,Dried 10%,Rail,168.0,168.0,168.0,$ Per Ton
2026-03-16,Distillers Grain,South Dakota,Wet 65-70%,Truck,59.0,54.0,64.0,$ Per Ton
2026-03-16,Distillers Grain,South Dakota,Modified Wet 55-60%,Truck,82.0,80.0,84.0,$ Per Ton
2026-03-16,Distillers Grain,South Dakota,Dried 10%,Truck,168.33,165.0,170.0,$ Per Ton
2026-03-16,Distillers Grain,Wisconsin,Modified Wet 55-60%,Truck,74.0,74.0,74.0,$ Per Ton
2026-03-16,Distillers Grain,Wisconsin,Dried 10%,Truck,159.0,158.0,160.0,$ Per Ton
2026-03-16,Distillers Grain,,Dried 10%,Ocean Vessel,219.5,215.0,225.0,$ Per Ton
2026-03-16,Distillers Grain,,Dried 10%,Rail/Barge,170.0,170.0,170.0,$ Per Ton
2026-03-16,Distillers Grain,,Dried 10%,Rail,240.0,240.0,240.0,$ Per Ton
2026-03-16,Ethanol,Illinois,,Truck,1.87,1.87,1.87,$ Per Gallon
2026-03-16,Ethanol,Illinois,,Rail,1.87,1.87,1.87,$ Per Gallon
2026-03-16,Ethanol,Indiana,,Rail,1.83,1.83,1.83,$ Per Gallon
2026-03-16,Ethanol,Iowa,,Truck,1.605,1.6,1.61,$ Per Gallon
2026-03-16,Ethanol,Kansas,,Truck,1.69,1.61,1.8,$ Per Gallon
2026-03-16,Ethanol,Nebraska,,Truck,1.61,1.61,1.61,$ Per Gallon
2026-03-23,Distillers Corn Oil,Illinois,,Truck,73.5,71.0,76.0,Cents Per Lb
2026-03-23,Distillers Corn Oil,Indiana,,Truck,71.0,70.0,72.0,Cents Per Lb
2026-03-23,Distillers Corn Oil,Iowa,,Truck,71.0,71.0,71.0,Cents Per Lb
2026-03-23,Distillers Corn Oil,Kansas,,Truck,60.0,60.0,60.0,Cents Per Lb
2026-03-23,Distillers Corn Oil,Michigan,,Truck,70.75,70.0,72.0,Cents Per Lb
2026-03-23,Distillers Corn Oil,Minnesota,,Truck,70.8,70.0,72.0,Cents Per Lb
2026-03-23,Distillers Corn Oil,Missouri,,Truck,71.0,70.0,72.0,Cents Per Lb
2026-03-23,Distillers Corn Oil,Nebraska,,Truck,70.63,65.0,75.0,Cents Per Lb
2026-03-23,Distillers Corn Oil,Ohio,,Truck,70.67,70.0,72.0,Cents Per Lb
2026-03-23,Distillers Corn Oil,South Dakota,,Truck,70.5,68.0,72.0,Cents Per Lb
2026-03-23,Distillers Corn Oil,Wisconsin,,Truck,73.0,73.0,73.0,Cents Per Lb
2026-03-23,Distillers Grain,Illinois,Dried 10%,Truck,202.0,188.0,216.0,$ Per Ton
2026-03-23,Distillers Grain,Indiana,Modified Wet 55-60%,Truck,90.0,90.0,90.0,$ Per Ton
2026-03-23,Distillers Grain,Indiana,Dried 10%,Truck,177.25,169.0,195.0,$ Per Ton
2026-03-23,Distillers Grain,Indiana,Dried 10%,Rail,165.0,165.0,165.0,$ Per Ton
2026-03-23,Distillers Grain,Iowa,Dried 10%,Rail,142.0,142.0,142.0,$ Per Ton
2026-03-23,Distillers Grain,Iowa,Dried 10%,Truck,163.88,145.0,200.0,$ Per Ton
2026-03-23,Distillers Grain,Iowa,Modified Wet 55-60%,Truck,62.67,60.0,68.0,$ Per Ton
2026-03-23,Distillers Grain,Iowa,Wet 65-70%,Truck,57.5,40.0,75.0,$ Per Ton
2026-03-23,Distillers Grain,Kansas,Dried 10%,Truck,180.0,175.0,185.0,$ Per Ton
2026-03-23,Distillers Grain,Kansas,Wet 65-70%,Truck,50.67,45.0,57.0,$ Per Ton
2026-03-23,Distillers Grain,Michigan,Modified Wet 55-60%,Truck,90.0,90.0,90.0,$ Per Ton
2026-03-23,Distillers Grain,Michigan,Dried 10%,Truck,177.0,168.0,195.0,$ Per Ton
2026-03-23,Distillers Grain,Michigan,Dried 10%,Rail,162.0,162.0,162.0,$ Per Ton
2026-03-23,Distillers Grain,Minnesota,Wet 65-70%,Truck,55.0,55.0,55.0,$ Per Ton
2026-03-23,Distillers Grain,Minnesota,Modified Wet 55-60%,Truck,60.0,60.0,60.0,$ Per Ton
2026-03-23,Distillers Grain,Minnesota,Dried 10%,Truck,163.0,157.0,170.0,$ Per Ton
2026-03-23,Distillers Grain,Missouri,Wet 65-70%,Truck,68.0,68.0,68.0,$ Per Ton
2026-03-23,Distillers Grain,Missouri,Dried 10%,Truck,187.0,175.0,199.0,$ Per Ton
2026-03-23,Distillers Grain,Nebraska,Wet 65-70%,Truck,49.67,40.0,64.0,$ Per Ton
2026-03-23,Distillers Grain,Nebraska,Modified Wet 55-60%,Truck,73.0,62.0,88.0,$ Per Ton
2026-03-23,Distillers Grain,Nebraska,Dried 10%,Truck,177.14,165.0,190.0,$ Per Ton
2026-03-23,Distillers Grain,Ohio,Modified Wet 55-60%,Truck,90.0,90.0,90.0,$ Per Ton
2026-03-23,Distillers Grain,Ohio,Dried 10%,Truck,183.75,170.0,195.0,$ Per Ton
2026-03-23,Distillers Grain,Ohio,Dried 10%,Rail,168.0,168.0,168.0,$ Per Ton
2026-03-23,Distillers Grain,South Dakota,Wet 65-70%,Truck,55.5,54.0,57.0,$ Per Ton
2026-03-23,Distillers Grain,South Dakota,Modified Wet 55-60%,Truck,79.0,78.0,80.0,$ Per Ton
2026-03-23,Distillers Grain,South Dakota,Dried 10%,Truck,173.33,165.0,180.0,$ Per Ton
2026-03-23,Distillers Grain,Wisconsin,Modified Wet 55-60%,Truck,75.0,75.0,75.0,$ Per Ton
2026-03-23,Distillers Grain,Wisconsin,Dried 10%,Truck,161.0,160.0,162.0,$ Per Ton
2026-03-23,Distillers Grain,,Dried 10%,Rail,240.0,240.0,240.0,$ Per Ton
2026-03-23,Distillers Grain,,Dried 10%,Ocean Vessel,229.75,215.0,239.0,$ Per Ton
2026-03-23,Distillers Grain,,Dried 10%,Rail/Barge,170.0,170.0,170.0,$ Per Ton
2026-03-23,Ethanol,Illinois,,Rail,1.99,1.98,2.0,$ Per Gallon
2026-03-23,Ethanol,Illinois,,Truck,1.96,1.96,1.96,$ Per Gallon
2026-03-23,Ethanol,Indiana,,Rail,1.985,1.97,2.0,$ Per Gallon
2026-03-23,Ethanol,Iowa,,Truck,1.755,1.61,1.9,$ Per Gallon
2026-03-23,Ethanol,Kansas,,Truck,1.8533,1.78,1.91,$ Per Gallon
2026-03-23,Ethanol,Nebraska,,Truck,1.61,1.61,1.61,$ Per Gallon
2026-03-30,Distillers Corn Oil,Illinois,,Truck,74.25,71.0,77.5,Cents Per Lb
2026-03-30,Distillers Corn Oil,Indiana,,Truck,71.0,70.0,72.0,Cents Per Lb
2026-03-30,Distillers Corn Oil,Iowa,,Truck,71.0,71.0,71.0,Cents Per Lb
2026-03-30,Distillers Corn Oil,Kansas,,Truck,68.0,68.0,68.0,Cents Per Lb
2026-03-30,Distillers Corn Oil,Michigan,,Truck,71.5,70.0,73.0,Cents Per Lb
2026-03-30,Distillers Corn Oil,Minnesota,,Truck,70.8,70.0,72.0,Cents Per Lb
2026-03-30,Distillers Corn Oil,Missouri,,Truck,71.0,70.0,72.0,Cents Per Lb
2026-03-30,Distillers Corn Oil,Nebraska,,Truck,71.0,65.0,77.0,Cents Per Lb
2026-03-30,Distillers Corn Oil,Ohio,,Truck,70.67,70.0,72.0,Cents Per Lb
2026-03-30,Distillers Corn Oil,South Dakota,,Truck,71.0,68.0,75.0,Cents Per Lb
2026-03-30,Distillers Corn Oil,Wisconsin,,Truck,75.0,75.0,75.0,Cents Per Lb
2026-03-30,Distillers Grain,Illinois,Dried 10%,Truck,201.5,188.0,215.0,$ Per Ton
2026-03-30,Distillers Grain,Indiana,Dried 10%,Truck,177.25,169.0,195.0,$ Per Ton
2026-03-30,Distillers Grain,Indiana,Modified Wet 55-60%,Truck,90.0,90.0,90.0,$ Per Ton
2026-03-30,Distillers Grain,Indiana,Dried 10%,Rail,165.0,165.0,165.0,$ Per Ton
2026-03-30,Distillers Grain,Iowa,Dried 10%,Rail,142.0,142.0,142.0,$ Per Ton
2026-03-30,Distillers Grain,Iowa,Dried 10%,Truck,163.88,145.0,200.0,$ Per Ton
2026-03-30,Distillers Grain,Iowa,Wet 65-70%,Truck,57.5,40.0,75.0,$ Per Ton
2026-03-30,Distillers Grain,Iowa,Modified Wet 55-60%,Truck,62.67,60.0,68.0,$ Per Ton
2026-03-30,Distillers Grain,Kansas,Wet 65-70%,Truck,50.67,45.0,57.0,$ Per Ton
2026-03-30,Distillers Grain,Kansas,Dried 10%,Truck,180.0,175.0,185.0,$ Per Ton
2026-03-30,Distillers Grain,Michigan,Dried 10%,Rail,162.0,162.0,162.0,$ Per Ton
2026-03-30,Distillers Grain,Michigan,Dried 10%,Truck,177.0,168.0,195.0,$ Per Ton
2026-03-30,Distillers Grain,Michigan,Modified Wet 55-60%,Truck,90.0,90.0,90.0,$ Per Ton
2026-03-30,Distillers Grain,Minnesota,Modified Wet 55-60%,Truck,60.0,60.0,60.0,$ Per Ton
2026-03-30,Distillers Grain,Minnesota,Wet 65-70%,Truck,55.0,55.0,55.0,$ Per Ton
2026-03-30,Distillers Grain,Minnesota,Dried 10%,Truck,164.25,157.0,170.0,$ Per Ton
2026-03-30,Distillers Grain,Missouri,Dried 10%,Truck,187.0,175.0,199.0,$ Per Ton
2026-03-30,Distillers Grain,Missouri,Wet 65-70%,Truck,69.0,69.0,69.0,$ Per Ton
2026-03-30,Distillers Grain,Nebraska,Wet 65-70%,Truck,57.5,55.0,64.0,$ Per Ton
2026-03-30,Distillers Grain,Nebraska,Modified Wet 55-60%,Truck,73.0,62.0,88.0,$ Per Ton
2026-03-30,Distillers Grain,Nebraska,Dried 10%,Truck,179.29,165.0,190.0,$ Per Ton
2026-03-30,Distillers Grain,Ohio,Modified Wet 55-60%,Truck,90.0,90.0,90.0,$ Per Ton
2026-03-30,Distillers Grain,Ohio,Dried 10%,Truck,183.75,170.0,195.0,$ Per Ton
2026-03-30,Distillers Grain,Ohio,Dried 10%,Rail,168.0,168.0,168.0,$ Per Ton
2026-03-30,Distillers Grain,South Dakota,Wet 65-70%,Truck,55.5,54.0,57.0,$ Per Ton
2026-03-30,Distillers Grain,South Dakota,Modified Wet 55-60%,Truck,79.0,78.0,80.0,$ Per Ton
2026-03-30,Distillers Grain,South Dakota,Dried 10%,Truck,172.67,165.0,180.0,$ Per Ton
2026-03-30,Distillers Grain,Wisconsin,Dried 10%,Truck,162.0,162.0,162.0,$ Per Ton
2026-03-30,Distillers Grain,Wisconsin,Modified Wet 55-60%,Truck,75.0,75.0,75.0,$ Per Ton
2026-03-30,Distillers Grain,,Dried 10%,Rail,240.0,240.0,240.0,$ Per Ton
2026-03-30,Distillers Grain,,Dried 10%,Ocean Vessel,228.25,215.0,235.0,$ Per Ton
2026-03-30,Distillers Grain,,Dried 10%,Rail/Barge,170.0,170.0,170.0,$ Per Ton
2026-03-30,Ethanol,Illinois,,Truck,2.04,2.04,2.04,$ Per Gallon
2026-03-30,Ethanol,Illinois,,Rail,1.99,1.98,2.0,$ Per Gallon
2026-03-30,Ethanol,Indiana,,Rail,1.975,1.97,1.98,$ Per Gallon
2026-03-30,Ethanol,Iowa,,Truck,1.74,1.61,1.87,$ Per Gallon
2026-03-30,Ethanol,Kansas,,Truck,1.8533,1.78,1.91,$ Per Gallon
2026-03-30,Ethanol,Nebraska,,Truck,1.61,1.61,1.61,$ Per Gallon
2026-04-06,Distillers Corn Oil,Illinois,,Truck,76.0,74.0,78.0,Cents Per Lb
2026-04-06,Distillers Corn Oil,Indiana,,Truck,71.0,70.0,72.0,Cents Per Lb
2026-04-06,Distillers Corn Oil,Iowa,,Truck,71.95,67.5,78.0,Cents Per Lb
2026-04-06,Distillers Corn Oil,Kansas,,Truck,68.0,68.0,68.0,Cents Per Lb
2026-04-06,Distillers Corn Oil,Michigan,,Truck,72.0,70.0,74.0,Cents Per Lb
2026-04-06,Distillers Corn Oil,Minnesota,,Truck,71.4,70.0,74.0,Cents Per Lb
2026-04-06,Distillers Corn Oil,Missouri,,Truck,71.0,70.0,72.0,Cents Per Lb
2026-04-06,Distillers Corn Oil,Nebraska,,Truck,71.25,67.0,77.0,Cents Per Lb
2026-04-06,Distillers Corn Oil,Ohio,,Truck,70.67,70.0,72.0,Cents Per Lb
2026-04-06,Distillers Corn Oil,South Dakota,,Truck,72.0,70.0,75.0,Cents Per Lb
2026-04-06,Distillers Corn Oil,Wisconsin,,Truck,75.0,75.0,75.0,Cents Per Lb
2026-04-06,Distillers Grain,Illinois,Dried 10%,Truck,199.0,193.0,205.0,$ Per Ton
2026-04-06,Distillers Grain,Indiana,Dried 10%,Rail,165.0,165.0,165.0,$ Per Ton
2026-04-06,Distillers Grain,Indiana,Modified Wet 55-60%,Truck,90.0,90.0,90.0,$ Per Ton
2026-04-06,Distillers Grain,Indiana,Dried 10%,Truck,178.0,169.0,195.0,$ Per Ton
2026-04-06,Distillers Grain,Iowa,Dried 10%,Rail,142.0,142.0,142.0,$ Per Ton
2026-04-06,Distillers Grain,Iowa,Dried 10%,Truck,165.89,145.0,200.0,$ Per Ton
2026-04-06,Distillers Grain,Iowa,Modified Wet 55-60%,Truck,69.5,60.0,85.0,$ Per Ton
2026-04-06,Distillers Grain,Iowa,Wet 65-70%,Truck,57.5,40.0,75.0,$ Per Ton
2026-04-06,Distillers Grain,Kansas,Wet 65-70%,Truck,59.0,57.0,60.0,$ Per Ton
2026-04-06,Distillers Grain,Kansas,Dried 10%,Truck,192.5,185.0,200.0,$ Per Ton
2026-04-06,Distillers Grain,Michigan,Dried 10%,Truck,177.5,168.0,195.0,$ Per Ton
2026-04-06,Distillers Grain,Michigan,Modified Wet 55-60%,Truck,90.0,90.0,90.0,$ Per Ton
2026-04-06,Distillers Grain,Michigan,Dried 10%,Rail,162.0,162.0,162.0,$ Per Ton
2026-04-06,Distillers Grain,Minnesota,Dried 10%,Truck,166.25,160.0,170.0,$ Per Ton
2026-04-06,Distillers Grain,Minnesota,Modified Wet 55-60%,Truck,65.0,65.0,65.0,$ Per Ton
2026-04-06,Distillers Grain,Minnesota,Wet 65-70%,Truck,55.0,55.0,55.0,$ Per Ton
2026-04-06,Distillers Grain,Missouri,Dried 10%,Truck,187.0,175.0,199.0,$ Per Ton
2026-04-06,Distillers Grain,Missouri,Wet 65-70%,Truck,69.0,69.0,69.0,$ Per Ton
2026-04-06,Distillers Grain,Nebraska,Wet 65-70%,Truck,57.5,55.0,64.0,$ Per Ton
2026-04-06,Distillers Grain,Nebraska,Modified Wet 55-60%,Truck,72.33,68.0,75.0,$ Per Ton
2026-04-06,Distillers Grain,Nebraska,Dried 10%,Truck,182.5,170.0,195.0,$ Per Ton
2026-04-06,Distillers Grain,Ohio,Modified Wet 55-60%,Truck,90.0,90.0,90.0,$ Per Ton
2026-04-06,Distillers Grain,Ohio,Dried 10%,Truck,183.75,170.0,195.0,$ Per Ton
2026-04-06,Distillers Grain,Ohio,Dried 10%,Rail,168.0,168.0,168.0,$ Per Ton
2026-04-06,Distillers Grain,South Dakota,Wet 65-70%,Truck,55.5,54.0,57.0,$ Per Ton
2026-04-06,Distillers Grain,South Dakota,Modified Wet 55-60%,Truck,77.5,77.0,78.0,$ Per Ton
2026-04-06,Distillers Grain,South Dakota,Dried 10%,Truck,168.33,165.0,175.0,$ Per Ton
2026-04-06,Distillers Grain,Wisconsin,Modified Wet 55-60%,Truck,75.0,75.0,75.0,$ Per Ton
2026-04-06,Distillers Grain,Wisconsin,Dried 10%,Truck,161.0,160.0,162.0,$ Per Ton
2026-04-06,Distillers Grain,,Dried 10%,Ocean Vessel,237.0,225.0,249.0,$ Per Ton
2026-04-06,Distillers Grain,,Dried 10%,Rail/Barge,170.0,170.0,170.0,$ Per Ton
2026-04-06,Distillers Grain,,Dried 10%,Rail,245.0,245.0,245.0,$ Per Ton
2026-04-06,Ethanol,Illinois,,Rail,2.0,1.99,2.01,$ Per Gallon
2026-04-06,Ethanol,Illinois,,Truck,2.04,2.04,2.04,$ Per Gallon
2026-04-06,Ethanol,Indiana,,Rail,2.0,1.99,2.01,$ Per Gallon
2026-04-06,Ethanol,Iowa,,Truck,1.935,1.87,2.0,$ Per Gallon
2026-04-06,Ethanol,Kansas,,Truck,1.84,1.78,1.87,$ Per Gallon
2026-04-13,Distillers Corn Oil,Illinois,,Truck,78.0,75.0,81.0,Cents Per Lb
2026-04-13,Distillers Corn Oil,Indiana,,Truck,76.5,76.0,77.0,Cents Per Lb
2026-04-13,Distillers Corn Oil,Iowa,,Truck,74.7,67.0,78.0,Cents Per Lb
2026-04-13,Distillers Corn Oil,Kansas,,Truck,68.0,68.0,68.0,Cents Per Lb
2026-04-13,Distillers Corn Oil,Michigan,,Truck,74.75,71.0,77.0,Cents Per Lb
2026-04-13,Distillers Corn Oil,Minnesota,,Truck,76.2,75.0,78.0,Cents Per Lb
2026-04-13,Distillers Corn Oil,Missouri,,Truck,76.5,76.0,77.0,Cents Per Lb
2026-04-13,Distillers Corn Oil,Nebraska,,Truck,74.71,67.0,78.0,Cents Per Lb
2026-04-13,Distillers Corn Oil,Ohio,,Truck,76.0,75.0,77.0,Cents Per Lb
2026-04-13,Distillers Corn Oil,South Dakota,,Truck,76.25,75.0,78.0,Cents Per Lb
2026-04-13,Distillers Corn Oil,Wisconsin,,Truck,76.0,76.0,76.0,Cents Per Lb
2026-04-13,Distillers Grain,Illinois,Dried 10%,Truck,202.5,195.0,210.0,$ Per Ton
2026-04-13,Distillers Grain,Indiana,Modified Wet 55-60%,Truck,90.0,90.0,90.0,$ Per Ton
2026-04-13,Distillers Grain,Indiana,Dried 10%,Rail,165.0,165.0,165.0,$ Per Ton
2026-04-13,Distillers Grain,Indiana,Dried 10%,Truck,179.75,169.0,195.0,$ Per Ton
2026-04-13,Distillers Grain,Iowa,Dried 10%,Rail,142.0,142.0,142.0,$ Per Ton
2026-04-13,Distillers Grain,Iowa,Dried 10%,Truck,166.5,163.0,170.0,$ Per Ton
2026-04-13,Distillers Grain,Iowa,Modified Wet 55-60%,Truck,69.5,60.0,85.0,$ Per Ton
2026-04-13,Distillers Grain,Iowa,Wet 65-70%,Truck,57.5,40.0,75.0,$ Per Ton
2026-04-13,Distillers Grain,Kansas,Wet 65-70%,Truck,59.0,57.0,60.0,$ Per Ton
2026-04-13,Distillers Grain,Kansas,Dried 10%,Truck,192.5,185.0,200.0,$ Per Ton
2026-04-13,Distillers Grain,Michigan,Modified Wet 55-60%,Truck,90.0,90.0,90.0,$ Per Ton
2026-04-13,Distillers Grain,Michigan,Dried 10%,Truck,177.5,168.0,195.0,$ Per Ton
2026-04-13,Distillers Grain,Michigan,Dried 10%,Rail,162.0,162.0,162.0,$ Per Ton
2026-04-13,Distillers Grain,Minnesota,Wet 65-70%,Truck,55.0,55.0,55.0,$ Per Ton
2026-04-13,Distillers Grain,Minnesota,Modified Wet 55-60%,Truck,70.0,70.0,70.0,$ Per Ton
2026-04-13,Distillers Grain,Minnesota,Dried 10%,Truck,166.25,160.0,170.0,$ Per Ton
2026-04-13,Distillers Grain,Missouri,Wet 65-70%,Truck,69.0,69.0,69.0,$ Per Ton
2026-04-13,Distillers Grain,Missouri,Dried 10%,Truck,187.0,175.0,199.0,$ Per Ton
2026-04-13,Distillers Grain,Nebraska,Wet 65-70%,Truck,57.5,55.0,64.0,$ Per Ton
2026-04-13,Distillers Grain,Nebraska,Modified Wet 55-60%,Truck,78.5,70.0,95.0,$ Per Ton
2026-04-13,Distillers Grain,Nebraska,Dried 10%,Truck,185.83,170.0,210.0,$ Per Ton
2026-04-13,Distillers Grain,Ohio,Modified Wet 55-60%,Truck,90.0,90.0,90.0,$ Per Ton
2026-04-13,Distillers Grain,Ohio,Dried 10%,Truck,186.25,170.0,200.0,$ Per Ton
2026-04-13,Distillers Grain,Ohio,Dried 10%,Rail,168.0,168.0,168.0,$ Per Ton
2026-04-13,Distillers Grain,South Dakota,Wet 65-70%,Truck,55.5,54.0,57.0,$ Per Ton
2026-04-13,Distillers Grain,South Dakota,Modified Wet 55-60%,Truck,81.5,78.0,85.0,$ Per Ton
2026-04-13,Distillers Grain,South Dakota,Dried 10%,Truck,173.33,165.0,180.0,$ Per Ton
2026-04-13,Distillers Grain,Wisconsin,Modified Wet 55-60%,Truck,75.0,75.0,75.0,$ Per Ton
2026-04-13,Distillers Grain,Wisconsin,Dried 10%,Truck,161.0,160.0,162.0,$ Per Ton
2026-04-13,Distillers Grain,,Dried 10%,Rail,240.0,240.0,240.0,$ Per Ton
2026-04-13,Distillers Grain,,Dried 10%,Rail/Barge,170.0,170.0,170.0,$ Per Ton
2026-04-13,Distillers Grain,,Dried 10%,Ocean Vessel,240.0,225.0,255.0,$ Per Ton
2026-04-13,Ethanol,Illinois,,Truck,1.92,1.92,1.92,$ Per Gallon
2026-04-13,Ethanol,Illinois,,Rail,1.925,1.925,1.925,$ Per Gallon
2026-04-13,Ethanol,Indiana,,Rail,1.925,1.925,1.925,$ Per Gallon
2026-04-13,Ethanol,Iowa,,Truck,1.885,1.77,2.0,$ Per Gallon
2026-04-13,Ethanol,Kansas,,Truck,1.84,1.81,1.88,$ Per Gallon
2026-04-20,Distillers Corn Oil,Illinois,,Truck,78.5,75.0,82.0,Cents Per Lb
2026-04-20,Distillers Corn Oil,Indiana,,Truck,81.5,81.0,82.0,Cents Per Lb
2026-04-20,Distillers Corn Oil,Iowa,,Truck,76.9,67.0,82.0,Cents Per Lb
2026-04-20,Distillers Corn Oil,Kansas,,Truck,68.0,68.0,68.0,Cents Per Lb
2026-04-20,Distillers Corn Oil,Michigan,,Truck,79.0,75.0,82.0,Cents Per Lb
2026-04-20,Distillers Corn Oil,Minnesota,,Truck,78.2,75.0,82.0,Cents Per Lb
2026-04-20,Distillers Corn Oil,Missouri,,Truck,81.5,81.0,82.0,Cents Per Lb
2026-04-20,Distillers Corn Oil,Nebraska,,Truck,77.67,67.0,83.0,Cents Per Lb
2026-04-20,Distillers Corn Oil,Ohio,,Truck,79.33,75.0,82.0,Cents Per Lb
2026-04-20,Distillers Corn Oil,South Dakota,,Truck,79.14,75.0,84.0,Cents Per Lb
2026-04-20,Distillers Corn Oil,Wisconsin,,Truck,76.0,76.0,76.0,Cents Per Lb
2026-04-20,Distillers Grain,Illinois,Dried 10%,Truck,204.5,195.0,214.0,$ Per Ton
2026-04-20,Distillers Grain,Indiana,Modified Wet 55-60%,Truck,90.0,90.0,90.0,$ Per Ton
2026-04-20,Distillers Grain,Indiana,Dried 10%,Rail,174.0,174.0,174.0,$ Per Ton
2026-04-20,Distillers Grain,Indiana,Dried 10%,Truck,183.0,173.0,195.0,$ Per Ton
2026-04-20,Distillers Grain,Iowa,Wet 65-70%,Truck,57.5,40.0,75.0,$ Per Ton
2026-04-20,Distillers Grain,Iowa,Dried 10%,Rail,150.0,150.0,150.0,$ Per Ton
2026-04-20,Distillers Grain,Iowa,Modified Wet 55-60%,Truck,65.0,55.0,75.0,$ Per Ton
2026-04-20,Distillers Grain,Iowa,Dried 10%,Truck,166.5,163.0,170.0,$ Per Ton
2026-04-20,Distillers Grain,Kansas,Wet 65-70%,Truck,59.67,57.0,62.0,$ Per Ton
2026-04-20,Distillers Grain,Kansas,Dried 10%,Truck,185.0,185.0,185.0,$ Per Ton
2026-04-20,Distillers Grain,Michigan,Dried 10%,Rail,167.0,167.0,167.0,$ Per Ton
2026-04-20,Distillers Grain,Michigan,Modified Wet 55-60%,Truck,90.0,90.0,90.0,$ Per Ton
2026-04-20,Distillers Grain,Michigan,Dried 10%,Truck,179.0,173.0,195.0,$ Per Ton
2026-04-20,Distillers Grain,Minnesota,Wet 65-70%,Truck,55.0,55.0,55.0,$ Per Ton
2026-04-20,Distillers Grain,Minnesota,Dried 10%,Truck,170.0,165.0,180.0,$ Per Ton
2026-04-20,Distillers Grain,Minnesota,Modified Wet 55-60%,Truck,70.0,70.0,70.0,$ Per Ton
2026-04-20,Distillers Grain,Missouri,Wet 65-70%,Truck,69.0,69.0,69.0,$ Per Ton
2026-04-20,Distillers Grain,Missouri,Dried 10%,Truck,197.0,195.0,199.0,$ Per Ton
2026-04-20,Distillers Grain,Nebraska,Dried 10%,Truck,191.71,170.0,210.0,$ Per Ton
2026-04-20,Distillers Grain,Nebraska,Modified Wet 55-60%,Truck,83.0,74.0,95.0,$ Per Ton
2026-04-20,Distillers Grain,Nebraska,Wet 65-70%,Truck,67.5,65.0,70.0,$ Per Ton
2026-04-20,Distillers Grain,Ohio,Dried 10%,Truck,191.5,176.0,210.0,$ Per Ton
2026-04-20,Distillers Grain,Ohio,Dried 10%,Rail,175.0,175.0,175.0,$ Per Ton
2026-04-20,Distillers Grain,Ohio,Modified Wet 55-60%,Truck,90.0,90.0,90.0,$ Per Ton
2026-04-20,Distillers Grain,South Dakota,Dried 10%,Truck,178.33,170.0,185.0,$ Per Ton
2026-04-20,Distillers Grain,South Dakota,Modified Wet 55-60%,Truck,81.5,78.0,85.0,$ Per Ton
2026-04-20,Distillers Grain,South Dakota,Wet 65-70%,Truck,60.5,54.0,67.0,$ Per Ton
2026-04-20,Distillers Grain,Wisconsin,Dried 10%,Truck,161.0,160.0,162.0,$ Per Ton
2026-04-20,Distillers Grain,Wisconsin,Modified Wet 55-60%,Truck,75.0,75.0,75.0,$ Per Ton
2026-04-20,Distillers Grain,,Dried 10%,Rail/Barge,170.0,170.0,170.0,$ Per Ton
2026-04-20,Distillers Grain,,Dried 10%,Rail,245.0,245.0,245.0,$ Per Ton
2026-04-20,Distillers Grain,,Dried 10%,Ocean Vessel,240.0,225.0,255.0,$ Per Ton
2026-04-20,Ethanol,Illinois,,Truck,1.88,1.88,1.88,$ Per Gallon
2026-04-20,Ethanol,Illinois,,Rail,1.925,1.925,1.925,$ Per Gallon
2026-04-20,Ethanol,Indiana,,Rail,1.925,1.925,1.925,$ Per Gallon
2026-04-20,Ethanol,Iowa,,Truck,1.885,1.77,2.0,$ Per Gallon
2026-04-20,Ethanol,Kansas,,Truck,1.8367,1.8,1.88,$ Per Gallon
2026-04-27,Distillers Corn Oil,Illinois,,Truck,80.0,78.0,82.0,Cents Per Lb
2026-04-27,Distillers Corn Oil,Indiana,,Truck,81.5,81.0,82.0,Cents Per Lb
2026-04-27,Distillers Corn Oil,Iowa,,Truck,78.0,78.0,78.0,Cents Per Lb
2026-04-27,Distillers Corn Oil,Kansas,,Truck,75.0,75.0,75.0,Cents Per Lb
2026-04-27,Distillers Corn Oil,Michigan,,Truck,79.0,75.0,82.0,Cents Per Lb
2026-04-27,Distillers Corn Oil,Minnesota,,Truck,81.2,78.0,85.0,Cents Per Lb
2026-04-27,Distillers Corn Oil,Missouri,,Truck,81.5,81.0,82.0,Cents Per Lb
2026-04-27,Distillers Corn Oil,Nebraska,,Truck,79.67,67.0,85.0,Cents Per Lb
2026-04-27,Distillers Corn Oil,Ohio,,Truck,81.0,80.0,82.0,Cents Per Lb
2026-04-27,Distillers Corn Oil,South Dakota,,Truck,82.0,78.0,85.0,Cents Per Lb
2026-04-27,Distillers Corn Oil,Wisconsin,,Truck,76.0,76.0,76.0,Cents Per Lb
2026-04-27,Distillers Grain,Illinois,Dried 10%,Truck,204.5,195.0,214.0,$ Per Ton
2026-04-27,Distillers Grain,Indiana,Dried 10%,Truck,184.75,174.0,205.0,$ Per Ton
2026-04-27,Distillers Grain,Indiana,Modified Wet 55-60%,Truck,90.0,90.0,90.0,$ Per Ton
2026-04-27,Distillers Grain,Indiana,Dried 10%,Rail,174.0,174.0,174.0,$ Per Ton
2026-04-27,Distillers Grain,Iowa,Dried 10%,Rail,155.0,155.0,155.0,$ Per Ton
2026-04-27,Distillers Grain,Iowa,Dried 10%,Truck,173.8,155.0,190.0,$ Per Ton
2026-04-27,Distillers Grain,Iowa,Wet 65-70%,Truck,57.5,40.0,75.0,$ Per Ton
2026-04-27,Distillers Grain,Iowa,Modified Wet 55-60%,Truck,76.6,55.0,95.0,$ Per Ton
2026-04-27,Distillers Grain,Kansas,Wet 65-70%,Truck,53.33,40.0,63.0,$ Per Ton
2026-04-27,Distillers Grain,Kansas,Dried 10%,Truck,185.0,185.0,185.0,$ Per Ton
2026-04-27,Distillers Grain,Michigan,Dried 10%,Rail,167.0,167.0,167.0,$ Per Ton
2026-04-27,Distillers Grain,Michigan,Dried 10%,Truck,182.0,173.0,205.0,$ Per Ton
2026-04-27,Distillers Grain,Michigan,Modified Wet 55-60%,Truck,90.0,90.0,90.0,$ Per Ton
2026-04-27,Distillers Grain,Minnesota,Modified Wet 55-60%,Truck,70.0,70.0,70.0,$ Per Ton
2026-04-27,Distillers Grain,Minnesota,Wet 65-70%,Truck,55.0,55.0,55.0,$ Per Ton
2026-04-27,Distillers Grain,Minnesota,Dried 10%,Truck,177.5,170.0,190.0,$ Per Ton
2026-04-27,Distillers Grain,Missouri,Dried 10%,Truck,197.0,195.0,199.0,$ Per Ton
2026-04-27,Distillers Grain,Missouri,Wet 65-70%,Truck,69.0,69.0,69.0,$ Per Ton
2026-04-27,Distillers Grain,Nebraska,Wet 65-70%,Truck,65.0,65.0,65.0,$ Per Ton
2026-04-27,Distillers Grain,Nebraska,Modified Wet 55-60%,Truck,81.33,74.0,95.0,$ Per Ton
2026-04-27,Distillers Grain,Nebraska,Dried 10%,Truck,189.57,170.0,200.0,$ Per Ton
2026-04-27,Distillers Grain,Ohio,Modified Wet 55-60%,Truck,90.0,90.0,90.0,$ Per Ton
2026-04-27,Distillers Grain,Ohio,Dried 10%,Truck,191.5,176.0,205.0,$ Per Ton
2026-04-27,Distillers Grain,Ohio,Dried 10%,Rail,175.0,175.0,175.0,$ Per Ton
2026-04-27,Distillers Grain,South Dakota,Wet 65-70%,Truck,55.5,54.0,57.0,$ Per Ton
2026-04-27,Distillers Grain,South Dakota,Modified Wet 55-60%,Truck,84.0,78.0,90.0,$ Per Ton
2026-04-27,Distillers Grain,South Dakota,Dried 10%,Truck,180.33,176.0,185.0,$ Per Ton
2026-04-27,Distillers Grain,Wisconsin,Modified Wet 55-60%,Truck,75.0,75.0,75.0,$ Per Ton
2026-04-27,Distillers Grain,Wisconsin,Dried 10%,Truck,161.0,160.0,162.0,$ Per Ton
2026-04-27,Distillers Grain,,Dried 10%,Ocean Vessel,229.5,215.0,237.0,$ Per Ton
2026-04-27,Distillers Grain,,Dried 10%,Rail/Barge,170.0,170.0,170.0,$ Per Ton
2026-04-27,Distillers Grain,,Dried 10%,Rail,245.0,245.0,245.0,$ Per Ton
2026-04-27,Ethanol,Illinois,,Truck,1.98,1.98,1.98,$ Per Gallon
2026-04-27,Ethanol,Illinois,,Rail,2.03,2.03,2.03,$ Per Gallon
2026-04-27,Ethanol,Indiana,,Rail,2.0,2.0,2.0,$ Per Gallon
2026-04-27,Ethanol,Iowa,,Truck,1.835,1.77,1.9,$ Per Gallon
2026-04-27,Ethanol,Kansas,,Truck,1.8767,1.83,1.92,$ Per Gallon
2026-05-04,Distillers Corn Oil,Illinois,,Truck,82.5,78.0,87.0,Cents Per Lb
2026-05-04,Distillers Corn Oil,Indiana,,Truck,82.5,82.0,83.0,Cents Per Lb
2026-05-04,Distillers Corn Oil,Iowa,,Truck,78.0,78.0,78.0,Cents Per Lb
2026-05-04,Distillers Corn Oil,Kansas,,Truck,75.0,75.0,75.0,Cents Per Lb
2026-05-04,Distillers Corn Oil,Michigan,,Truck,79.5,75.0,83.0,Cents Per Lb
2026-05-04,Distillers Corn Oil,Minnesota,,Truck,82.0,78.0,84.0,Cents Per Lb
2026-05-04,Distillers Corn Oil,Missouri,,Truck,82.5,82.0,83.0,Cents Per Lb
2026-05-04,Distillers Corn Oil,Nebraska,,Truck,83.63,82.0,86.0,Cents Per Lb
2026-05-04,Distillers Corn Oil,Ohio,,Truck,82.67,82.0,83.0,Cents Per Lb
2026-05-04,Distillers Corn Oil,South Dakota,,Truck,82.29,78.0,85.0,Cents Per Lb
2026-05-04,Distillers Corn Oil,Wisconsin,,Truck,83.0,83.0,83.0,Cents Per Lb
2026-05-04,Distillers Grain,Illinois,Dried 10%,Truck,205.0,195.0,215.0,$ Per Ton
2026-05-04,Distillers Grain,Indiana,Modified Wet 55-60%,Truck,90.0,90.0,90.0,$ Per Ton
2026-05-04,Distillers Grain,Indiana,Dried 10%,Truck,185.5,174.0,208.0,$ Per Ton
2026-05-04,Distillers Grain,Indiana,Dried 10%,Rail,174.0,174.0,174.0,$ Per Ton
2026-05-04,Distillers Grain,Iowa,Dried 10%,Rail,155.0,155.0,155.0,$ Per Ton
2026-05-04,Distillers Grain,Iowa,Dried 10%,Truck,172.3,150.0,190.0,$ Per Ton
2026-05-04,Distillers Grain,Iowa,Wet 65-70%,Truck,55.0,40.0,70.0,$ Per Ton
2026-05-04,Distillers Grain,Iowa,Modified Wet 55-60%,Truck,74.6,55.0,95.0,$ Per Ton
2026-05-04,Distillers Grain,Kansas,Wet 65-70%,Truck,53.33,40.0,63.0,$ Per Ton
2026-05-04,Distillers Grain,Kansas,Dried 10%,Truck,185.0,185.0,185.0,$ Per Ton
2026-05-04,Distillers Grain,Michigan,Modified Wet 55-60%,Truck,90.0,90.0,90.0,$ Per Ton
2026-05-04,Distillers Grain,Michigan,Dried 10%,Truck,184.25,173.0,208.0,$ Per Ton
2026-05-04,Distillers Grain,Michigan,Dried 10%,Rail,167.0,167.0,167.0,$ Per Ton
2026-05-04,Distillers Grain,Minnesota,Wet 65-70%,Truck,50.0,50.0,50.0,$ Per Ton
2026-05-04,Distillers Grain,Minnesota,Modified Wet 55-60%,Truck,70.0,70.0,70.0,$ Per Ton
2026-05-04,Distillers Grain,Minnesota,Dried 10%,Truck,177.5,170.0,185.0,$ Per Ton
2026-05-04,Distillers Grain,Missouri,Wet 65-70%,Truck,55.0,55.0,55.0,$ Per Ton
2026-05-04,Distillers Grain,Missouri,Dried 10%,Truck,197.0,195.0,199.0,$ Per Ton
2026-05-04,Distillers Grain,Nebraska,Wet 65-70%,Truck,62.5,55.0,65.0,$ Per Ton
2026-05-04,Distillers Grain,Nebraska,Modified Wet 55-60%,Truck,84.0,75.0,93.0,$ Per Ton
2026-05-04,Distillers Grain,Nebraska,Dried 10%,Truck,185.83,175.0,200.0,$ Per Ton
2026-05-04,Distillers Grain,Ohio,Modified Wet 55-60%,Truck,90.0,90.0,90.0,$ Per Ton
2026-05-04,Distillers Grain,Ohio,Dried 10%,Truck,192.25,176.0,208.0,$ Per Ton
2026-05-04,Distillers Grain,Ohio,Dried 10%,Rail,175.0,175.0,175.0,$ Per Ton
2026-05-04,Distillers Grain,South Dakota,Wet 65-70%,Truck,55.5,54.0,57.0,$ Per Ton
2026-05-04,Distillers Grain,South Dakota,Modified Wet 55-60%,Truck,81.5,78.0,85.0,$ Per Ton
2026-05-04,Distillers Grain,South Dakota,Dried 10%,Truck,180.67,177.0,185.0,$ Per Ton
2026-05-04,Distillers Grain,Wisconsin,Modified Wet 55-60%,Truck,76.0,76.0,76.0,$ Per Ton
2026-05-04,Distillers Grain,Wisconsin,Dried 10%,Truck,164.5,164.0,165.0,$ Per Ton
2026-05-04,Distillers Grain,,Dried 10%,Ocean Vessel,229.25,215.0,238.0,$ Per Ton
2026-05-04,Distillers Grain,,Dried 10%,Rail/Barge,170.0,170.0,170.0,$ Per Ton
2026-05-04,Distillers Grain,,Dried 10%,Rail,245.0,245.0,245.0,$ Per Ton
2026-05-04,Ethanol,Illinois,,Truck,2.03,2.03,2.03,$ Per Gallon
2026-05-04,Ethanol,Illinois,,Rail,1.99,1.99,1.99,$ Per Gallon
2026-05-04,Ethanol,Indiana,,Rail,1.99,1.99,1.99,$ Per Gallon
2026-05-04,Ethanol,Iowa,,Truck,1.85,1.8,1.9,$ Per Gallon
2026-05-04,Ethanol,Kansas,,Truck,1.8667,1.83,1.89,$ Per Gallon
2026-05-11,Distillers Corn Oil,Illinois,,Truck,84.0,83.0,85.0,Cents Per Lb
2026-05-11,Distillers Corn Oil,Indiana,,Truck,82.5,82.0,83.0,Cents Per Lb
2026-05-11,Distillers Corn Oil,Iowa,,Truck,78.0,78.0,78.0,Cents Per Lb
2026-05-11,Distillers Corn Oil,Kansas,,Truck,75.0,75.0,75.0,Cents Per Lb
2026-05-11,Distillers Corn Oil,Michigan,,Truck,81.25,78.0,83.0,Cents Per Lb
2026-05-11,Distillers Corn Oil,Minnesota,,Truck,82.0,78.0,84.0,Cents Per Lb
2026-05-11,Distillers Corn Oil,Missouri,,Truck,82.5,82.0,83.0,Cents Per Lb
2026-05-11,Distillers Corn Oil,Nebraska,,Truck,83.63,82.0,86.0,Cents Per Lb
2026-05-11,Distillers Corn Oil,Ohio,,Truck,82.67,82.0,83.0,Cents Per Lb
2026-05-11,Distillers Corn Oil,South Dakota,,Truck,82.14,78.0,84.0,Cents Per Lb
2026-05-11,Distillers Corn Oil,Wisconsin,,Truck,83.0,83.0,83.0,Cents Per Lb
2026-05-11,Distillers Grain,Illinois,Dried 10%,Truck,202.5,195.0,210.0,$ Per Ton
2026-05-11,Distillers Grain,Indiana,Dried 10%,Rail,174.0,174.0,174.0,$ Per Ton
2026-05-11,Distillers Grain,Indiana,Modified Wet 55-60%,Truck,90.0,90.0,90.0,$ Per Ton
2026-05-11,Distillers Grain,Indiana,Dried 10%,Truck,186.0,175.0,208.0,$ Per Ton
2026-05-11,Distillers Grain,Iowa,Dried 10%,Rail,155.0,155.0,155.0,$ Per Ton
2026-05-11,Distillers Grain,Iowa,Modified Wet 55-60%,Truck,69.6,55.0,85.0,$ Per Ton
2026-05-11,Distillers Grain,Iowa,Dried 10%,Truck,170.8,150.0,190.0,$ Per Ton
2026-05-11,Distillers Grain,Iowa,Wet 65-70%,Truck,55.0,40.0,70.0,$ Per Ton
2026-05-11,Distillers Grain,Kansas,Dried 10%,Truck,185.0,185.0,185.0,$ Per Ton
2026-05-11,Distillers Grain,Kansas,Wet 65-70%,Truck,53.33,40.0,65.0,$ Per Ton
2026-05-11,Distillers Grain,Michigan,Modified Wet 55-60%,Truck,90.0,90.0,90.0,$ Per Ton
2026-05-11,Distillers Grain,Michigan,Dried 10%,Truck,183.0,173.0,208.0,$ Per Ton
2026-05-11,Distillers Grain,Michigan,Dried 10%,Rail,167.0,167.0,167.0,$ Per Ton
2026-05-11,Distillers Grain,Minnesota,Dried 10%,Truck,177.5,170.0,185.0,$ Per Ton
2026-05-11,Distillers Grain,Minnesota,Wet 65-70%,Truck,50.0,50.0,50.0,$ Per Ton
2026-05-11,Distillers Grain,Minnesota,Modified Wet 55-60%,Truck,75.0,75.0,75.0,$ Per Ton
2026-05-11,Distillers Grain,Missouri,Wet 65-70%,Truck,55.0,55.0,55.0,$ Per Ton
2026-05-11,Distillers Grain,Missouri,Dried 10%,Truck,197.0,195.0,199.0,$ Per Ton
2026-05-11,Distillers Grain,Nebraska,Wet 65-70%,Truck,61.25,55.0,65.0,$ Per Ton
2026-05-11,Distillers Grain,Nebraska,Modified Wet 55-60%,Truck,80.5,75.0,86.0,$ Per Ton
2026-05-11,Distillers Grain,Nebraska,Dried 10%,Truck,184.67,175.0,200.0,$ Per Ton
2026-05-11,Distillers Grain,Ohio,Modified Wet 55-60%,Truck,90.0,90.0,90.0,$ Per Ton
2026-05-11,Distillers Grain,Ohio,Dried 10%,Rail,175.0,175.0,175.0,$ Per Ton
2026-05-11,Distillers Grain,Ohio,Dried 10%,Truck,193.25,180.0,208.0,$ Per Ton
2026-05-11,Distillers Grain,South Dakota,Wet 65-70%,Truck,54.5,54.0,55.0,$ Per Ton
2026-05-11,Distillers Grain,South Dakota,Modified Wet 55-60%,Truck,81.5,78.0,85.0,$ Per Ton
2026-05-11,Distillers Grain,South Dakota,Dried 10%,Truck,178.33,170.0,185.0,$ Per Ton
2026-05-11,Distillers Grain,Wisconsin,Modified Wet 55-60%,Truck,76.0,76.0,76.0,$ Per Ton
2026-05-11,Distillers Grain,Wisconsin,Dried 10%,Truck,164.5,164.0,165.0,$ Per Ton
2026-05-11,Distillers Grain,,Dried 10%,Rail,245.0,245.0,245.0,$ Per Ton
2026-05-11,Distillers Grain,,Dried 10%,Rail/Barge,170.0,170.0,170.0,$ Per Ton
2026-05-11,Distillers Grain,,Dried 10%,Ocean Vessel,238.0,225.0,251.0,$ Per Ton
2026-05-11,Ethanol,Illinois,,Truck,1.89,1.89,1.89,$ Per Gallon
2026-05-11,Ethanol,Illinois,,Rail,1.98,1.98,1.98,$ Per Gallon
2026-05-11,Ethanol,Indiana,,Rail,1.96,1.96,1.96,$ Per Gallon
2026-05-11,Ethanol,Iowa,,Truck,1.85,1.8,1.9,$ Per Gallon
2026-05-11,Ethanol,Kansas,,Truck,1.8633,1.83,1.88,$ Per Gallon
2026-05-18,Distillers Corn Oil,Illinois,,Truck,85.33,83.0,89.0,Cents Per Lb
2026-05-18,Distillers Corn Oil,Indiana,,Truck,82.5,82.0,83.0,Cents Per Lb
2026-05-18,Distillers Corn Oil,Iowa,,Truck,83.5,83.0,84.0,Cents Per Lb
2026-05-18,Distillers Corn Oil,Kansas,,Truck,75.0,75.0,75.0,Cents Per Lb
2026-05-18,Distillers Corn Oil,Michigan,,Truck,82.6,81.0,84.0,Cents Per Lb
2026-05-18,Distillers Corn Oil,Minnesota,,Truck,83.17,82.0,84.0,Cents Per Lb
2026-05-18,Distillers Corn Oil,Missouri,,Truck,82.5,82.0,83.0,Cents Per Lb
2026-05-18,Distillers Corn Oil,Nebraska,,Truck,83.56,80.0,86.0,Cents Per Lb
2026-05-18,Distillers Corn Oil,Ohio,,Truck,82.67,82.0,83.0,Cents Per Lb
2026-05-18,Distillers Corn Oil,South Dakota,,Truck,82.88,81.0,84.0,Cents Per Lb
2026-05-18,Distillers Corn Oil,Wisconsin,,Truck,83.0,83.0,83.0,Cents Per Lb
2026-05-18,Distillers Grain,Illinois,Dried 10%,Truck,202.5,200.0,205.0,$ Per Ton
2026-05-18,Distillers Grain,Indiana,Dried 10%,Rail,174.0,174.0,174.0,$ Per Ton
2026-05-18,Distillers Grain,Indiana,Dried 10%,Truck,184.75,170.0,208.0,$ Per Ton
2026-05-18,Distillers Grain,Indiana,Modified Wet 55-60%,Truck,90.0,90.0,90.0,$ Per Ton
2026-05-18,Distillers Grain,Iowa,Dried 10%,Rail,155.0,155.0,155.0,$ Per Ton
2026-05-18,Distillers Grain,Iowa,Dried 10%,Truck,168.6,150.0,190.0,$ Per Ton
2026-05-18,Distillers Grain,Iowa,Wet 65-70%,Truck,57.5,45.0,70.0,$ Per Ton
2026-05-18,Distillers Grain,Iowa,Modified Wet 55-60%,Truck,69.6,55.0,85.0,$ Per Ton
2026-05-18,Distillers Grain,Kansas,Wet 65-70%,Truck,53.33,40.0,65.0,$ Per Ton
2026-05-18,Distillers Grain,Kansas,Dried 10%,Truck,185.0,185.0,185.0,$ Per Ton
2026-05-18,Distillers Grain,Michigan,Modified Wet 55-60%,Truck,90.0,90.0,90.0,$ Per Ton
2026-05-18,Distillers Grain,Michigan,Dried 10%,Truck,183.5,175.0,208.0,$ Per Ton
2026-05-18,Distillers Grain,Michigan,Dried 10%,Rail,167.0,167.0,167.0,$ Per Ton
2026-05-18,Distillers Grain,Minnesota,Wet 65-70%,Truck,50.0,50.0,50.0,$ Per Ton
2026-05-18,Distillers Grain,Minnesota,Modified Wet 55-60%,Truck,65.0,65.0,65.0,$ Per Ton
2026-05-18,Distillers Grain,Minnesota,Dried 10%,Truck,178.0,172.0,180.0,$ Per Ton
2026-05-18,Distillers Grain,Missouri,Wet 65-70%,Truck,55.0,55.0,55.0,$ Per Ton
2026-05-18,Distillers Grain,Missouri,Dried 10%,Truck,186.0,177.0,195.0,$ Per Ton
2026-05-18,Distillers Grain,Nebraska,Wet 65-70%,Truck,60.75,55.0,68.0,$ Per Ton
2026-05-18,Distillers Grain,Nebraska,Modified Wet 55-60%,Truck,80.67,75.0,87.0,$ Per Ton
2026-05-18,Distillers Grain,Nebraska,Dried 10%,Truck,181.86,165.0,200.0,$ Per Ton
2026-05-18,Distillers Grain,Ohio,Modified Wet 55-60%,Truck,90.0,90.0,90.0,$ Per Ton
2026-05-18,Distillers Grain,Ohio,Dried 10%,Truck,193.25,180.0,208.0,$ Per Ton
2026-05-18,Distillers Grain,Ohio,Dried 10%,Rail,175.0,175.0,175.0,$ Per Ton
2026-05-18,Distillers Grain,South Dakota,Wet 65-70%,Truck,53.0,52.0,54.0,$ Per Ton
2026-05-18,Distillers Grain,South Dakota,Modified Wet 55-60%,Truck,81.5,78.0,85.0,$ Per Ton
2026-05-18,Distillers Grain,South Dakota,Dried 10%,Truck,178.33,170.0,185.0,$ Per Ton
2026-05-18,Distillers Grain,Wisconsin,Modified Wet 55-60%,Truck,76.0,76.0,76.0,$ Per Ton
2026-05-18,Distillers Grain,Wisconsin,Dried 10%,Truck,167.0,164.0,170.0,$ Per Ton
2026-05-18,Distillers Grain,,Dried 10%,Rail,245.0,245.0,245.0,$ Per Ton
2026-05-18,Distillers Grain,,Dried 10%,Ocean Vessel,255.0,255.0,255.0,$ Per Ton
2026-05-18,Ethanol,Illinois,,Truck,1.96,1.96,1.96,$ Per Gallon
2026-05-18,Ethanol,Illinois,,Rail,1.97,1.97,1.97,$ Per Gallon
2026-05-18,Ethanol,Indiana,,Rail,1.97,1.97,1.97,$ Per Gallon
2026-05-18,Ethanol,Iowa,,Truck,1.85,1.8,1.9,$ Per Gallon
2026-05-18,Ethanol,Kansas,,Truck,1.8633,1.83,1.88,$ Per Gallon
2026-05-25,Distillers Corn Oil,Illinois,,Truck,85.0,83.0,88.0,Cents Per Lb
2026-05-25,Distillers Corn Oil,Indiana,,Truck,86.5,86.0,87.0,Cents Per Lb
2026-05-25,Distillers Corn Oil,Iowa,,Truck,83.5,83.0,84.0,Cents Per Lb
2026-05-25,Distillers Corn Oil,Kansas,,Truck,81.0,81.0,81.0,Cents Per Lb
2026-05-25,Distillers Corn Oil,Michigan,,Truck,84.2,81.0,87.0,Cents Per Lb
2026-05-25,Distillers Corn Oil,Minnesota,,Truck,84.5,83.0,87.0,Cents Per Lb
2026-05-25,Distillers Corn Oil,Missouri,,Truck,86.5,86.0,87.0,Cents Per Lb
2026-05-25,Distillers Corn Oil,Nebraska,,Truck,84.88,80.0,87.0,Cents Per Lb
2026-05-25,Distillers Corn Oil,Ohio,,Truck,85.33,83.0,87.0,Cents Per Lb
2026-05-25,Distillers Corn Oil,South Dakota,,Truck,84.0,81.0,87.0,Cents Per Lb
2026-05-25,Distillers Corn Oil,Wisconsin,,Truck,84.0,84.0,84.0,Cents Per Lb
2026-05-25,Distillers Grain,Illinois,Dried 10%,Truck,201.5,195.0,208.0,$ Per Ton
2026-05-25,Distillers Grain,Indiana,Dried 10%,Truck,184.0,170.0,205.0,$ Per Ton
2026-05-25,Distillers Grain,Indiana,Modified Wet 55-60%,Truck,75.0,75.0,75.0,$ Per Ton
2026-05-25,Distillers Grain,Indiana,Dried 10%,Rail,174.0,174.0,174.0,$ Per Ton
2026-05-25,Distillers Grain,Iowa,Dried 10%,Rail,155.0,155.0,155.0,$ Per Ton
2026-05-25,Distillers Grain,Iowa,Dried 10%,Truck,169.78,155.0,190.0,$ Per Ton
2026-05-25,Distillers Grain,Iowa,Modified Wet 55-60%,Truck,71.6,60.0,85.0,$ Per Ton
2026-05-25,Distillers Grain,Iowa,Wet 65-70%,Truck,57.5,45.0,70.0,$ Per Ton
2026-05-25,Distillers Grain,Kansas,Wet 65-70%,Truck,53.33,40.0,65.0,$ Per Ton
2026-05-25,Distillers Grain,Kansas,Dried 10%,Truck,177.5,170.0,185.0,$ Per Ton
2026-05-25,Distillers Grain,Michigan,Modified Wet 55-60%,Truck,75.0,75.0,75.0,$ Per Ton
2026-05-25,Distillers Grain,Michigan,Dried 10%,Truck,182.75,175.0,205.0,$ Per Ton
2026-05-25,Distillers Grain,Michigan,Dried 10%,Rail,170.0,170.0,170.0,$ Per Ton
2026-05-25,Distillers Grain,Minnesota,Wet 65-70%,Truck,50.0,50.0,50.0,$ Per Ton
2026-05-25,Distillers Grain,Minnesota,Modified Wet 55-60%,Truck,65.0,65.0,65.0,$ Per Ton
2026-05-25,Distillers Grain,Minnesota,Dried 10%,Truck,177.5,170.0,180.0,$ Per Ton
2026-05-25,Distillers Grain,Missouri,Wet 65-70%,Truck,55.0,55.0,55.0,$ Per Ton
2026-05-25,Distillers Grain,Missouri,Dried 10%,Truck,190.0,185.0,195.0,$ Per Ton
2026-05-25,Distillers Grain,Nebraska,Wet 65-70%,Truck,58.33,55.0,65.0,$ Per Ton
2026-05-25,Distillers Grain,Nebraska,Modified Wet 55-60%,Truck,80.67,75.0,87.0,$ Per Ton
2026-05-25,Distillers Grain,Nebraska,Dried 10%,Truck,179.0,175.0,190.0,$ Per Ton
2026-05-25,Distillers Grain,Ohio,Modified Wet 55-60%,Truck,75.0,75.0,75.0,$ Per Ton
2026-05-25,Distillers Grain,Ohio,Dried 10%,Truck,192.0,178.0,205.0,$ Per Ton
2026-05-25,Distillers Grain,Ohio,Dried 10%,Rail,175.0,175.0,175.0,$ Per Ton
2026-05-25,Distillers Grain,South Dakota,Wet 65-70%,Truck,53.0,52.0,54.0,$ Per Ton
2026-05-25,Distillers Grain,South Dakota,Modified Wet 55-60%,Truck,80.0,75.0,85.0,$ Per Ton
2026-05-25,Distillers Grain,South Dakota,Dried 10%,Truck,175.0,165.0,180.0,$ Per Ton
2026-05-25,Distillers Grain,Wisconsin,Modified Wet 55-60%,Truck,76.0,76.0,76.0,$ Per Ton
2026-05-25,Distillers Grain,Wisconsin,Dried 10%,Truck,167.0,164.0,170.0,$ Per Ton
2026-05-25,Distillers Grain,,Dried 10%,Ocean Vessel,226.75,224.0,228.0,$ Per Ton
2026-05-25,Distillers Grain,,Dried 10%,Rail/Barge,204.0,204.0,204.0,$ Per Ton
2026-05-25,Distillers Grain,,Dried 10%,Rail,240.0,240.0,240.0,$ Per Ton
2026-05-25,Ethanol,Illinois,,Truck,2.01,2.01,2.01,$ Per Gallon
2026-05-25,Ethanol,Illinois,,Rail,1.97,1.97,1.97,$ Per Gallon
2026-05-25,Ethanol,Indiana,,Rail,1.97,1.97,1.97,$ Per Gallon
2026-05-25,Ethanol,Iowa,,Truck,1.875,1.85,1.9,$ Per Gallon
2026-05-25,Ethanol,Kansas,,Truck,1.8633,1.83,1.88,$ Per Gallon
2026-06-01,Distillers Corn Oil,Illinois,,Truck,85.5,83.0,88.0,Cents Per Lb
2026-06-01,Distillers Corn Oil,Indiana,,Truck,86.5,86.0,87.0,Cents Per Lb
2026-06-01,Distillers Corn Oil,Iowa,,Truck,83.0,83.0,83.0,Cents Per Lb
2026-06-01,Distillers Corn Oil,Kansas,,Truck,81.0,81.0,81.0,Cents Per Lb
2026-06-01,Distillers Corn Oil,Michigan,,Truck,85.25,83.0,87.0,Cents Per Lb
2026-06-01,Distillers Corn Oil,Minnesota,,Truck,84.6,83.0,87.0,Cents Per Lb
2026-06-01,Distillers Corn Oil,Missouri,,Truck,86.5,86.0,87.0,Cents Per Lb
2026-06-01,Distillers Corn Oil,Nebraska,,Truck,85.0,80.0,87.0,Cents Per Lb
2026-06-01,Distillers Corn Oil,Ohio,,Truck,85.33,83.0,87.0,Cents Per Lb
2026-06-01,Distillers Corn Oil,South Dakota,,Truck,84.29,81.0,87.0,Cents Per Lb
2026-06-01,Distillers Corn Oil,Wisconsin,,Truck,84.0,84.0,84.0,Cents Per Lb
2026-06-01,Distillers Grain,Illinois,Dried 10%,Truck,194.0,190.0,198.0,$ Per Ton
2026-06-01,Distillers Grain,Indiana,Dried 10%,Rail,168.0,168.0,168.0,$ Per Ton
2026-06-01,Distillers Grain,Indiana,Modified Wet 55-60%,Truck,75.0,75.0,75.0,$ Per Ton
2026-06-01,Distillers Grain,Indiana,Dried 10%,Truck,181.75,170.0,202.0,$ Per Ton
2026-06-01,Distillers Grain,Iowa,Dried 10%,Rail,155.0,155.0,155.0,$ Per Ton
2026-06-01,Distillers Grain,Iowa,Dried 10%,Truck,168.0,155.0,185.0,$ Per Ton
2026-06-01,Distillers Grain,Iowa,Modified Wet 55-60%,Truck,67.67,60.0,75.0,$ Per Ton
2026-06-01,Distillers Grain,Iowa,Wet 65-70%,Truck,56.5,45.0,68.0,$ Per Ton
2026-06-01,Distillers Grain,Kansas,Dried 10%,Truck,177.5,170.0,185.0,$ Per Ton
2026-06-01,Distillers Grain,Kansas,Wet 65-70%,Truck,53.0,40.0,65.0,$ Per Ton
2026-06-01,Distillers Grain,Michigan,Modified Wet 55-60%,Truck,75.0,75.0,75.0,$ Per Ton
2026-06-01,Distillers Grain,Michigan,Dried 10%,Truck,180.5,170.0,202.0,$ Per Ton
2026-06-01,Distillers Grain,Michigan,Dried 10%,Rail,170.0,170.0,170.0,$ Per Ton
2026-06-01,Distillers Grain,Minnesota,Wet 65-70%,Truck,50.0,50.0,50.0,$ Per Ton
2026-06-01,Distillers Grain,Minnesota,Modified Wet 55-60%,Truck,60.0,60.0,60.0,$ Per Ton
2026-06-01,Distillers Grain,Minnesota,Dried 10%,Truck,173.75,165.0,180.0,$ Per Ton
2026-06-01,Distillers Grain,Missouri,Wet 65-70%,Truck,55.0,55.0,55.0,$ Per Ton
2026-06-01,Distillers Grain,Missouri,Dried 10%,Truck,190.0,185.0,195.0,$ Per Ton
2026-06-01,Distillers Grain,Nebraska,Wet 65-70%,Truck,58.33,55.0,65.0,$ Per Ton
2026-06-01,Distillers Grain,Nebraska,Modified Wet 55-60%,Truck,79.0,70.0,87.0,$ Per Ton
2026-06-01,Distillers Grain,Nebraska,Dried 10%,Truck,175.71,165.0,190.0,$ Per Ton
2026-06-01,Distillers Grain,Ohio,Modified Wet 55-60%,Truck,75.0,75.0,75.0,$ Per Ton
2026-06-01,Distillers Grain,Ohio,Dried 10%,Rail,172.0,172.0,172.0,$ Per Ton
2026-06-01,Distillers Grain,Ohio,Dried 10%,Truck,189.5,176.0,202.0,$ Per Ton
2026-06-01,Distillers Grain,South Dakota,Wet 65-70%,Truck,52.0,52.0,52.0,$ Per Ton
2026-06-01,Distillers Grain,South Dakota,Modified Wet 55-60%,Truck,79.0,73.0,85.0,$ Per Ton
2026-06-01,Distillers Grain,South Dakota,Dried 10%,Truck,175.0,165.0,180.0,$ Per Ton
2026-06-01,Distillers Grain,Wisconsin,Modified Wet 55-60%,Truck,73.0,73.0,73.0,$ Per Ton
2026-06-01,Distillers Grain,Wisconsin,Dried 10%,Truck,165.0,160.0,170.0,$ Per Ton
2026-06-01,Distillers Grain,,Dried 10%,Rail,240.0,240.0,240.0,$ Per Ton
2026-06-01,Distillers Grain,,Dried 10%,Rail/Barge,204.0,204.0,204.0,$ Per Ton
2026-06-01,Distillers Grain,,Dried 10%,Ocean Vessel,245.0,245.0,245.0,$ Per Ton
2026-06-01,Ethanol,Illinois,,Rail,1.97,1.97,1.97,$ Per Gallon
2026-06-01,Ethanol,Illinois,,Truck,1.99,1.99,1.99,$ Per Gallon
2026-06-01,Ethanol,Indiana,,Rail,1.97,1.97,1.97,$ Per Gallon
2026-06-01,Ethanol,Kansas,,Truck,1.8633,1.83,1.88,$ Per Gallon
2026-06-08,Distillers Corn Oil,Illinois,,Truck,84.5,81.0,88.0,Cents Per Lb
2026-06-08,Distillers Corn Oil,Indiana,,Truck,86.5,86.0,87.0,Cents Per Lb
2026-06-08,Distillers Corn Oil,Iowa,,Truck,81.0,81.0,81.0,Cents Per Lb
2026-06-08,Distillers Corn Oil,Kansas,,Truck,81.0,81.0,81.0,Cents Per Lb
2026-06-08,Distillers Corn Oil,Michigan,,Truck,83.25,79.0,87.0,Cents Per Lb
2026-06-08,Distillers Corn Oil,Minnesota,,Truck,84.67,81.0,87.0,Cents Per Lb
2026-06-08,Distillers Corn Oil,Missouri,,Truck,86.5,86.0,87.0,Cents Per Lb
2026-06-08,Distillers Corn Oil,Nebraska,,Truck,85.5,83.0,87.0,Cents Per Lb
2026-06-08,Distillers Corn Oil,Ohio,,Truck,86.5,86.0,87.0,Cents Per Lb
2026-06-08,Distillers Corn Oil,South Dakota,,Truck,84.75,81.0,87.0,Cents Per Lb
2026-06-08,Distillers Corn Oil,Wisconsin,,Truck,85.0,85.0,85.0,Cents Per Lb
2026-06-08,Distillers Grain,Illinois,Dried 10%,Truck,190.0,185.0,195.0,$ Per Ton
2026-06-08,Distillers Grain,Indiana,Dried 10%,Rail,158.0,158.0,158.0,$ Per Ton
2026-06-08,Distillers Grain,Indiana,Dried 10%,Truck,173.0,158.0,199.0,$ Per Ton
2026-06-08,Distillers Grain,Indiana,Modified Wet 55-60%,Truck,75.0,75.0,75.0,$ Per Ton
2026-06-08,Distillers Grain,Iowa,Dried 10%,Rail,140.0,140.0,140.0,$ Per Ton
2026-06-08,Distillers Grain,Iowa,Modified Wet 55-60%,Truck,66.8,58.0,75.0,$ Per Ton
2026-06-08,Distillers Grain,Iowa,Wet 65-70%,Truck,55.0,45.0,65.0,$ Per Ton
2026-06-08,Distillers Grain,Iowa,Dried 10%,Truck,158.56,150.0,172.0,$ Per Ton
2026-06-08,Distillers Grain,Kansas,Wet 65-70%,Truck,54.0,45.0,65.0,$ Per Ton
2026-06-08,Distillers Grain,Kansas,Dried 10%,Truck,185.0,185.0,185.0,$ Per Ton
2026-06-08,Distillers Grain,Michigan,Modified Wet 55-60%,Truck,75.0,75.0,75.0,$ Per Ton
2026-06-08,Distillers Grain,Michigan,Dried 10%,Truck,173.0,158.0,199.0,$ Per Ton
2026-06-08,Distillers Grain,Michigan,Dried 10%,Rail,158.0,158.0,158.0,$ Per Ton
2026-06-08,Distillers Grain,Minnesota,Wet 65-70%,Truck,50.0,50.0,50.0,$ Per Ton
2026-06-08,Distillers Grain,Minnesota,Modified Wet 55-60%,Truck,60.0,60.0,60.0,$ Per Ton
2026-06-08,Distillers Grain,Minnesota,Dried 10%,Truck,165.0,155.0,180.0,$ Per Ton
2026-06-08,Distillers Grain,Missouri,Wet 65-70%,Truck,55.0,55.0,55.0,$ Per Ton
2026-06-08,Distillers Grain,Missouri,Dried 10%,Truck,185.0,185.0,185.0,$ Per Ton
2026-06-08,Distillers Grain,Nebraska,Wet 65-70%,Truck,57.5,55.0,60.0,$ Per Ton
2026-06-08,Distillers Grain,Nebraska,Modified Wet 55-60%,Truck,76.0,70.0,82.0,$ Per Ton
2026-06-08,Distillers Grain,Nebraska,Dried 10%,Truck,165.83,160.0,170.0,$ Per Ton
2026-06-08,Distillers Grain,Ohio,Modified Wet 55-60%,Truck,75.0,75.0,75.0,$ Per Ton
2026-06-08,Distillers Grain,Ohio,Dried 10%,Truck,184.75,165.0,199.0,$ Per Ton
2026-06-08,Distillers Grain,Ohio,Dried 10%,Rail,162.0,162.0,162.0,$ Per Ton
2026-06-08,Distillers Grain,South Dakota,Wet 65-70%,Truck,51.0,50.0,52.0,$ Per Ton
2026-06-08,Distillers Grain,South Dakota,Modified Wet 55-60%,Truck,72.5,70.0,75.0,$ Per Ton
2026-06-08,Distillers Grain,South Dakota,Dried 10%,Truck,165.0,155.0,170.0,$ Per Ton
2026-06-08,Distillers Grain,Wisconsin,Modified Wet 55-60%,Truck,71.0,71.0,71.0,$ Per Ton
2026-06-08,Distillers Grain,Wisconsin,Dried 10%,Truck,163.0,158.0,168.0,$ Per Ton
2026-06-08,Distillers Grain,,Dried 10%,Ocean Vessel,208.5,196.0,228.0,$ Per Ton
2026-06-08,Distillers Grain,,Dried 10%,Rail,235.0,235.0,235.0,$ Per Ton
2026-06-08,Distillers Grain,,Dried 10%,Rail/Barge,204.0,204.0,204.0,$ Per Ton
2026-06-08,Ethanol,Illinois,,Truck,1.91,1.91,1.91,$ Per Gallon
2026-06-08,Ethanol,Illinois,,Rail,1.9,1.9,1.9,$ Per Gallon
2026-06-08,Ethanol,Indiana,,Rail,1.9,1.9,1.9,$ Per Gallon
2026-06-08,Ethanol,Iowa,,Truck,1.7967,1.75,1.84,$ Per Gallon
2026-06-08,Ethanol,Iowa,,Rail,1.8,1.8,1.8,$ Per Gallon
2026-06-08,Ethanol,Kansas,,Truck,1.8,1.8,1.8,$ Per Gallon
2026-06-08,Ethanol,Nebraska,,Truck,1.79,1.79,1.79,$ Per Gallon
2026-06-08,Ethanol,Nebraska,,Rail,1.8,1.8,1.8,$ Per Gallon
2026-06-15,Distillers Corn Oil,Illinois,,Truck,86.5,83.0,90.0,Cents Per Lb
2026-06-15,Distillers Corn Oil,Indiana,,Truck,85.0,84.0,86.0,Cents Per Lb
2026-06-15,Distillers Corn Oil,Iowa,,Truck,83.0,83.0,83.0,Cents Per Lb
2026-06-15,Distillers Corn Oil,Kansas,,Truck,81.0,81.0,81.0,Cents Per Lb
2026-06-15,Distillers Corn Oil,Michigan,,Truck,82.75,78.0,86.0,Cents Per Lb
2026-06-15,Distillers Corn Oil,Minnesota,,Truck,84.33,83.0,86.0,Cents Per Lb
2026-06-15,Distillers Corn Oil,Missouri,,Truck,85.0,84.0,86.0,Cents Per Lb
2026-06-15,Distillers Corn Oil,Nebraska,,Truck,84.0,82.0,86.0,Cents Per Lb
2026-06-15,Distillers Corn Oil,Ohio,,Truck,85.0,84.0,86.0,Cents Per Lb
2026-06-15,Distillers Corn Oil,South Dakota,,Truck,81.0,75.0,86.0,Cents Per Lb
2026-06-15,Distillers Corn Oil,Wisconsin,,Truck,85.0,85.0,85.0,Cents Per Lb
2026-06-15,Distillers Grain,Illinois,Dried 10%,Truck,179.0,165.0,193.0,$ Per Ton
2026-06-15,Distillers Grain,Indiana,Dried 10%,Rail,158.0,158.0,158.0,$ Per Ton
2026-06-15,Distillers Grain,Indiana,Dried 10%,Truck,170.25,155.0,193.0,$ Per Ton
2026-06-15,Distillers Grain,Iowa,Dried 10%,Rail,140.0,140.0,140.0,$ Per Ton
2026-06-15,Distillers Grain,Iowa,Wet 65-70%,Truck,55.5,45.0,66.0,$ Per Ton
2026-06-15,Distillers Grain,Iowa,Modified Wet 55-60%,Truck,64.6,55.0,75.0,$ Per Ton
2026-06-15,Distillers Grain,Iowa,Dried 10%,Truck,155.11,140.0,167.0,$ Per Ton
2026-06-15,Distillers Grain,Kansas,Wet 65-70%,Truck,52.0,45.0,59.0,$ Per Ton
2026-06-15,Distillers Grain,Kansas,Dried 10%,Truck,185.0,185.0,185.0,$ Per Ton
2026-06-15,Distillers Grain,Michigan,Modified Wet 55-60%,Truck,68.0,68.0,68.0,$ Per Ton
2026-06-15,Distillers Grain,Michigan,Dried 10%,Truck,170.25,158.0,193.0,$ Per Ton
2026-06-15,Distillers Grain,Michigan,Dried 10%,Rail,158.0,158.0,158.0,$ Per Ton
2026-06-15,Distillers Grain,Minnesota,Wet 65-70%,Truck,50.0,50.0,50.0,$ Per Ton
2026-06-15,Distillers Grain,Minnesota,Modified Wet 55-60%,Truck,60.0,60.0,60.0,$ Per Ton
2026-06-15,Distillers Grain,Minnesota,Dried 10%,Truck,156.25,145.0,165.0,$ Per Ton
2026-06-15,Distillers Grain,Missouri,Wet 65-70%,Truck,54.0,54.0,54.0,$ Per Ton
2026-06-15,Distillers Grain,Missouri,Dried 10%,Truck,180.0,175.0,185.0,$ Per Ton
2026-06-15,Distillers Grain,Nebraska,Wet 65-70%,Truck,55.75,48.0,60.0,$ Per Ton
2026-06-15,Distillers Grain,Nebraska,Modified Wet 55-60%,Truck,72.67,68.0,80.0,$ Per Ton
2026-06-15,Distillers Grain,Nebraska,Dried 10%,Truck,159.57,150.0,170.0,$ Per Ton
2026-06-15,Distillers Grain,Ohio,Dried 10%,Truck,179.5,165.0,193.0,$ Per Ton
2026-06-15,Distillers Grain,Ohio,Dried 10%,Rail,162.0,162.0,162.0,$ Per Ton
2026-06-15,Distillers Grain,South Dakota,Wet 65-70%,Truck,51.0,50.0,52.0,$ Per Ton
2026-06-15,Distillers Grain,South Dakota,Modified Wet 55-60%,Truck,72.5,70.0,75.0,$ Per Ton
2026-06-15,Distillers Grain,South Dakota,Dried 10%,Truck,165.0,155.0,170.0,$ Per Ton
2026-06-15,Distillers Grain,Wisconsin,Modified Wet 55-60%,Truck,69.0,69.0,69.0,$ Per Ton
2026-06-15,Distillers Grain,Wisconsin,Dried 10%,Truck,159.0,150.0,168.0,$ Per Ton
2026-06-15,Distillers Grain,,Dried 10%,Ocean Vessel,198.0,195.0,200.0,$ Per Ton
2026-06-15,Distillers Grain,,Dried 10%,Rail,230.0,230.0,230.0,$ Per Ton
2026-06-15,Ethanol,Illinois,,Truck,1.88,1.88,1.88,$ Per Gallon
2026-06-15,Ethanol,Illinois,,Rail,1.86,1.86,1.86,$ Per Gallon
2026-06-15,Ethanol,Indiana,,Rail,1.86,1.86,1.86,$ Per Gallon
2026-06-15,Ethanol,Iowa,,Truck,1.7825,1.74,1.84,$ Per Gallon
2026-06-15,Ethanol,Iowa,,Rail,1.8,1.8,1.8,$ Per Gallon
2026-06-15,Ethanol,Kansas,,Truck,1.75,1.75,1.75,$ Per Gallon
2026-06-15,Ethanol,Minnesota,,Truck,1.74,1.74,1.74,$ Per Gallon
2026-06-15,Ethanol,Nebraska,,Truck,1.79,1.79,1.79,$ Per Gallon
2026-06-15,Ethanol,Nebraska,,Rail,1.8,1.8,1.8,$ Per Gallon
2026-06-15,Ethanol,South Dakota,,Truck,1.73,1.73,1.73,$ Per Gallon
2026-06-22,Distillers Corn Oil,Illinois,,Truck,84.0,80.0,88.0,Cents Per Lb
2026-06-22,Distillers Corn Oil,Indiana,,Truck,79.0,78.0,80.0,Cents Per Lb
2026-06-22,Distillers Corn Oil,Iowa,,Truck,80.0,80.0,80.0,Cents Per Lb
2026-06-22,Distillers Corn Oil,Kansas,,Truck,81.0,81.0,81.0,Cents Per Lb
2026-06-22,Distillers Corn Oil,Michigan,,Truck,77.75,73.0,80.0,Cents Per Lb
2026-06-22,Distillers Corn Oil,Minnesota,,Truck,79.33,78.0,80.0,Cents Per Lb
2026-06-22,Distillers Corn Oil,Missouri,,Truck,79.0,78.0,80.0,Cents Per Lb
2026-06-22,Distillers Corn Oil,Nebraska,,Truck,80.33,75.0,85.0,Cents Per Lb
2026-06-22,Distillers Corn Oil,Ohio,,Truck,79.0,78.0,80.0,Cents Per Lb
2026-06-22,Distillers Corn Oil,South Dakota,,Truck,78.0,75.0,80.0,Cents Per Lb
2026-06-22,Distillers Corn Oil,Wisconsin,,Truck,85.0,85.0,85.0,Cents Per Lb
2026-06-22,Distillers Grain,Illinois,Dried 10%,Truck,160.0,160.0,160.0,$ Per Ton
2026-06-22,Distillers Grain,Indiana,Dried 10%,Truck,163.25,145.0,180.0,$ Per Ton
2026-06-22,Distillers Grain,Indiana,Dried 10%,Rail,158.0,158.0,158.0,$ Per Ton
2026-06-22,Distillers Grain,Iowa,Dried 10%,Truck,148.78,125.0,165.0,$ Per Ton
2026-06-22,Distillers Grain,Iowa,Modified Wet 55-60%,Truck,65.6,55.0,75.0,$ Per Ton
2026-06-22,Distillers Grain,Iowa,Wet 65-70%,Truck,42.5,35.0,50.0,$ Per Ton
2026-06-22,Distillers Grain,Iowa,Dried 10%,Rail,140.0,140.0,140.0,$ Per Ton
2026-06-22,Distillers Grain,Kansas,Dried 10%,Truck,167.5,160.0,175.0,$ Per Ton
2026-06-22,Distillers Grain,Kansas,Wet 65-70%,Truck,49.0,40.0,59.0,$ Per Ton
2026-06-22,Distillers Grain,Michigan,Dried 10%,Truck,165.75,155.0,180.0,$ Per Ton
2026-06-22,Distillers Grain,Michigan,Modified Wet 55-60%,Truck,68.0,68.0,68.0,$ Per Ton
2026-06-22,Distillers Grain,Michigan,Dried 10%,Rail,158.0,158.0,158.0,$ Per Ton
2026-06-22,Distillers Grain,Minnesota,Dried 10%,Truck,152.5,145.0,165.0,$ Per Ton
2026-06-22,Distillers Grain,Minnesota,Modified Wet 55-60%,Truck,50.0,50.0,50.0,$ Per Ton
2026-06-22,Distillers Grain,Minnesota,Wet 65-70%,Truck,50.0,50.0,50.0,$ Per Ton
2026-06-22,Distillers Grain,Missouri,Dried 10%,Truck,177.5,175.0,180.0,$ Per Ton
2026-06-22,Distillers Grain,Missouri,Wet 65-70%,Truck,54.0,54.0,54.0,$ Per Ton
2026-06-22,Distillers Grain,Nebraska,Wet 65-70%,Truck,55.75,48.0,60.0,$ Per Ton
2026-06-22,Distillers Grain,Nebraska,Modified Wet 55-60%,Truck,68.67,65.0,73.0,$ Per Ton
2026-06-22,Distillers Grain,Nebraska,Dried 10%,Truck,155.14,142.0,170.0,$ Per Ton
2026-06-22,Distillers Grain,Ohio,Dried 10%,Truck,175.0,165.0,185.0,$ Per Ton
2026-06-22,Distillers Grain,Ohio,Dried 10%,Rail,162.0,162.0,162.0,$ Per Ton
2026-06-22,Distillers Grain,South Dakota,Wet 65-70%,Truck,51.0,50.0,52.0,$ Per Ton
2026-06-22,Distillers Grain,South Dakota,Modified Wet 55-60%,Truck,70.0,70.0,70.0,$ Per Ton
2026-06-22,Distillers Grain,South Dakota,Dried 10%,Truck,155.0,140.0,165.0,$ Per Ton
2026-06-22,Distillers Grain,Wisconsin,Modified Wet 55-60%,Truck,65.0,65.0,65.0,$ Per Ton
2026-06-22,Distillers Grain,Wisconsin,Dried 10%,Truck,151.5,135.0,168.0,$ Per Ton
2026-06-22,Distillers Grain,,Dried 10%,Ocean Vessel,180.67,176.0,185.0,$ Per Ton
2026-06-22,Distillers Grain,,Dried 10%,Rail,220.0,220.0,220.0,$ Per Ton
2026-06-22,Ethanol,Illinois,,Rail,1.82,1.82,1.82,$ Per Gallon
2026-06-22,Ethanol,Illinois,,Truck,1.8,1.8,1.8,$ Per Gallon
2026-06-22,Ethanol,Indiana,,Rail,1.82,1.82,1.82,$ Per Gallon
2026-06-22,Ethanol,Iowa,,Truck,1.775,1.71,1.84,$ Per Gallon
2026-06-22,Ethanol,Iowa,,Rail,1.8,1.8,1.8,$ Per Gallon
2026-06-22,Ethanol,Kansas,,Truck,1.71,1.68,1.74,$ Per Gallon
2026-06-22,Ethanol,Minnesota,,Truck,1.71,1.71,1.71,$ Per Gallon
2026-06-22,Ethanol,Nebraska,,Rail,1.8,1.8,1.8,$ Per Gallon
2026-06-22,Ethanol,Nebraska,,Truck,1.79,1.79,1.79,$ Per Gallon
2026-06-22,Ethanol,South Dakota,,Truck,1.7,1.7,1.7,$ Per Gallon
2026-06-29,Distillers Corn Oil,Illinois,,Truck,77.5,77.0,78.0,Cents Per Lb
2026-06-29,Distillers Corn Oil,Indiana,,Truck,76.5,75.0,78.0,Cents Per Lb
2026-06-29,Distillers Corn Oil,Iowa,,Truck,78.0,78.0,78.0,Cents Per Lb
2026-06-29,Distillers Corn Oil,Kansas,,Truck,74.0,74.0,74.0,Cents Per Lb
2026-06-29,Distillers Corn Oil,Michigan,,Truck,76.0,73.0,78.0,Cents Per Lb
2026-06-29,Distillers Corn Oil,Minnesota,,Truck,77.0,75.0,78.0,Cents Per Lb
2026-06-29,Distillers Corn Oil,Missouri,,Truck,76.5,75.0,78.0,Cents Per Lb
2026-06-29,Distillers Corn Oil,Nebraska,,Truck,79.5,75.0,85.0,Cents Per Lb
2026-06-29,Distillers Corn Oil,Ohio,,Truck,76.5,75.0,78.0,Cents Per Lb
2026-06-29,Distillers Corn Oil,South Dakota,,Truck,76.2,73.0,78.0,Cents Per Lb
2026-06-29,Distillers Corn Oil,Wisconsin,,Truck,68.0,68.0,68.0,Cents Per Lb
2026-06-29,Distillers Grain,Illinois,Dried 10%,Truck,158.5,152.0,165.0,$ Per Ton
2026-06-29,Distillers Grain,Indiana,Dried 10%,Rail,150.0,150.0,150.0,$ Per Ton
2026-06-29,Distillers Grain,Indiana,Dried 10%,Truck,158.75,145.0,180.0,$ Per Ton
2026-06-29,Distillers Grain,Iowa,Dried 10%,Rail,140.0,140.0,140.0,$ Per Ton
2026-06-29,Distillers Grain,Iowa,Dried 10%,Truck,143.56,120.0,155.0,$ Per Ton
2026-06-29,Distillers Grain,Iowa,Wet 65-70%,Truck,44.5,35.0,54.0,$ Per Ton
2026-06-29,Distillers Grain,Iowa,Modified Wet 55-60%,Truck,61.5,48.0,68.0,$ Per Ton
2026-06-29,Distillers Grain,Kansas,Wet 65-70%,Truck,49.67,45.0,56.0,$ Per Ton
2026-06-29,Distillers Grain,Kansas,Dried 10%,Truck,165.0,155.0,175.0,$ Per Ton
2026-06-29,Distillers Grain,Michigan,Dried 10%,Rail,150.0,150.0,150.0,$ Per Ton
2026-06-29,Distillers Grain,Michigan,Dried 10%,Truck,160.5,150.0,180.0,$ Per Ton
2026-06-29,Distillers Grain,Michigan,Modified Wet 55-60%,Truck,68.0,68.0,68.0,$ Per Ton
2026-06-29,Distillers Grain,Minnesota,Modified Wet 55-60%,Truck,50.0,50.0,50.0,$ Per Ton
2026-06-29,Distillers Grain,Minnesota,Wet 65-70%,Truck,50.0,50.0,50.0,$ Per Ton
2026-06-29,Distillers Grain,Minnesota,Dried 10%,Truck,146.75,132.0,155.0,$ Per Ton
2026-06-29,Distillers Grain,Missouri,Dried 10%,Truck,165.0,155.0,175.0,$ Per Ton
2026-06-29,Distillers Grain,Missouri,Wet 65-70%,Truck,46.0,46.0,46.0,$ Per Ton
2026-06-29,Distillers Grain,Nebraska,Wet 65-70%,Truck,55.75,48.0,60.0,$ Per Ton
2026-06-29,Distillers Grain,Nebraska,Modified Wet 55-60%,Truck,68.67,65.0,73.0,$ Per Ton
2026-06-29,Distillers Grain,Nebraska,Dried 10%,Truck,155.43,142.0,172.0,$ Per Ton
2026-06-29,Distillers Grain,Ohio,Dried 10%,Truck,169.0,156.0,180.0,$ Per Ton
2026-06-29,Distillers Grain,Ohio,Dried 10%,Rail,156.0,156.0,156.0,$ Per Ton
2026-06-29,Distillers Grain,South Dakota,Wet 65-70%,Truck,48.5,45.0,52.0,$ Per Ton
2026-06-29,Distillers Grain,South Dakota,Modified Wet 55-60%,Truck,67.5,65.0,70.0,$ Per Ton
2026-06-29,Distillers Grain,South Dakota,Dried 10%,Truck,151.67,145.0,160.0,$ Per Ton
2026-06-29,Distillers Grain,Wisconsin,Modified Wet 55-60%,Truck,64.0,64.0,64.0,$ Per Ton
2026-06-29,Distillers Grain,Wisconsin,Dried 10%,Truck,146.5,133.0,160.0,$ Per Ton
2026-06-29,Distillers Grain,,Dried 10%,Rail,220.0,220.0,220.0,$ Per Ton
2026-06-29,Distillers Grain,,Dried 10%,Ocean Vessel,183.0,180.0,185.0,$ Per Ton
2026-06-29,Ethanol,Illinois,,Truck,1.85,1.85,1.85,$ Per Gallon
2026-06-29,Ethanol,Illinois,,Rail,1.84,1.84,1.84,$ Per Gallon
2026-06-29,Ethanol,Indiana,,Rail,1.84,1.84,1.84,$ Per Gallon
2026-06-29,Ethanol,Iowa,,Truck,1.7733,1.75,1.8,$ Per Gallon
2026-06-29,Ethanol,Kansas,,Truck,1.7767,1.75,1.81,$ Per Gallon
2026-06-29,Ethanol,Minnesota,,Truck,1.77,1.77,1.77,$ Per Gallon
2026-06-29,Ethanol,South Dakota,,Truck,1.76,1.76,1.76,$ Per Gallon
2026-07-06,Distillers Corn Oil,Illinois,,Truck,76.0,73.0,79.0,Cents Per Lb
2026-07-06,Distillers Corn Oil,Indiana,,Truck,71.5,70.0,73.0,Cents Per Lb
2026-07-06,Distillers Corn Oil,Iowa,,Truck,73.0,73.0,73.0,Cents Per Lb
2026-07-06,Distillers Corn Oil,Kansas,,Truck,74.0,74.0,74.0,Cents Per Lb
2026-07-06,Distillers Corn Oil,Michigan,,Truck,72.25,70.0,73.0,Cents Per Lb
2026-07-06,Distillers Corn Oil,Minnesota,,Truck,72.0,70.0,73.0,Cents Per Lb
2026-07-06,Distillers Corn Oil,Missouri,,Truck,71.5,70.0,73.0,Cents Per Lb
2026-07-06,Distillers Corn Oil,Nebraska,,Truck,72.67,70.0,75.0,Cents Per Lb
2026-07-06,Distillers Corn Oil,Ohio,,Truck,71.5,70.0,73.0,Cents Per Lb
2026-07-06,Distillers Corn Oil,South Dakota,,Truck,72.9,70.0,78.5,Cents Per Lb
2026-07-06,Distillers Corn Oil,Wisconsin,,Truck,68.0,68.0,68.0,Cents Per Lb
2026-07-06,Distillers Grain,Illinois,Dried 10%,Truck,178.5,170.0,187.0,$ Per Ton
2026-07-06,Distillers Grain,Indiana,Dried 10%,Truck,161.25,150.0,175.0,$ Per Ton
2026-07-06,Distillers Grain,Indiana,Dried 10%,Rail,160.0,160.0,160.0,$ Per Ton
2026-07-06,Distillers Grain,Iowa,Dried 10%,Rail,125.0,125.0,125.0,$ Per Ton
2026-07-06,Distillers Grain,Iowa,Wet 65-70%,Truck,45.0,35.0,55.0,$ Per Ton
2026-07-06,Distillers Grain,Iowa,Modified Wet 55-60%,Truck,60.25,43.0,68.0,$ Per Ton
2026-07-06,Distillers Grain,Iowa,Dried 10%,Truck,138.33,120.0,155.0,$ Per Ton
2026-07-06,Distillers Grain,Kansas,Wet 65-70%,Truck,49.33,45.0,55.0,$ Per Ton
2026-07-06,Distillers Grain,Kansas,Dried 10%,Truck,165.0,155.0,175.0,$ Per Ton
2026-07-06,Distillers Grain,Michigan,Dried 10%,Rail,160.0,160.0,160.0,$ Per Ton
2026-07-06,Distillers Grain,Michigan,Dried 10%,Truck,162.5,155.0,175.0,$ Per Ton
2026-07-06,Distillers Grain,Michigan,Modified Wet 55-60%,Truck,68.0,68.0,68.0,$ Per Ton
2026-07-06,Distillers Grain,Minnesota,Dried 10%,Truck,146.25,135.0,155.0,$ Per Ton
2026-07-06,Distillers Grain,Minnesota,Wet 65-70%,Truck,50.0,50.0,50.0,$ Per Ton
2026-07-06,Distillers Grain,Minnesota,Modified Wet 55-60%,Truck,50.0,50.0,50.0,$ Per Ton
2026-07-06,Distillers Grain,Missouri,Dried 10%,Truck,170.0,165.0,175.0,$ Per Ton
2026-07-06,Distillers Grain,Missouri,Wet 65-70%,Truck,51.0,51.0,51.0,$ Per Ton
2026-07-06,Distillers Grain,Nebraska,Wet 65-70%,Truck,54.0,48.0,60.0,$ Per Ton
2026-07-06,Distillers Grain,Nebraska,Modified Wet 55-60%,Truck,67.5,65.0,70.0,$ Per Ton
2026-07-06,Distillers Grain,Nebraska,Dried 10%,Truck,153.0,142.0,160.0,$ Per Ton
2026-07-06,Distillers Grain,Ohio,Dried 10%,Truck,168.0,155.0,175.0,$ Per Ton
2026-07-06,Distillers Grain,Ohio,Dried 10%,Rail,167.0,167.0,167.0,$ Per Ton
2026-07-06,Distillers Grain,South Dakota,Wet 65-70%,Truck,48.5,45.0,52.0,$ Per Ton
2026-07-06,Distillers Grain,South Dakota,Modified Wet 55-60%,Truck,67.5,65.0,70.0,$ Per Ton
2026-07-06,Distillers Grain,South Dakota,Dried 10%,Truck,155.0,150.0,160.0,$ Per Ton
2026-07-06,Distillers Grain,Wisconsin,Modified Wet 55-60%,Truck,64.0,64.0,64.0,$ Per Ton
2026-07-06,Distillers Grain,Wisconsin,Dried 10%,Truck,147.5,135.0,160.0,$ Per Ton
2026-07-06,Distillers Grain,,Dried 10%,Rail,230.0,230.0,230.0,$ Per Ton
2026-07-06,Distillers Grain,,Dried 10%,Ocean Vessel,186.33,180.0,194.0,$ Per Ton
2026-07-06,Ethanol,Illinois,,Rail,1.86,1.86,1.86,$ Per Gallon
2026-07-06,Ethanol,Illinois,,Truck,1.88,1.88,1.88,$ Per Gallon
2026-07-06,Ethanol,Indiana,,Rail,1.86,1.86,1.86,$ Per Gallon
2026-07-06,Ethanol,Iowa,,Truck,1.7733,1.75,1.8,$ Per Gallon
2026-07-06,Ethanol,Kansas,,Truck,1.7767,1.75,1.81,$ Per Gallon
2026-07-06,Ethanol,Minnesota,,Truck,1.77,1.77,1.77,$ Per Gallon
2026-07-06,Ethanol,South Dakota,,Truck,1.76,1.76,1.76,$ Per Gallon
2026-07-13,Distillers Corn Oil,Illinois,,Truck,76.0,73.0,79.0,Cents Per Lb
2026-07-13,Distillers Corn Oil,Indiana,,Truck,76.5,75.0,78.0,Cents Per Lb
2026-07-13,Distillers Corn Oil,Iowa,,Truck,73.0,73.0,73.0,Cents Per Lb
2026-07-13,Distillers Corn Oil,Kansas,,Truck,74.0,74.0,74.0,Cents Per Lb
2026-07-13,Distillers Corn Oil,Michigan,,Truck,74.75,73.0,78.0,Cents Per Lb
2026-07-13,Distillers Corn Oil,Minnesota,,Truck,75.33,73.0,78.0,Cents Per Lb
2026-07-13,Distillers Corn Oil,Missouri,,Truck,76.5,75.0,78.0,Cents Per Lb
2026-07-13,Distillers Corn Oil,Nebraska,,Truck,75.6,74.0,78.0,Cents Per Lb
2026-07-13,Distillers Corn Oil,Ohio,,Truck,76.5,75.0,78.0,Cents Per Lb
2026-07-13,Distillers Corn Oil,South Dakota,,Truck,75.8,70.0,83.0,Cents Per Lb
2026-07-13,Distillers Corn Oil,Wisconsin,,Truck,75.0,75.0,75.0,Cents Per Lb
2026-07-13,Distillers Grain,Illinois,Dried 10%,Truck,177.5,170.0,185.0,$ Per Ton
2026-07-13,Distillers Grain,Indiana,Dried 10%,Truck,158.25,145.0,178.0,$ Per Ton
2026-07-13,Distillers Grain,Indiana,Dried 10%,Rail,160.0,160.0,160.0,$ Per Ton
2026-07-13,Distillers Grain,Iowa,Dried 10%,Rail,125.0,125.0,125.0,$ Per Ton
2026-07-13,Distillers Grain,Iowa,Modified Wet 55-60%,Truck,60.75,45.0,68.0,$ Per Ton
2026-07-13,Distillers Grain,Iowa,Dried 10%,Truck,138.88,120.0,154.0,$ Per Ton
2026-07-13,Distillers Grain,Iowa,Wet 65-70%,Truck,45.0,35.0,55.0,$ Per Ton
2026-07-13,Distillers Grain,Kansas,Dried 10%,Truck,167.0,164.0,170.0,$ Per Ton
2026-07-13,Distillers Grain,Kansas,Wet 65-70%,Truck,47.67,42.0,55.0,$ Per Ton
2026-07-13,Distillers Grain,Michigan,Dried 10%,Rail,155.0,155.0,155.0,$ Per Ton
2026-07-13,Distillers Grain,Michigan,Dried 10%,Truck,164.5,155.0,178.0,$ Per Ton
2026-07-13,Distillers Grain,Michigan,Modified Wet 55-60%,Truck,68.0,68.0,68.0,$ Per Ton
2026-07-13,Distillers Grain,Minnesota,Dried 10%,Truck,147.5,135.0,155.0,$ Per Ton
2026-07-13,Distillers Grain,Minnesota,Modified Wet 55-60%,Truck,50.0,50.0,50.0,$ Per Ton
2026-07-13,Distillers Grain,Minnesota,Wet 65-70%,Truck,50.0,50.0,50.0,$ Per Ton
2026-07-13,Distillers Grain,Missouri,Wet 65-70%,Truck,51.0,51.0,51.0,$ Per Ton
2026-07-13,Distillers Grain,Missouri,Dried 10%,Truck,170.0,165.0,175.0,$ Per Ton
2026-07-13,Distillers Grain,Nebraska,Wet 65-70%,Truck,45.5,35.0,60.0,$ Per Ton
2026-07-13,Distillers Grain,Nebraska,Modified Wet 55-60%,Truck,60.0,50.0,70.0,$ Per Ton
2026-07-13,Distillers Grain,Nebraska,Dried 10%,Truck,153.0,142.0,160.0,$ Per Ton
2026-07-13,Distillers Grain,Ohio,Dried 10%,Truck,167.5,155.0,178.0,$ Per Ton
2026-07-13,Distillers Grain,Ohio,Dried 10%,Rail,167.0,167.0,167.0,$ Per Ton
2026-07-13,Distillers Grain,South Dakota,Wet 65-70%,Truck,48.5,45.0,52.0,$ Per Ton
2026-07-13,Distillers Grain,South Dakota,Modified Wet 55-60%,Truck,67.5,65.0,70.0,$ Per Ton
2026-07-13,Distillers Grain,South Dakota,Dried 10%,Truck,155.0,150.0,160.0,$ Per Ton
2026-07-13,Distillers Grain,Wisconsin,Modified Wet 55-60%,Truck,64.0,64.0,64.0,$ Per Ton
2026-07-13,Distillers Grain,Wisconsin,Dried 10%,Truck,142.5,135.0,150.0,$ Per Ton
2026-07-13,Distillers Grain,,Dried 10%,Ocean Vessel,197.0,192.0,200.0,$ Per Ton
2026-07-13,Distillers Grain,,Dried 10%,Rail,220.0,220.0,220.0,$ Per Ton
2026-07-13,Ethanol,Illinois,,Truck,1.92,1.92,1.92,$ Per Gallon
2026-07-13,Ethanol,Illinois,,Rail,1.91,1.9,1.92,$ Per Gallon
2026-07-13,Ethanol,Indiana,,Rail,1.89,1.89,1.89,$ Per Gallon
2026-07-13,Ethanol,Iowa,,Truck,1.785,1.77,1.8,$ Per Gallon
2026-07-13,Ethanol,Kansas,,Truck,1.79,1.75,1.81,$ Per Gallon
2026-07-13,Ethanol,Minnesota,,Truck,1.77,1.77,1.77,$ Per Gallon
2026-07-13,Ethanol,South Dakota,,Truck,1.76,1.76,1.76,$ Per Gallon
2026-07-20,Distillers Corn Oil,Illinois,,Truck,78.0,77.0,79.0,Cents Per Lb
2026-07-20,Distillers Corn Oil,Indiana,,Truck,78.0,77.0,79.0,Cents Per Lb
2026-07-20,Distillers Corn Oil,Iowa,,Truck,77.0,77.0,77.0,Cents Per Lb
2026-07-20,Distillers Corn Oil,Kansas,,Truck,74.0,74.0,74.0,Cents Per Lb
2026-07-20,Distillers Corn Oil,Michigan,,Truck,76.5,73.0,79.0,Cents Per Lb
2026-07-20,Distillers Corn Oil,Minnesota,,Truck,77.67,77.0,79.0,Cents Per Lb
2026-07-20,Distillers Corn Oil,Missouri,,Truck,78.0,77.0,79.0,Cents Per Lb
2026-07-20,Distillers Corn Oil,Nebraska,,Truck,76.2,74.0,79.0,Cents Per Lb
2026-07-20,Distillers Corn Oil,Ohio,,Truck,78.0,77.0,79.0,Cents Per Lb
2026-07-20,Distillers Corn Oil,South Dakota,,Truck,77.2,70.0,83.0,Cents Per Lb
2026-07-20,Distillers Corn Oil,Wisconsin,,Truck,77.0,77.0,77.0,Cents Per Lb
2026-07-20,Distillers Grain,Illinois,Dried 10%,Truck,181.5,178.0,185.0,$ Per Ton
2026-07-20,Distillers Grain,Indiana,Dried 10%,Truck,159.5,150.0,178.0,$ Per Ton
2026-07-20,Distillers Grain,Indiana,Dried 10%,Rail,160.0,160.0,160.0,$ Per Ton
2026-07-20,Distillers Grain,Iowa,Dried 10%,Rail,125.0,125.0,125.0,$ Per Ton
2026-07-20,Distillers Grain,Iowa,Wet 65-70%,Truck,45.5,35.0,56.0,$ Per Ton
2026-07-20,Distillers Grain,Iowa,Modified Wet 55-60%,Truck,61.5,45.0,68.0,$ Per Ton
2026-07-20,Distillers Grain,Iowa,Dried 10%,Truck,140.63,120.0,160.0,$ Per Ton
2026-07-20,Distillers Grain,Kansas,Dried 10%,Truck,167.0,164.0,170.0,$ Per Ton
2026-07-20,Distillers Grain,Kansas,Wet 65-70%,Truck,47.67,42.0,55.0,$ Per Ton
2026-07-20,Distillers Grain,Michigan,Dried 10%,Rail,155.0,155.0,155.0,$ Per Ton
2026-07-20,Distillers Grain,Michigan,Dried 10%,Truck,164.6,160.0,178.0,$ Per Ton
2026-07-20,Distillers Grain,Michigan,Modified Wet 55-60%,Truck,68.0,68.0,68.0,$ Per Ton
2026-07-20,Distillers Grain,Minnesota,Modified Wet 55-60%,Truck,50.0,50.0,50.0,$ Per Ton
2026-07-20,Distillers Grain,Minnesota,Wet 65-70%,Truck,50.0,50.0,50.0,$ Per Ton
2026-07-20,Distillers Grain,Minnesota,Dried 10%,Truck,142.5,130.0,155.0,$ Per Ton
2026-07-20,Distillers Grain,Missouri,Dried 10%,Truck,173.5,172.0,175.0,$ Per Ton
2026-07-20,Distillers Grain,Missouri,Wet 65-70%,Truck,51.0,51.0,51.0,$ Per Ton
2026-07-20,Distillers Grain,Nebraska,Wet 65-70%,Truck,45.5,35.0,60.0,$ Per Ton
2026-07-20,Distillers Grain,Nebraska,Modified Wet 55-60%,Truck,60.0,50.0,70.0,$ Per Ton
2026-07-20,Distillers Grain,Nebraska,Dried 10%,Truck,150.83,142.0,162.0,$ Per Ton
2026-07-20,Distillers Grain,Ohio,Dried 10%,Truck,167.5,155.0,178.0,$ Per Ton
2026-07-20,Distillers Grain,Ohio,Dried 10%,Rail,167.0,167.0,167.0,$ Per Ton
2026-07-20,Distillers Grain,South Dakota,Wet 65-70%,Truck,48.5,45.0,52.0,$ Per Ton
2026-07-20,Distillers Grain,South Dakota,Modified Wet 55-60%,Truck,67.5,65.0,70.0,$ Per Ton
2026-07-20,Distillers Grain,South Dakota,Dried 10%,Truck,155.67,150.0,160.0,$ Per Ton
2026-07-20,Distillers Grain,Wisconsin,Modified Wet 55-60%,Truck,67.0,67.0,67.0,$ Per Ton
2026-07-20,Distillers Grain,Wisconsin,Dried 10%,Truck,146.0,142.0,150.0,$ Per Ton
2026-07-20,Distillers Grain,,Dried 10%,Ocean Vessel,203.0,200.0,205.0,$ Per Ton
2026-07-20,Distillers Grain,,Dried 10%,Rail/Barge,184.0,184.0,184.0,$ Per Ton
2026-07-20,Distillers Grain,,Dried 10%,Rail,230.0,230.0,230.0,$ Per Ton
2026-07-20,Ethanol,Illinois,,Rail,1.915,1.91,1.92,$ Per Gallon
2026-07-20,Ethanol,Illinois,,Truck,1.89,1.89,1.89,$ Per Gallon
2026-07-20,Ethanol,Indiana,,Rail,1.88,1.88,1.88,$ Per Gallon
2026-07-20,Ethanol,Iowa,,Truck,1.79,1.78,1.8,$ Per Gallon
2026-07-20,Ethanol,Iowa,,Rail,1.76,1.76,1.76,$ Per Gallon
2026-07-20,Ethanol,Kansas,,Truck,1.81,1.81,1.81,$ Per Gallon
2026-07-20,Ethanol,Nebraska,,Truck,1.79,1.79,1.79,$ Per Gallon
2026-07-20,Ethanol,Nebraska,,Rail,1.79,1.79,1.79,$ Per Gallon
2026-07-27,Distillers Corn Oil,Illinois,,Truck,76.5,74.0,79.0,Cents Per Lb
2026-07-27,Distillers Corn Oil,Indiana,,Truck,78.0,77.0,79.0,Cents Per Lb
2026-07-27,Distillers Corn Oil,Iowa,,Truck,75.71,72.0,80.0,Cents Per Lb
2026-07-27,Distillers Corn Oil,Kansas,,Truck,74.0,74.0,74.0,Cents Per Lb
2026-07-27,Distillers Corn Oil,Michigan,,Truck,73.4,67.0,79.0,Cents Per Lb
2026-07-27,Distillers Corn Oil,Minnesota,,Truck,76.67,74.0,79.0,Cents Per Lb
2026-07-27,Distillers Corn Oil,Missouri,,Truck,78.0,77.0,79.0,Cents Per Lb
2026-07-27,Distillers Corn Oil,Nebraska,,Truck,76.2,74.0,79.0,Cents Per Lb
2026-07-27,Distillers Corn Oil,Ohio,,Truck,78.0,77.0,79.0,Cents Per Lb
2026-07-27,Distillers Corn Oil,South Dakota,,Truck,77.7,74.0,83.0,Cents Per Lb
2026-07-27,Distillers Corn Oil,Wisconsin,,Truck,74.0,74.0,74.0,Cents Per Lb
2026-07-27,Distillers Grain,Illinois,Dried 10%,Truck,177.5,175.0,180.0,$ Per Ton
2026-07-27,Distillers Grain,Indiana,Dried 10%,Truck,160.75,150.0,178.0,$ Per Ton
2026-07-27,Distillers Grain,Indiana,Dried 10%,Rail,160.0,160.0,160.0,$ Per Ton
2026-07-27,Distillers Grain,Iowa,Wet 65-70%,Truck,44.0,35.0,57.0,$ Per Ton
2026-07-27,Distillers Grain,Iowa,Dried 10%,Rail,125.0,125.0,125.0,$ Per Ton
2026-07-27,Distillers Grain,Iowa,Modified Wet 55-60%,Truck,57.33,45.0,65.0,$ Per Ton
2026-07-27,Distillers Grain,Iowa,Dried 10%,Truck,143.0,125.0,160.0,$ Per Ton
2026-07-27,Distillers Grain,Kansas,Wet 65-70%,Truck,47.33,40.0,55.0,$ Per Ton
2026-07-27,Distillers Grain,Kansas,Dried 10%,Truck,170.0,170.0,170.0,$ Per Ton
2026-07-27,Distillers Grain,Michigan,Dried 10%,Rail,155.0,155.0,155.0,$ Per Ton
2026-07-27,Distillers Grain,Michigan,Dried 10%,Truck,164.5,160.0,178.0,$ Per Ton
2026-07-27,Distillers Grain,Minnesota,Dried 10%,Truck,145.0,130.0,160.0,$ Per Ton
2026-07-27,Distillers Grain,Minnesota,Modified Wet 55-60%,Truck,50.0,50.0,50.0,$ Per Ton
2026-07-27,Distillers Grain,Minnesota,Wet 65-70%,Truck,50.0,50.0,50.0,$ Per Ton
2026-07-27,Distillers Grain,Missouri,Dried 10%,Truck,173.5,172.0,175.0,$ Per Ton
2026-07-27,Distillers Grain,Missouri,Wet 65-70%,Truck,51.0,51.0,51.0,$ Per Ton
2026-07-27,Distillers Grain,Nebraska,Modified Wet 55-60%,Truck,64.0,50.0,78.0,$ Per Ton
2026-07-27,Distillers Grain,Nebraska,Dried 10%,Truck,155.33,142.0,165.0,$ Per Ton
2026-07-27,Distillers Grain,Nebraska,Wet 65-70%,Truck,46.75,35.0,55.0,$ Per Ton
2026-07-27,Distillers Grain,Ohio,Dried 10%,Rail,167.0,167.0,167.0,$ Per Ton
2026-07-27,Distillers Grain,Ohio,Dried 10%,Truck,168.75,160.0,178.0,$ Per Ton
2026-07-27,Distillers Grain,South Dakota,Modified Wet 55-60%,Truck,67.5,65.0,70.0,$ Per Ton
2026-07-27,Distillers Grain,South Dakota,Wet 65-70%,Truck,48.5,45.0,52.0,$ Per Ton
2026-07-27,Distillers Grain,South Dakota,Dried 10%,Truck,155.67,155.0,157.0,$ Per Ton
2026-07-27,Distillers Grain,Wisconsin,Dried 10%,Truck,146.0,142.0,150.0,$ Per Ton
2026-07-27,Distillers Grain,Wisconsin,Modified Wet 55-60%,Truck,67.0,67.0,67.0,$ Per Ton
2026-07-27,Distillers Grain,,Dried 10%,Rail/Barge,184.0,184.0,184.0,$ Per Ton
2026-07-27,Distillers Grain,,Dried 10%,Rail,230.0,230.0,230.0,$ Per Ton
2026-07-27,Distillers Grain,,Dried 10%,Ocean Vessel,229.5,229.0,230.0,$ Per Ton
2026-07-27,Ethanol,Illinois,,Rail,1.915,1.91,1.92,$ Per Gallon
2026-07-27,Ethanol,Illinois,,Truck,1.92,1.92,1.92,$ Per Gallon
2026-07-27,Ethanol,Indiana,,Rail,1.88,1.88,1.88,$ Per Gallon
2026-07-27,Ethanol,Iowa,,Rail,1.76,1.76,1.76,$ Per Gallon
2026-07-27,Ethanol,Iowa,,Truck,1.8,1.77,1.85,$ Per Gallon
2026-07-27,Ethanol,Kansas,,Truck,1.8333,1.8,1.86,$ Per Gallon
2026-07-27,Ethanol,Nebraska,,Rail,1.79,1.79,1.79,$ Per Gallon
2026-07-27,Ethanol,Nebraska,,Truck,1.79,1.79,1.79,$ Per Gallon
2026-08-03,Distillers Corn Oil,Illinois,,Truck,75.0,74.0,76.0,Cents Per Lb
2026-08-03,Distillers Corn Oil,Indiana,,Truck,76.5,76.0,77.0,Cents Per Lb
2026-08-03,Distillers Corn Oil,Iowa,,Truck,74.0,74.0,74.0,Cents Per Lb
2026-08-03,Distillers Corn Oil,Kansas,,Truck,74.0,74.0,74.0,Cents Per Lb
2026-08-03,Distillers Corn Oil,Michigan,,Truck,74.75,72.0,77.0,Cents Per Lb
2026-08-03,Distillers Corn Oil,Minnesota,,Truck,75.67,74.0,77.0,Cents Per Lb
2026-08-03,Distillers Corn Oil,Missouri,,Truck,76.5,76.0,77.0,Cents Per Lb
2026-08-03,Distillers Corn Oil,Nebraska,,Truck,74.75,72.0,77.0,Cents Per Lb
2026-08-03,Distillers Corn Oil,Ohio,,Truck,76.5,76.0,77.0,Cents Per Lb
2026-08-03,Distillers Corn Oil,South Dakota,,Truck,75.3,74.0,77.0,Cents Per Lb
2026-08-03,Distillers Corn Oil,Wisconsin,,Truck,74.0,74.0,74.0,Cents Per Lb
2026-08-03,Distillers Grain,Illinois,Dried 10%,Truck,183.0,178.0,188.0,$ Per Ton
2026-08-03,Distillers Grain,Indiana,Dried 10%,Rail,160.0,160.0,160.0,$ Per Ton
2026-08-03,Distillers Grain,Indiana,Dried 10%,Truck,160.25,150.0,178.0,$ Per Ton
2026-08-03,Distillers Grain,Iowa,Dried 10%,Rail,134.0,134.0,134.0,$ Per Ton
2026-08-03,Distillers Grain,Iowa,Modified Wet 55-60%,Truck,63.2,45.0,70.0,$ Per Ton
2026-08-03,Distillers Grain,Iowa,Dried 10%,Truck,139.7,125.0,162.0,$ Per Ton
2026-08-03,Distillers Grain,Iowa,Wet 65-70%,Truck,44.67,35.0,59.0,$ Per Ton
2026-08-03,Distillers Grain,Kansas,Wet 65-70%,Truck,47.67,40.0,56.0,$ Per Ton
2026-08-03,Distillers Grain,Kansas,Dried 10%,Truck,170.0,170.0,170.0,$ Per Ton
2026-08-03,Distillers Grain,Michigan,Dried 10%,Truck,164.2,158.0,178.0,$ Per Ton
2026-08-03,Distillers Grain,Michigan,Dried 10%,Rail,155.0,155.0,155.0,$ Per Ton
2026-08-03,Distillers Grain,Minnesota,Wet 65-70%,Truck,50.0,50.0,50.0,$ Per Ton
2026-08-03,Distillers Grain,Minnesota,Modified Wet 55-60%,Truck,50.0,50.0,50.0,$ Per Ton
2026-08-03,Distillers Grain,Minnesota,Dried 10%,Truck,146.25,135.0,160.0,$ Per Ton
2026-08-03,Distillers Grain,Missouri,Wet 65-70%,Truck,49.0,49.0,49.0,$ Per Ton
2026-08-03,Distillers Grain,Missouri,Dried 10%,Truck,170.0,165.0,175.0,$ Per Ton
2026-08-03,Distillers Grain,Nebraska,Wet 65-70%,Truck,55.0,50.0,60.0,$ Per Ton
2026-08-03,Distillers Grain,Nebraska,Modified Wet 55-60%,Truck,68.0,57.0,79.0,$ Per Ton
2026-08-03,Distillers Grain,Nebraska,Dried 10%,Truck,158.4,145.0,165.0,$ Per Ton
2026-08-03,Distillers Grain,Ohio,Dried 10%,Truck,168.75,162.0,178.0,$ Per Ton
2026-08-03,Distillers Grain,Ohio,Dried 10%,Rail,155.0,155.0,155.0,$ Per Ton
2026-08-03,Distillers Grain,South Dakota,Wet 65-70%,Truck,48.5,45.0,52.0,$ Per Ton
2026-08-03,Distillers Grain,South Dakota,Modified Wet 55-60%,Truck,67.5,65.0,70.0,$ Per Ton
2026-08-03,Distillers Grain,South Dakota,Dried 10%,Truck,154.33,153.0,155.0,$ Per Ton
2026-08-03,Distillers Grain,Wisconsin,Dried 10%,Truck,146.0,142.0,150.0,$ Per Ton
2026-08-03,Distillers Grain,Wisconsin,Modified Wet 55-60%,Truck,68.0,68.0,68.0,$ Per Ton
2026-08-03,Distillers Grain,,Dried 10%,Ocean Vessel,204.5,202.0,208.0,$ Per Ton
2026-08-03,Distillers Grain,,Dried 10%,Rail/Barge,184.0,184.0,184.0,$ Per Ton
2026-08-03,Distillers Grain,,Dried 10%,Rail,225.0,225.0,225.0,$ Per Ton
2026-08-03,Ethanol,Illinois,,Truck,1.94,1.94,1.94,$ Per Gallon
2026-08-03,Ethanol,Illinois,,Rail,1.96,1.96,1.96,$ Per Gallon
2026-08-03,Ethanol,Indiana,,Rail,1.95,1.95,1.95,$ Per Gallon
2026-08-03,Ethanol,Iowa,,Truck,1.8075,1.77,1.85,$ Per Gallon
2026-08-03,Ethanol,Iowa,,Rail,1.785,1.77,1.8,$ Per Gallon
2026-08-03,Ethanol,Kansas,,Truck,1.8467,1.82,1.88,$ Per Gallon
2026-08-03,Ethanol,Nebraska,,Rail,1.79,1.79,1.79,$ Per Gallon
2026-08-03,Ethanol,Nebraska,,Truck,1.77,1.77,1.77,$ Per Gallon
2026-08-10,Distillers Corn Oil,Illinois,,Truck,75.5,74.0,77.0,Cents Per Lb
2026-08-10,Distillers Corn Oil,Indiana,,Truck,76.0,75.0,77.0,Cents Per Lb
2026-08-10,Distillers Corn Oil,Iowa,,Truck,74.0,74.0,74.0,Cents Per Lb
2026-08-10,Distillers Corn Oil,Kansas,,Truck,76.0,76.0,76.0,Cents Per Lb
2026-08-10,Distillers Corn Oil,Michigan,,Truck,74.5,72.0,77.0,Cents Per Lb
2026-08-10,Distillers Corn Oil,Minnesota,,Truck,75.33,74.0,77.0,Cents Per Lb
2026-08-10,Distillers Corn Oil,Missouri,,Truck,76.0,75.0,77.0,Cents Per Lb
2026-08-10,Distillers Corn Oil,Nebraska,,Truck,74.4,72.0,77.0,Cents Per Lb
2026-08-10,Distillers Corn Oil,Ohio,,Truck,76.0,75.0,77.0,Cents Per Lb
2026-08-10,Distillers Corn Oil,South Dakota,,Truck,74.8,72.0,77.0,Cents Per Lb
2026-08-10,Distillers Corn Oil,Wisconsin,,Truck,69.0,69.0,69.0,Cents Per Lb
2026-08-10,Distillers Grain,Illinois,Dried 10%,Truck,181.5,178.0,185.0,$ Per Ton
2026-08-10,Distillers Grain,Indiana,Dried 10%,Rail,165.0,165.0,165.0,$ Per Ton
2026-08-10,Distillers Grain,Indiana,Dried 10%,Truck,161.5,150.0,178.0,$ Per Ton
2026-08-10,Distillers Grain,Iowa,Dried 10%,Rail,139.0,139.0,139.0,$ Per Ton
2026-08-10,Distillers Grain,Iowa,Modified Wet 55-60%,Truck,64.4,45.0,74.0,$ Per Ton
2026-08-10,Distillers Grain,Iowa,Dried 10%,Truck,142.9,125.0,162.0,$ Per Ton
2026-08-10,Distillers Grain,Iowa,Wet 65-70%,Truck,47.0,30.0,64.0,$ Per Ton
2026-08-10,Distillers Grain,Kansas,Dried 10%,Truck,170.0,170.0,170.0,$ Per Ton
2026-08-10,Distillers Grain,Kansas,Wet 65-70%,Truck,47.67,40.0,56.0,$ Per Ton
2026-08-10,Distillers Grain,Michigan,Dried 10%,Rail,160.0,160.0,160.0,$ Per Ton
2026-08-10,Distillers Grain,Michigan,Dried 10%,Truck,164.6,155.0,178.0,$ Per Ton
2026-08-10,Distillers Grain,Minnesota,Modified Wet 55-60%,Truck,50.0,50.0,50.0,$ Per Ton
2026-08-10,Distillers Grain,Minnesota,Wet 65-70%,Truck,50.0,50.0,50.0,$ Per Ton
2026-08-10,Distillers Grain,Minnesota,Dried 10%,Truck,148.75,135.0,160.0,$ Per Ton
2026-08-10,Distillers Grain,Missouri,Dried 10%,Truck,180.0,175.0,185.0,$ Per Ton
2026-08-10,Distillers Grain,Missouri,Wet 65-70%,Truck,49.0,49.0,49.0,$ Per Ton
2026-08-10,Distillers Grain,Nebraska,Wet 65-70%,Truck,46.83,30.0,60.0,$ Per Ton
2026-08-10,Distillers Grain,Nebraska,Modified Wet 55-60%,Truck,69.5,60.0,79.0,$ Per Ton
2026-08-10,Distillers Grain,Nebraska,Dried 10%,Truck,159.5,145.0,165.0,$ Per Ton
2026-08-10,Distillers Grain,Ohio,Dried 10%,Truck,170.0,165.0,178.0,$ Per Ton
2026-08-10,Distillers Grain,Ohio,Dried 10%,Rail,160.0,160.0,160.0,$ Per Ton
2026-08-10,Distillers Grain,South Dakota,Wet 65-70%,Truck,48.5,45.0,52.0,$ Per Ton
2026-08-10,Distillers Grain,South Dakota,Modified Wet 55-60%,Truck,67.5,65.0,70.0,$ Per Ton
2026-08-10,Distillers Grain,South Dakota,Dried 10%,Truck,154.33,150.0,158.0,$ Per Ton
2026-08-10,Distillers Grain,Wisconsin,Modified Wet 55-60%,Truck,68.0,68.0,68.0,$ Per Ton
2026-08-10,Distillers Grain,Wisconsin,Dried 10%,Truck,146.0,142.0,150.0,$ Per Ton
2026-08-10,Distillers Grain,,Dried 10%,Rail,225.0,225.0,225.0,$ Per Ton
2026-08-10,Distillers Grain,,Dried 10%,Ocean Vessel,207.0,202.0,214.0,$ Per Ton
2026-08-10,Ethanol,Illinois,,Truck,1.98,1.98,1.98,$ Per Gallon
2026-08-10,Ethanol,Illinois,,Rail,1.97,1.97,1.97,$ Per Gallon
2026-08-10,Ethanol,Indiana,,Rail,1.95,1.95,1.95,$ Per Gallon
2026-08-10,Ethanol,Iowa,,Truck,1.8333,1.82,1.86,$ Per Gallon
2026-08-10,Ethanol,Iowa,,Rail,1.8,1.8,1.8,$ Per Gallon
2026-08-10,Ethanol,Kansas,,Truck,1.9,1.87,1.93,$ Per Gallon
2026-08-10,Ethanol,Nebraska,,Truck,1.82,1.82,1.82,$ Per Gallon
2026-08-10,Ethanol,Nebraska,,Rail,1.83,1.83,1.83,$ Per Gallon
2026-08-17,Distillers Corn Oil,Illinois,,Truck,77.0,76.0,78.0,Cents Per Lb
2026-08-17,Distillers Corn Oil,Indiana,,Truck,77.5,77.0,78.0,Cents Per Lb
2026-08-17,Distillers Corn Oil,Iowa,,Truck,76.0,76.0,76.0,Cents Per Lb
2026-08-17,Distillers Corn Oil,Kansas,,Truck,76.0,76.0,76.0,Cents Per Lb
2026-08-17,Distillers Corn Oil,Michigan,,Truck,76.5,75.0,78.0,Cents Per Lb
2026-08-17,Distillers Corn Oil,Minnesota,,Truck,77.0,76.0,78.0,Cents Per Lb
2026-08-17,Distillers Corn Oil,Missouri,,Truck,77.5,77.0,78.0,Cents Per Lb
2026-08-17,Distillers Corn Oil,Nebraska,,Truck,75.4,73.0,78.0,Cents Per Lb
2026-08-17,Distillers Corn Oil,Ohio,,Truck,77.5,77.0,78.0,Cents Per Lb
2026-08-17,Distillers Corn Oil,South Dakota,,Truck,75.8,72.0,78.0,Cents Per Lb
2026-08-17,Distillers Corn Oil,Wisconsin,,Truck,69.0,69.0,69.0,Cents Per Lb
2026-08-17,Distillers Grain,Illinois,Dried 10%,Truck,187.5,185.0,190.0,$ Per Ton
2026-08-17,Distillers Grain,Indiana,Dried 10%,Truck,163.75,150.0,180.0,$ Per Ton
2026-08-17,Distillers Grain,Indiana,Dried 10%,Rail,160.0,160.0,160.0,$ Per Ton
2026-08-17,Distillers Grain,Iowa,Dried 10%,Rail,140.0,140.0,140.0,$ Per Ton
2026-08-17,Distillers Grain,Iowa,Modified Wet 55-60%,Truck,63.6,50.0,70.0,$ Per Ton
2026-08-17,Distillers Grain,Iowa,Dried 10%,Truck,150.0,140.0,165.0,$ Per Ton
2026-08-17,Distillers Grain,Iowa,Wet 65-70%,Truck,44.0,30.0,58.0,$ Per Ton
2026-08-17,Distillers Grain,Kansas,Wet 65-70%,Truck,56.5,56.0,57.0,$ Per Ton
2026-08-17,Distillers Grain,Kansas,Dried 10%,Truck,185.0,185.0,185.0,$ Per Ton
2026-08-17,Distillers Grain,Michigan,Modified Wet 55-60%,Truck,62.0,62.0,62.0,$ Per Ton
2026-08-17,Distillers Grain,Michigan,Dried 10%,Truck,169.0,165.0,180.0,$ Per Ton
2026-08-17,Distillers Grain,Michigan,Dried 10%,Rail,155.0,155.0,155.0,$ Per Ton
2026-08-17,Distillers Grain,Minnesota,Wet 65-70%,Truck,50.0,50.0,50.0,$ Per Ton
2026-08-17,Distillers Grain,Minnesota,Modified Wet 55-60%,Truck,50.0,50.0,50.0,$ Per Ton
2026-08-17,Distillers Grain,Minnesota,Dried 10%,Truck,151.25,140.0,165.0,$ Per Ton
2026-08-17,Distillers Grain,Missouri,Wet 65-70%,Truck,49.0,49.0,49.0,$ Per Ton
2026-08-17,Distillers Grain,Missouri,Dried 10%,Truck,180.0,175.0,185.0,$ Per Ton
2026-08-17,Distillers Grain,Nebraska,Wet 65-70%,Truck,46.83,30.0,60.0,$ Per Ton
2026-08-17,Distillers Grain,Nebraska,Modified Wet 55-60%,Truck,67.0,55.0,79.0,$ Per Ton
2026-08-17,Distillers Grain,Nebraska,Dried 10%,Truck,165.0,160.0,170.0,$ Per Ton
2026-08-17,Distillers Grain,Ohio,Dried 10%,Truck,174.25,167.0,180.0,$ Per Ton
2026-08-17,Distillers Grain,Ohio,Dried 10%,Rail,155.0,155.0,155.0,$ Per Ton
2026-08-17,Distillers Grain,South Dakota,Wet 65-70%,Truck,48.5,45.0,52.0,$ Per Ton
2026-08-17,Distillers Grain,South Dakota,Modified Wet 55-60%,Truck,67.5,65.0,70.0,$ Per Ton
2026-08-17,Distillers Grain,South Dakota,Dried 10%,Truck,156.0,150.0,160.0,$ Per Ton
2026-08-17,Distillers Grain,Wisconsin,Modified Wet 55-60%,Truck,68.0,68.0,68.0,$ Per Ton
2026-08-17,Distillers Grain,Wisconsin,Dried 10%,Truck,146.0,142.0,150.0,$ Per Ton
2026-08-17,Distillers Grain,,Dried 10%,Ocean Vessel,207.0,202.0,214.0,$ Per Ton
2026-08-17,Distillers Grain,,Dried 10%,Rail,230.0,230.0,230.0,$ Per Ton
2026-08-17,Ethanol,Illinois,,Rail,2.0,1.97,2.03,$ Per Gallon
2026-08-17,Ethanol,Illinois,,Truck,2.03,2.03,2.03,$ Per Gallon
2026-08-17,Ethanol,Iowa,,Truck,1.85,1.82,1.87,$ Per Gallon
2026-08-17,Ethanol,Iowa,,Rail,1.87,1.87,1.87,$ Per Gallon
2026-08-17,Ethanol,Kansas,,Truck,1.96,1.94,2.0,$ Per Gallon
2026-08-17,Ethanol,Nebraska,,Truck,1.84,1.84,1.84,$ Per Gallon
2026-08-17,Ethanol,Nebraska,,Rail,1.87,1.87,1.87,$ Per Gallon
2026-08-24,Distillers Corn Oil,Illinois,,Truck,72.0,71.0,73.0,Cents Per Lb
2026-08-24,Distillers Corn Oil,Indiana,,Truck,77.5,77.0,78.0,Cents Per Lb
2026-08-24,Distillers Corn Oil,Iowa,,Truck,74.43,70.0,78.0,Cents Per Lb
2026-08-24,Distillers Corn Oil,Kansas,,Truck,76.0,76.0,76.0,Cents Per Lb
2026-08-24,Distillers Corn Oil,Michigan,,Truck,75.25,71.0,78.0,Cents Per Lb
2026-08-24,Distillers Corn Oil,Minnesota,,Truck,75.33,71.0,78.0,Cents Per Lb
2026-08-24,Distillers Corn Oil,Missouri,,Truck,77.5,77.0,78.0,Cents Per Lb
2026-08-24,Distillers Corn Oil,Nebraska,,Truck,75.4,73.0,78.0,Cents Per Lb
2026-08-24,Distillers Corn Oil,Ohio,,Truck,77.5,77.0,78.0,Cents Per Lb
2026-08-24,Distillers Corn Oil,South Dakota,,Truck,73.8,71.0,78.0,Cents Per Lb
2026-08-24,Distillers Corn Oil,Wisconsin,,Truck,71.0,71.0,71.0,Cents Per Lb
2026-08-24,Distillers Grain,Illinois,Dried 10%,Truck,195.0,190.0,200.0,$ Per Ton
2026-08-24,Distillers Grain,Indiana,Dried 10%,Truck,170.0,155.0,185.0,$ Per Ton
2026-08-24,Distillers Grain,Indiana,Dried 10%,Rail,172.0,172.0,172.0,$ Per Ton
2026-08-24,Distillers Grain,Iowa,Dried 10%,Rail,150.0,150.0,150.0,$ Per Ton
2026-08-24,Distillers Grain,Iowa,Dried 10%,Truck,155.0,130.0,178.0,$ Per Ton
2026-08-24,Distillers Grain,Iowa,Wet 65-70%,Truck,46.0,30.0,62.0,$ Per Ton
2026-08-24,Distillers Grain,Iowa,Modified Wet 55-60%,Truck,64.6,50.0,70.0,$ Per Ton
2026-08-24,Distillers Grain,Kansas,Dried 10%,Truck,190.5,185.0,196.0,$ Per Ton
2026-08-24,Distillers Grain,Kansas,Wet 65-70%,Truck,54.33,45.0,60.0,$ Per Ton
2026-08-24,Distillers Grain,Michigan,Dried 10%,Rail,170.0,170.0,170.0,$ Per Ton
2026-08-24,Distillers Grain,Michigan,Modified Wet 55-60%,Truck,60.0,60.0,60.0,$ Per Ton
2026-08-24,Distillers Grain,Michigan,Dried 10%,Truck,173.4,165.0,185.0,$ Per Ton
2026-08-24,Distillers Grain,Minnesota,Dried 10%,Truck,163.75,150.0,175.0,$ Per Ton
2026-08-24,Distillers Grain,Minnesota,Modified Wet 55-60%,Truck,50.0,50.0,50.0,$ Per Ton
2026-08-24,Distillers Grain,Minnesota,Wet 65-70%,Truck,50.0,50.0,50.0,$ Per Ton
2026-08-24,Distillers Grain,Missouri,Dried 10%,Truck,202.5,190.0,215.0,$ Per Ton
2026-08-24,Distillers Grain,Missouri,Wet 65-70%,Truck,52.0,52.0,52.0,$ Per Ton
2026-08-24,Distillers Grain,Nebraska,Modified Wet 55-60%,Truck,70.5,55.0,86.0,$ Per Ton
2026-08-24,Distillers Grain,Nebraska,Dried 10%,Truck,179.0,170.0,195.0,$ Per Ton
2026-08-24,Distillers Grain,Nebraska,Wet 65-70%,Truck,49.83,45.0,58.0,$ Per Ton
2026-08-24,Distillers Grain,Ohio,Dried 10%,Truck,180.75,178.0,185.0,$ Per Ton
2026-08-24,Distillers Grain,Ohio,Dried 10%,Rail,173.0,173.0,173.0,$ Per Ton
2026-08-24,Distillers Grain,South Dakota,Wet 65-70%,Truck,48.5,45.0,52.0,$ Per Ton
2026-08-24,Distillers Grain,South Dakota,Modified Wet 55-60%,Truck,72.5,70.0,75.0,$ Per Ton
2026-08-24,Distillers Grain,South Dakota,Dried 10%,Truck,170.0,165.0,180.0,$ Per Ton
2026-08-24,Distillers Grain,Wisconsin,Dried 10%,Truck,159.5,159.0,160.0,$ Per Ton
2026-08-24,Distillers Grain,Wisconsin,Modified Wet 55-60%,Truck,72.0,72.0,72.0,$ Per Ton
2026-08-24,Distillers Grain,,Dried 10%,Ocean Vessel,219.33,213.0,225.0,$ Per Ton
2026-08-24,Distillers Grain,,Dried 10%,Rail,240.0,240.0,240.0,$ Per Ton
2026-08-24,Ethanol,Illinois,,Truck,2.08,2.08,2.08,$ Per Gallon
2026-08-24,Ethanol,Illinois,,Rail,1.97,1.97,1.97,$ Per Gallon
2026-08-24,Ethanol,Indiana,,Rail,2.01,2.01,2.01,$ Per Gallon
2026-08-24,Ethanol,Iowa,,Truck,1.85,1.82,1.87,$ Per Gallon
2026-08-24,Ethanol,Iowa,,Rail,1.87,1.87,1.87,$ Per Gallon
2026-08-24,Ethanol,Kansas,,Truck,1.9667,1.94,2.0,$ Per Gallon
2026-08-24,Ethanol,Nebraska,,Rail,1.87,1.87,1.87,$ Per Gallon
2026-08-24,Ethanol,Nebraska,,Truck,1.84,1.84,1.84,$ Per Gallon
2026-08-31,Distillers Corn Oil,Illinois,,Truck,72.5,71.0,74.0,Cents Per Lb
2026-08-31,Distillers Corn Oil,Indiana,,Truck,76.5,75.0,78.0,Cents Per Lb
2026-08-31,Distillers Corn Oil,Iowa,,Truck,71.0,71.0,71.0,Cents Per Lb
2026-08-31,Distillers Corn Oil,Kansas,,Truck,76.0,76.0,76.0,Cents Per Lb
2026-08-31,Distillers Corn Oil,Michigan,,Truck,74.75,71.0,78.0,Cents Per Lb
2026-08-31,Distillers Corn Oil,Minnesota,,Truck,74.67,71.0,78.0,Cents Per Lb
2026-08-31,Distillers Corn Oil,Missouri,,Truck,76.5,75.0,78.0,Cents Per Lb
2026-08-31,Distillers Corn Oil,Nebraska,,Truck,76.25,74.0,78.0,Cents Per Lb
2026-08-31,Distillers Corn Oil,Ohio,,Truck,76.5,75.0,78.0,Cents Per Lb
2026-08-31,Distillers Corn Oil,South Dakota,,Truck,73.8,71.0,78.0,Cents Per Lb
2026-08-31,Distillers Corn Oil,Wisconsin,,Truck,71.0,71.0,71.0,Cents Per Lb
2026-08-31,Distillers Grain,Illinois,Dried 10%,Truck,210.0,195.0,220.0,$ Per Ton
2026-08-31,Distillers Grain,Indiana,Dried 10%,Rail,172.0,172.0,172.0,$ Per Ton
2026-08-31,Distillers Grain,Indiana,Dried 10%,Truck,173.75,155.0,195.0,$ Per Ton
2026-08-31,Distillers Grain,Iowa,Dried 10%,Rail,150.0,150.0,150.0,$ Per Ton
2026-08-31,Distillers Grain,Iowa,Modified Wet 55-60%,Truck,73.6,55.0,90.0,$ Per Ton
2026-08-31,Distillers Grain,Iowa,Dried 10%,Truck,165.8,130.0,185.0,$ Per Ton
2026-08-31,Distillers Grain,Iowa,Wet 65-70%,Truck,65.0,65.0,65.0,$ Per Ton
2026-08-31,Distillers Grain,Kansas,Wet 65-70%,Truck,56.67,45.0,67.0,$ Per Ton
2026-08-31,Distillers Grain,Kansas,Dried 10%,Truck,187.5,185.0,190.0,$ Per Ton
2026-08-31,Distillers Grain,Michigan,Modified Wet 55-60%,Truck,60.0,60.0,60.0,$ Per Ton
2026-08-31,Distillers Grain,Michigan,Dried 10%,Truck,180.75,175.0,195.0,$ Per Ton
2026-08-31,Distillers Grain,Michigan,Dried 10%,Rail,170.0,170.0,170.0,$ Per Ton
2026-08-31,Distillers Grain,Minnesota,Wet 65-70%,Truck,50.0,50.0,50.0,$ Per Ton
2026-08-31,Distillers Grain,Minnesota,Modified Wet 55-60%,Truck,50.0,50.0,50.0,$ Per Ton
2026-08-31,Distillers Grain,Minnesota,Dried 10%,Truck,165.75,150.0,180.0,$ Per Ton
2026-08-31,Distillers Grain,Missouri,Wet 65-70%,Truck,61.0,61.0,61.0,$ Per Ton
2026-08-31,Distillers Grain,Missouri,Dried 10%,Truck,202.5,190.0,215.0,$ Per Ton
2026-08-31,Distillers Grain,Nebraska,Wet 65-70%,Truck,59.0,50.0,65.0,$ Per Ton
2026-08-31,Distillers Grain,Nebraska,Modified Wet 55-60%,Truck,71.0,55.0,87.0,$ Per Ton
2026-08-31,Distillers Grain,Nebraska,Dried 10%,Truck,184.0,175.0,195.0,$ Per Ton
2026-08-31,Distillers Grain,Ohio,Dried 10%,Truck,183.25,178.0,195.0,$ Per Ton
2026-08-31,Distillers Grain,Ohio,Dried 10%,Rail,173.0,173.0,173.0,$ Per Ton
2026-08-31,Distillers Grain,South Dakota,Wet 65-70%,Truck,48.5,45.0,52.0,$ Per Ton
2026-08-31,Distillers Grain,South Dakota,Modified Wet 55-60%,Truck,67.5,65.0,70.0,$ Per Ton
2026-08-31,Distillers Grain,South Dakota,Dried 10%,Truck,173.33,165.0,180.0,$ Per Ton
2026-08-31,Distillers Grain,Wisconsin,Dried 10%,Truck,165.0,165.0,165.0,$ Per Ton
2026-08-31,Distillers Grain,Wisconsin,Modified Wet 55-60%,Truck,75.0,75.0,75.0,$ Per Ton
2026-08-31,Distillers Grain,,Dried 10%,Ocean Vessel,268.0,268.0,268.0,$ Per Ton
2026-08-31,Distillers Grain,,Dried 10%,Rail,235.0,235.0,235.0,$ Per Ton
2026-08-31,Ethanol,Illinois,,Rail,2.03,2.03,2.03,$ Per Gallon
2026-08-31,Ethanol,Illinois,,Truck,2.05,2.05,2.05,$ Per Gallon
2026-08-31,Ethanol,Iowa,,Truck,1.94,1.87,2.0,$ Per Gallon
2026-08-31,Ethanol,Iowa,,Rail,1.87,1.87,1.87,$ Per Gallon
2026-08-31,Ethanol,Kansas,,Truck,1.98,1.94,2.0,$ Per Gallon
2026-08-31,Ethanol,Nebraska,,Truck,1.84,1.84,1.84,$ Per Gallon
2026-08-31,Ethanol,Nebraska,,Rail,1.87,1.87,1.87,$ Per Gallon
2026-09-07,Distillers Corn Oil,Illinois,,Truck,75.5,74.0,77.0,Cents Per Lb
2026-09-07,Distillers Corn Oil,Indiana,,Truck,76.5,75.0,78.0,Cents Per Lb
2026-09-07,Distillers Corn Oil,Iowa,,Truck,74.0,74.0,74.0,Cents Per Lb
2026-09-07,Distillers Corn Oil,Kansas,,Truck,74.5,74.5,74.5,Cents Per Lb
2026-09-07,Distillers Corn Oil,Michigan,,Truck,75.5,74.0,78.0,Cents Per Lb
2026-09-07,Distillers Corn Oil,Minnesota,,Truck,75.67,74.0,78.0,Cents Per Lb
2026-09-07,Distillers Corn Oil,Missouri,,Truck,76.5,75.0,78.0,Cents Per Lb
2026-09-07,Distillers Corn Oil,Nebraska,,Truck,76.25,74.0,78.0,Cents Per Lb
2026-09-07,Distillers Corn Oil,Ohio,,Truck,76.5,75.0,78.0,Cents Per Lb
2026-09-07,Distillers Corn Oil,South Dakota,,Truck,76.0,74.0,79.0,Cents Per Lb
2026-09-07,Distillers Corn Oil,Wisconsin,,Truck,71.0,71.0,71.0,Cents Per Lb
2026-09-07,Distillers Grain,Illinois,Dried 10%,Truck,205.0,195.0,215.0,$ Per Ton
2026-09-07,Distillers Grain,Indiana,Dried 10%,Rail,172.0,172.0,172.0,$ Per Ton
2026-09-07,Distillers Grain,Indiana,Dried 10%,Truck,178.75,170.0,195.0,$ Per Ton
2026-09-07,Distillers Grain,Iowa,Dried 10%,Rail,165.0,165.0,165.0,$ Per Ton
2026-09-07,Distillers Grain,Iowa,Dried 10%,Truck,167.7,130.0,185.0,$ Per Ton
2026-09-07,Distillers Grain,Iowa,Modified Wet 55-60%,Truck,72.6,50.0,90.0,$ Per Ton
2026-09-07,Distillers Grain,Iowa,Wet 65-70%,Truck,65.0,65.0,65.0,$ Per Ton
2026-09-07,Distillers Grain,Kansas,Dried 10%,Truck,189.0,188.0,190.0,$ Per Ton
2026-09-07,Distillers Grain,Kansas,Wet 65-70%,Truck,59.33,48.0,67.0,$ Per Ton
2026-09-07,Distillers Grain,Michigan,Modified Wet 55-60%,Truck,60.0,60.0,60.0,$ Per Ton
2026-09-07,Distillers Grain,Michigan,Dried 10%,Truck,181.25,175.0,195.0,$ Per Ton
2026-09-07,Distillers Grain,Michigan,Dried 10%,Rail,170.0,170.0,170.0,$ Per Ton
2026-09-07,Distillers Grain,Minnesota,Wet 65-70%,Truck,50.0,50.0,50.0,$ Per Ton
2026-09-07,Distillers Grain,Minnesota,Modified Wet 55-60%,Truck,55.0,55.0,55.0,$ Per Ton
2026-09-07,Distillers Grain,Minnesota,Dried 10%,Truck,171.25,160.0,180.0,$ Per Ton
2026-09-07,Distillers Grain,Missouri,Wet 65-70%,Truck,61.0,61.0,61.0,$ Per Ton
2026-09-07,Distillers Grain,Missouri,Dried 10%,Truck,210.0,205.0,215.0,$ Per Ton
2026-09-07,Distillers Grain,Nebraska,Wet 65-70%,Truck,59.0,50.0,65.0,$ Per Ton
2026-09-07,Distillers Grain,Nebraska,Modified Wet 55-60%,Truck,73.5,60.0,87.0,$ Per Ton
2026-09-07,Distillers Grain,Nebraska,Dried 10%,Truck,187.0,175.0,200.0,$ Per Ton
2026-09-07,Distillers Grain,Ohio,Dried 10%,Truck,188.25,180.0,195.0,$ Per Ton
2026-09-07,Distillers Grain,Ohio,Dried 10%,Rail,173.0,173.0,173.0,$ Per Ton
2026-09-07,Distillers Grain,South Dakota,Wet 65-70%,Truck,51.0,50.0,52.0,$ Per Ton
2026-09-07,Distillers Grain,South Dakota,Modified Wet 55-60%,Truck,82.0,80.0,84.0,$ Per Ton
2026-09-07,Distillers Grain,South Dakota,Dried 10%,Truck,183.33,170.0,195.0,$ Per Ton
2026-09-07,Distillers Grain,Wisconsin,Modified Wet 55-60%,Truck,75.0,75.0,75.0,$ Per Ton
2026-09-07,Distillers Grain,Wisconsin,Dried 10%,Truck,165.0,165.0,165.0,$ Per Ton
2026-09-07,Distillers Grain,,Dried 10%,Rail,250.0,250.0,250.0,$ Per Ton
2026-09-07,Distillers Grain,,Dried 10%,Ocean Vessel,243.33,240.0,245.0,$ Per Ton
2026-09-07,Ethanol,Illinois,,Truck,2.05,2.05,2.05,$ Per Gallon
2026-09-07,Ethanol,Illinois,,Rail,2.03,2.03,2.03,$ Per Gallon
2026-09-07,Ethanol,Iowa,,Truck,1.975,1.95,2.0,$ Per Gallon
2026-09-07,Ethanol,Kansas,,Truck,1.9967,1.94,2.06,$ Per Gallon
